TimeQuest Timing Analyzer report for lcd_nios
Tue Sep 29 13:03:49 2026
Quartus II 64-Bit Version 13.0.1 Build 232 06/12/2013 Service Pack 1 SJ Web Edition


---------------------
; Table of Contents ;
---------------------
  1. Legal Notice
  2. TimeQuest Timing Analyzer Summary
  3. Parallel Compilation
  4. SDC File List
  5. Clocks
  6. Slow Model Fmax Summary
  7. Slow Model Setup Summary
  8. Slow Model Hold Summary
  9. Slow Model Recovery Summary
 10. Slow Model Removal Summary
 11. Slow Model Minimum Pulse Width Summary
 12. Slow Model Setup: 'inst|altpll_component|pll|clk[0]'
 13. Slow Model Hold: 'inst|altpll_component|pll|clk[0]'
 14. Slow Model Recovery: 'inst|altpll_component|pll|clk[0]'
 15. Slow Model Removal: 'inst|altpll_component|pll|clk[0]'
 16. Slow Model Minimum Pulse Width: 'inst|altpll_component|pll|clk[0]'
 17. Slow Model Minimum Pulse Width: 'clk_in'
 18. Slow Model Minimum Pulse Width: 'altera_reserved_tck'
 19. Setup Times
 20. Hold Times
 21. Clock to Output Times
 22. Minimum Clock to Output Times
 23. Output Enable Times
 24. Minimum Output Enable Times
 25. Output Disable Times
 26. Minimum Output Disable Times
 27. Fast Model Setup Summary
 28. Fast Model Hold Summary
 29. Fast Model Recovery Summary
 30. Fast Model Removal Summary
 31. Fast Model Minimum Pulse Width Summary
 32. Fast Model Setup: 'inst|altpll_component|pll|clk[0]'
 33. Fast Model Hold: 'inst|altpll_component|pll|clk[0]'
 34. Fast Model Recovery: 'inst|altpll_component|pll|clk[0]'
 35. Fast Model Removal: 'inst|altpll_component|pll|clk[0]'
 36. Fast Model Minimum Pulse Width: 'inst|altpll_component|pll|clk[0]'
 37. Fast Model Minimum Pulse Width: 'clk_in'
 38. Fast Model Minimum Pulse Width: 'altera_reserved_tck'
 39. Setup Times
 40. Hold Times
 41. Clock to Output Times
 42. Minimum Clock to Output Times
 43. Output Enable Times
 44. Minimum Output Enable Times
 45. Output Disable Times
 46. Minimum Output Disable Times
 47. Multicorner Timing Analysis Summary
 48. Setup Times
 49. Hold Times
 50. Clock to Output Times
 51. Minimum Clock to Output Times
 52. Setup Transfers
 53. Hold Transfers
 54. Recovery Transfers
 55. Removal Transfers
 56. Report TCCS
 57. Report RSKM
 58. Unconstrained Paths
 59. TimeQuest Timing Analyzer Messages



----------------
; Legal Notice ;
----------------
Copyright (C) 1991-2013 Altera Corporation
Your use of Altera Corporation's design tools, logic functions 
and other software and tools, and its AMPP partner logic 
functions, and any output files from any of the foregoing 
(including device programming or simulation files), and any 
associated documentation or information are expressly subject 
to the terms and conditions of the Altera Program License 
Subscription Agreement, Altera MegaCore Function License 
Agreement, or other applicable license agreement, including, 
without limitation, that your use is for the sole purpose of 
programming logic devices manufactured by Altera and sold by 
Altera or its authorized distributors.  Please refer to the 
applicable agreement for further details.



+----------------------------------------------------------------------------------------+
; TimeQuest Timing Analyzer Summary                                                      ;
+--------------------+-------------------------------------------------------------------+
; Quartus II Version ; Version 13.0.1 Build 232 06/12/2013 Service Pack 1 SJ Web Edition ;
; Revision Name      ; lcd_nios                                                          ;
; Device Family      ; Cyclone II                                                        ;
; Device Name        ; EP2C5T144C8                                                       ;
; Timing Models      ; Final                                                             ;
; Delay Model        ; Combined                                                          ;
; Rise/Fall Delays   ; Unavailable                                                       ;
+--------------------+-------------------------------------------------------------------+


+------------------------------------------+
; Parallel Compilation                     ;
+----------------------------+-------------+
; Processors                 ; Number      ;
+----------------------------+-------------+
; Number detected on machine ; 6           ;
; Maximum allowed            ; 6           ;
;                            ;             ;
; Average used               ; 1.00        ;
; Maximum used               ; 2           ;
;                            ;             ;
; Usage by Processor         ; % Time Used ;
;     Processor 1            ; 100.0%      ;
;     Processor 2            ; < 0.1%      ;
;     Processors 3-6         ;   0.0%      ;
+----------------------------+-------------+


+-------------------------------------------------------------------------------------------+
; SDC File List                                                                             ;
+-------------------------------------------------------+--------+--------------------------+
; SDC File Path                                         ; Status ; Read at                  ;
+-------------------------------------------------------+--------+--------------------------+
; lcd_nios.sdc                                          ; OK     ; Tue Sep 29 13:03:48 2026 ;
; SOPC/synthesis/submodules/altera_reset_controller.sdc ; OK     ; Tue Sep 29 13:03:48 2026 ;
; SOPC/synthesis/submodules/SOPC_cpu.sdc                ; OK     ; Tue Sep 29 13:03:48 2026 ;
+-------------------------------------------------------+--------+--------------------------+


+------------------------------------------------------------------------------------------------------------------------------------------------------------------------------------------------------------------------------------------------------------------------+
; Clocks                                                                                                                                                                                                                                                                 ;
+----------------------------------+-----------+---------+-----------+--------+--------+------------+-----------+-------------+--------+--------+-----------+------------+----------+--------+------------------------------------+--------------------------------------+
; Clock Name                       ; Type      ; Period  ; Frequency ; Rise   ; Fall   ; Duty Cycle ; Divide by ; Multiply by ; Phase  ; Offset ; Edge List ; Edge Shift ; Inverted ; Master ; Source                             ; Targets                              ;
+----------------------------------+-----------+---------+-----------+--------+--------+------------+-----------+-------------+--------+--------+-----------+------------+----------+--------+------------------------------------+--------------------------------------+
; altera_reserved_tck              ; Base      ; 100.000 ; 10.0 MHz  ; 0.000  ; 50.000 ;            ;           ;             ;        ;        ;           ;            ;          ;        ;                                    ; { altera_reserved_tck }              ;
; clk_in                           ; Base      ; 20.000  ; 50.0 MHz  ; 0.000  ; 10.000 ;            ;           ;             ;        ;        ;           ;            ;          ;        ;                                    ; { CLK }                              ;
; inst|altpll_component|pll|clk[0] ; Generated ; 20.000  ; 50.0 MHz  ; 0.000  ; 10.000 ; 50.00      ; 1         ; 1           ;        ;        ;           ;            ; false    ; clk_in ; inst|altpll_component|pll|inclk[0] ; { inst|altpll_component|pll|clk[0] } ;
; inst|altpll_component|pll|clk[1] ; Generated ; 20.000  ; 50.0 MHz  ; -5.555 ; 4.445  ; 50.00      ; 1         ; 1           ; -100.0 ;        ;           ;            ; false    ; clk_in ; inst|altpll_component|pll|inclk[0] ; { inst|altpll_component|pll|clk[1] } ;
+----------------------------------+-----------+---------+-----------+--------+--------+------------+-----------+-------------+--------+--------+-----------+------------+----------+--------+------------------------------------+--------------------------------------+


+-----------------------------------------------------------------------+
; Slow Model Fmax Summary                                               ;
+-----------+-----------------+----------------------------------+------+
; Fmax      ; Restricted Fmax ; Clock Name                       ; Note ;
+-----------+-----------------+----------------------------------+------+
; 71.57 MHz ; 71.57 MHz       ; inst|altpll_component|pll|clk[0] ;      ;
+-----------+-----------------+----------------------------------+------+
This panel reports FMAX for every clock in the design, regardless of the user-specified clock periods.  FMAX is only computed for paths where the source and destination registers or ports are driven by the same clock.  Paths of different clocks, including generated clocks, are ignored.  For paths between a clock and its inversion, FMAX is computed as if the rising and falling edges are scaled along with FMAX, such that the duty cycle (in terms of a percentage) is maintained. Altera recommends that you always use clock constraints and other slack reports for sign-off analysis.


+----------------------------------------------------------+
; Slow Model Setup Summary                                 ;
+----------------------------------+-------+---------------+
; Clock                            ; Slack ; End Point TNS ;
+----------------------------------+-------+---------------+
; inst|altpll_component|pll|clk[0] ; 5.287 ; 0.000         ;
+----------------------------------+-------+---------------+


+----------------------------------------------------------+
; Slow Model Hold Summary                                  ;
+----------------------------------+-------+---------------+
; Clock                            ; Slack ; End Point TNS ;
+----------------------------------+-------+---------------+
; inst|altpll_component|pll|clk[0] ; 0.499 ; 0.000         ;
+----------------------------------+-------+---------------+


+----------------------------------------------------------+
; Slow Model Recovery Summary                              ;
+----------------------------------+-------+---------------+
; Clock                            ; Slack ; End Point TNS ;
+----------------------------------+-------+---------------+
; inst|altpll_component|pll|clk[0] ; 6.069 ; 0.000         ;
+----------------------------------+-------+---------------+


+----------------------------------------------------------+
; Slow Model Removal Summary                               ;
+----------------------------------+-------+---------------+
; Clock                            ; Slack ; End Point TNS ;
+----------------------------------+-------+---------------+
; inst|altpll_component|pll|clk[0] ; 3.348 ; 0.000         ;
+----------------------------------+-------+---------------+


+-----------------------------------------------------------+
; Slow Model Minimum Pulse Width Summary                    ;
+----------------------------------+--------+---------------+
; Clock                            ; Slack  ; End Point TNS ;
+----------------------------------+--------+---------------+
; inst|altpll_component|pll|clk[0] ; 6.933  ; 0.000         ;
; clk_in                           ; 10.000 ; 0.000         ;
; altera_reserved_tck              ; 97.223 ; 0.000         ;
+----------------------------------+--------+---------------+


+------------------------------------------------------------------------------------------------------------------------------------------------------------------------------------------------------------------------------------------------------------------------------+
; Slow Model Setup: 'inst|altpll_component|pll|clk[0]'                                                                                                                                                                                                                         ;
+-------+---------------------------------------------+---------------------------------------------------------------------------------------------------------+----------------------------------+----------------------------------+--------------+------------+------------+
; Slack ; From Node                                   ; To Node                                                                                                 ; Launch Clock                     ; Latch Clock                      ; Relationship ; Clock Skew ; Data Delay ;
+-------+---------------------------------------------+---------------------------------------------------------------------------------------------------------+----------------------------------+----------------------------------+--------------+------------+------------+
; 5.287 ; SOPC:inst2|SOPC_cpu:cpu|M_rot_step1[0]      ; SOPC:inst2|SOPC_cpu:cpu|Mn_rot_step2[12]                                                                ; inst|altpll_component|pll|clk[0] ; inst|altpll_component|pll|clk[0] ; 10.000       ; 0.004      ; 4.757      ;
; 5.946 ; SOPC:inst2|SOPC_cpu:cpu|M_rot_rn[2]         ; SOPC:inst2|SOPC_cpu:cpu|Mn_rot_step2[1]                                                                 ; inst|altpll_component|pll|clk[0] ; inst|altpll_component|pll|clk[0] ; 10.000       ; -0.007     ; 4.087      ;
; 5.960 ; SOPC:inst2|SOPC_cpu:cpu|M_rot_step1[0]      ; SOPC:inst2|SOPC_cpu:cpu|Mn_rot_step2[8]                                                                 ; inst|altpll_component|pll|clk[0] ; inst|altpll_component|pll|clk[0] ; 10.000       ; 0.004      ; 4.084      ;
; 5.965 ; SOPC:inst2|SOPC_cpu:cpu|M_rot_rn[2]         ; SOPC:inst2|SOPC_cpu:cpu|Mn_rot_step2[18]                                                                ; inst|altpll_component|pll|clk[0] ; inst|altpll_component|pll|clk[0] ; 10.000       ; -0.001     ; 4.074      ;
; 6.021 ; SOPC:inst2|SOPC_cpu:cpu|M_rot_rn[2]         ; SOPC:inst2|SOPC_cpu:cpu|Mn_rot_step2[12]                                                                ; inst|altpll_component|pll|clk[0] ; inst|altpll_component|pll|clk[0] ; 10.000       ; -0.001     ; 4.018      ;
; 6.028 ; SOPC:inst2|SOPC_cpu:cpu|A_mem_baddr[14]     ; SOPC:inst2|altera_merlin_traffic_limiter:limiter|pending_response_count[1]                              ; inst|altpll_component|pll|clk[0] ; inst|altpll_component|pll|clk[0] ; 20.000       ; -0.021     ; 13.991     ;
; 6.028 ; SOPC:inst2|SOPC_cpu:cpu|A_mem_baddr[14]     ; SOPC:inst2|altera_merlin_traffic_limiter:limiter|pending_response_count[2]                              ; inst|altpll_component|pll|clk[0] ; inst|altpll_component|pll|clk[0] ; 20.000       ; -0.021     ; 13.991     ;
; 6.028 ; SOPC:inst2|SOPC_cpu:cpu|A_mem_baddr[14]     ; SOPC:inst2|altera_merlin_traffic_limiter:limiter|pending_response_count[3]                              ; inst|altpll_component|pll|clk[0] ; inst|altpll_component|pll|clk[0] ; 20.000       ; -0.021     ; 13.991     ;
; 6.040 ; SOPC:inst2|SOPC_cpu:cpu|M_rot_rn[2]         ; SOPC:inst2|SOPC_cpu:cpu|Mn_rot_step2[25]                                                                ; inst|altpll_component|pll|clk[0] ; inst|altpll_component|pll|clk[0] ; 10.000       ; -0.007     ; 3.993      ;
; 6.065 ; SOPC:inst2|SOPC_cpu:cpu|M_rot_step1[13]     ; SOPC:inst2|SOPC_cpu:cpu|Mn_rot_step2[25]                                                                ; inst|altpll_component|pll|clk[0] ; inst|altpll_component|pll|clk[0] ; 10.000       ; 0.024      ; 3.999      ;
; 6.077 ; SOPC:inst2|SOPC_cpu:cpu|M_rot_step1[14]     ; SOPC:inst2|SOPC_cpu:cpu|Mn_rot_step2[22]                                                                ; inst|altpll_component|pll|clk[0] ; inst|altpll_component|pll|clk[0] ; 10.000       ; 0.030      ; 3.993      ;
; 6.102 ; SOPC:inst2|SOPC_cpu:cpu|M_rot_step1[17]     ; SOPC:inst2|SOPC_cpu:cpu|Mn_rot_step2[25]                                                                ; inst|altpll_component|pll|clk[0] ; inst|altpll_component|pll|clk[0] ; 10.000       ; 0.024      ; 3.962      ;
; 6.111 ; SOPC:inst2|SOPC_cpu:cpu|M_rot_step1[24]     ; SOPC:inst2|SOPC_cpu:cpu|Mn_rot_step2[0]                                                                 ; inst|altpll_component|pll|clk[0] ; inst|altpll_component|pll|clk[0] ; 10.000       ; 0.004      ; 3.933      ;
; 6.146 ; SOPC:inst2|SOPC_cpu:cpu|M_rot_step1[14]     ; SOPC:inst2|SOPC_cpu:cpu|Mn_rot_step2[26]                                                                ; inst|altpll_component|pll|clk[0] ; inst|altpll_component|pll|clk[0] ; 10.000       ; 0.030      ; 3.924      ;
; 6.269 ; SOPC:inst2|SOPC_cpu:cpu|M_rot_rn[2]         ; SOPC:inst2|SOPC_cpu:cpu|Mn_rot_step2[11]                                                                ; inst|altpll_component|pll|clk[0] ; inst|altpll_component|pll|clk[0] ; 10.000       ; -0.007     ; 3.764      ;
; 6.277 ; SOPC:inst2|SOPC_cpu:cpu|M_rot_rn[2]         ; SOPC:inst2|SOPC_cpu:cpu|Mn_rot_step2[9]                                                                 ; inst|altpll_component|pll|clk[0] ; inst|altpll_component|pll|clk[0] ; 10.000       ; -0.007     ; 3.756      ;
; 6.277 ; SOPC:inst2|SOPC_cpu:cpu|M_rot_rn[2]         ; SOPC:inst2|SOPC_cpu:cpu|Mn_rot_step2[14]                                                                ; inst|altpll_component|pll|clk[0] ; inst|altpll_component|pll|clk[0] ; 10.000       ; -0.001     ; 3.762      ;
; 6.284 ; SOPC:inst2|SOPC_cpu:cpu|M_rot_step1[5]      ; SOPC:inst2|SOPC_cpu:cpu|Mn_rot_step2[17]                                                                ; inst|altpll_component|pll|clk[0] ; inst|altpll_component|pll|clk[0] ; 10.000       ; 0.016      ; 3.772      ;
; 6.294 ; SOPC:inst2|SOPC_cpu:cpu|M_rot_rn[2]         ; SOPC:inst2|SOPC_cpu:cpu|Mn_rot_step2[19]                                                                ; inst|altpll_component|pll|clk[0] ; inst|altpll_component|pll|clk[0] ; 10.000       ; -0.007     ; 3.739      ;
; 6.345 ; SOPC:inst2|SOPC_cpu:cpu|A_mem_baddr[14]     ; SOPC:inst2|SOPC_epcs:epcs|SOPC_epcs_sub:the_SOPC_epcs_sub|EOP                                           ; inst|altpll_component|pll|clk[0] ; inst|altpll_component|pll|clk[0] ; 20.000       ; -0.012     ; 13.683     ;
; 6.369 ; SOPC:inst2|SOPC_cpu:cpu|M_rot_rn[2]         ; SOPC:inst2|SOPC_cpu:cpu|Mn_rot_step2[21]                                                                ; inst|altpll_component|pll|clk[0] ; inst|altpll_component|pll|clk[0] ; 10.000       ; -0.007     ; 3.664      ;
; 6.377 ; SOPC:inst2|SOPC_cpu:cpu|M_rot_rn[2]         ; SOPC:inst2|SOPC_cpu:cpu|Mn_rot_step2[6]                                                                 ; inst|altpll_component|pll|clk[0] ; inst|altpll_component|pll|clk[0] ; 10.000       ; -0.001     ; 3.662      ;
; 6.386 ; SOPC:inst2|SOPC_cpu:cpu|M_rot_rn[2]         ; SOPC:inst2|SOPC_cpu:cpu|Mn_rot_step2[30]                                                                ; inst|altpll_component|pll|clk[0] ; inst|altpll_component|pll|clk[0] ; 10.000       ; -0.001     ; 3.653      ;
; 6.388 ; SOPC:inst2|SOPC_cpu:cpu|M_rot_rn[2]         ; SOPC:inst2|SOPC_cpu:cpu|Mn_rot_step2[0]                                                                 ; inst|altpll_component|pll|clk[0] ; inst|altpll_component|pll|clk[0] ; 10.000       ; -0.001     ; 3.651      ;
; 6.395 ; SOPC:inst2|SOPC_cpu:cpu|M_rot_step1[16]     ; SOPC:inst2|SOPC_cpu:cpu|Mn_rot_step2[28]                                                                ; inst|altpll_component|pll|clk[0] ; inst|altpll_component|pll|clk[0] ; 10.000       ; 0.030      ; 3.675      ;
; 6.396 ; SOPC:inst2|SOPC_cpu:cpu|M_rot_rn[2]         ; SOPC:inst2|SOPC_cpu:cpu|Mn_rot_step2[2]                                                                 ; inst|altpll_component|pll|clk[0] ; inst|altpll_component|pll|clk[0] ; 10.000       ; -0.001     ; 3.643      ;
; 6.398 ; SOPC:inst2|SOPC_cpu:cpu|M_rot_rn[2]         ; SOPC:inst2|SOPC_cpu:cpu|Mn_rot_step2[28]                                                                ; inst|altpll_component|pll|clk[0] ; inst|altpll_component|pll|clk[0] ; 10.000       ; -0.001     ; 3.641      ;
; 6.399 ; SOPC:inst2|SOPC_cpu:cpu|M_rot_step1[18]     ; SOPC:inst2|SOPC_cpu:cpu|Mn_rot_step2[30]                                                                ; inst|altpll_component|pll|clk[0] ; inst|altpll_component|pll|clk[0] ; 10.000       ; 0.030      ; 3.671      ;
; 6.400 ; SOPC:inst2|SOPC_cpu:cpu|M_rot_step1[15]     ; SOPC:inst2|SOPC_cpu:cpu|Mn_rot_step2[27]                                                                ; inst|altpll_component|pll|clk[0] ; inst|altpll_component|pll|clk[0] ; 10.000       ; 0.024      ; 3.664      ;
; 6.407 ; SOPC:inst2|SOPC_cpu:cpu|M_rot_step1[13]     ; SOPC:inst2|SOPC_cpu:cpu|Mn_rot_step2[21]                                                                ; inst|altpll_component|pll|clk[0] ; inst|altpll_component|pll|clk[0] ; 10.000       ; 0.024      ; 3.657      ;
; 6.419 ; SOPC:inst2|SOPC_cpu:cpu|M_rot_step1[24]     ; SOPC:inst2|SOPC_cpu:cpu|Mn_rot_step2[4]                                                                 ; inst|altpll_component|pll|clk[0] ; inst|altpll_component|pll|clk[0] ; 10.000       ; 0.004      ; 3.625      ;
; 6.421 ; SOPC:inst2|SOPC_cpu:cpu|M_rot_step1[7]      ; SOPC:inst2|SOPC_cpu:cpu|Mn_rot_step2[19]                                                                ; inst|altpll_component|pll|clk[0] ; inst|altpll_component|pll|clk[0] ; 10.000       ; 0.016      ; 3.635      ;
; 6.451 ; SOPC:inst2|SOPC_cpu:cpu|M_rot_step1[9]      ; SOPC:inst2|SOPC_cpu:cpu|Mn_rot_step2[21]                                                                ; inst|altpll_component|pll|clk[0] ; inst|altpll_component|pll|clk[0] ; 10.000       ; 0.024      ; 3.613      ;
; 6.452 ; SOPC:inst2|SOPC_cpu:cpu|E_ctrl_alu_subtract ; SOPC:inst2|SOPC_cpu:cpu|E_src2[0]                                                                       ; inst|altpll_component|pll|clk[0] ; inst|altpll_component|pll|clk[0] ; 20.000       ; 0.020      ; 13.608     ;
; 6.452 ; SOPC:inst2|SOPC_cpu:cpu|M_rot_step1[4]      ; SOPC:inst2|SOPC_cpu:cpu|Mn_rot_step2[12]                                                                ; inst|altpll_component|pll|clk[0] ; inst|altpll_component|pll|clk[0] ; 10.000       ; 0.022      ; 3.610      ;
; 6.464 ; SOPC:inst2|SOPC_cpu:cpu|ic_fill_tag[5]      ; SOPC:inst2|altera_merlin_traffic_limiter:limiter|pending_response_count[1]                              ; inst|altpll_component|pll|clk[0] ; inst|altpll_component|pll|clk[0] ; 20.000       ; -0.026     ; 13.550     ;
; 6.464 ; SOPC:inst2|SOPC_cpu:cpu|ic_fill_tag[5]      ; SOPC:inst2|altera_merlin_traffic_limiter:limiter|pending_response_count[2]                              ; inst|altpll_component|pll|clk[0] ; inst|altpll_component|pll|clk[0] ; 20.000       ; -0.026     ; 13.550     ;
; 6.464 ; SOPC:inst2|SOPC_cpu:cpu|ic_fill_tag[5]      ; SOPC:inst2|altera_merlin_traffic_limiter:limiter|pending_response_count[3]                              ; inst|altpll_component|pll|clk[0] ; inst|altpll_component|pll|clk[0] ; 20.000       ; -0.026     ; 13.550     ;
; 6.466 ; SOPC:inst2|SOPC_cpu:cpu|M_rot_step1[21]     ; SOPC:inst2|SOPC_cpu:cpu|Mn_rot_step2[1]                                                                 ; inst|altpll_component|pll|clk[0] ; inst|altpll_component|pll|clk[0] ; 10.000       ; -0.002     ; 3.572      ;
; 6.474 ; SOPC:inst2|SOPC_cpu:cpu|M_rot_rn[2]         ; SOPC:inst2|SOPC_cpu:cpu|Mn_rot_step2[26]                                                                ; inst|altpll_component|pll|clk[0] ; inst|altpll_component|pll|clk[0] ; 10.000       ; -0.001     ; 3.565      ;
; 6.481 ; SOPC:inst2|SOPC_cpu:cpu|M_rot_step1[18]     ; SOPC:inst2|SOPC_cpu:cpu|Mn_rot_step2[26]                                                                ; inst|altpll_component|pll|clk[0] ; inst|altpll_component|pll|clk[0] ; 10.000       ; 0.030      ; 3.589      ;
; 6.487 ; SOPC:inst2|SOPC_cpu:cpu|ic_fill_tag[4]      ; SOPC:inst2|altera_merlin_traffic_limiter:limiter|pending_response_count[1]                              ; inst|altpll_component|pll|clk[0] ; inst|altpll_component|pll|clk[0] ; 20.000       ; -0.026     ; 13.527     ;
; 6.487 ; SOPC:inst2|SOPC_cpu:cpu|ic_fill_tag[4]      ; SOPC:inst2|altera_merlin_traffic_limiter:limiter|pending_response_count[2]                              ; inst|altpll_component|pll|clk[0] ; inst|altpll_component|pll|clk[0] ; 20.000       ; -0.026     ; 13.527     ;
; 6.487 ; SOPC:inst2|SOPC_cpu:cpu|ic_fill_tag[4]      ; SOPC:inst2|altera_merlin_traffic_limiter:limiter|pending_response_count[3]                              ; inst|altpll_component|pll|clk[0] ; inst|altpll_component|pll|clk[0] ; 20.000       ; -0.026     ; 13.527     ;
; 6.535 ; SOPC:inst2|SOPC_cpu:cpu|M_rot_step1[30]     ; SOPC:inst2|SOPC_cpu:cpu|Mn_rot_step2[6]                                                                 ; inst|altpll_component|pll|clk[0] ; inst|altpll_component|pll|clk[0] ; 10.000       ; 0.004      ; 3.509      ;
; 6.581 ; SOPC:inst2|SOPC_cpu:cpu|E_logic_op[1]       ; SOPC:inst2|SOPC_cpu:cpu|E_src2[0]                                                                       ; inst|altpll_component|pll|clk[0] ; inst|altpll_component|pll|clk[0] ; 20.000       ; 0.016      ; 13.475     ;
; 6.594 ; SOPC:inst2|SOPC_cpu:cpu|A_mem_baddr[14]     ; SOPC:inst2|altera_merlin_slave_translator:epcs_epcs_control_port_translator|av_readdata_pre[19]         ; inst|altpll_component|pll|clk[0] ; inst|altpll_component|pll|clk[0] ; 20.000       ; -0.021     ; 13.425     ;
; 6.597 ; SOPC:inst2|SOPC_cpu:cpu|A_mem_baddr[14]     ; SOPC:inst2|altera_merlin_slave_translator:epcs_epcs_control_port_translator|av_readdata_pre[11]         ; inst|altpll_component|pll|clk[0] ; inst|altpll_component|pll|clk[0] ; 20.000       ; -0.021     ; 13.422     ;
; 6.597 ; SOPC:inst2|SOPC_cpu:cpu|ic_fill_tag[7]      ; SOPC:inst2|altera_merlin_traffic_limiter:limiter|pending_response_count[1]                              ; inst|altpll_component|pll|clk[0] ; inst|altpll_component|pll|clk[0] ; 20.000       ; -0.026     ; 13.417     ;
; 6.597 ; SOPC:inst2|SOPC_cpu:cpu|ic_fill_tag[7]      ; SOPC:inst2|altera_merlin_traffic_limiter:limiter|pending_response_count[2]                              ; inst|altpll_component|pll|clk[0] ; inst|altpll_component|pll|clk[0] ; 20.000       ; -0.026     ; 13.417     ;
; 6.597 ; SOPC:inst2|SOPC_cpu:cpu|ic_fill_tag[7]      ; SOPC:inst2|altera_merlin_traffic_limiter:limiter|pending_response_count[3]                              ; inst|altpll_component|pll|clk[0] ; inst|altpll_component|pll|clk[0] ; 20.000       ; -0.026     ; 13.417     ;
; 6.602 ; SOPC:inst2|SOPC_cpu:cpu|M_rot_rn[2]         ; SOPC:inst2|SOPC_cpu:cpu|Mn_rot_step2[13]                                                                ; inst|altpll_component|pll|clk[0] ; inst|altpll_component|pll|clk[0] ; 10.000       ; -0.007     ; 3.431      ;
; 6.603 ; SOPC:inst2|SOPC_cpu:cpu|A_mem_baddr[15]     ; SOPC:inst2|altera_merlin_traffic_limiter:limiter|pending_response_count[1]                              ; inst|altpll_component|pll|clk[0] ; inst|altpll_component|pll|clk[0] ; 20.000       ; -0.011     ; 13.426     ;
; 6.603 ; SOPC:inst2|SOPC_cpu:cpu|A_mem_baddr[15]     ; SOPC:inst2|altera_merlin_traffic_limiter:limiter|pending_response_count[2]                              ; inst|altpll_component|pll|clk[0] ; inst|altpll_component|pll|clk[0] ; 20.000       ; -0.011     ; 13.426     ;
; 6.603 ; SOPC:inst2|SOPC_cpu:cpu|A_mem_baddr[15]     ; SOPC:inst2|altera_merlin_traffic_limiter:limiter|pending_response_count[3]                              ; inst|altpll_component|pll|clk[0] ; inst|altpll_component|pll|clk[0] ; 20.000       ; -0.011     ; 13.426     ;
; 6.635 ; SOPC:inst2|SOPC_cpu:cpu|M_rot_rn[2]         ; SOPC:inst2|SOPC_cpu:cpu|Mn_rot_step2[15]                                                                ; inst|altpll_component|pll|clk[0] ; inst|altpll_component|pll|clk[0] ; 10.000       ; -0.007     ; 3.398      ;
; 6.637 ; SOPC:inst2|SOPC_cpu:cpu|A_mem_baddr[14]     ; SOPC:inst2|SOPC_sdram:sdram|SOPC_sdram_input_efifo_module:the_SOPC_sdram_input_efifo_module|entry_0[39] ; inst|altpll_component|pll|clk[0] ; inst|altpll_component|pll|clk[0] ; 20.000       ; -0.003     ; 13.400     ;
; 6.637 ; SOPC:inst2|SOPC_cpu:cpu|A_mem_baddr[14]     ; SOPC:inst2|SOPC_sdram:sdram|SOPC_sdram_input_efifo_module:the_SOPC_sdram_input_efifo_module|entry_0[40] ; inst|altpll_component|pll|clk[0] ; inst|altpll_component|pll|clk[0] ; 20.000       ; -0.003     ; 13.400     ;
; 6.637 ; SOPC:inst2|SOPC_cpu:cpu|A_mem_baddr[14]     ; SOPC:inst2|SOPC_sdram:sdram|SOPC_sdram_input_efifo_module:the_SOPC_sdram_input_efifo_module|entry_0[33] ; inst|altpll_component|pll|clk[0] ; inst|altpll_component|pll|clk[0] ; 20.000       ; -0.003     ; 13.400     ;
; 6.637 ; SOPC:inst2|SOPC_cpu:cpu|A_mem_baddr[14]     ; SOPC:inst2|SOPC_sdram:sdram|SOPC_sdram_input_efifo_module:the_SOPC_sdram_input_efifo_module|entry_0[34] ; inst|altpll_component|pll|clk[0] ; inst|altpll_component|pll|clk[0] ; 20.000       ; -0.003     ; 13.400     ;
; 6.637 ; SOPC:inst2|SOPC_cpu:cpu|A_mem_baddr[14]     ; SOPC:inst2|SOPC_sdram:sdram|SOPC_sdram_input_efifo_module:the_SOPC_sdram_input_efifo_module|entry_0[26] ; inst|altpll_component|pll|clk[0] ; inst|altpll_component|pll|clk[0] ; 20.000       ; -0.003     ; 13.400     ;
; 6.637 ; SOPC:inst2|SOPC_cpu:cpu|A_mem_baddr[14]     ; SOPC:inst2|SOPC_sdram:sdram|SOPC_sdram_input_efifo_module:the_SOPC_sdram_input_efifo_module|entry_0[25] ; inst|altpll_component|pll|clk[0] ; inst|altpll_component|pll|clk[0] ; 20.000       ; -0.003     ; 13.400     ;
; 6.637 ; SOPC:inst2|SOPC_cpu:cpu|A_mem_baddr[14]     ; SOPC:inst2|SOPC_sdram:sdram|SOPC_sdram_input_efifo_module:the_SOPC_sdram_input_efifo_module|entry_0[24] ; inst|altpll_component|pll|clk[0] ; inst|altpll_component|pll|clk[0] ; 20.000       ; -0.003     ; 13.400     ;
; 6.637 ; SOPC:inst2|SOPC_cpu:cpu|A_mem_baddr[14]     ; SOPC:inst2|SOPC_sdram:sdram|SOPC_sdram_input_efifo_module:the_SOPC_sdram_input_efifo_module|entry_0[23] ; inst|altpll_component|pll|clk[0] ; inst|altpll_component|pll|clk[0] ; 20.000       ; -0.003     ; 13.400     ;
; 6.643 ; SOPC:inst2|SOPC_cpu:cpu|M_rot_rn[2]         ; SOPC:inst2|SOPC_cpu:cpu|Mn_rot_step2[5]                                                                 ; inst|altpll_component|pll|clk[0] ; inst|altpll_component|pll|clk[0] ; 10.000       ; -0.007     ; 3.390      ;
; 6.649 ; SOPC:inst2|SOPC_cpu:cpu|ic_fill_tag[3]      ; SOPC:inst2|altera_merlin_traffic_limiter:limiter|pending_response_count[1]                              ; inst|altpll_component|pll|clk[0] ; inst|altpll_component|pll|clk[0] ; 20.000       ; -0.026     ; 13.365     ;
; 6.649 ; SOPC:inst2|SOPC_cpu:cpu|ic_fill_tag[3]      ; SOPC:inst2|altera_merlin_traffic_limiter:limiter|pending_response_count[2]                              ; inst|altpll_component|pll|clk[0] ; inst|altpll_component|pll|clk[0] ; 20.000       ; -0.026     ; 13.365     ;
; 6.649 ; SOPC:inst2|SOPC_cpu:cpu|ic_fill_tag[3]      ; SOPC:inst2|altera_merlin_traffic_limiter:limiter|pending_response_count[3]                              ; inst|altpll_component|pll|clk[0] ; inst|altpll_component|pll|clk[0] ; 20.000       ; -0.026     ; 13.365     ;
; 6.654 ; SOPC:inst2|SOPC_cpu:cpu|A_mem_baddr[14]     ; SOPC:inst2|SOPC_epcs:epcs|SOPC_epcs_sub:the_SOPC_epcs_sub|epcs_slave_select_reg[13]                     ; inst|altpll_component|pll|clk[0] ; inst|altpll_component|pll|clk[0] ; 20.000       ; 0.000      ; 13.386     ;
; 6.654 ; SOPC:inst2|SOPC_cpu:cpu|A_mem_baddr[14]     ; SOPC:inst2|SOPC_epcs:epcs|SOPC_epcs_sub:the_SOPC_epcs_sub|epcs_slave_select_reg[14]                     ; inst|altpll_component|pll|clk[0] ; inst|altpll_component|pll|clk[0] ; 20.000       ; 0.000      ; 13.386     ;
; 6.654 ; SOPC:inst2|SOPC_cpu:cpu|A_mem_baddr[14]     ; SOPC:inst2|SOPC_epcs:epcs|SOPC_epcs_sub:the_SOPC_epcs_sub|epcs_slave_select_reg[15]                     ; inst|altpll_component|pll|clk[0] ; inst|altpll_component|pll|clk[0] ; 20.000       ; 0.000      ; 13.386     ;
; 6.654 ; SOPC:inst2|SOPC_cpu:cpu|A_mem_baddr[14]     ; SOPC:inst2|SOPC_epcs:epcs|SOPC_epcs_sub:the_SOPC_epcs_sub|epcs_slave_select_reg[5]                      ; inst|altpll_component|pll|clk[0] ; inst|altpll_component|pll|clk[0] ; 20.000       ; 0.000      ; 13.386     ;
; 6.654 ; SOPC:inst2|SOPC_cpu:cpu|A_mem_baddr[14]     ; SOPC:inst2|SOPC_epcs:epcs|SOPC_epcs_sub:the_SOPC_epcs_sub|epcs_slave_select_reg[2]                      ; inst|altpll_component|pll|clk[0] ; inst|altpll_component|pll|clk[0] ; 20.000       ; 0.000      ; 13.386     ;
; 6.654 ; SOPC:inst2|SOPC_cpu:cpu|A_mem_baddr[14]     ; SOPC:inst2|SOPC_epcs:epcs|SOPC_epcs_sub:the_SOPC_epcs_sub|epcs_slave_select_reg[12]                     ; inst|altpll_component|pll|clk[0] ; inst|altpll_component|pll|clk[0] ; 20.000       ; 0.000      ; 13.386     ;
; 6.654 ; SOPC:inst2|SOPC_cpu:cpu|A_mem_baddr[14]     ; SOPC:inst2|SOPC_epcs:epcs|SOPC_epcs_sub:the_SOPC_epcs_sub|epcs_slave_select_reg[1]                      ; inst|altpll_component|pll|clk[0] ; inst|altpll_component|pll|clk[0] ; 20.000       ; 0.000      ; 13.386     ;
; 6.654 ; SOPC:inst2|SOPC_cpu:cpu|A_mem_baddr[14]     ; SOPC:inst2|SOPC_epcs:epcs|SOPC_epcs_sub:the_SOPC_epcs_sub|epcs_slave_select_reg[0]                      ; inst|altpll_component|pll|clk[0] ; inst|altpll_component|pll|clk[0] ; 20.000       ; 0.000      ; 13.386     ;
; 6.669 ; SOPC:inst2|SOPC_cpu:cpu|A_mem_baddr[25]     ; SOPC:inst2|altera_merlin_traffic_limiter:limiter|pending_response_count[1]                              ; inst|altpll_component|pll|clk[0] ; inst|altpll_component|pll|clk[0] ; 20.000       ; -0.009     ; 13.362     ;
; 6.669 ; SOPC:inst2|SOPC_cpu:cpu|A_mem_baddr[25]     ; SOPC:inst2|altera_merlin_traffic_limiter:limiter|pending_response_count[2]                              ; inst|altpll_component|pll|clk[0] ; inst|altpll_component|pll|clk[0] ; 20.000       ; -0.009     ; 13.362     ;
; 6.669 ; SOPC:inst2|SOPC_cpu:cpu|A_mem_baddr[25]     ; SOPC:inst2|altera_merlin_traffic_limiter:limiter|pending_response_count[3]                              ; inst|altpll_component|pll|clk[0] ; inst|altpll_component|pll|clk[0] ; 20.000       ; -0.009     ; 13.362     ;
; 6.681 ; SOPC:inst2|SOPC_cpu:cpu|A_mem_baddr[14]     ; SOPC:inst2|altera_merlin_slave_translator:epcs_epcs_control_port_translator|av_readdata_pre[4]          ; inst|altpll_component|pll|clk[0] ; inst|altpll_component|pll|clk[0] ; 20.000       ; 0.017      ; 13.376     ;
; 6.684 ; SOPC:inst2|SOPC_cpu:cpu|M_rot_step1[1]      ; SOPC:inst2|SOPC_cpu:cpu|Mn_rot_step2[13]                                                                ; inst|altpll_component|pll|clk[0] ; inst|altpll_component|pll|clk[0] ; 10.000       ; 0.016      ; 3.372      ;
; 6.688 ; SOPC:inst2|SOPC_cpu:cpu|M_rot_step1[0]      ; SOPC:inst2|SOPC_cpu:cpu|Mn_rot_step2[0]                                                                 ; inst|altpll_component|pll|clk[0] ; inst|altpll_component|pll|clk[0] ; 10.000       ; 0.004      ; 3.356      ;
; 6.689 ; SOPC:inst2|SOPC_cpu:cpu|M_rot_step1[0]      ; SOPC:inst2|SOPC_cpu:cpu|Mn_rot_step2[4]                                                                 ; inst|altpll_component|pll|clk[0] ; inst|altpll_component|pll|clk[0] ; 10.000       ; 0.004      ; 3.355      ;
; 6.694 ; SOPC:inst2|SOPC_cpu:cpu|M_rot_rn[2]         ; SOPC:inst2|SOPC_cpu:cpu|Mn_rot_step2[24]                                                                ; inst|altpll_component|pll|clk[0] ; inst|altpll_component|pll|clk[0] ; 10.000       ; -0.001     ; 3.345      ;
; 6.695 ; SOPC:inst2|SOPC_cpu:cpu|M_rot_rn[2]         ; SOPC:inst2|SOPC_cpu:cpu|Mn_rot_step2[8]                                                                 ; inst|altpll_component|pll|clk[0] ; inst|altpll_component|pll|clk[0] ; 10.000       ; -0.001     ; 3.344      ;
; 6.695 ; SOPC:inst2|SOPC_cpu:cpu|M_rot_rn[2]         ; SOPC:inst2|SOPC_cpu:cpu|Mn_rot_step2[4]                                                                 ; inst|altpll_component|pll|clk[0] ; inst|altpll_component|pll|clk[0] ; 10.000       ; -0.001     ; 3.344      ;
; 6.697 ; SOPC:inst2|SOPC_cpu:cpu|A_mem_baddr[26]     ; SOPC:inst2|altera_merlin_traffic_limiter:limiter|pending_response_count[1]                              ; inst|altpll_component|pll|clk[0] ; inst|altpll_component|pll|clk[0] ; 20.000       ; -0.009     ; 13.334     ;
; 6.697 ; SOPC:inst2|SOPC_cpu:cpu|A_mem_baddr[26]     ; SOPC:inst2|altera_merlin_traffic_limiter:limiter|pending_response_count[2]                              ; inst|altpll_component|pll|clk[0] ; inst|altpll_component|pll|clk[0] ; 20.000       ; -0.009     ; 13.334     ;
; 6.697 ; SOPC:inst2|SOPC_cpu:cpu|A_mem_baddr[26]     ; SOPC:inst2|altera_merlin_traffic_limiter:limiter|pending_response_count[3]                              ; inst|altpll_component|pll|clk[0] ; inst|altpll_component|pll|clk[0] ; 20.000       ; -0.009     ; 13.334     ;
; 6.702 ; SOPC:inst2|SOPC_cpu:cpu|M_rot_step1[16]     ; SOPC:inst2|SOPC_cpu:cpu|Mn_rot_step2[24]                                                                ; inst|altpll_component|pll|clk[0] ; inst|altpll_component|pll|clk[0] ; 10.000       ; 0.030      ; 3.368      ;
; 6.703 ; SOPC:inst2|SOPC_cpu:cpu|M_rot_rn[2]         ; SOPC:inst2|SOPC_cpu:cpu|Mn_rot_step2[16]                                                                ; inst|altpll_component|pll|clk[0] ; inst|altpll_component|pll|clk[0] ; 10.000       ; -0.001     ; 3.336      ;
; 6.703 ; SOPC:inst2|SOPC_cpu:cpu|M_rot_rn[2]         ; SOPC:inst2|SOPC_cpu:cpu|Mn_rot_step2[10]                                                                ; inst|altpll_component|pll|clk[0] ; inst|altpll_component|pll|clk[0] ; 10.000       ; -0.001     ; 3.336      ;
; 6.705 ; SOPC:inst2|SOPC_cpu:cpu|M_rot_rn[2]         ; SOPC:inst2|SOPC_cpu:cpu|Mn_rot_step2[29]                                                                ; inst|altpll_component|pll|clk[0] ; inst|altpll_component|pll|clk[0] ; 10.000       ; -0.007     ; 3.328      ;
; 6.707 ; SOPC:inst2|SOPC_cpu:cpu|A_mem_baddr[13]     ; SOPC:inst2|altera_merlin_traffic_limiter:limiter|pending_response_count[1]                              ; inst|altpll_component|pll|clk[0] ; inst|altpll_component|pll|clk[0] ; 20.000       ; -0.021     ; 13.312     ;
; 6.707 ; SOPC:inst2|SOPC_cpu:cpu|A_mem_baddr[13]     ; SOPC:inst2|altera_merlin_traffic_limiter:limiter|pending_response_count[2]                              ; inst|altpll_component|pll|clk[0] ; inst|altpll_component|pll|clk[0] ; 20.000       ; -0.021     ; 13.312     ;
; 6.707 ; SOPC:inst2|SOPC_cpu:cpu|A_mem_baddr[13]     ; SOPC:inst2|altera_merlin_traffic_limiter:limiter|pending_response_count[3]                              ; inst|altpll_component|pll|clk[0] ; inst|altpll_component|pll|clk[0] ; 20.000       ; -0.021     ; 13.312     ;
; 6.708 ; SOPC:inst2|SOPC_cpu:cpu|M_rot_step1[15]     ; SOPC:inst2|SOPC_cpu:cpu|Mn_rot_step2[23]                                                                ; inst|altpll_component|pll|clk[0] ; inst|altpll_component|pll|clk[0] ; 10.000       ; 0.024      ; 3.356      ;
; 6.709 ; SOPC:inst2|SOPC_cpu:cpu|M_rot_rn[2]         ; SOPC:inst2|SOPC_cpu:cpu|Mn_rot_step2[27]                                                                ; inst|altpll_component|pll|clk[0] ; inst|altpll_component|pll|clk[0] ; 10.000       ; -0.007     ; 3.324      ;
; 6.712 ; SOPC:inst2|SOPC_cpu:cpu|M_rot_rn[2]         ; SOPC:inst2|SOPC_cpu:cpu|Mn_rot_step2[3]                                                                 ; inst|altpll_component|pll|clk[0] ; inst|altpll_component|pll|clk[0] ; 10.000       ; -0.007     ; 3.321      ;
; 6.722 ; SOPC:inst2|SOPC_cpu:cpu|M_rot_step1[7]      ; SOPC:inst2|SOPC_cpu:cpu|Mn_rot_step2[15]                                                                ; inst|altpll_component|pll|clk[0] ; inst|altpll_component|pll|clk[0] ; 10.000       ; 0.016      ; 3.334      ;
+-------+---------------------------------------------+---------------------------------------------------------------------------------------------------------+----------------------------------+----------------------------------+--------------+------------+------------+


+------------------------------------------------------------------------------------------------------------------------------------------------------------------------------------------------------------------------------------------------------------------------------------------------------------------------------------------------------------------------------------------------------------------------------------------------------------------------------------------------------------+
; Slow Model Hold: 'inst|altpll_component|pll|clk[0]'                                                                                                                                                                                                                                                                                                                                                                                                                                                        ;
+-------+------------------------------------------------------------------------------------------------------------------------------------------------------------------------------------------+------------------------------------------------------------------------------------------------------------------------------------------------------------------------------------------+----------------------------------+----------------------------------+--------------+------------+------------+
; Slack ; From Node                                                                                                                                                                                ; To Node                                                                                                                                                                                  ; Launch Clock                     ; Latch Clock                      ; Relationship ; Clock Skew ; Data Delay ;
+-------+------------------------------------------------------------------------------------------------------------------------------------------------------------------------------------------+------------------------------------------------------------------------------------------------------------------------------------------------------------------------------------------+----------------------------------+----------------------------------+--------------+------------+------------+
; 0.499 ; SOPC:inst2|SOPC_cpu:cpu|SOPC_cpu_nios2_oci:the_SOPC_cpu_nios2_oci|SOPC_cpu_nios2_ocimem:the_SOPC_cpu_nios2_ocimem|jtag_rd                                                                ; SOPC:inst2|SOPC_cpu:cpu|SOPC_cpu_nios2_oci:the_SOPC_cpu_nios2_oci|SOPC_cpu_nios2_ocimem:the_SOPC_cpu_nios2_ocimem|jtag_rd                                                                ; inst|altpll_component|pll|clk[0] ; inst|altpll_component|pll|clk[0] ; 0.000        ; 0.000      ; 0.805      ;
; 0.499 ; SOPC:inst2|SOPC_cpu:cpu|d_write~reg0                                                                                                                                                     ; SOPC:inst2|SOPC_cpu:cpu|d_write~reg0                                                                                                                                                     ; inst|altpll_component|pll|clk[0] ; inst|altpll_component|pll|clk[0] ; 0.000        ; 0.000      ; 0.805      ;
; 0.499 ; SOPC:inst2|altera_merlin_slave_translator:epcs_epcs_control_port_translator|wait_latency_counter[0]                                                                                      ; SOPC:inst2|altera_merlin_slave_translator:epcs_epcs_control_port_translator|wait_latency_counter[0]                                                                                      ; inst|altpll_component|pll|clk[0] ; inst|altpll_component|pll|clk[0] ; 0.000        ; 0.000      ; 0.805      ;
; 0.499 ; SOPC:inst2|altera_merlin_slave_translator:epcs_epcs_control_port_translator|wait_latency_counter[1]                                                                                      ; SOPC:inst2|altera_merlin_slave_translator:epcs_epcs_control_port_translator|wait_latency_counter[1]                                                                                      ; inst|altpll_component|pll|clk[0] ; inst|altpll_component|pll|clk[0] ; 0.000        ; 0.000      ; 0.805      ;
; 0.499 ; SOPC:inst2|altera_avalon_sc_fifo:epcs_epcs_control_port_translator_avalon_universal_slave_0_agent_rsp_fifo|mem_used[0]                                                                   ; SOPC:inst2|altera_avalon_sc_fifo:epcs_epcs_control_port_translator_avalon_universal_slave_0_agent_rsp_fifo|mem_used[0]                                                                   ; inst|altpll_component|pll|clk[0] ; inst|altpll_component|pll|clk[0] ; 0.000        ; 0.000      ; 0.805      ;
; 0.499 ; SOPC:inst2|altera_avalon_sc_fifo:lcd_rs_s1_translator_avalon_universal_slave_0_agent_rsp_fifo|mem_used[0]                                                                                ; SOPC:inst2|altera_avalon_sc_fifo:lcd_rs_s1_translator_avalon_universal_slave_0_agent_rsp_fifo|mem_used[0]                                                                                ; inst|altpll_component|pll|clk[0] ; inst|altpll_component|pll|clk[0] ; 0.000        ; 0.000      ; 0.805      ;
; 0.499 ; SOPC:inst2|SOPC_cpu:cpu|A_shift_rot_cnt                                                                                                                                                  ; SOPC:inst2|SOPC_cpu:cpu|A_shift_rot_cnt                                                                                                                                                  ; inst|altpll_component|pll|clk[0] ; inst|altpll_component|pll|clk[0] ; 0.000        ; 0.000      ; 0.805      ;
; 0.499 ; SOPC:inst2|SOPC_cpu:cpu|A_shift_rot_stall                                                                                                                                                ; SOPC:inst2|SOPC_cpu:cpu|A_shift_rot_stall                                                                                                                                                ; inst|altpll_component|pll|clk[0] ; inst|altpll_component|pll|clk[0] ; 0.000        ; 0.000      ; 0.805      ;
; 0.499 ; SOPC:inst2|altera_avalon_sc_fifo:sdram_s1_translator_avalon_universal_slave_0_agent_rsp_fifo|mem[7][57]                                                                                  ; SOPC:inst2|altera_avalon_sc_fifo:sdram_s1_translator_avalon_universal_slave_0_agent_rsp_fifo|mem[7][57]                                                                                  ; inst|altpll_component|pll|clk[0] ; inst|altpll_component|pll|clk[0] ; 0.000        ; 0.000      ; 0.805      ;
; 0.499 ; SOPC:inst2|altera_avalon_sc_fifo:sdram_s1_translator_avalon_universal_slave_0_agent_rsp_fifo|mem[7][66]                                                                                  ; SOPC:inst2|altera_avalon_sc_fifo:sdram_s1_translator_avalon_universal_slave_0_agent_rsp_fifo|mem[7][66]                                                                                  ; inst|altpll_component|pll|clk[0] ; inst|altpll_component|pll|clk[0] ; 0.000        ; 0.000      ; 0.805      ;
; 0.499 ; SOPC:inst2|altera_avalon_sc_fifo:sdram_s1_translator_avalon_universal_slave_0_agent_rdata_fifo|wr_ptr[2]                                                                                 ; SOPC:inst2|altera_avalon_sc_fifo:sdram_s1_translator_avalon_universal_slave_0_agent_rdata_fifo|wr_ptr[2]                                                                                 ; inst|altpll_component|pll|clk[0] ; inst|altpll_component|pll|clk[0] ; 0.000        ; 0.000      ; 0.805      ;
; 0.499 ; SOPC:inst2|altera_avalon_sc_fifo:sdram_s1_translator_avalon_universal_slave_0_agent_rdata_fifo|wr_ptr[0]                                                                                 ; SOPC:inst2|altera_avalon_sc_fifo:sdram_s1_translator_avalon_universal_slave_0_agent_rdata_fifo|wr_ptr[0]                                                                                 ; inst|altpll_component|pll|clk[0] ; inst|altpll_component|pll|clk[0] ; 0.000        ; 0.000      ; 0.805      ;
; 0.499 ; SOPC:inst2|altera_avalon_sc_fifo:sdram_s1_translator_avalon_universal_slave_0_agent_rdata_fifo|rd_ptr[0]                                                                                 ; SOPC:inst2|altera_avalon_sc_fifo:sdram_s1_translator_avalon_universal_slave_0_agent_rdata_fifo|rd_ptr[0]                                                                                 ; inst|altpll_component|pll|clk[0] ; inst|altpll_component|pll|clk[0] ; 0.000        ; 0.000      ; 0.805      ;
; 0.499 ; SOPC:inst2|altera_avalon_sc_fifo:sdram_s1_translator_avalon_universal_slave_0_agent_rdata_fifo|rd_ptr[1]                                                                                 ; SOPC:inst2|altera_avalon_sc_fifo:sdram_s1_translator_avalon_universal_slave_0_agent_rdata_fifo|rd_ptr[1]                                                                                 ; inst|altpll_component|pll|clk[0] ; inst|altpll_component|pll|clk[0] ; 0.000        ; 0.000      ; 0.805      ;
; 0.499 ; SOPC:inst2|altera_avalon_sc_fifo:sdram_s1_translator_avalon_universal_slave_0_agent_rdata_fifo|rd_ptr[2]                                                                                 ; SOPC:inst2|altera_avalon_sc_fifo:sdram_s1_translator_avalon_universal_slave_0_agent_rdata_fifo|rd_ptr[2]                                                                                 ; inst|altpll_component|pll|clk[0] ; inst|altpll_component|pll|clk[0] ; 0.000        ; 0.000      ; 0.805      ;
; 0.499 ; SOPC:inst2|SOPC_sdram:sdram|i_count[1]                                                                                                                                                   ; SOPC:inst2|SOPC_sdram:sdram|i_count[1]                                                                                                                                                   ; inst|altpll_component|pll|clk[0] ; inst|altpll_component|pll|clk[0] ; 0.000        ; 0.000      ; 0.805      ;
; 0.499 ; SOPC:inst2|SOPC_sdram:sdram|i_refs[0]                                                                                                                                                    ; SOPC:inst2|SOPC_sdram:sdram|i_refs[0]                                                                                                                                                    ; inst|altpll_component|pll|clk[0] ; inst|altpll_component|pll|clk[0] ; 0.000        ; 0.000      ; 0.805      ;
; 0.499 ; SOPC:inst2|SOPC_sdram:sdram|i_refs[1]                                                                                                                                                    ; SOPC:inst2|SOPC_sdram:sdram|i_refs[1]                                                                                                                                                    ; inst|altpll_component|pll|clk[0] ; inst|altpll_component|pll|clk[0] ; 0.000        ; 0.000      ; 0.805      ;
; 0.499 ; SOPC:inst2|SOPC_sdram:sdram|i_refs[2]                                                                                                                                                    ; SOPC:inst2|SOPC_sdram:sdram|i_refs[2]                                                                                                                                                    ; inst|altpll_component|pll|clk[0] ; inst|altpll_component|pll|clk[0] ; 0.000        ; 0.000      ; 0.805      ;
; 0.499 ; SOPC:inst2|SOPC_sdram:sdram|i_next.000                                                                                                                                                   ; SOPC:inst2|SOPC_sdram:sdram|i_next.000                                                                                                                                                   ; inst|altpll_component|pll|clk[0] ; inst|altpll_component|pll|clk[0] ; 0.000        ; 0.000      ; 0.805      ;
; 0.499 ; SOPC:inst2|SOPC_sdram:sdram|i_state.000                                                                                                                                                  ; SOPC:inst2|SOPC_sdram:sdram|i_state.000                                                                                                                                                  ; inst|altpll_component|pll|clk[0] ; inst|altpll_component|pll|clk[0] ; 0.000        ; 0.000      ; 0.805      ;
; 0.499 ; SOPC:inst2|SOPC_sdram:sdram|i_count[0]                                                                                                                                                   ; SOPC:inst2|SOPC_sdram:sdram|i_count[0]                                                                                                                                                   ; inst|altpll_component|pll|clk[0] ; inst|altpll_component|pll|clk[0] ; 0.000        ; 0.000      ; 0.805      ;
; 0.499 ; SOPC:inst2|SOPC_sdram:sdram|i_count[2]                                                                                                                                                   ; SOPC:inst2|SOPC_sdram:sdram|i_count[2]                                                                                                                                                   ; inst|altpll_component|pll|clk[0] ; inst|altpll_component|pll|clk[0] ; 0.000        ; 0.000      ; 0.805      ;
; 0.499 ; SOPC:inst2|SOPC_sdram:sdram|i_next.101                                                                                                                                                   ; SOPC:inst2|SOPC_sdram:sdram|i_next.101                                                                                                                                                   ; inst|altpll_component|pll|clk[0] ; inst|altpll_component|pll|clk[0] ; 0.000        ; 0.000      ; 0.805      ;
; 0.499 ; SOPC:inst2|SOPC_sdram:sdram|i_state.101                                                                                                                                                  ; SOPC:inst2|SOPC_sdram:sdram|i_state.101                                                                                                                                                  ; inst|altpll_component|pll|clk[0] ; inst|altpll_component|pll|clk[0] ; 0.000        ; 0.000      ; 0.805      ;
; 0.499 ; SOPC:inst2|SOPC_sdram:sdram|init_done                                                                                                                                                    ; SOPC:inst2|SOPC_sdram:sdram|init_done                                                                                                                                                    ; inst|altpll_component|pll|clk[0] ; inst|altpll_component|pll|clk[0] ; 0.000        ; 0.000      ; 0.805      ;
; 0.499 ; SOPC:inst2|altera_merlin_width_adapter:width_adapter|count[0]                                                                                                                            ; SOPC:inst2|altera_merlin_width_adapter:width_adapter|count[0]                                                                                                                            ; inst|altpll_component|pll|clk[0] ; inst|altpll_component|pll|clk[0] ; 0.000        ; 0.000      ; 0.805      ;
; 0.499 ; SOPC:inst2|altera_merlin_width_adapter:width_adapter|use_reg                                                                                                                             ; SOPC:inst2|altera_merlin_width_adapter:width_adapter|use_reg                                                                                                                             ; inst|altpll_component|pll|clk[0] ; inst|altpll_component|pll|clk[0] ; 0.000        ; 0.000      ; 0.805      ;
; 0.499 ; SOPC:inst2|SOPC_sdram:sdram|SOPC_sdram_input_efifo_module:the_SOPC_sdram_input_efifo_module|wr_address                                                                                   ; SOPC:inst2|SOPC_sdram:sdram|SOPC_sdram_input_efifo_module:the_SOPC_sdram_input_efifo_module|wr_address                                                                                   ; inst|altpll_component|pll|clk[0] ; inst|altpll_component|pll|clk[0] ; 0.000        ; 0.000      ; 0.805      ;
; 0.499 ; SOPC:inst2|SOPC_sdram:sdram|SOPC_sdram_input_efifo_module:the_SOPC_sdram_input_efifo_module|rd_address                                                                                   ; SOPC:inst2|SOPC_sdram:sdram|SOPC_sdram_input_efifo_module:the_SOPC_sdram_input_efifo_module|rd_address                                                                                   ; inst|altpll_component|pll|clk[0] ; inst|altpll_component|pll|clk[0] ; 0.000        ; 0.000      ; 0.805      ;
; 0.499 ; SOPC:inst2|SOPC_jtag_uart:jtag_uart|av_waitrequest                                                                                                                                       ; SOPC:inst2|SOPC_jtag_uart:jtag_uart|av_waitrequest                                                                                                                                       ; inst|altpll_component|pll|clk[0] ; inst|altpll_component|pll|clk[0] ; 0.000        ; 0.000      ; 0.805      ;
; 0.499 ; SOPC:inst2|altera_avalon_sc_fifo:jtag_uart_avalon_jtag_slave_translator_avalon_universal_slave_0_agent_rsp_fifo|mem_used[1]                                                              ; SOPC:inst2|altera_avalon_sc_fifo:jtag_uart_avalon_jtag_slave_translator_avalon_universal_slave_0_agent_rsp_fifo|mem_used[1]                                                              ; inst|altpll_component|pll|clk[0] ; inst|altpll_component|pll|clk[0] ; 0.000        ; 0.000      ; 0.805      ;
; 0.499 ; SOPC:inst2|SOPC_jtag_uart:jtag_uart|SOPC_jtag_uart_scfifo_r:the_SOPC_jtag_uart_scfifo_r|scfifo:rfifo|scfifo_1n21:auto_generated|a_dpfifo_8t21:dpfifo|a_fefifo_7cf:fifo_state|b_non_empty ; SOPC:inst2|SOPC_jtag_uart:jtag_uart|SOPC_jtag_uart_scfifo_r:the_SOPC_jtag_uart_scfifo_r|scfifo:rfifo|scfifo_1n21:auto_generated|a_dpfifo_8t21:dpfifo|a_fefifo_7cf:fifo_state|b_non_empty ; inst|altpll_component|pll|clk[0] ; inst|altpll_component|pll|clk[0] ; 0.000        ; 0.000      ; 0.805      ;
; 0.499 ; SOPC:inst2|SOPC_jtag_uart:jtag_uart|SOPC_jtag_uart_scfifo_r:the_SOPC_jtag_uart_scfifo_r|scfifo:rfifo|scfifo_1n21:auto_generated|a_dpfifo_8t21:dpfifo|a_fefifo_7cf:fifo_state|b_full      ; SOPC:inst2|SOPC_jtag_uart:jtag_uart|SOPC_jtag_uart_scfifo_r:the_SOPC_jtag_uart_scfifo_r|scfifo:rfifo|scfifo_1n21:auto_generated|a_dpfifo_8t21:dpfifo|a_fefifo_7cf:fifo_state|b_full      ; inst|altpll_component|pll|clk[0] ; inst|altpll_component|pll|clk[0] ; 0.000        ; 0.000      ; 0.805      ;
; 0.499 ; SOPC:inst2|SOPC_jtag_uart:jtag_uart|r_val                                                                                                                                                ; SOPC:inst2|SOPC_jtag_uart:jtag_uart|r_val                                                                                                                                                ; inst|altpll_component|pll|clk[0] ; inst|altpll_component|pll|clk[0] ; 0.000        ; 0.000      ; 0.805      ;
; 0.499 ; SOPC:inst2|SOPC_jtag_uart:jtag_uart|SOPC_jtag_uart_scfifo_w:the_SOPC_jtag_uart_scfifo_w|scfifo:wfifo|scfifo_1n21:auto_generated|a_dpfifo_8t21:dpfifo|a_fefifo_7cf:fifo_state|b_non_empty ; SOPC:inst2|SOPC_jtag_uart:jtag_uart|SOPC_jtag_uart_scfifo_w:the_SOPC_jtag_uart_scfifo_w|scfifo:wfifo|scfifo_1n21:auto_generated|a_dpfifo_8t21:dpfifo|a_fefifo_7cf:fifo_state|b_non_empty ; inst|altpll_component|pll|clk[0] ; inst|altpll_component|pll|clk[0] ; 0.000        ; 0.000      ; 0.805      ;
; 0.499 ; SOPC:inst2|SOPC_jtag_uart:jtag_uart|SOPC_jtag_uart_scfifo_w:the_SOPC_jtag_uart_scfifo_w|scfifo:wfifo|scfifo_1n21:auto_generated|a_dpfifo_8t21:dpfifo|a_fefifo_7cf:fifo_state|b_full      ; SOPC:inst2|SOPC_jtag_uart:jtag_uart|SOPC_jtag_uart_scfifo_w:the_SOPC_jtag_uart_scfifo_w|scfifo:wfifo|scfifo_1n21:auto_generated|a_dpfifo_8t21:dpfifo|a_fefifo_7cf:fifo_state|b_full      ; inst|altpll_component|pll|clk[0] ; inst|altpll_component|pll|clk[0] ; 0.000        ; 0.000      ; 0.805      ;
; 0.499 ; SOPC:inst2|altera_avalon_sc_fifo:lcd32_data_s1_translator_avalon_universal_slave_0_agent_rsp_fifo|mem_used[0]                                                                            ; SOPC:inst2|altera_avalon_sc_fifo:lcd32_data_s1_translator_avalon_universal_slave_0_agent_rsp_fifo|mem_used[0]                                                                            ; inst|altpll_component|pll|clk[0] ; inst|altpll_component|pll|clk[0] ; 0.000        ; 0.000      ; 0.805      ;
; 0.499 ; SOPC:inst2|altera_merlin_slave_translator:lcd32_data_s1_translator|wait_latency_counter[1]                                                                                               ; SOPC:inst2|altera_merlin_slave_translator:lcd32_data_s1_translator|wait_latency_counter[1]                                                                                               ; inst|altpll_component|pll|clk[0] ; inst|altpll_component|pll|clk[0] ; 0.000        ; 0.000      ; 0.805      ;
; 0.499 ; SOPC:inst2|altera_avalon_sc_fifo:lcd32_data_s1_translator_avalon_universal_slave_0_agent_rsp_fifo|mem_used[1]                                                                            ; SOPC:inst2|altera_avalon_sc_fifo:lcd32_data_s1_translator_avalon_universal_slave_0_agent_rsp_fifo|mem_used[1]                                                                            ; inst|altpll_component|pll|clk[0] ; inst|altpll_component|pll|clk[0] ; 0.000        ; 0.000      ; 0.805      ;
; 0.499 ; SOPC:inst2|altera_merlin_slave_translator:lcd32_data_s1_translator|wait_latency_counter[0]                                                                                               ; SOPC:inst2|altera_merlin_slave_translator:lcd32_data_s1_translator|wait_latency_counter[0]                                                                                               ; inst|altpll_component|pll|clk[0] ; inst|altpll_component|pll|clk[0] ; 0.000        ; 0.000      ; 0.805      ;
; 0.499 ; SOPC:inst2|SOPC_spi_touch:spi_touch|slowcount[0]                                                                                                                                         ; SOPC:inst2|SOPC_spi_touch:spi_touch|slowcount[0]                                                                                                                                         ; inst|altpll_component|pll|clk[0] ; inst|altpll_component|pll|clk[0] ; 0.000        ; 0.000      ; 0.805      ;
; 0.499 ; SOPC:inst2|altera_merlin_slave_translator:spi_touch_spi_control_port_translator|wait_latency_counter[0]                                                                                  ; SOPC:inst2|altera_merlin_slave_translator:spi_touch_spi_control_port_translator|wait_latency_counter[0]                                                                                  ; inst|altpll_component|pll|clk[0] ; inst|altpll_component|pll|clk[0] ; 0.000        ; 0.000      ; 0.805      ;
; 0.499 ; SOPC:inst2|altera_avalon_sc_fifo:spi_touch_spi_control_port_translator_avalon_universal_slave_0_agent_rsp_fifo|mem_used[0]                                                               ; SOPC:inst2|altera_avalon_sc_fifo:spi_touch_spi_control_port_translator_avalon_universal_slave_0_agent_rsp_fifo|mem_used[0]                                                               ; inst|altpll_component|pll|clk[0] ; inst|altpll_component|pll|clk[0] ; 0.000        ; 0.000      ; 0.805      ;
; 0.499 ; SOPC:inst2|altera_avalon_sc_fifo:spi_touch_spi_control_port_translator_avalon_universal_slave_0_agent_rsp_fifo|mem_used[1]                                                               ; SOPC:inst2|altera_avalon_sc_fifo:spi_touch_spi_control_port_translator_avalon_universal_slave_0_agent_rsp_fifo|mem_used[1]                                                               ; inst|altpll_component|pll|clk[0] ; inst|altpll_component|pll|clk[0] ; 0.000        ; 0.000      ; 0.805      ;
; 0.499 ; SOPC:inst2|altera_merlin_slave_translator:spi_touch_spi_control_port_translator|wait_latency_counter[1]                                                                                  ; SOPC:inst2|altera_merlin_slave_translator:spi_touch_spi_control_port_translator|wait_latency_counter[1]                                                                                  ; inst|altpll_component|pll|clk[0] ; inst|altpll_component|pll|clk[0] ; 0.000        ; 0.000      ; 0.805      ;
; 0.499 ; SOPC:inst2|SOPC_spi_touch:spi_touch|wr_strobe                                                                                                                                            ; SOPC:inst2|SOPC_spi_touch:spi_touch|wr_strobe                                                                                                                                            ; inst|altpll_component|pll|clk[0] ; inst|altpll_component|pll|clk[0] ; 0.000        ; 0.000      ; 0.805      ;
; 0.499 ; SOPC:inst2|SOPC_spi_touch:spi_touch|tx_holding_primed                                                                                                                                    ; SOPC:inst2|SOPC_spi_touch:spi_touch|tx_holding_primed                                                                                                                                    ; inst|altpll_component|pll|clk[0] ; inst|altpll_component|pll|clk[0] ; 0.000        ; 0.000      ; 0.805      ;
; 0.499 ; SOPC:inst2|SOPC_spi_touch:spi_touch|state[4]                                                                                                                                             ; SOPC:inst2|SOPC_spi_touch:spi_touch|state[4]                                                                                                                                             ; inst|altpll_component|pll|clk[0] ; inst|altpll_component|pll|clk[0] ; 0.000        ; 0.000      ; 0.805      ;
; 0.499 ; SOPC:inst2|SOPC_spi_touch:spi_touch|transmitting                                                                                                                                         ; SOPC:inst2|SOPC_spi_touch:spi_touch|transmitting                                                                                                                                         ; inst|altpll_component|pll|clk[0] ; inst|altpll_component|pll|clk[0] ; 0.000        ; 0.000      ; 0.805      ;
; 0.499 ; SOPC:inst2|altera_avalon_sc_fifo:sdram_s1_translator_avalon_universal_slave_0_agent_rsp_fifo|mem[7][87]                                                                                  ; SOPC:inst2|altera_avalon_sc_fifo:sdram_s1_translator_avalon_universal_slave_0_agent_rsp_fifo|mem[7][87]                                                                                  ; inst|altpll_component|pll|clk[0] ; inst|altpll_component|pll|clk[0] ; 0.000        ; 0.000      ; 0.805      ;
; 0.499 ; SOPC:inst2|SOPC_sdram:sdram|active_cs_n                                                                                                                                                  ; SOPC:inst2|SOPC_sdram:sdram|active_cs_n                                                                                                                                                  ; inst|altpll_component|pll|clk[0] ; inst|altpll_component|pll|clk[0] ; 0.000        ; 0.000      ; 0.805      ;
; 0.499 ; SOPC:inst2|SOPC_jtag_uart:jtag_uart|rvalid                                                                                                                                               ; SOPC:inst2|SOPC_jtag_uart:jtag_uart|rvalid                                                                                                                                               ; inst|altpll_component|pll|clk[0] ; inst|altpll_component|pll|clk[0] ; 0.000        ; 0.000      ; 0.805      ;
; 0.499 ; SOPC:inst2|altera_avalon_sc_fifo:sysid_control_slave_translator_avalon_universal_slave_0_agent_rsp_fifo|mem_used[0]                                                                      ; SOPC:inst2|altera_avalon_sc_fifo:sysid_control_slave_translator_avalon_universal_slave_0_agent_rsp_fifo|mem_used[0]                                                                      ; inst|altpll_component|pll|clk[0] ; inst|altpll_component|pll|clk[0] ; 0.000        ; 0.000      ; 0.805      ;
; 0.499 ; SOPC:inst2|altera_merlin_slave_translator:sysid_control_slave_translator|wait_latency_counter[0]                                                                                         ; SOPC:inst2|altera_merlin_slave_translator:sysid_control_slave_translator|wait_latency_counter[0]                                                                                         ; inst|altpll_component|pll|clk[0] ; inst|altpll_component|pll|clk[0] ; 0.000        ; 0.000      ; 0.805      ;
; 0.499 ; SOPC:inst2|altera_avalon_sc_fifo:sysid_control_slave_translator_avalon_universal_slave_0_agent_rsp_fifo|mem_used[1]                                                                      ; SOPC:inst2|altera_avalon_sc_fifo:sysid_control_slave_translator_avalon_universal_slave_0_agent_rsp_fifo|mem_used[1]                                                                      ; inst|altpll_component|pll|clk[0] ; inst|altpll_component|pll|clk[0] ; 0.000        ; 0.000      ; 0.805      ;
; 0.499 ; SOPC:inst2|SOPC_cpu:cpu|ic_fill_line[4]                                                                                                                                                  ; SOPC:inst2|SOPC_cpu:cpu|ic_fill_line[4]                                                                                                                                                  ; inst|altpll_component|pll|clk[0] ; inst|altpll_component|pll|clk[0] ; 0.000        ; 0.000      ; 0.805      ;
; 0.499 ; SOPC:inst2|SOPC_cpu:cpu|ic_fill_prevent_refill                                                                                                                                           ; SOPC:inst2|SOPC_cpu:cpu|ic_fill_prevent_refill                                                                                                                                           ; inst|altpll_component|pll|clk[0] ; inst|altpll_component|pll|clk[0] ; 0.000        ; 0.000      ; 0.805      ;
; 0.499 ; SOPC:inst2|SOPC_epcs:epcs|SOPC_epcs_sub:the_SOPC_epcs_sub|slowcount[0]                                                                                                                   ; SOPC:inst2|SOPC_epcs:epcs|SOPC_epcs_sub:the_SOPC_epcs_sub|slowcount[0]                                                                                                                   ; inst|altpll_component|pll|clk[0] ; inst|altpll_component|pll|clk[0] ; 0.000        ; 0.000      ; 0.805      ;
; 0.499 ; SOPC:inst2|SOPC_epcs:epcs|SOPC_epcs_sub:the_SOPC_epcs_sub|state[4]                                                                                                                       ; SOPC:inst2|SOPC_epcs:epcs|SOPC_epcs_sub:the_SOPC_epcs_sub|state[4]                                                                                                                       ; inst|altpll_component|pll|clk[0] ; inst|altpll_component|pll|clk[0] ; 0.000        ; 0.000      ; 0.805      ;
; 0.499 ; SOPC:inst2|SOPC_epcs:epcs|SOPC_epcs_sub:the_SOPC_epcs_sub|transmitting                                                                                                                   ; SOPC:inst2|SOPC_epcs:epcs|SOPC_epcs_sub:the_SOPC_epcs_sub|transmitting                                                                                                                   ; inst|altpll_component|pll|clk[0] ; inst|altpll_component|pll|clk[0] ; 0.000        ; 0.000      ; 0.805      ;
; 0.499 ; SOPC:inst2|SOPC_epcs:epcs|SOPC_epcs_sub:the_SOPC_epcs_sub|tx_holding_primed                                                                                                              ; SOPC:inst2|SOPC_epcs:epcs|SOPC_epcs_sub:the_SOPC_epcs_sub|tx_holding_primed                                                                                                              ; inst|altpll_component|pll|clk[0] ; inst|altpll_component|pll|clk[0] ; 0.000        ; 0.000      ; 0.805      ;
; 0.499 ; SOPC:inst2|altera_merlin_width_adapter:width_adapter_001|data_reg[6]                                                                                                                     ; SOPC:inst2|altera_merlin_width_adapter:width_adapter_001|data_reg[6]                                                                                                                     ; inst|altpll_component|pll|clk[0] ; inst|altpll_component|pll|clk[0] ; 0.000        ; 0.000      ; 0.805      ;
; 0.499 ; SOPC:inst2|SOPC_spi_touch:spi_touch|SCLK_reg                                                                                                                                             ; SOPC:inst2|SOPC_spi_touch:spi_touch|SCLK_reg                                                                                                                                             ; inst|altpll_component|pll|clk[0] ; inst|altpll_component|pll|clk[0] ; 0.000        ; 0.000      ; 0.805      ;
; 0.499 ; SOPC:inst2|SOPC_spi_touch:spi_touch|MISO_reg                                                                                                                                             ; SOPC:inst2|SOPC_spi_touch:spi_touch|MISO_reg                                                                                                                                             ; inst|altpll_component|pll|clk[0] ; inst|altpll_component|pll|clk[0] ; 0.000        ; 0.000      ; 0.805      ;
; 0.499 ; SOPC:inst2|SOPC_epcs:epcs|SOPC_epcs_sub:the_SOPC_epcs_sub|SCLK_reg                                                                                                                       ; SOPC:inst2|SOPC_epcs:epcs|SOPC_epcs_sub:the_SOPC_epcs_sub|SCLK_reg                                                                                                                       ; inst|altpll_component|pll|clk[0] ; inst|altpll_component|pll|clk[0] ; 0.000        ; 0.000      ; 0.805      ;
; 0.499 ; SOPC:inst2|SOPC_epcs:epcs|SOPC_epcs_sub:the_SOPC_epcs_sub|MISO_reg                                                                                                                       ; SOPC:inst2|SOPC_epcs:epcs|SOPC_epcs_sub:the_SOPC_epcs_sub|MISO_reg                                                                                                                       ; inst|altpll_component|pll|clk[0] ; inst|altpll_component|pll|clk[0] ; 0.000        ; 0.000      ; 0.805      ;
; 0.499 ; SOPC:inst2|altera_merlin_width_adapter:width_adapter_001|data_reg[14]                                                                                                                    ; SOPC:inst2|altera_merlin_width_adapter:width_adapter_001|data_reg[14]                                                                                                                    ; inst|altpll_component|pll|clk[0] ; inst|altpll_component|pll|clk[0] ; 0.000        ; 0.000      ; 0.805      ;
; 0.499 ; SOPC:inst2|SOPC_jtag_uart:jtag_uart|woverflow                                                                                                                                            ; SOPC:inst2|SOPC_jtag_uart:jtag_uart|woverflow                                                                                                                                            ; inst|altpll_component|pll|clk[0] ; inst|altpll_component|pll|clk[0] ; 0.000        ; 0.000      ; 0.805      ;
; 0.499 ; SOPC:inst2|SOPC_epcs:epcs|SOPC_epcs_sub:the_SOPC_epcs_sub|rd_strobe                                                                                                                      ; SOPC:inst2|SOPC_epcs:epcs|SOPC_epcs_sub:the_SOPC_epcs_sub|rd_strobe                                                                                                                      ; inst|altpll_component|pll|clk[0] ; inst|altpll_component|pll|clk[0] ; 0.000        ; 0.000      ; 0.805      ;
; 0.499 ; SOPC:inst2|SOPC_epcs:epcs|SOPC_epcs_sub:the_SOPC_epcs_sub|EOP                                                                                                                            ; SOPC:inst2|SOPC_epcs:epcs|SOPC_epcs_sub:the_SOPC_epcs_sub|EOP                                                                                                                            ; inst|altpll_component|pll|clk[0] ; inst|altpll_component|pll|clk[0] ; 0.000        ; 0.000      ; 0.805      ;
; 0.499 ; SOPC:inst2|SOPC_spi_touch:spi_touch|rd_strobe                                                                                                                                            ; SOPC:inst2|SOPC_spi_touch:spi_touch|rd_strobe                                                                                                                                            ; inst|altpll_component|pll|clk[0] ; inst|altpll_component|pll|clk[0] ; 0.000        ; 0.000      ; 0.805      ;
; 0.499 ; SOPC:inst2|SOPC_spi_touch:spi_touch|EOP                                                                                                                                                  ; SOPC:inst2|SOPC_spi_touch:spi_touch|EOP                                                                                                                                                  ; inst|altpll_component|pll|clk[0] ; inst|altpll_component|pll|clk[0] ; 0.000        ; 0.000      ; 0.805      ;
; 0.499 ; SOPC:inst2|altera_merlin_width_adapter:width_adapter_001|data_reg[9]                                                                                                                     ; SOPC:inst2|altera_merlin_width_adapter:width_adapter_001|data_reg[9]                                                                                                                     ; inst|altpll_component|pll|clk[0] ; inst|altpll_component|pll|clk[0] ; 0.000        ; 0.000      ; 0.805      ;
; 0.499 ; SOPC:inst2|altera_merlin_width_adapter:width_adapter_001|data_reg[13]                                                                                                                    ; SOPC:inst2|altera_merlin_width_adapter:width_adapter_001|data_reg[13]                                                                                                                    ; inst|altpll_component|pll|clk[0] ; inst|altpll_component|pll|clk[0] ; 0.000        ; 0.000      ; 0.805      ;
; 0.499 ; SOPC:inst2|SOPC_cpu:cpu|ic_fill_line[0]                                                                                                                                                  ; SOPC:inst2|SOPC_cpu:cpu|ic_fill_line[0]                                                                                                                                                  ; inst|altpll_component|pll|clk[0] ; inst|altpll_component|pll|clk[0] ; 0.000        ; 0.000      ; 0.805      ;
; 0.499 ; SOPC:inst2|SOPC_cpu:cpu|ic_fill_line[1]                                                                                                                                                  ; SOPC:inst2|SOPC_cpu:cpu|ic_fill_line[1]                                                                                                                                                  ; inst|altpll_component|pll|clk[0] ; inst|altpll_component|pll|clk[0] ; 0.000        ; 0.000      ; 0.805      ;
; 0.499 ; SOPC:inst2|SOPC_cpu:cpu|ic_fill_ap_cnt[0]                                                                                                                                                ; SOPC:inst2|SOPC_cpu:cpu|ic_fill_ap_cnt[0]                                                                                                                                                ; inst|altpll_component|pll|clk[0] ; inst|altpll_component|pll|clk[0] ; 0.000        ; 0.000      ; 0.805      ;
; 0.499 ; SOPC:inst2|SOPC_cpu:cpu|i_read~reg0                                                                                                                                                      ; SOPC:inst2|SOPC_cpu:cpu|i_read~reg0                                                                                                                                                      ; inst|altpll_component|pll|clk[0] ; inst|altpll_component|pll|clk[0] ; 0.000        ; 0.000      ; 0.805      ;
; 0.499 ; SOPC:inst2|altera_merlin_width_adapter:width_adapter_001|data_reg[15]                                                                                                                    ; SOPC:inst2|altera_merlin_width_adapter:width_adapter_001|data_reg[15]                                                                                                                    ; inst|altpll_component|pll|clk[0] ; inst|altpll_component|pll|clk[0] ; 0.000        ; 0.000      ; 0.805      ;
; 0.499 ; SOPC:inst2|SOPC_epcs:epcs|SOPC_epcs_sub:the_SOPC_epcs_sub|RRDY                                                                                                                           ; SOPC:inst2|SOPC_epcs:epcs|SOPC_epcs_sub:the_SOPC_epcs_sub|RRDY                                                                                                                           ; inst|altpll_component|pll|clk[0] ; inst|altpll_component|pll|clk[0] ; 0.000        ; 0.000      ; 0.805      ;
; 0.499 ; SOPC:inst2|altera_merlin_width_adapter:width_adapter_001|data_reg[7]                                                                                                                     ; SOPC:inst2|altera_merlin_width_adapter:width_adapter_001|data_reg[7]                                                                                                                     ; inst|altpll_component|pll|clk[0] ; inst|altpll_component|pll|clk[0] ; 0.000        ; 0.000      ; 0.805      ;
; 0.499 ; SOPC:inst2|SOPC_spi_touch:spi_touch|RRDY                                                                                                                                                 ; SOPC:inst2|SOPC_spi_touch:spi_touch|RRDY                                                                                                                                                 ; inst|altpll_component|pll|clk[0] ; inst|altpll_component|pll|clk[0] ; 0.000        ; 0.000      ; 0.805      ;
; 0.499 ; SOPC:inst2|altera_merlin_width_adapter:width_adapter_001|data_reg[10]                                                                                                                    ; SOPC:inst2|altera_merlin_width_adapter:width_adapter_001|data_reg[10]                                                                                                                    ; inst|altpll_component|pll|clk[0] ; inst|altpll_component|pll|clk[0] ; 0.000        ; 0.000      ; 0.805      ;
; 0.499 ; SOPC:inst2|SOPC_jtag_uart:jtag_uart|ac                                                                                                                                                   ; SOPC:inst2|SOPC_jtag_uart:jtag_uart|ac                                                                                                                                                   ; inst|altpll_component|pll|clk[0] ; inst|altpll_component|pll|clk[0] ; 0.000        ; 0.000      ; 0.805      ;
; 0.499 ; SOPC:inst2|altera_merlin_width_adapter:width_adapter_001|data_reg[11]                                                                                                                    ; SOPC:inst2|altera_merlin_width_adapter:width_adapter_001|data_reg[11]                                                                                                                    ; inst|altpll_component|pll|clk[0] ; inst|altpll_component|pll|clk[0] ; 0.000        ; 0.000      ; 0.805      ;
; 0.499 ; SOPC:inst2|SOPC_jtag_uart:jtag_uart|alt_jtag_atlantic:SOPC_jtag_uart_alt_jtag_atlantic|r_ena1                                                                                            ; SOPC:inst2|SOPC_jtag_uart:jtag_uart|alt_jtag_atlantic:SOPC_jtag_uart_alt_jtag_atlantic|r_ena1                                                                                            ; inst|altpll_component|pll|clk[0] ; inst|altpll_component|pll|clk[0] ; 0.000        ; 0.000      ; 0.805      ;
; 0.499 ; SOPC:inst2|altera_merlin_width_adapter:width_adapter_001|data_reg[5]                                                                                                                     ; SOPC:inst2|altera_merlin_width_adapter:width_adapter_001|data_reg[5]                                                                                                                     ; inst|altpll_component|pll|clk[0] ; inst|altpll_component|pll|clk[0] ; 0.000        ; 0.000      ; 0.805      ;
; 0.499 ; SOPC:inst2|SOPC_sdram:sdram|SOPC_sdram_input_efifo_module:the_SOPC_sdram_input_efifo_module|entries[0]                                                                                   ; SOPC:inst2|SOPC_sdram:sdram|SOPC_sdram_input_efifo_module:the_SOPC_sdram_input_efifo_module|entries[0]                                                                                   ; inst|altpll_component|pll|clk[0] ; inst|altpll_component|pll|clk[0] ; 0.000        ; 0.000      ; 0.805      ;
; 0.499 ; SOPC:inst2|SOPC_sdram:sdram|m_state.000100000                                                                                                                                            ; SOPC:inst2|SOPC_sdram:sdram|m_state.000100000                                                                                                                                            ; inst|altpll_component|pll|clk[0] ; inst|altpll_component|pll|clk[0] ; 0.000        ; 0.000      ; 0.805      ;
; 0.499 ; SOPC:inst2|SOPC_sdram:sdram|m_count[1]                                                                                                                                                   ; SOPC:inst2|SOPC_sdram:sdram|m_count[1]                                                                                                                                                   ; inst|altpll_component|pll|clk[0] ; inst|altpll_component|pll|clk[0] ; 0.000        ; 0.000      ; 0.805      ;
; 0.499 ; SOPC:inst2|SOPC_sdram:sdram|m_next.010000000                                                                                                                                             ; SOPC:inst2|SOPC_sdram:sdram|m_next.010000000                                                                                                                                             ; inst|altpll_component|pll|clk[0] ; inst|altpll_component|pll|clk[0] ; 0.000        ; 0.000      ; 0.805      ;
; 0.499 ; SOPC:inst2|SOPC_sdram:sdram|ack_refresh_request                                                                                                                                          ; SOPC:inst2|SOPC_sdram:sdram|ack_refresh_request                                                                                                                                          ; inst|altpll_component|pll|clk[0] ; inst|altpll_component|pll|clk[0] ; 0.000        ; 0.000      ; 0.805      ;
; 0.499 ; SOPC:inst2|SOPC_sdram:sdram|refresh_request                                                                                                                                              ; SOPC:inst2|SOPC_sdram:sdram|refresh_request                                                                                                                                              ; inst|altpll_component|pll|clk[0] ; inst|altpll_component|pll|clk[0] ; 0.000        ; 0.000      ; 0.805      ;
; 0.499 ; SOPC:inst2|SOPC_sdram:sdram|m_state.000000001                                                                                                                                            ; SOPC:inst2|SOPC_sdram:sdram|m_state.000000001                                                                                                                                            ; inst|altpll_component|pll|clk[0] ; inst|altpll_component|pll|clk[0] ; 0.000        ; 0.000      ; 0.805      ;
; 0.499 ; SOPC:inst2|SOPC_sdram:sdram|i_cmd[1]                                                                                                                                                     ; SOPC:inst2|SOPC_sdram:sdram|i_cmd[1]                                                                                                                                                     ; inst|altpll_component|pll|clk[0] ; inst|altpll_component|pll|clk[0] ; 0.000        ; 0.000      ; 0.805      ;
; 0.499 ; SOPC:inst2|SOPC_sdram:sdram|i_cmd[2]                                                                                                                                                     ; SOPC:inst2|SOPC_sdram:sdram|i_cmd[2]                                                                                                                                                     ; inst|altpll_component|pll|clk[0] ; inst|altpll_component|pll|clk[0] ; 0.000        ; 0.000      ; 0.805      ;
; 0.499 ; SOPC:inst2|SOPC_sdram:sdram|i_cmd[0]                                                                                                                                                     ; SOPC:inst2|SOPC_sdram:sdram|i_cmd[0]                                                                                                                                                     ; inst|altpll_component|pll|clk[0] ; inst|altpll_component|pll|clk[0] ; 0.000        ; 0.000      ; 0.805      ;
; 0.499 ; SOPC:inst2|altera_avalon_sc_fifo:sdram_s1_translator_avalon_universal_slave_0_agent_rdata_fifo|full                                                                                      ; SOPC:inst2|altera_avalon_sc_fifo:sdram_s1_translator_avalon_universal_slave_0_agent_rdata_fifo|full                                                                                      ; inst|altpll_component|pll|clk[0] ; inst|altpll_component|pll|clk[0] ; 0.000        ; 0.000      ; 0.805      ;
; 0.499 ; SOPC:inst2|altera_avalon_sc_fifo:sdram_s1_translator_avalon_universal_slave_0_agent_rdata_fifo|wr_ptr[1]                                                                                 ; SOPC:inst2|altera_avalon_sc_fifo:sdram_s1_translator_avalon_universal_slave_0_agent_rdata_fifo|wr_ptr[1]                                                                                 ; inst|altpll_component|pll|clk[0] ; inst|altpll_component|pll|clk[0] ; 0.000        ; 0.000      ; 0.805      ;
+-------+------------------------------------------------------------------------------------------------------------------------------------------------------------------------------------------+------------------------------------------------------------------------------------------------------------------------------------------------------------------------------------------+----------------------------------+----------------------------------+--------------+------------+------------+


+-------------------------------------------------------------------------------------------------------------------------------------------------------------------------------------------------------------------------------------------------------------------------------------------------------------------------------------------------------------------------------------------------------------------------------------------------------------------------------------------------------------------------------------------------------------------+
; Slow Model Recovery: 'inst|altpll_component|pll|clk[0]'                                                                                                                                                                                                                                                                                                                                                                                                                                                                                                           ;
+--------+--------------------------------------------------------------------------------------------------------------------------------------+----------------------------------------------------------------------------------------------------------------------------------------------------------------------------------------------------------------------------------------------------------------------------------------------------+----------------------------------+----------------------------------+--------------+------------+------------+
; Slack  ; From Node                                                                                                                            ; To Node                                                                                                                                                                                                                                                                                            ; Launch Clock                     ; Latch Clock                      ; Relationship ; Clock Skew ; Data Delay ;
+--------+--------------------------------------------------------------------------------------------------------------------------------------+----------------------------------------------------------------------------------------------------------------------------------------------------------------------------------------------------------------------------------------------------------------------------------------------------+----------------------------------+----------------------------------+--------------+------------+------------+
; 6.069  ; SOPC:inst2|altera_reset_controller:rst_controller|altera_reset_synchronizer:alt_rst_sync_uq1|altera_reset_synchronizer_int_chain_out ; SOPC:inst2|SOPC_cpu:cpu|Mn_rot_step2[22]                                                                                                                                                                                                                                                           ; inst|altpll_component|pll|clk[0] ; inst|altpll_component|pll|clk[0] ; 10.000       ; 0.025      ; 3.996      ;
; 6.069  ; SOPC:inst2|altera_reset_controller:rst_controller|altera_reset_synchronizer:alt_rst_sync_uq1|altera_reset_synchronizer_int_chain_out ; SOPC:inst2|SOPC_cpu:cpu|Mn_rot_step2[12]                                                                                                                                                                                                                                                           ; inst|altpll_component|pll|clk[0] ; inst|altpll_component|pll|clk[0] ; 10.000       ; 0.025      ; 3.996      ;
; 6.069  ; SOPC:inst2|altera_reset_controller:rst_controller|altera_reset_synchronizer:alt_rst_sync_uq1|altera_reset_synchronizer_int_chain_out ; SOPC:inst2|SOPC_cpu:cpu|Mn_rot_step2[18]                                                                                                                                                                                                                                                           ; inst|altpll_component|pll|clk[0] ; inst|altpll_component|pll|clk[0] ; 10.000       ; 0.025      ; 3.996      ;
; 6.069  ; SOPC:inst2|altera_reset_controller:rst_controller|altera_reset_synchronizer:alt_rst_sync_uq1|altera_reset_synchronizer_int_chain_out ; SOPC:inst2|SOPC_cpu:cpu|Mn_rot_step2[23]                                                                                                                                                                                                                                                           ; inst|altpll_component|pll|clk[0] ; inst|altpll_component|pll|clk[0] ; 10.000       ; 0.019      ; 3.990      ;
; 6.069  ; SOPC:inst2|altera_reset_controller:rst_controller|altera_reset_synchronizer:alt_rst_sync_uq1|altera_reset_synchronizer_int_chain_out ; SOPC:inst2|SOPC_cpu:cpu|Mn_rot_step2[2]                                                                                                                                                                                                                                                            ; inst|altpll_component|pll|clk[0] ; inst|altpll_component|pll|clk[0] ; 10.000       ; 0.025      ; 3.996      ;
; 6.069  ; SOPC:inst2|altera_reset_controller:rst_controller|altera_reset_synchronizer:alt_rst_sync_uq1|altera_reset_synchronizer_int_chain_out ; SOPC:inst2|SOPC_cpu:cpu|Mn_rot_step2[28]                                                                                                                                                                                                                                                           ; inst|altpll_component|pll|clk[0] ; inst|altpll_component|pll|clk[0] ; 10.000       ; 0.025      ; 3.996      ;
; 6.069  ; SOPC:inst2|altera_reset_controller:rst_controller|altera_reset_synchronizer:alt_rst_sync_uq1|altera_reset_synchronizer_int_chain_out ; SOPC:inst2|SOPC_cpu:cpu|Mn_rot_step2[20]                                                                                                                                                                                                                                                           ; inst|altpll_component|pll|clk[0] ; inst|altpll_component|pll|clk[0] ; 10.000       ; 0.025      ; 3.996      ;
; 6.069  ; SOPC:inst2|altera_reset_controller:rst_controller|altera_reset_synchronizer:alt_rst_sync_uq1|altera_reset_synchronizer_int_chain_out ; SOPC:inst2|SOPC_cpu:cpu|Mn_rot_step2[4]                                                                                                                                                                                                                                                            ; inst|altpll_component|pll|clk[0] ; inst|altpll_component|pll|clk[0] ; 10.000       ; 0.025      ; 3.996      ;
; 6.069  ; SOPC:inst2|altera_reset_controller:rst_controller|altera_reset_synchronizer:alt_rst_sync_uq1|altera_reset_synchronizer_int_chain_out ; SOPC:inst2|SOPC_cpu:cpu|Mn_rot_step2[27]                                                                                                                                                                                                                                                           ; inst|altpll_component|pll|clk[0] ; inst|altpll_component|pll|clk[0] ; 10.000       ; 0.019      ; 3.990      ;
; 6.069  ; SOPC:inst2|altera_reset_controller:rst_controller|altera_reset_synchronizer:alt_rst_sync_uq1|altera_reset_synchronizer_int_chain_out ; SOPC:inst2|SOPC_cpu:cpu|Mn_rot_step2[11]                                                                                                                                                                                                                                                           ; inst|altpll_component|pll|clk[0] ; inst|altpll_component|pll|clk[0] ; 10.000       ; 0.019      ; 3.990      ;
; 6.069  ; SOPC:inst2|altera_reset_controller:rst_controller|altera_reset_synchronizer:alt_rst_sync_uq1|altera_reset_synchronizer_int_chain_out ; SOPC:inst2|SOPC_cpu:cpu|Mn_rot_step2[9]                                                                                                                                                                                                                                                            ; inst|altpll_component|pll|clk[0] ; inst|altpll_component|pll|clk[0] ; 10.000       ; 0.019      ; 3.990      ;
; 6.069  ; SOPC:inst2|altera_reset_controller:rst_controller|altera_reset_synchronizer:alt_rst_sync_uq1|altera_reset_synchronizer_int_chain_out ; SOPC:inst2|SOPC_cpu:cpu|Mn_rot_step2[25]                                                                                                                                                                                                                                                           ; inst|altpll_component|pll|clk[0] ; inst|altpll_component|pll|clk[0] ; 10.000       ; 0.019      ; 3.990      ;
; 6.069  ; SOPC:inst2|altera_reset_controller:rst_controller|altera_reset_synchronizer:alt_rst_sync_uq1|altera_reset_synchronizer_int_chain_out ; SOPC:inst2|SOPC_cpu:cpu|Mn_rot_step2[6]                                                                                                                                                                                                                                                            ; inst|altpll_component|pll|clk[0] ; inst|altpll_component|pll|clk[0] ; 10.000       ; 0.025      ; 3.996      ;
; 6.069  ; SOPC:inst2|altera_reset_controller:rst_controller|altera_reset_synchronizer:alt_rst_sync_uq1|altera_reset_synchronizer_int_chain_out ; SOPC:inst2|SOPC_cpu:cpu|Mn_rot_step2[1]                                                                                                                                                                                                                                                            ; inst|altpll_component|pll|clk[0] ; inst|altpll_component|pll|clk[0] ; 10.000       ; 0.019      ; 3.990      ;
; 6.069  ; SOPC:inst2|altera_reset_controller:rst_controller|altera_reset_synchronizer:alt_rst_sync_uq1|altera_reset_synchronizer_int_chain_out ; SOPC:inst2|SOPC_cpu:cpu|Mn_rot_step2[17]                                                                                                                                                                                                                                                           ; inst|altpll_component|pll|clk[0] ; inst|altpll_component|pll|clk[0] ; 10.000       ; 0.019      ; 3.990      ;
; 6.069  ; SOPC:inst2|altera_reset_controller:rst_controller|altera_reset_synchronizer:alt_rst_sync_uq1|altera_reset_synchronizer_int_chain_out ; SOPC:inst2|SOPC_cpu:cpu|Mn_rot_step2[19]                                                                                                                                                                                                                                                           ; inst|altpll_component|pll|clk[0] ; inst|altpll_component|pll|clk[0] ; 10.000       ; 0.019      ; 3.990      ;
; 6.069  ; SOPC:inst2|altera_reset_controller:rst_controller|altera_reset_synchronizer:alt_rst_sync_uq1|altera_reset_synchronizer_int_chain_out ; SOPC:inst2|SOPC_cpu:cpu|Mn_rot_step2[3]                                                                                                                                                                                                                                                            ; inst|altpll_component|pll|clk[0] ; inst|altpll_component|pll|clk[0] ; 10.000       ; 0.019      ; 3.990      ;
; 6.069  ; SOPC:inst2|altera_reset_controller:rst_controller|altera_reset_synchronizer:alt_rst_sync_uq1|altera_reset_synchronizer_int_chain_out ; SOPC:inst2|SOPC_cpu:cpu|Mn_rot_step2[30]                                                                                                                                                                                                                                                           ; inst|altpll_component|pll|clk[0] ; inst|altpll_component|pll|clk[0] ; 10.000       ; 0.025      ; 3.996      ;
; 6.069  ; SOPC:inst2|altera_reset_controller:rst_controller|altera_reset_synchronizer:alt_rst_sync_uq1|altera_reset_synchronizer_int_chain_out ; SOPC:inst2|SOPC_cpu:cpu|Mn_rot_step2[29]                                                                                                                                                                                                                                                           ; inst|altpll_component|pll|clk[0] ; inst|altpll_component|pll|clk[0] ; 10.000       ; 0.019      ; 3.990      ;
; 6.069  ; SOPC:inst2|altera_reset_controller:rst_controller|altera_reset_synchronizer:alt_rst_sync_uq1|altera_reset_synchronizer_int_chain_out ; SOPC:inst2|SOPC_cpu:cpu|Mn_rot_step2[13]                                                                                                                                                                                                                                                           ; inst|altpll_component|pll|clk[0] ; inst|altpll_component|pll|clk[0] ; 10.000       ; 0.019      ; 3.990      ;
; 6.069  ; SOPC:inst2|altera_reset_controller:rst_controller|altera_reset_synchronizer:alt_rst_sync_uq1|altera_reset_synchronizer_int_chain_out ; SOPC:inst2|SOPC_cpu:cpu|Mn_rot_step2[16]                                                                                                                                                                                                                                                           ; inst|altpll_component|pll|clk[0] ; inst|altpll_component|pll|clk[0] ; 10.000       ; 0.025      ; 3.996      ;
; 6.069  ; SOPC:inst2|altera_reset_controller:rst_controller|altera_reset_synchronizer:alt_rst_sync_uq1|altera_reset_synchronizer_int_chain_out ; SOPC:inst2|SOPC_cpu:cpu|Mn_rot_step2[0]                                                                                                                                                                                                                                                            ; inst|altpll_component|pll|clk[0] ; inst|altpll_component|pll|clk[0] ; 10.000       ; 0.025      ; 3.996      ;
; 6.069  ; SOPC:inst2|altera_reset_controller:rst_controller|altera_reset_synchronizer:alt_rst_sync_uq1|altera_reset_synchronizer_int_chain_out ; SOPC:inst2|SOPC_cpu:cpu|Mn_rot_step2[26]                                                                                                                                                                                                                                                           ; inst|altpll_component|pll|clk[0] ; inst|altpll_component|pll|clk[0] ; 10.000       ; 0.025      ; 3.996      ;
; 6.069  ; SOPC:inst2|altera_reset_controller:rst_controller|altera_reset_synchronizer:alt_rst_sync_uq1|altera_reset_synchronizer_int_chain_out ; SOPC:inst2|SOPC_cpu:cpu|Mn_rot_step2[10]                                                                                                                                                                                                                                                           ; inst|altpll_component|pll|clk[0] ; inst|altpll_component|pll|clk[0] ; 10.000       ; 0.025      ; 3.996      ;
; 6.069  ; SOPC:inst2|altera_reset_controller:rst_controller|altera_reset_synchronizer:alt_rst_sync_uq1|altera_reset_synchronizer_int_chain_out ; SOPC:inst2|SOPC_cpu:cpu|Mn_rot_step2[7]                                                                                                                                                                                                                                                            ; inst|altpll_component|pll|clk[0] ; inst|altpll_component|pll|clk[0] ; 10.000       ; 0.019      ; 3.990      ;
; 6.069  ; SOPC:inst2|altera_reset_controller:rst_controller|altera_reset_synchronizer:alt_rst_sync_uq1|altera_reset_synchronizer_int_chain_out ; SOPC:inst2|SOPC_cpu:cpu|Mn_rot_step2[21]                                                                                                                                                                                                                                                           ; inst|altpll_component|pll|clk[0] ; inst|altpll_component|pll|clk[0] ; 10.000       ; 0.019      ; 3.990      ;
; 6.069  ; SOPC:inst2|altera_reset_controller:rst_controller|altera_reset_synchronizer:alt_rst_sync_uq1|altera_reset_synchronizer_int_chain_out ; SOPC:inst2|SOPC_cpu:cpu|Mn_rot_step2[5]                                                                                                                                                                                                                                                            ; inst|altpll_component|pll|clk[0] ; inst|altpll_component|pll|clk[0] ; 10.000       ; 0.019      ; 3.990      ;
; 6.069  ; SOPC:inst2|altera_reset_controller:rst_controller|altera_reset_synchronizer:alt_rst_sync_uq1|altera_reset_synchronizer_int_chain_out ; SOPC:inst2|SOPC_cpu:cpu|Mn_rot_step2[14]                                                                                                                                                                                                                                                           ; inst|altpll_component|pll|clk[0] ; inst|altpll_component|pll|clk[0] ; 10.000       ; 0.025      ; 3.996      ;
; 6.069  ; SOPC:inst2|altera_reset_controller:rst_controller|altera_reset_synchronizer:alt_rst_sync_uq1|altera_reset_synchronizer_int_chain_out ; SOPC:inst2|SOPC_cpu:cpu|Mn_rot_step2[31]                                                                                                                                                                                                                                                           ; inst|altpll_component|pll|clk[0] ; inst|altpll_component|pll|clk[0] ; 10.000       ; 0.019      ; 3.990      ;
; 6.069  ; SOPC:inst2|altera_reset_controller:rst_controller|altera_reset_synchronizer:alt_rst_sync_uq1|altera_reset_synchronizer_int_chain_out ; SOPC:inst2|SOPC_cpu:cpu|Mn_rot_step2[15]                                                                                                                                                                                                                                                           ; inst|altpll_component|pll|clk[0] ; inst|altpll_component|pll|clk[0] ; 10.000       ; 0.019      ; 3.990      ;
; 6.069  ; SOPC:inst2|altera_reset_controller:rst_controller|altera_reset_synchronizer:alt_rst_sync_uq1|altera_reset_synchronizer_int_chain_out ; SOPC:inst2|SOPC_cpu:cpu|Mn_rot_step2[8]                                                                                                                                                                                                                                                            ; inst|altpll_component|pll|clk[0] ; inst|altpll_component|pll|clk[0] ; 10.000       ; 0.025      ; 3.996      ;
; 6.069  ; SOPC:inst2|altera_reset_controller:rst_controller|altera_reset_synchronizer:alt_rst_sync_uq1|altera_reset_synchronizer_int_chain_out ; SOPC:inst2|SOPC_cpu:cpu|Mn_rot_step2[24]                                                                                                                                                                                                                                                           ; inst|altpll_component|pll|clk[0] ; inst|altpll_component|pll|clk[0] ; 10.000       ; 0.025      ; 3.996      ;
; 14.853 ; SOPC:inst2|altera_reset_controller:rst_controller|altera_reset_synchronizer:alt_rst_sync_uq1|altera_reset_synchronizer_int_chain_out ; SOPC:inst2|SOPC_cpu:cpu|SOPC_cpu_mult_cell:the_SOPC_cpu_mult_cell|altera_mult_add:the_altmult_add_part_1|altera_mult_add_mpt2:auto_generated|altera_mult_add_rtl:altera_mult_add_rtl1|ama_multiplier_function:multiplier_block|ama_register_function:multiplier_register_block_0|data_out_wire[3]  ; inst|altpll_component|pll|clk[0] ; inst|altpll_component|pll|clk[0] ; 20.000       ; 0.399      ; 5.484      ;
; 14.853 ; SOPC:inst2|altera_reset_controller:rst_controller|altera_reset_synchronizer:alt_rst_sync_uq1|altera_reset_synchronizer_int_chain_out ; SOPC:inst2|SOPC_cpu:cpu|SOPC_cpu_mult_cell:the_SOPC_cpu_mult_cell|altera_mult_add:the_altmult_add_part_1|altera_mult_add_mpt2:auto_generated|altera_mult_add_rtl:altera_mult_add_rtl1|ama_multiplier_function:multiplier_block|ama_register_function:multiplier_register_block_0|data_out_wire[0]  ; inst|altpll_component|pll|clk[0] ; inst|altpll_component|pll|clk[0] ; 20.000       ; 0.399      ; 5.484      ;
; 14.853 ; SOPC:inst2|altera_reset_controller:rst_controller|altera_reset_synchronizer:alt_rst_sync_uq1|altera_reset_synchronizer_int_chain_out ; SOPC:inst2|SOPC_cpu:cpu|SOPC_cpu_mult_cell:the_SOPC_cpu_mult_cell|altera_mult_add:the_altmult_add_part_1|altera_mult_add_mpt2:auto_generated|altera_mult_add_rtl:altera_mult_add_rtl1|ama_multiplier_function:multiplier_block|ama_register_function:multiplier_register_block_0|data_out_wire[1]  ; inst|altpll_component|pll|clk[0] ; inst|altpll_component|pll|clk[0] ; 20.000       ; 0.399      ; 5.484      ;
; 14.853 ; SOPC:inst2|altera_reset_controller:rst_controller|altera_reset_synchronizer:alt_rst_sync_uq1|altera_reset_synchronizer_int_chain_out ; SOPC:inst2|SOPC_cpu:cpu|SOPC_cpu_mult_cell:the_SOPC_cpu_mult_cell|altera_mult_add:the_altmult_add_part_1|altera_mult_add_mpt2:auto_generated|altera_mult_add_rtl:altera_mult_add_rtl1|ama_multiplier_function:multiplier_block|ama_register_function:multiplier_register_block_0|data_out_wire[2]  ; inst|altpll_component|pll|clk[0] ; inst|altpll_component|pll|clk[0] ; 20.000       ; 0.399      ; 5.484      ;
; 14.853 ; SOPC:inst2|altera_reset_controller:rst_controller|altera_reset_synchronizer:alt_rst_sync_uq1|altera_reset_synchronizer_int_chain_out ; SOPC:inst2|SOPC_cpu:cpu|SOPC_cpu_mult_cell:the_SOPC_cpu_mult_cell|altera_mult_add:the_altmult_add_part_1|altera_mult_add_mpt2:auto_generated|altera_mult_add_rtl:altera_mult_add_rtl1|ama_multiplier_function:multiplier_block|ama_register_function:multiplier_register_block_0|data_out_wire[4]  ; inst|altpll_component|pll|clk[0] ; inst|altpll_component|pll|clk[0] ; 20.000       ; 0.399      ; 5.484      ;
; 14.853 ; SOPC:inst2|altera_reset_controller:rst_controller|altera_reset_synchronizer:alt_rst_sync_uq1|altera_reset_synchronizer_int_chain_out ; SOPC:inst2|SOPC_cpu:cpu|SOPC_cpu_mult_cell:the_SOPC_cpu_mult_cell|altera_mult_add:the_altmult_add_part_1|altera_mult_add_mpt2:auto_generated|altera_mult_add_rtl:altera_mult_add_rtl1|ama_multiplier_function:multiplier_block|ama_register_function:multiplier_register_block_0|data_out_wire[10] ; inst|altpll_component|pll|clk[0] ; inst|altpll_component|pll|clk[0] ; 20.000       ; 0.399      ; 5.484      ;
; 14.853 ; SOPC:inst2|altera_reset_controller:rst_controller|altera_reset_synchronizer:alt_rst_sync_uq1|altera_reset_synchronizer_int_chain_out ; SOPC:inst2|SOPC_cpu:cpu|SOPC_cpu_mult_cell:the_SOPC_cpu_mult_cell|altera_mult_add:the_altmult_add_part_1|altera_mult_add_mpt2:auto_generated|altera_mult_add_rtl:altera_mult_add_rtl1|ama_multiplier_function:multiplier_block|ama_register_function:multiplier_register_block_0|data_out_wire[5]  ; inst|altpll_component|pll|clk[0] ; inst|altpll_component|pll|clk[0] ; 20.000       ; 0.399      ; 5.484      ;
; 14.853 ; SOPC:inst2|altera_reset_controller:rst_controller|altera_reset_synchronizer:alt_rst_sync_uq1|altera_reset_synchronizer_int_chain_out ; SOPC:inst2|SOPC_cpu:cpu|SOPC_cpu_mult_cell:the_SOPC_cpu_mult_cell|altera_mult_add:the_altmult_add_part_1|altera_mult_add_mpt2:auto_generated|altera_mult_add_rtl:altera_mult_add_rtl1|ama_multiplier_function:multiplier_block|ama_register_function:multiplier_register_block_0|data_out_wire[6]  ; inst|altpll_component|pll|clk[0] ; inst|altpll_component|pll|clk[0] ; 20.000       ; 0.399      ; 5.484      ;
; 14.853 ; SOPC:inst2|altera_reset_controller:rst_controller|altera_reset_synchronizer:alt_rst_sync_uq1|altera_reset_synchronizer_int_chain_out ; SOPC:inst2|SOPC_cpu:cpu|SOPC_cpu_mult_cell:the_SOPC_cpu_mult_cell|altera_mult_add:the_altmult_add_part_1|altera_mult_add_mpt2:auto_generated|altera_mult_add_rtl:altera_mult_add_rtl1|ama_multiplier_function:multiplier_block|ama_register_function:multiplier_register_block_0|data_out_wire[7]  ; inst|altpll_component|pll|clk[0] ; inst|altpll_component|pll|clk[0] ; 20.000       ; 0.399      ; 5.484      ;
; 14.853 ; SOPC:inst2|altera_reset_controller:rst_controller|altera_reset_synchronizer:alt_rst_sync_uq1|altera_reset_synchronizer_int_chain_out ; SOPC:inst2|SOPC_cpu:cpu|SOPC_cpu_mult_cell:the_SOPC_cpu_mult_cell|altera_mult_add:the_altmult_add_part_1|altera_mult_add_mpt2:auto_generated|altera_mult_add_rtl:altera_mult_add_rtl1|ama_multiplier_function:multiplier_block|ama_register_function:multiplier_register_block_0|data_out_wire[9]  ; inst|altpll_component|pll|clk[0] ; inst|altpll_component|pll|clk[0] ; 20.000       ; 0.399      ; 5.484      ;
; 14.853 ; SOPC:inst2|altera_reset_controller:rst_controller|altera_reset_synchronizer:alt_rst_sync_uq1|altera_reset_synchronizer_int_chain_out ; SOPC:inst2|SOPC_cpu:cpu|SOPC_cpu_mult_cell:the_SOPC_cpu_mult_cell|altera_mult_add:the_altmult_add_part_1|altera_mult_add_mpt2:auto_generated|altera_mult_add_rtl:altera_mult_add_rtl1|ama_multiplier_function:multiplier_block|ama_register_function:multiplier_register_block_0|data_out_wire[12] ; inst|altpll_component|pll|clk[0] ; inst|altpll_component|pll|clk[0] ; 20.000       ; 0.399      ; 5.484      ;
; 14.853 ; SOPC:inst2|altera_reset_controller:rst_controller|altera_reset_synchronizer:alt_rst_sync_uq1|altera_reset_synchronizer_int_chain_out ; SOPC:inst2|SOPC_cpu:cpu|SOPC_cpu_mult_cell:the_SOPC_cpu_mult_cell|altera_mult_add:the_altmult_add_part_1|altera_mult_add_mpt2:auto_generated|altera_mult_add_rtl:altera_mult_add_rtl1|ama_multiplier_function:multiplier_block|ama_register_function:multiplier_register_block_0|data_out_wire[11] ; inst|altpll_component|pll|clk[0] ; inst|altpll_component|pll|clk[0] ; 20.000       ; 0.399      ; 5.484      ;
; 14.853 ; SOPC:inst2|altera_reset_controller:rst_controller|altera_reset_synchronizer:alt_rst_sync_uq1|altera_reset_synchronizer_int_chain_out ; SOPC:inst2|SOPC_cpu:cpu|SOPC_cpu_mult_cell:the_SOPC_cpu_mult_cell|altera_mult_add:the_altmult_add_part_1|altera_mult_add_mpt2:auto_generated|altera_mult_add_rtl:altera_mult_add_rtl1|ama_multiplier_function:multiplier_block|ama_register_function:multiplier_register_block_0|data_out_wire[14] ; inst|altpll_component|pll|clk[0] ; inst|altpll_component|pll|clk[0] ; 20.000       ; 0.399      ; 5.484      ;
; 14.853 ; SOPC:inst2|altera_reset_controller:rst_controller|altera_reset_synchronizer:alt_rst_sync_uq1|altera_reset_synchronizer_int_chain_out ; SOPC:inst2|SOPC_cpu:cpu|SOPC_cpu_mult_cell:the_SOPC_cpu_mult_cell|altera_mult_add:the_altmult_add_part_1|altera_mult_add_mpt2:auto_generated|altera_mult_add_rtl:altera_mult_add_rtl1|ama_multiplier_function:multiplier_block|ama_register_function:multiplier_register_block_0|data_out_wire[13] ; inst|altpll_component|pll|clk[0] ; inst|altpll_component|pll|clk[0] ; 20.000       ; 0.399      ; 5.484      ;
; 14.853 ; SOPC:inst2|altera_reset_controller:rst_controller|altera_reset_synchronizer:alt_rst_sync_uq1|altera_reset_synchronizer_int_chain_out ; SOPC:inst2|SOPC_cpu:cpu|SOPC_cpu_mult_cell:the_SOPC_cpu_mult_cell|altera_mult_add:the_altmult_add_part_1|altera_mult_add_mpt2:auto_generated|altera_mult_add_rtl:altera_mult_add_rtl1|ama_multiplier_function:multiplier_block|ama_register_function:multiplier_register_block_0|data_out_wire[17] ; inst|altpll_component|pll|clk[0] ; inst|altpll_component|pll|clk[0] ; 20.000       ; 0.399      ; 5.484      ;
; 14.853 ; SOPC:inst2|altera_reset_controller:rst_controller|altera_reset_synchronizer:alt_rst_sync_uq1|altera_reset_synchronizer_int_chain_out ; SOPC:inst2|SOPC_cpu:cpu|SOPC_cpu_mult_cell:the_SOPC_cpu_mult_cell|altera_mult_add:the_altmult_add_part_1|altera_mult_add_mpt2:auto_generated|altera_mult_add_rtl:altera_mult_add_rtl1|ama_multiplier_function:multiplier_block|ama_register_function:multiplier_register_block_0|data_out_wire[15] ; inst|altpll_component|pll|clk[0] ; inst|altpll_component|pll|clk[0] ; 20.000       ; 0.399      ; 5.484      ;
; 14.853 ; SOPC:inst2|altera_reset_controller:rst_controller|altera_reset_synchronizer:alt_rst_sync_uq1|altera_reset_synchronizer_int_chain_out ; SOPC:inst2|SOPC_cpu:cpu|SOPC_cpu_mult_cell:the_SOPC_cpu_mult_cell|altera_mult_add:the_altmult_add_part_1|altera_mult_add_mpt2:auto_generated|altera_mult_add_rtl:altera_mult_add_rtl1|ama_multiplier_function:multiplier_block|ama_register_function:multiplier_register_block_0|data_out_wire[16] ; inst|altpll_component|pll|clk[0] ; inst|altpll_component|pll|clk[0] ; 20.000       ; 0.399      ; 5.484      ;
; 14.853 ; SOPC:inst2|altera_reset_controller:rst_controller|altera_reset_synchronizer:alt_rst_sync_uq1|altera_reset_synchronizer_int_chain_out ; SOPC:inst2|SOPC_cpu:cpu|SOPC_cpu_mult_cell:the_SOPC_cpu_mult_cell|altera_mult_add:the_altmult_add_part_1|altera_mult_add_mpt2:auto_generated|altera_mult_add_rtl:altera_mult_add_rtl1|ama_multiplier_function:multiplier_block|ama_register_function:multiplier_register_block_0|data_out_wire[23] ; inst|altpll_component|pll|clk[0] ; inst|altpll_component|pll|clk[0] ; 20.000       ; 0.399      ; 5.484      ;
; 14.853 ; SOPC:inst2|altera_reset_controller:rst_controller|altera_reset_synchronizer:alt_rst_sync_uq1|altera_reset_synchronizer_int_chain_out ; SOPC:inst2|SOPC_cpu:cpu|SOPC_cpu_mult_cell:the_SOPC_cpu_mult_cell|altera_mult_add:the_altmult_add_part_1|altera_mult_add_mpt2:auto_generated|altera_mult_add_rtl:altera_mult_add_rtl1|ama_multiplier_function:multiplier_block|ama_register_function:multiplier_register_block_0|data_out_wire[18] ; inst|altpll_component|pll|clk[0] ; inst|altpll_component|pll|clk[0] ; 20.000       ; 0.399      ; 5.484      ;
; 14.853 ; SOPC:inst2|altera_reset_controller:rst_controller|altera_reset_synchronizer:alt_rst_sync_uq1|altera_reset_synchronizer_int_chain_out ; SOPC:inst2|SOPC_cpu:cpu|SOPC_cpu_mult_cell:the_SOPC_cpu_mult_cell|altera_mult_add:the_altmult_add_part_1|altera_mult_add_mpt2:auto_generated|altera_mult_add_rtl:altera_mult_add_rtl1|ama_multiplier_function:multiplier_block|ama_register_function:multiplier_register_block_0|data_out_wire[19] ; inst|altpll_component|pll|clk[0] ; inst|altpll_component|pll|clk[0] ; 20.000       ; 0.399      ; 5.484      ;
; 14.853 ; SOPC:inst2|altera_reset_controller:rst_controller|altera_reset_synchronizer:alt_rst_sync_uq1|altera_reset_synchronizer_int_chain_out ; SOPC:inst2|SOPC_cpu:cpu|SOPC_cpu_mult_cell:the_SOPC_cpu_mult_cell|altera_mult_add:the_altmult_add_part_1|altera_mult_add_mpt2:auto_generated|altera_mult_add_rtl:altera_mult_add_rtl1|ama_multiplier_function:multiplier_block|ama_register_function:multiplier_register_block_0|data_out_wire[20] ; inst|altpll_component|pll|clk[0] ; inst|altpll_component|pll|clk[0] ; 20.000       ; 0.399      ; 5.484      ;
; 14.853 ; SOPC:inst2|altera_reset_controller:rst_controller|altera_reset_synchronizer:alt_rst_sync_uq1|altera_reset_synchronizer_int_chain_out ; SOPC:inst2|SOPC_cpu:cpu|SOPC_cpu_mult_cell:the_SOPC_cpu_mult_cell|altera_mult_add:the_altmult_add_part_1|altera_mult_add_mpt2:auto_generated|altera_mult_add_rtl:altera_mult_add_rtl1|ama_multiplier_function:multiplier_block|ama_register_function:multiplier_register_block_0|data_out_wire[21] ; inst|altpll_component|pll|clk[0] ; inst|altpll_component|pll|clk[0] ; 20.000       ; 0.399      ; 5.484      ;
; 14.853 ; SOPC:inst2|altera_reset_controller:rst_controller|altera_reset_synchronizer:alt_rst_sync_uq1|altera_reset_synchronizer_int_chain_out ; SOPC:inst2|SOPC_cpu:cpu|SOPC_cpu_mult_cell:the_SOPC_cpu_mult_cell|altera_mult_add:the_altmult_add_part_1|altera_mult_add_mpt2:auto_generated|altera_mult_add_rtl:altera_mult_add_rtl1|ama_multiplier_function:multiplier_block|ama_register_function:multiplier_register_block_0|data_out_wire[27] ; inst|altpll_component|pll|clk[0] ; inst|altpll_component|pll|clk[0] ; 20.000       ; 0.399      ; 5.484      ;
; 14.853 ; SOPC:inst2|altera_reset_controller:rst_controller|altera_reset_synchronizer:alt_rst_sync_uq1|altera_reset_synchronizer_int_chain_out ; SOPC:inst2|SOPC_cpu:cpu|SOPC_cpu_mult_cell:the_SOPC_cpu_mult_cell|altera_mult_add:the_altmult_add_part_1|altera_mult_add_mpt2:auto_generated|altera_mult_add_rtl:altera_mult_add_rtl1|ama_multiplier_function:multiplier_block|ama_register_function:multiplier_register_block_0|data_out_wire[26] ; inst|altpll_component|pll|clk[0] ; inst|altpll_component|pll|clk[0] ; 20.000       ; 0.399      ; 5.484      ;
; 14.853 ; SOPC:inst2|altera_reset_controller:rst_controller|altera_reset_synchronizer:alt_rst_sync_uq1|altera_reset_synchronizer_int_chain_out ; SOPC:inst2|SOPC_cpu:cpu|SOPC_cpu_mult_cell:the_SOPC_cpu_mult_cell|altera_mult_add:the_altmult_add_part_1|altera_mult_add_mpt2:auto_generated|altera_mult_add_rtl:altera_mult_add_rtl1|ama_multiplier_function:multiplier_block|ama_register_function:multiplier_register_block_0|data_out_wire[25] ; inst|altpll_component|pll|clk[0] ; inst|altpll_component|pll|clk[0] ; 20.000       ; 0.399      ; 5.484      ;
; 14.853 ; SOPC:inst2|altera_reset_controller:rst_controller|altera_reset_synchronizer:alt_rst_sync_uq1|altera_reset_synchronizer_int_chain_out ; SOPC:inst2|SOPC_cpu:cpu|SOPC_cpu_mult_cell:the_SOPC_cpu_mult_cell|altera_mult_add:the_altmult_add_part_1|altera_mult_add_mpt2:auto_generated|altera_mult_add_rtl:altera_mult_add_rtl1|ama_multiplier_function:multiplier_block|ama_register_function:multiplier_register_block_0|data_out_wire[28] ; inst|altpll_component|pll|clk[0] ; inst|altpll_component|pll|clk[0] ; 20.000       ; 0.399      ; 5.484      ;
; 14.853 ; SOPC:inst2|altera_reset_controller:rst_controller|altera_reset_synchronizer:alt_rst_sync_uq1|altera_reset_synchronizer_int_chain_out ; SOPC:inst2|SOPC_cpu:cpu|SOPC_cpu_mult_cell:the_SOPC_cpu_mult_cell|altera_mult_add:the_altmult_add_part_1|altera_mult_add_mpt2:auto_generated|altera_mult_add_rtl:altera_mult_add_rtl1|ama_multiplier_function:multiplier_block|ama_register_function:multiplier_register_block_0|data_out_wire[22] ; inst|altpll_component|pll|clk[0] ; inst|altpll_component|pll|clk[0] ; 20.000       ; 0.399      ; 5.484      ;
; 14.853 ; SOPC:inst2|altera_reset_controller:rst_controller|altera_reset_synchronizer:alt_rst_sync_uq1|altera_reset_synchronizer_int_chain_out ; SOPC:inst2|SOPC_cpu:cpu|SOPC_cpu_mult_cell:the_SOPC_cpu_mult_cell|altera_mult_add:the_altmult_add_part_1|altera_mult_add_mpt2:auto_generated|altera_mult_add_rtl:altera_mult_add_rtl1|ama_multiplier_function:multiplier_block|ama_register_function:multiplier_register_block_0|data_out_wire[29] ; inst|altpll_component|pll|clk[0] ; inst|altpll_component|pll|clk[0] ; 20.000       ; 0.399      ; 5.484      ;
; 14.853 ; SOPC:inst2|altera_reset_controller:rst_controller|altera_reset_synchronizer:alt_rst_sync_uq1|altera_reset_synchronizer_int_chain_out ; SOPC:inst2|SOPC_cpu:cpu|SOPC_cpu_mult_cell:the_SOPC_cpu_mult_cell|altera_mult_add:the_altmult_add_part_1|altera_mult_add_mpt2:auto_generated|altera_mult_add_rtl:altera_mult_add_rtl1|ama_multiplier_function:multiplier_block|ama_register_function:multiplier_register_block_0|data_out_wire[30] ; inst|altpll_component|pll|clk[0] ; inst|altpll_component|pll|clk[0] ; 20.000       ; 0.399      ; 5.484      ;
; 14.853 ; SOPC:inst2|altera_reset_controller:rst_controller|altera_reset_synchronizer:alt_rst_sync_uq1|altera_reset_synchronizer_int_chain_out ; SOPC:inst2|SOPC_cpu:cpu|SOPC_cpu_mult_cell:the_SOPC_cpu_mult_cell|altera_mult_add:the_altmult_add_part_1|altera_mult_add_mpt2:auto_generated|altera_mult_add_rtl:altera_mult_add_rtl1|ama_multiplier_function:multiplier_block|ama_register_function:multiplier_register_block_0|data_out_wire[24] ; inst|altpll_component|pll|clk[0] ; inst|altpll_component|pll|clk[0] ; 20.000       ; 0.399      ; 5.484      ;
; 14.853 ; SOPC:inst2|altera_reset_controller:rst_controller|altera_reset_synchronizer:alt_rst_sync_uq1|altera_reset_synchronizer_int_chain_out ; SOPC:inst2|SOPC_cpu:cpu|SOPC_cpu_mult_cell:the_SOPC_cpu_mult_cell|altera_mult_add:the_altmult_add_part_1|altera_mult_add_mpt2:auto_generated|altera_mult_add_rtl:altera_mult_add_rtl1|ama_multiplier_function:multiplier_block|ama_register_function:multiplier_register_block_0|data_out_wire[8]  ; inst|altpll_component|pll|clk[0] ; inst|altpll_component|pll|clk[0] ; 20.000       ; 0.399      ; 5.484      ;
; 14.853 ; SOPC:inst2|altera_reset_controller:rst_controller|altera_reset_synchronizer:alt_rst_sync_uq1|altera_reset_synchronizer_int_chain_out ; SOPC:inst2|SOPC_cpu:cpu|SOPC_cpu_mult_cell:the_SOPC_cpu_mult_cell|altera_mult_add:the_altmult_add_part_1|altera_mult_add_mpt2:auto_generated|altera_mult_add_rtl:altera_mult_add_rtl1|ama_multiplier_function:multiplier_block|ama_register_function:multiplier_register_block_0|data_out_wire[31] ; inst|altpll_component|pll|clk[0] ; inst|altpll_component|pll|clk[0] ; 20.000       ; 0.399      ; 5.484      ;
; 14.853 ; SOPC:inst2|altera_reset_controller:rst_controller|altera_reset_synchronizer:alt_rst_sync_uq1|altera_reset_synchronizer_int_chain_out ; SOPC:inst2|SOPC_cpu:cpu|SOPC_cpu_mult_cell:the_SOPC_cpu_mult_cell|altera_mult_add:the_altmult_add_part_2|altera_mult_add_opt2:auto_generated|altera_mult_add_rtl:altera_mult_add_rtl1|ama_multiplier_function:multiplier_block|ama_register_function:multiplier_register_block_0|data_out_wire[1]  ; inst|altpll_component|pll|clk[0] ; inst|altpll_component|pll|clk[0] ; 20.000       ; 0.396      ; 5.481      ;
; 14.853 ; SOPC:inst2|altera_reset_controller:rst_controller|altera_reset_synchronizer:alt_rst_sync_uq1|altera_reset_synchronizer_int_chain_out ; SOPC:inst2|SOPC_cpu:cpu|SOPC_cpu_mult_cell:the_SOPC_cpu_mult_cell|altera_mult_add:the_altmult_add_part_2|altera_mult_add_opt2:auto_generated|altera_mult_add_rtl:altera_mult_add_rtl1|ama_multiplier_function:multiplier_block|ama_register_function:multiplier_register_block_0|data_out_wire[7]  ; inst|altpll_component|pll|clk[0] ; inst|altpll_component|pll|clk[0] ; 20.000       ; 0.396      ; 5.481      ;
; 14.853 ; SOPC:inst2|altera_reset_controller:rst_controller|altera_reset_synchronizer:alt_rst_sync_uq1|altera_reset_synchronizer_int_chain_out ; SOPC:inst2|SOPC_cpu:cpu|SOPC_cpu_mult_cell:the_SOPC_cpu_mult_cell|altera_mult_add:the_altmult_add_part_2|altera_mult_add_opt2:auto_generated|altera_mult_add_rtl:altera_mult_add_rtl1|ama_multiplier_function:multiplier_block|ama_register_function:multiplier_register_block_0|data_out_wire[2]  ; inst|altpll_component|pll|clk[0] ; inst|altpll_component|pll|clk[0] ; 20.000       ; 0.396      ; 5.481      ;
; 14.853 ; SOPC:inst2|altera_reset_controller:rst_controller|altera_reset_synchronizer:alt_rst_sync_uq1|altera_reset_synchronizer_int_chain_out ; SOPC:inst2|SOPC_cpu:cpu|SOPC_cpu_mult_cell:the_SOPC_cpu_mult_cell|altera_mult_add:the_altmult_add_part_2|altera_mult_add_opt2:auto_generated|altera_mult_add_rtl:altera_mult_add_rtl1|ama_multiplier_function:multiplier_block|ama_register_function:multiplier_register_block_0|data_out_wire[3]  ; inst|altpll_component|pll|clk[0] ; inst|altpll_component|pll|clk[0] ; 20.000       ; 0.396      ; 5.481      ;
; 14.853 ; SOPC:inst2|altera_reset_controller:rst_controller|altera_reset_synchronizer:alt_rst_sync_uq1|altera_reset_synchronizer_int_chain_out ; SOPC:inst2|SOPC_cpu:cpu|SOPC_cpu_mult_cell:the_SOPC_cpu_mult_cell|altera_mult_add:the_altmult_add_part_2|altera_mult_add_opt2:auto_generated|altera_mult_add_rtl:altera_mult_add_rtl1|ama_multiplier_function:multiplier_block|ama_register_function:multiplier_register_block_0|data_out_wire[4]  ; inst|altpll_component|pll|clk[0] ; inst|altpll_component|pll|clk[0] ; 20.000       ; 0.396      ; 5.481      ;
; 14.853 ; SOPC:inst2|altera_reset_controller:rst_controller|altera_reset_synchronizer:alt_rst_sync_uq1|altera_reset_synchronizer_int_chain_out ; SOPC:inst2|SOPC_cpu:cpu|SOPC_cpu_mult_cell:the_SOPC_cpu_mult_cell|altera_mult_add:the_altmult_add_part_2|altera_mult_add_opt2:auto_generated|altera_mult_add_rtl:altera_mult_add_rtl1|ama_multiplier_function:multiplier_block|ama_register_function:multiplier_register_block_0|data_out_wire[5]  ; inst|altpll_component|pll|clk[0] ; inst|altpll_component|pll|clk[0] ; 20.000       ; 0.396      ; 5.481      ;
; 14.853 ; SOPC:inst2|altera_reset_controller:rst_controller|altera_reset_synchronizer:alt_rst_sync_uq1|altera_reset_synchronizer_int_chain_out ; SOPC:inst2|SOPC_cpu:cpu|SOPC_cpu_mult_cell:the_SOPC_cpu_mult_cell|altera_mult_add:the_altmult_add_part_2|altera_mult_add_opt2:auto_generated|altera_mult_add_rtl:altera_mult_add_rtl1|ama_multiplier_function:multiplier_block|ama_register_function:multiplier_register_block_0|data_out_wire[11] ; inst|altpll_component|pll|clk[0] ; inst|altpll_component|pll|clk[0] ; 20.000       ; 0.396      ; 5.481      ;
; 14.853 ; SOPC:inst2|altera_reset_controller:rst_controller|altera_reset_synchronizer:alt_rst_sync_uq1|altera_reset_synchronizer_int_chain_out ; SOPC:inst2|SOPC_cpu:cpu|SOPC_cpu_mult_cell:the_SOPC_cpu_mult_cell|altera_mult_add:the_altmult_add_part_2|altera_mult_add_opt2:auto_generated|altera_mult_add_rtl:altera_mult_add_rtl1|ama_multiplier_function:multiplier_block|ama_register_function:multiplier_register_block_0|data_out_wire[10] ; inst|altpll_component|pll|clk[0] ; inst|altpll_component|pll|clk[0] ; 20.000       ; 0.396      ; 5.481      ;
; 14.853 ; SOPC:inst2|altera_reset_controller:rst_controller|altera_reset_synchronizer:alt_rst_sync_uq1|altera_reset_synchronizer_int_chain_out ; SOPC:inst2|SOPC_cpu:cpu|SOPC_cpu_mult_cell:the_SOPC_cpu_mult_cell|altera_mult_add:the_altmult_add_part_2|altera_mult_add_opt2:auto_generated|altera_mult_add_rtl:altera_mult_add_rtl1|ama_multiplier_function:multiplier_block|ama_register_function:multiplier_register_block_0|data_out_wire[9]  ; inst|altpll_component|pll|clk[0] ; inst|altpll_component|pll|clk[0] ; 20.000       ; 0.396      ; 5.481      ;
; 14.853 ; SOPC:inst2|altera_reset_controller:rst_controller|altera_reset_synchronizer:alt_rst_sync_uq1|altera_reset_synchronizer_int_chain_out ; SOPC:inst2|SOPC_cpu:cpu|SOPC_cpu_mult_cell:the_SOPC_cpu_mult_cell|altera_mult_add:the_altmult_add_part_2|altera_mult_add_opt2:auto_generated|altera_mult_add_rtl:altera_mult_add_rtl1|ama_multiplier_function:multiplier_block|ama_register_function:multiplier_register_block_0|data_out_wire[12] ; inst|altpll_component|pll|clk[0] ; inst|altpll_component|pll|clk[0] ; 20.000       ; 0.396      ; 5.481      ;
; 14.853 ; SOPC:inst2|altera_reset_controller:rst_controller|altera_reset_synchronizer:alt_rst_sync_uq1|altera_reset_synchronizer_int_chain_out ; SOPC:inst2|SOPC_cpu:cpu|SOPC_cpu_mult_cell:the_SOPC_cpu_mult_cell|altera_mult_add:the_altmult_add_part_2|altera_mult_add_opt2:auto_generated|altera_mult_add_rtl:altera_mult_add_rtl1|ama_multiplier_function:multiplier_block|ama_register_function:multiplier_register_block_0|data_out_wire[6]  ; inst|altpll_component|pll|clk[0] ; inst|altpll_component|pll|clk[0] ; 20.000       ; 0.396      ; 5.481      ;
; 14.853 ; SOPC:inst2|altera_reset_controller:rst_controller|altera_reset_synchronizer:alt_rst_sync_uq1|altera_reset_synchronizer_int_chain_out ; SOPC:inst2|SOPC_cpu:cpu|SOPC_cpu_mult_cell:the_SOPC_cpu_mult_cell|altera_mult_add:the_altmult_add_part_2|altera_mult_add_opt2:auto_generated|altera_mult_add_rtl:altera_mult_add_rtl1|ama_multiplier_function:multiplier_block|ama_register_function:multiplier_register_block_0|data_out_wire[13] ; inst|altpll_component|pll|clk[0] ; inst|altpll_component|pll|clk[0] ; 20.000       ; 0.396      ; 5.481      ;
; 14.853 ; SOPC:inst2|altera_reset_controller:rst_controller|altera_reset_synchronizer:alt_rst_sync_uq1|altera_reset_synchronizer_int_chain_out ; SOPC:inst2|SOPC_cpu:cpu|SOPC_cpu_mult_cell:the_SOPC_cpu_mult_cell|altera_mult_add:the_altmult_add_part_2|altera_mult_add_opt2:auto_generated|altera_mult_add_rtl:altera_mult_add_rtl1|ama_multiplier_function:multiplier_block|ama_register_function:multiplier_register_block_0|data_out_wire[14] ; inst|altpll_component|pll|clk[0] ; inst|altpll_component|pll|clk[0] ; 20.000       ; 0.396      ; 5.481      ;
; 14.853 ; SOPC:inst2|altera_reset_controller:rst_controller|altera_reset_synchronizer:alt_rst_sync_uq1|altera_reset_synchronizer_int_chain_out ; SOPC:inst2|SOPC_cpu:cpu|SOPC_cpu_mult_cell:the_SOPC_cpu_mult_cell|altera_mult_add:the_altmult_add_part_2|altera_mult_add_opt2:auto_generated|altera_mult_add_rtl:altera_mult_add_rtl1|ama_multiplier_function:multiplier_block|ama_register_function:multiplier_register_block_0|data_out_wire[8]  ; inst|altpll_component|pll|clk[0] ; inst|altpll_component|pll|clk[0] ; 20.000       ; 0.396      ; 5.481      ;
; 14.853 ; SOPC:inst2|altera_reset_controller:rst_controller|altera_reset_synchronizer:alt_rst_sync_uq1|altera_reset_synchronizer_int_chain_out ; SOPC:inst2|SOPC_cpu:cpu|SOPC_cpu_mult_cell:the_SOPC_cpu_mult_cell|altera_mult_add:the_altmult_add_part_2|altera_mult_add_opt2:auto_generated|altera_mult_add_rtl:altera_mult_add_rtl1|ama_multiplier_function:multiplier_block|ama_register_function:multiplier_register_block_0|data_out_wire[0]  ; inst|altpll_component|pll|clk[0] ; inst|altpll_component|pll|clk[0] ; 20.000       ; 0.396      ; 5.481      ;
; 14.853 ; SOPC:inst2|altera_reset_controller:rst_controller|altera_reset_synchronizer:alt_rst_sync_uq1|altera_reset_synchronizer_int_chain_out ; SOPC:inst2|SOPC_cpu:cpu|SOPC_cpu_mult_cell:the_SOPC_cpu_mult_cell|altera_mult_add:the_altmult_add_part_2|altera_mult_add_opt2:auto_generated|altera_mult_add_rtl:altera_mult_add_rtl1|ama_multiplier_function:multiplier_block|ama_register_function:multiplier_register_block_0|data_out_wire[15] ; inst|altpll_component|pll|clk[0] ; inst|altpll_component|pll|clk[0] ; 20.000       ; 0.396      ; 5.481      ;
; 15.186 ; SOPC:inst2|altera_reset_controller:rst_controller|altera_reset_synchronizer:alt_rst_sync_uq1|altera_reset_synchronizer_int_chain_out ; SOPC:inst2|SOPC_cpu:cpu|A_mul_src1[0]                                                                                                                                                                                                                                                              ; inst|altpll_component|pll|clk[0] ; inst|altpll_component|pll|clk[0] ; 20.000       ; 0.397      ; 5.149      ;
; 15.186 ; SOPC:inst2|altera_reset_controller:rst_controller|altera_reset_synchronizer:alt_rst_sync_uq1|altera_reset_synchronizer_int_chain_out ; SOPC:inst2|SOPC_cpu:cpu|A_mul_src1[1]                                                                                                                                                                                                                                                              ; inst|altpll_component|pll|clk[0] ; inst|altpll_component|pll|clk[0] ; 20.000       ; 0.397      ; 5.149      ;
; 15.186 ; SOPC:inst2|altera_reset_controller:rst_controller|altera_reset_synchronizer:alt_rst_sync_uq1|altera_reset_synchronizer_int_chain_out ; SOPC:inst2|SOPC_cpu:cpu|A_mul_src1[2]                                                                                                                                                                                                                                                              ; inst|altpll_component|pll|clk[0] ; inst|altpll_component|pll|clk[0] ; 20.000       ; 0.397      ; 5.149      ;
; 15.186 ; SOPC:inst2|altera_reset_controller:rst_controller|altera_reset_synchronizer:alt_rst_sync_uq1|altera_reset_synchronizer_int_chain_out ; SOPC:inst2|SOPC_cpu:cpu|A_mul_src1[3]                                                                                                                                                                                                                                                              ; inst|altpll_component|pll|clk[0] ; inst|altpll_component|pll|clk[0] ; 20.000       ; 0.397      ; 5.149      ;
; 15.186 ; SOPC:inst2|altera_reset_controller:rst_controller|altera_reset_synchronizer:alt_rst_sync_uq1|altera_reset_synchronizer_int_chain_out ; SOPC:inst2|SOPC_cpu:cpu|A_mul_src1[4]                                                                                                                                                                                                                                                              ; inst|altpll_component|pll|clk[0] ; inst|altpll_component|pll|clk[0] ; 20.000       ; 0.397      ; 5.149      ;
; 15.186 ; SOPC:inst2|altera_reset_controller:rst_controller|altera_reset_synchronizer:alt_rst_sync_uq1|altera_reset_synchronizer_int_chain_out ; SOPC:inst2|SOPC_cpu:cpu|A_mul_src1[5]                                                                                                                                                                                                                                                              ; inst|altpll_component|pll|clk[0] ; inst|altpll_component|pll|clk[0] ; 20.000       ; 0.397      ; 5.149      ;
; 15.186 ; SOPC:inst2|altera_reset_controller:rst_controller|altera_reset_synchronizer:alt_rst_sync_uq1|altera_reset_synchronizer_int_chain_out ; SOPC:inst2|SOPC_cpu:cpu|A_mul_src1[6]                                                                                                                                                                                                                                                              ; inst|altpll_component|pll|clk[0] ; inst|altpll_component|pll|clk[0] ; 20.000       ; 0.397      ; 5.149      ;
; 15.186 ; SOPC:inst2|altera_reset_controller:rst_controller|altera_reset_synchronizer:alt_rst_sync_uq1|altera_reset_synchronizer_int_chain_out ; SOPC:inst2|SOPC_cpu:cpu|A_mul_src1[7]                                                                                                                                                                                                                                                              ; inst|altpll_component|pll|clk[0] ; inst|altpll_component|pll|clk[0] ; 20.000       ; 0.397      ; 5.149      ;
; 15.186 ; SOPC:inst2|altera_reset_controller:rst_controller|altera_reset_synchronizer:alt_rst_sync_uq1|altera_reset_synchronizer_int_chain_out ; SOPC:inst2|SOPC_cpu:cpu|A_mul_src1[8]                                                                                                                                                                                                                                                              ; inst|altpll_component|pll|clk[0] ; inst|altpll_component|pll|clk[0] ; 20.000       ; 0.397      ; 5.149      ;
; 15.186 ; SOPC:inst2|altera_reset_controller:rst_controller|altera_reset_synchronizer:alt_rst_sync_uq1|altera_reset_synchronizer_int_chain_out ; SOPC:inst2|SOPC_cpu:cpu|A_mul_src1[9]                                                                                                                                                                                                                                                              ; inst|altpll_component|pll|clk[0] ; inst|altpll_component|pll|clk[0] ; 20.000       ; 0.397      ; 5.149      ;
; 15.186 ; SOPC:inst2|altera_reset_controller:rst_controller|altera_reset_synchronizer:alt_rst_sync_uq1|altera_reset_synchronizer_int_chain_out ; SOPC:inst2|SOPC_cpu:cpu|A_mul_src1[10]                                                                                                                                                                                                                                                             ; inst|altpll_component|pll|clk[0] ; inst|altpll_component|pll|clk[0] ; 20.000       ; 0.397      ; 5.149      ;
; 15.186 ; SOPC:inst2|altera_reset_controller:rst_controller|altera_reset_synchronizer:alt_rst_sync_uq1|altera_reset_synchronizer_int_chain_out ; SOPC:inst2|SOPC_cpu:cpu|A_mul_src1[11]                                                                                                                                                                                                                                                             ; inst|altpll_component|pll|clk[0] ; inst|altpll_component|pll|clk[0] ; 20.000       ; 0.397      ; 5.149      ;
; 15.186 ; SOPC:inst2|altera_reset_controller:rst_controller|altera_reset_synchronizer:alt_rst_sync_uq1|altera_reset_synchronizer_int_chain_out ; SOPC:inst2|SOPC_cpu:cpu|A_mul_src1[12]                                                                                                                                                                                                                                                             ; inst|altpll_component|pll|clk[0] ; inst|altpll_component|pll|clk[0] ; 20.000       ; 0.397      ; 5.149      ;
; 15.186 ; SOPC:inst2|altera_reset_controller:rst_controller|altera_reset_synchronizer:alt_rst_sync_uq1|altera_reset_synchronizer_int_chain_out ; SOPC:inst2|SOPC_cpu:cpu|A_mul_src1[13]                                                                                                                                                                                                                                                             ; inst|altpll_component|pll|clk[0] ; inst|altpll_component|pll|clk[0] ; 20.000       ; 0.397      ; 5.149      ;
; 15.186 ; SOPC:inst2|altera_reset_controller:rst_controller|altera_reset_synchronizer:alt_rst_sync_uq1|altera_reset_synchronizer_int_chain_out ; SOPC:inst2|SOPC_cpu:cpu|A_mul_src1[14]                                                                                                                                                                                                                                                             ; inst|altpll_component|pll|clk[0] ; inst|altpll_component|pll|clk[0] ; 20.000       ; 0.397      ; 5.149      ;
; 15.186 ; SOPC:inst2|altera_reset_controller:rst_controller|altera_reset_synchronizer:alt_rst_sync_uq1|altera_reset_synchronizer_int_chain_out ; SOPC:inst2|SOPC_cpu:cpu|A_mul_src1[15]                                                                                                                                                                                                                                                             ; inst|altpll_component|pll|clk[0] ; inst|altpll_component|pll|clk[0] ; 20.000       ; 0.397      ; 5.149      ;
; 15.186 ; SOPC:inst2|altera_reset_controller:rst_controller|altera_reset_synchronizer:alt_rst_sync_uq1|altera_reset_synchronizer_int_chain_out ; SOPC:inst2|SOPC_cpu:cpu|A_mul_src1[16]                                                                                                                                                                                                                                                             ; inst|altpll_component|pll|clk[0] ; inst|altpll_component|pll|clk[0] ; 20.000       ; 0.394      ; 5.146      ;
; 15.186 ; SOPC:inst2|altera_reset_controller:rst_controller|altera_reset_synchronizer:alt_rst_sync_uq1|altera_reset_synchronizer_int_chain_out ; SOPC:inst2|SOPC_cpu:cpu|A_mul_src1[17]                                                                                                                                                                                                                                                             ; inst|altpll_component|pll|clk[0] ; inst|altpll_component|pll|clk[0] ; 20.000       ; 0.394      ; 5.146      ;
; 15.186 ; SOPC:inst2|altera_reset_controller:rst_controller|altera_reset_synchronizer:alt_rst_sync_uq1|altera_reset_synchronizer_int_chain_out ; SOPC:inst2|SOPC_cpu:cpu|A_mul_src1[18]                                                                                                                                                                                                                                                             ; inst|altpll_component|pll|clk[0] ; inst|altpll_component|pll|clk[0] ; 20.000       ; 0.394      ; 5.146      ;
; 15.186 ; SOPC:inst2|altera_reset_controller:rst_controller|altera_reset_synchronizer:alt_rst_sync_uq1|altera_reset_synchronizer_int_chain_out ; SOPC:inst2|SOPC_cpu:cpu|A_mul_src1[19]                                                                                                                                                                                                                                                             ; inst|altpll_component|pll|clk[0] ; inst|altpll_component|pll|clk[0] ; 20.000       ; 0.394      ; 5.146      ;
+--------+--------------------------------------------------------------------------------------------------------------------------------------+----------------------------------------------------------------------------------------------------------------------------------------------------------------------------------------------------------------------------------------------------------------------------------------------------+----------------------------------+----------------------------------+--------------+------------+------------+


+---------------------------------------------------------------------------------------------------------------------------------------------------------------------------------------------------------------------------------------------------------------------------------------------------------------------------------------------------------------------------------------------------------------------------------------------------------------------------+
; Slow Model Removal: 'inst|altpll_component|pll|clk[0]'                                                                                                                                                                                                                                                                                                                                                                                                                    ;
+-------+--------------------------------------------------------------------------------------------------------------------------------------+-------------------------------------------------------------------------------------------------------------------------------------------------------------------------------------------------------------+----------------------------------+----------------------------------+--------------+------------+------------+
; Slack ; From Node                                                                                                                            ; To Node                                                                                                                                                                                                     ; Launch Clock                     ; Latch Clock                      ; Relationship ; Clock Skew ; Data Delay ;
+-------+--------------------------------------------------------------------------------------------------------------------------------------+-------------------------------------------------------------------------------------------------------------------------------------------------------------------------------------------------------------+----------------------------------+----------------------------------+--------------+------------+------------+
; 3.348 ; SOPC:inst2|altera_reset_controller:rst_controller|altera_reset_synchronizer:alt_rst_sync_uq1|altera_reset_synchronizer_int_chain_out ; SOPC:inst2|SOPC_spi_touch:spi_touch|state[0]                                                                                                                                                                ; inst|altpll_component|pll|clk[0] ; inst|altpll_component|pll|clk[0] ; 0.000        ; 0.031      ; 3.685      ;
; 3.348 ; SOPC:inst2|altera_reset_controller:rst_controller|altera_reset_synchronizer:alt_rst_sync_uq1|altera_reset_synchronizer_int_chain_out ; SOPC:inst2|SOPC_spi_touch:spi_touch|state[2]                                                                                                                                                                ; inst|altpll_component|pll|clk[0] ; inst|altpll_component|pll|clk[0] ; 0.000        ; 0.031      ; 3.685      ;
; 3.348 ; SOPC:inst2|altera_reset_controller:rst_controller|altera_reset_synchronizer:alt_rst_sync_uq1|altera_reset_synchronizer_int_chain_out ; SOPC:inst2|SOPC_spi_touch:spi_touch|state[3]                                                                                                                                                                ; inst|altpll_component|pll|clk[0] ; inst|altpll_component|pll|clk[0] ; 0.000        ; 0.031      ; 3.685      ;
; 3.348 ; SOPC:inst2|altera_reset_controller:rst_controller|altera_reset_synchronizer:alt_rst_sync_uq1|altera_reset_synchronizer_int_chain_out ; SOPC:inst2|SOPC_spi_touch:spi_touch|state[4]                                                                                                                                                                ; inst|altpll_component|pll|clk[0] ; inst|altpll_component|pll|clk[0] ; 0.000        ; 0.031      ; 3.685      ;
; 3.348 ; SOPC:inst2|altera_reset_controller:rst_controller|altera_reset_synchronizer:alt_rst_sync_uq1|altera_reset_synchronizer_int_chain_out ; SOPC:inst2|SOPC_spi_touch:spi_touch|state[1]                                                                                                                                                                ; inst|altpll_component|pll|clk[0] ; inst|altpll_component|pll|clk[0] ; 0.000        ; 0.031      ; 3.685      ;
; 3.348 ; SOPC:inst2|altera_reset_controller:rst_controller|altera_reset_synchronizer:alt_rst_sync_uq1|altera_reset_synchronizer_int_chain_out ; SOPC:inst2|SOPC_lcd32_data:lcd32_data|readdata[14]                                                                                                                                                          ; inst|altpll_component|pll|clk[0] ; inst|altpll_component|pll|clk[0] ; 0.000        ; 0.031      ; 3.685      ;
; 3.348 ; SOPC:inst2|altera_reset_controller:rst_controller|altera_reset_synchronizer:alt_rst_sync_uq1|altera_reset_synchronizer_int_chain_out ; SOPC:inst2|SOPC_lcd32_data:lcd32_data|readdata[15]                                                                                                                                                          ; inst|altpll_component|pll|clk[0] ; inst|altpll_component|pll|clk[0] ; 0.000        ; 0.031      ; 3.685      ;
; 3.348 ; SOPC:inst2|altera_reset_controller:rst_controller|altera_reset_synchronizer:alt_rst_sync_uq1|altera_reset_synchronizer_int_chain_out ; SOPC:inst2|SOPC_spi_touch:spi_touch|stateZero                                                                                                                                                               ; inst|altpll_component|pll|clk[0] ; inst|altpll_component|pll|clk[0] ; 0.000        ; 0.031      ; 3.685      ;
; 3.349 ; SOPC:inst2|altera_reset_controller:rst_controller|altera_reset_synchronizer:alt_rst_sync_uq1|altera_reset_synchronizer_int_chain_out ; SOPC:inst2|altera_merlin_master_agent:cpu_data_master_translator_avalon_universal_master_0_agent|hold_waitrequest                                                                                           ; inst|altpll_component|pll|clk[0] ; inst|altpll_component|pll|clk[0] ; 0.000        ; 0.021      ; 3.676      ;
; 3.349 ; SOPC:inst2|altera_reset_controller:rst_controller|altera_reset_synchronizer:alt_rst_sync_uq1|altera_reset_synchronizer_int_chain_out ; SOPC:inst2|altera_merlin_slave_translator:epcs_epcs_control_port_translator|wait_latency_counter[0]                                                                                                         ; inst|altpll_component|pll|clk[0] ; inst|altpll_component|pll|clk[0] ; 0.000        ; 0.008      ; 3.663      ;
; 3.349 ; SOPC:inst2|altera_reset_controller:rst_controller|altera_reset_synchronizer:alt_rst_sync_uq1|altera_reset_synchronizer_int_chain_out ; SOPC:inst2|altera_merlin_slave_translator:epcs_epcs_control_port_translator|wait_latency_counter[1]                                                                                                         ; inst|altpll_component|pll|clk[0] ; inst|altpll_component|pll|clk[0] ; 0.000        ; 0.008      ; 3.663      ;
; 3.349 ; SOPC:inst2|altera_reset_controller:rst_controller|altera_reset_synchronizer:alt_rst_sync_uq1|altera_reset_synchronizer_int_chain_out ; SOPC:inst2|altera_avalon_sc_fifo:epcs_epcs_control_port_translator_avalon_universal_slave_0_agent_rsp_fifo|mem_used[0]                                                                                      ; inst|altpll_component|pll|clk[0] ; inst|altpll_component|pll|clk[0] ; 0.000        ; 0.008      ; 3.663      ;
; 3.349 ; SOPC:inst2|altera_reset_controller:rst_controller|altera_reset_synchronizer:alt_rst_sync_uq1|altera_reset_synchronizer_int_chain_out ; SOPC:inst2|altera_avalon_sc_fifo:lcd_rs_s1_translator_avalon_universal_slave_0_agent_rsp_fifo|mem_used[0]                                                                                                   ; inst|altpll_component|pll|clk[0] ; inst|altpll_component|pll|clk[0] ; 0.000        ; 0.015      ; 3.670      ;
; 3.349 ; SOPC:inst2|altera_reset_controller:rst_controller|altera_reset_synchronizer:alt_rst_sync_uq1|altera_reset_synchronizer_int_chain_out ; SOPC:inst2|altera_avalon_sc_fifo:sdram_s1_translator_avalon_universal_slave_0_agent_rsp_fifo|mem_used[5]                                                                                                    ; inst|altpll_component|pll|clk[0] ; inst|altpll_component|pll|clk[0] ; 0.000        ; 0.004      ; 3.659      ;
; 3.349 ; SOPC:inst2|altera_reset_controller:rst_controller|altera_reset_synchronizer:alt_rst_sync_uq1|altera_reset_synchronizer_int_chain_out ; SOPC:inst2|altera_avalon_sc_fifo:sdram_s1_translator_avalon_universal_slave_0_agent_rsp_fifo|mem_used[4]                                                                                                    ; inst|altpll_component|pll|clk[0] ; inst|altpll_component|pll|clk[0] ; 0.000        ; 0.004      ; 3.659      ;
; 3.349 ; SOPC:inst2|altera_reset_controller:rst_controller|altera_reset_synchronizer:alt_rst_sync_uq1|altera_reset_synchronizer_int_chain_out ; SOPC:inst2|altera_avalon_sc_fifo:sdram_s1_translator_avalon_universal_slave_0_agent_rsp_fifo|mem_used[3]                                                                                                    ; inst|altpll_component|pll|clk[0] ; inst|altpll_component|pll|clk[0] ; 0.000        ; 0.004      ; 3.659      ;
; 3.349 ; SOPC:inst2|altera_reset_controller:rst_controller|altera_reset_synchronizer:alt_rst_sync_uq1|altera_reset_synchronizer_int_chain_out ; SOPC:inst2|altera_avalon_sc_fifo:sdram_s1_translator_avalon_universal_slave_0_agent_rsp_fifo|mem_used[2]                                                                                                    ; inst|altpll_component|pll|clk[0] ; inst|altpll_component|pll|clk[0] ; 0.000        ; 0.004      ; 3.659      ;
; 3.349 ; SOPC:inst2|altera_reset_controller:rst_controller|altera_reset_synchronizer:alt_rst_sync_uq1|altera_reset_synchronizer_int_chain_out ; SOPC:inst2|altera_avalon_sc_fifo:sdram_s1_translator_avalon_universal_slave_0_agent_rsp_fifo|mem_used[1]                                                                                                    ; inst|altpll_component|pll|clk[0] ; inst|altpll_component|pll|clk[0] ; 0.000        ; 0.004      ; 3.659      ;
; 3.349 ; SOPC:inst2|altera_reset_controller:rst_controller|altera_reset_synchronizer:alt_rst_sync_uq1|altera_reset_synchronizer_int_chain_out ; SOPC:inst2|altera_avalon_sc_fifo:sdram_s1_translator_avalon_universal_slave_0_agent_rsp_fifo|mem[7][57]                                                                                                     ; inst|altpll_component|pll|clk[0] ; inst|altpll_component|pll|clk[0] ; 0.000        ; 0.012      ; 3.667      ;
; 3.349 ; SOPC:inst2|altera_reset_controller:rst_controller|altera_reset_synchronizer:alt_rst_sync_uq1|altera_reset_synchronizer_int_chain_out ; SOPC:inst2|altera_avalon_sc_fifo:sdram_s1_translator_avalon_universal_slave_0_agent_rsp_fifo|mem[6][57]                                                                                                     ; inst|altpll_component|pll|clk[0] ; inst|altpll_component|pll|clk[0] ; 0.000        ; 0.012      ; 3.667      ;
; 3.349 ; SOPC:inst2|altera_reset_controller:rst_controller|altera_reset_synchronizer:alt_rst_sync_uq1|altera_reset_synchronizer_int_chain_out ; SOPC:inst2|altera_avalon_sc_fifo:sdram_s1_translator_avalon_universal_slave_0_agent_rsp_fifo|mem[5][57]                                                                                                     ; inst|altpll_component|pll|clk[0] ; inst|altpll_component|pll|clk[0] ; 0.000        ; 0.011      ; 3.666      ;
; 3.349 ; SOPC:inst2|altera_reset_controller:rst_controller|altera_reset_synchronizer:alt_rst_sync_uq1|altera_reset_synchronizer_int_chain_out ; SOPC:inst2|altera_avalon_sc_fifo:sdram_s1_translator_avalon_universal_slave_0_agent_rsp_fifo|mem[4][57]                                                                                                     ; inst|altpll_component|pll|clk[0] ; inst|altpll_component|pll|clk[0] ; 0.000        ; 0.011      ; 3.666      ;
; 3.349 ; SOPC:inst2|altera_reset_controller:rst_controller|altera_reset_synchronizer:alt_rst_sync_uq1|altera_reset_synchronizer_int_chain_out ; SOPC:inst2|altera_avalon_sc_fifo:sdram_s1_translator_avalon_universal_slave_0_agent_rsp_fifo|mem[3][57]                                                                                                     ; inst|altpll_component|pll|clk[0] ; inst|altpll_component|pll|clk[0] ; 0.000        ; 0.007      ; 3.662      ;
; 3.349 ; SOPC:inst2|altera_reset_controller:rst_controller|altera_reset_synchronizer:alt_rst_sync_uq1|altera_reset_synchronizer_int_chain_out ; SOPC:inst2|altera_avalon_sc_fifo:sdram_s1_translator_avalon_universal_slave_0_agent_rsp_fifo|mem[2][57]                                                                                                     ; inst|altpll_component|pll|clk[0] ; inst|altpll_component|pll|clk[0] ; 0.000        ; 0.007      ; 3.662      ;
; 3.349 ; SOPC:inst2|altera_reset_controller:rst_controller|altera_reset_synchronizer:alt_rst_sync_uq1|altera_reset_synchronizer_int_chain_out ; SOPC:inst2|altera_avalon_sc_fifo:sdram_s1_translator_avalon_universal_slave_0_agent_rsp_fifo|mem[1][57]                                                                                                     ; inst|altpll_component|pll|clk[0] ; inst|altpll_component|pll|clk[0] ; 0.000        ; 0.005      ; 3.660      ;
; 3.349 ; SOPC:inst2|altera_reset_controller:rst_controller|altera_reset_synchronizer:alt_rst_sync_uq1|altera_reset_synchronizer_int_chain_out ; SOPC:inst2|altera_avalon_sc_fifo:sdram_s1_translator_avalon_universal_slave_0_agent_rsp_fifo|mem[0][57]                                                                                                     ; inst|altpll_component|pll|clk[0] ; inst|altpll_component|pll|clk[0] ; 0.000        ; 0.005      ; 3.660      ;
; 3.349 ; SOPC:inst2|altera_reset_controller:rst_controller|altera_reset_synchronizer:alt_rst_sync_uq1|altera_reset_synchronizer_int_chain_out ; SOPC:inst2|altera_avalon_sc_fifo:sdram_s1_translator_avalon_universal_slave_0_agent_rsp_fifo|mem[7][66]                                                                                                     ; inst|altpll_component|pll|clk[0] ; inst|altpll_component|pll|clk[0] ; 0.000        ; 0.012      ; 3.667      ;
; 3.349 ; SOPC:inst2|altera_reset_controller:rst_controller|altera_reset_synchronizer:alt_rst_sync_uq1|altera_reset_synchronizer_int_chain_out ; SOPC:inst2|altera_avalon_sc_fifo:sdram_s1_translator_avalon_universal_slave_0_agent_rsp_fifo|mem[6][66]                                                                                                     ; inst|altpll_component|pll|clk[0] ; inst|altpll_component|pll|clk[0] ; 0.000        ; 0.012      ; 3.667      ;
; 3.349 ; SOPC:inst2|altera_reset_controller:rst_controller|altera_reset_synchronizer:alt_rst_sync_uq1|altera_reset_synchronizer_int_chain_out ; SOPC:inst2|altera_avalon_sc_fifo:sdram_s1_translator_avalon_universal_slave_0_agent_rsp_fifo|mem[5][66]                                                                                                     ; inst|altpll_component|pll|clk[0] ; inst|altpll_component|pll|clk[0] ; 0.000        ; 0.011      ; 3.666      ;
; 3.349 ; SOPC:inst2|altera_reset_controller:rst_controller|altera_reset_synchronizer:alt_rst_sync_uq1|altera_reset_synchronizer_int_chain_out ; SOPC:inst2|altera_avalon_sc_fifo:sdram_s1_translator_avalon_universal_slave_0_agent_rsp_fifo|mem[4][66]                                                                                                     ; inst|altpll_component|pll|clk[0] ; inst|altpll_component|pll|clk[0] ; 0.000        ; 0.011      ; 3.666      ;
; 3.349 ; SOPC:inst2|altera_reset_controller:rst_controller|altera_reset_synchronizer:alt_rst_sync_uq1|altera_reset_synchronizer_int_chain_out ; SOPC:inst2|altera_avalon_sc_fifo:sdram_s1_translator_avalon_universal_slave_0_agent_rsp_fifo|mem[3][66]                                                                                                     ; inst|altpll_component|pll|clk[0] ; inst|altpll_component|pll|clk[0] ; 0.000        ; 0.007      ; 3.662      ;
; 3.349 ; SOPC:inst2|altera_reset_controller:rst_controller|altera_reset_synchronizer:alt_rst_sync_uq1|altera_reset_synchronizer_int_chain_out ; SOPC:inst2|altera_avalon_sc_fifo:sdram_s1_translator_avalon_universal_slave_0_agent_rsp_fifo|mem[2][66]                                                                                                     ; inst|altpll_component|pll|clk[0] ; inst|altpll_component|pll|clk[0] ; 0.000        ; 0.007      ; 3.662      ;
; 3.349 ; SOPC:inst2|altera_reset_controller:rst_controller|altera_reset_synchronizer:alt_rst_sync_uq1|altera_reset_synchronizer_int_chain_out ; SOPC:inst2|altera_avalon_sc_fifo:sdram_s1_translator_avalon_universal_slave_0_agent_rsp_fifo|mem[1][66]                                                                                                     ; inst|altpll_component|pll|clk[0] ; inst|altpll_component|pll|clk[0] ; 0.000        ; 0.005      ; 3.660      ;
; 3.349 ; SOPC:inst2|altera_reset_controller:rst_controller|altera_reset_synchronizer:alt_rst_sync_uq1|altera_reset_synchronizer_int_chain_out ; SOPC:inst2|altera_avalon_sc_fifo:sdram_s1_translator_avalon_universal_slave_0_agent_rsp_fifo|mem[0][66]                                                                                                     ; inst|altpll_component|pll|clk[0] ; inst|altpll_component|pll|clk[0] ; 0.000        ; 0.005      ; 3.660      ;
; 3.349 ; SOPC:inst2|altera_reset_controller:rst_controller|altera_reset_synchronizer:alt_rst_sync_uq1|altera_reset_synchronizer_int_chain_out ; SOPC:inst2|altera_avalon_sc_fifo:sdram_s1_translator_avalon_universal_slave_0_agent_rdata_fifo|wr_ptr[2]                                                                                                    ; inst|altpll_component|pll|clk[0] ; inst|altpll_component|pll|clk[0] ; 0.000        ; 0.011      ; 3.666      ;
; 3.349 ; SOPC:inst2|altera_reset_controller:rst_controller|altera_reset_synchronizer:alt_rst_sync_uq1|altera_reset_synchronizer_int_chain_out ; SOPC:inst2|altera_avalon_sc_fifo:sdram_s1_translator_avalon_universal_slave_0_agent_rdata_fifo|wr_ptr[0]                                                                                                    ; inst|altpll_component|pll|clk[0] ; inst|altpll_component|pll|clk[0] ; 0.000        ; 0.011      ; 3.666      ;
; 3.349 ; SOPC:inst2|altera_reset_controller:rst_controller|altera_reset_synchronizer:alt_rst_sync_uq1|altera_reset_synchronizer_int_chain_out ; SOPC:inst2|altera_avalon_sc_fifo:sdram_s1_translator_avalon_universal_slave_0_agent_rdata_fifo|rd_ptr[0]                                                                                                    ; inst|altpll_component|pll|clk[0] ; inst|altpll_component|pll|clk[0] ; 0.000        ; 0.009      ; 3.664      ;
; 3.349 ; SOPC:inst2|altera_reset_controller:rst_controller|altera_reset_synchronizer:alt_rst_sync_uq1|altera_reset_synchronizer_int_chain_out ; SOPC:inst2|altera_avalon_sc_fifo:sdram_s1_translator_avalon_universal_slave_0_agent_rdata_fifo|rd_ptr[1]                                                                                                    ; inst|altpll_component|pll|clk[0] ; inst|altpll_component|pll|clk[0] ; 0.000        ; 0.009      ; 3.664      ;
; 3.349 ; SOPC:inst2|altera_reset_controller:rst_controller|altera_reset_synchronizer:alt_rst_sync_uq1|altera_reset_synchronizer_int_chain_out ; SOPC:inst2|altera_avalon_sc_fifo:sdram_s1_translator_avalon_universal_slave_0_agent_rdata_fifo|rd_ptr[2]                                                                                                    ; inst|altpll_component|pll|clk[0] ; inst|altpll_component|pll|clk[0] ; 0.000        ; 0.009      ; 3.664      ;
; 3.349 ; SOPC:inst2|altera_reset_controller:rst_controller|altera_reset_synchronizer:alt_rst_sync_uq1|altera_reset_synchronizer_int_chain_out ; SOPC:inst2|SOPC_sdram:sdram|i_count[1]                                                                                                                                                                      ; inst|altpll_component|pll|clk[0] ; inst|altpll_component|pll|clk[0] ; 0.000        ; 0.024      ; 3.679      ;
; 3.349 ; SOPC:inst2|altera_reset_controller:rst_controller|altera_reset_synchronizer:alt_rst_sync_uq1|altera_reset_synchronizer_int_chain_out ; SOPC:inst2|SOPC_sdram:sdram|refresh_counter[0]                                                                                                                                                              ; inst|altpll_component|pll|clk[0] ; inst|altpll_component|pll|clk[0] ; 0.000        ; 0.008      ; 3.663      ;
; 3.349 ; SOPC:inst2|altera_reset_controller:rst_controller|altera_reset_synchronizer:alt_rst_sync_uq1|altera_reset_synchronizer_int_chain_out ; SOPC:inst2|SOPC_sdram:sdram|refresh_counter[2]                                                                                                                                                              ; inst|altpll_component|pll|clk[0] ; inst|altpll_component|pll|clk[0] ; 0.000        ; 0.008      ; 3.663      ;
; 3.349 ; SOPC:inst2|altera_reset_controller:rst_controller|altera_reset_synchronizer:alt_rst_sync_uq1|altera_reset_synchronizer_int_chain_out ; SOPC:inst2|SOPC_sdram:sdram|refresh_counter[3]                                                                                                                                                              ; inst|altpll_component|pll|clk[0] ; inst|altpll_component|pll|clk[0] ; 0.000        ; 0.008      ; 3.663      ;
; 3.349 ; SOPC:inst2|altera_reset_controller:rst_controller|altera_reset_synchronizer:alt_rst_sync_uq1|altera_reset_synchronizer_int_chain_out ; SOPC:inst2|SOPC_sdram:sdram|refresh_counter[5]                                                                                                                                                              ; inst|altpll_component|pll|clk[0] ; inst|altpll_component|pll|clk[0] ; 0.000        ; 0.009      ; 3.664      ;
; 3.349 ; SOPC:inst2|altera_reset_controller:rst_controller|altera_reset_synchronizer:alt_rst_sync_uq1|altera_reset_synchronizer_int_chain_out ; SOPC:inst2|SOPC_sdram:sdram|refresh_counter[6]                                                                                                                                                              ; inst|altpll_component|pll|clk[0] ; inst|altpll_component|pll|clk[0] ; 0.000        ; 0.009      ; 3.664      ;
; 3.349 ; SOPC:inst2|altera_reset_controller:rst_controller|altera_reset_synchronizer:alt_rst_sync_uq1|altera_reset_synchronizer_int_chain_out ; SOPC:inst2|SOPC_sdram:sdram|refresh_counter[8]                                                                                                                                                              ; inst|altpll_component|pll|clk[0] ; inst|altpll_component|pll|clk[0] ; 0.000        ; 0.014      ; 3.669      ;
; 3.349 ; SOPC:inst2|altera_reset_controller:rst_controller|altera_reset_synchronizer:alt_rst_sync_uq1|altera_reset_synchronizer_int_chain_out ; SOPC:inst2|SOPC_sdram:sdram|refresh_counter[9]                                                                                                                                                              ; inst|altpll_component|pll|clk[0] ; inst|altpll_component|pll|clk[0] ; 0.000        ; 0.016      ; 3.671      ;
; 3.349 ; SOPC:inst2|altera_reset_controller:rst_controller|altera_reset_synchronizer:alt_rst_sync_uq1|altera_reset_synchronizer_int_chain_out ; SOPC:inst2|SOPC_sdram:sdram|refresh_counter[10]                                                                                                                                                             ; inst|altpll_component|pll|clk[0] ; inst|altpll_component|pll|clk[0] ; 0.000        ; 0.016      ; 3.671      ;
; 3.349 ; SOPC:inst2|altera_reset_controller:rst_controller|altera_reset_synchronizer:alt_rst_sync_uq1|altera_reset_synchronizer_int_chain_out ; SOPC:inst2|SOPC_sdram:sdram|refresh_counter[11]                                                                                                                                                             ; inst|altpll_component|pll|clk[0] ; inst|altpll_component|pll|clk[0] ; 0.000        ; 0.016      ; 3.671      ;
; 3.349 ; SOPC:inst2|altera_reset_controller:rst_controller|altera_reset_synchronizer:alt_rst_sync_uq1|altera_reset_synchronizer_int_chain_out ; SOPC:inst2|SOPC_sdram:sdram|refresh_counter[12]                                                                                                                                                             ; inst|altpll_component|pll|clk[0] ; inst|altpll_component|pll|clk[0] ; 0.000        ; 0.016      ; 3.671      ;
; 3.349 ; SOPC:inst2|altera_reset_controller:rst_controller|altera_reset_synchronizer:alt_rst_sync_uq1|altera_reset_synchronizer_int_chain_out ; SOPC:inst2|SOPC_sdram:sdram|i_state.001                                                                                                                                                                     ; inst|altpll_component|pll|clk[0] ; inst|altpll_component|pll|clk[0] ; 0.000        ; 0.024      ; 3.679      ;
; 3.349 ; SOPC:inst2|altera_reset_controller:rst_controller|altera_reset_synchronizer:alt_rst_sync_uq1|altera_reset_synchronizer_int_chain_out ; SOPC:inst2|SOPC_sdram:sdram|i_next.010                                                                                                                                                                      ; inst|altpll_component|pll|clk[0] ; inst|altpll_component|pll|clk[0] ; 0.000        ; 0.024      ; 3.679      ;
; 3.349 ; SOPC:inst2|altera_reset_controller:rst_controller|altera_reset_synchronizer:alt_rst_sync_uq1|altera_reset_synchronizer_int_chain_out ; SOPC:inst2|SOPC_sdram:sdram|i_state.010                                                                                                                                                                     ; inst|altpll_component|pll|clk[0] ; inst|altpll_component|pll|clk[0] ; 0.000        ; 0.024      ; 3.679      ;
; 3.349 ; SOPC:inst2|altera_reset_controller:rst_controller|altera_reset_synchronizer:alt_rst_sync_uq1|altera_reset_synchronizer_int_chain_out ; SOPC:inst2|SOPC_sdram:sdram|i_state.011                                                                                                                                                                     ; inst|altpll_component|pll|clk[0] ; inst|altpll_component|pll|clk[0] ; 0.000        ; 0.024      ; 3.679      ;
; 3.349 ; SOPC:inst2|altera_reset_controller:rst_controller|altera_reset_synchronizer:alt_rst_sync_uq1|altera_reset_synchronizer_int_chain_out ; SOPC:inst2|SOPC_sdram:sdram|i_next.000                                                                                                                                                                      ; inst|altpll_component|pll|clk[0] ; inst|altpll_component|pll|clk[0] ; 0.000        ; 0.024      ; 3.679      ;
; 3.349 ; SOPC:inst2|altera_reset_controller:rst_controller|altera_reset_synchronizer:alt_rst_sync_uq1|altera_reset_synchronizer_int_chain_out ; SOPC:inst2|SOPC_sdram:sdram|i_state.000                                                                                                                                                                     ; inst|altpll_component|pll|clk[0] ; inst|altpll_component|pll|clk[0] ; 0.000        ; 0.024      ; 3.679      ;
; 3.349 ; SOPC:inst2|altera_reset_controller:rst_controller|altera_reset_synchronizer:alt_rst_sync_uq1|altera_reset_synchronizer_int_chain_out ; SOPC:inst2|SOPC_sdram:sdram|i_count[0]                                                                                                                                                                      ; inst|altpll_component|pll|clk[0] ; inst|altpll_component|pll|clk[0] ; 0.000        ; 0.024      ; 3.679      ;
; 3.349 ; SOPC:inst2|altera_reset_controller:rst_controller|altera_reset_synchronizer:alt_rst_sync_uq1|altera_reset_synchronizer_int_chain_out ; SOPC:inst2|SOPC_sdram:sdram|i_count[2]                                                                                                                                                                      ; inst|altpll_component|pll|clk[0] ; inst|altpll_component|pll|clk[0] ; 0.000        ; 0.024      ; 3.679      ;
; 3.349 ; SOPC:inst2|altera_reset_controller:rst_controller|altera_reset_synchronizer:alt_rst_sync_uq1|altera_reset_synchronizer_int_chain_out ; SOPC:inst2|SOPC_sdram:sdram|i_next.111                                                                                                                                                                      ; inst|altpll_component|pll|clk[0] ; inst|altpll_component|pll|clk[0] ; 0.000        ; 0.024      ; 3.679      ;
; 3.349 ; SOPC:inst2|altera_reset_controller:rst_controller|altera_reset_synchronizer:alt_rst_sync_uq1|altera_reset_synchronizer_int_chain_out ; SOPC:inst2|SOPC_sdram:sdram|i_state.111                                                                                                                                                                     ; inst|altpll_component|pll|clk[0] ; inst|altpll_component|pll|clk[0] ; 0.000        ; 0.024      ; 3.679      ;
; 3.349 ; SOPC:inst2|altera_reset_controller:rst_controller|altera_reset_synchronizer:alt_rst_sync_uq1|altera_reset_synchronizer_int_chain_out ; SOPC:inst2|SOPC_sdram:sdram|i_next.101                                                                                                                                                                      ; inst|altpll_component|pll|clk[0] ; inst|altpll_component|pll|clk[0] ; 0.000        ; 0.024      ; 3.679      ;
; 3.349 ; SOPC:inst2|altera_reset_controller:rst_controller|altera_reset_synchronizer:alt_rst_sync_uq1|altera_reset_synchronizer_int_chain_out ; SOPC:inst2|SOPC_sdram:sdram|i_state.101                                                                                                                                                                     ; inst|altpll_component|pll|clk[0] ; inst|altpll_component|pll|clk[0] ; 0.000        ; 0.024      ; 3.679      ;
; 3.349 ; SOPC:inst2|altera_reset_controller:rst_controller|altera_reset_synchronizer:alt_rst_sync_uq1|altera_reset_synchronizer_int_chain_out ; SOPC:inst2|SOPC_sdram:sdram|init_done                                                                                                                                                                       ; inst|altpll_component|pll|clk[0] ; inst|altpll_component|pll|clk[0] ; 0.000        ; 0.020      ; 3.675      ;
; 3.349 ; SOPC:inst2|altera_reset_controller:rst_controller|altera_reset_synchronizer:alt_rst_sync_uq1|altera_reset_synchronizer_int_chain_out ; SOPC:inst2|altera_merlin_width_adapter:width_adapter|count[0]                                                                                                                                               ; inst|altpll_component|pll|clk[0] ; inst|altpll_component|pll|clk[0] ; 0.000        ; 0.009      ; 3.664      ;
; 3.349 ; SOPC:inst2|altera_reset_controller:rst_controller|altera_reset_synchronizer:alt_rst_sync_uq1|altera_reset_synchronizer_int_chain_out ; SOPC:inst2|altera_merlin_width_adapter:width_adapter|use_reg                                                                                                                                                ; inst|altpll_component|pll|clk[0] ; inst|altpll_component|pll|clk[0] ; 0.000        ; 0.009      ; 3.664      ;
; 3.349 ; SOPC:inst2|altera_reset_controller:rst_controller|altera_reset_synchronizer:alt_rst_sync_uq1|altera_reset_synchronizer_int_chain_out ; SOPC:inst2|altera_merlin_width_adapter:width_adapter|byteen_reg[0]                                                                                                                                          ; inst|altpll_component|pll|clk[0] ; inst|altpll_component|pll|clk[0] ; 0.000        ; 0.000      ; 3.655      ;
; 3.349 ; SOPC:inst2|altera_reset_controller:rst_controller|altera_reset_synchronizer:alt_rst_sync_uq1|altera_reset_synchronizer_int_chain_out ; SOPC:inst2|altera_merlin_width_adapter:width_adapter|byteen_reg[1]                                                                                                                                          ; inst|altpll_component|pll|clk[0] ; inst|altpll_component|pll|clk[0] ; 0.000        ; 0.000      ; 3.655      ;
; 3.349 ; SOPC:inst2|altera_reset_controller:rst_controller|altera_reset_synchronizer:alt_rst_sync_uq1|altera_reset_synchronizer_int_chain_out ; SOPC:inst2|SOPC_sdram:sdram|SOPC_sdram_input_efifo_module:the_SOPC_sdram_input_efifo_module|wr_address                                                                                                      ; inst|altpll_component|pll|clk[0] ; inst|altpll_component|pll|clk[0] ; 0.000        ; 0.008      ; 3.663      ;
; 3.349 ; SOPC:inst2|altera_reset_controller:rst_controller|altera_reset_synchronizer:alt_rst_sync_uq1|altera_reset_synchronizer_int_chain_out ; SOPC:inst2|SOPC_sdram:sdram|SOPC_sdram_input_efifo_module:the_SOPC_sdram_input_efifo_module|rd_address                                                                                                      ; inst|altpll_component|pll|clk[0] ; inst|altpll_component|pll|clk[0] ; 0.000        ; 0.014      ; 3.669      ;
; 3.349 ; SOPC:inst2|altera_reset_controller:rst_controller|altera_reset_synchronizer:alt_rst_sync_uq1|altera_reset_synchronizer_int_chain_out ; SOPC:inst2|SOPC_jtag_uart:jtag_uart|alt_jtag_atlantic:SOPC_jtag_uart_alt_jtag_atlantic|rst2                                                                                                                 ; inst|altpll_component|pll|clk[0] ; inst|altpll_component|pll|clk[0] ; 0.000        ; 0.011      ; 3.666      ;
; 3.349 ; SOPC:inst2|altera_reset_controller:rst_controller|altera_reset_synchronizer:alt_rst_sync_uq1|altera_reset_synchronizer_int_chain_out ; SOPC:inst2|SOPC_jtag_uart:jtag_uart|alt_jtag_atlantic:SOPC_jtag_uart_alt_jtag_atlantic|write1                                                                                                               ; inst|altpll_component|pll|clk[0] ; inst|altpll_component|pll|clk[0] ; 0.000        ; 0.011      ; 3.666      ;
; 3.349 ; SOPC:inst2|altera_reset_controller:rst_controller|altera_reset_synchronizer:alt_rst_sync_uq1|altera_reset_synchronizer_int_chain_out ; SOPC:inst2|SOPC_jtag_uart:jtag_uart|alt_jtag_atlantic:SOPC_jtag_uart_alt_jtag_atlantic|write2                                                                                                               ; inst|altpll_component|pll|clk[0] ; inst|altpll_component|pll|clk[0] ; 0.000        ; 0.011      ; 3.666      ;
; 3.349 ; SOPC:inst2|altera_reset_controller:rst_controller|altera_reset_synchronizer:alt_rst_sync_uq1|altera_reset_synchronizer_int_chain_out ; SOPC:inst2|SOPC_jtag_uart:jtag_uart|av_waitrequest                                                                                                                                                          ; inst|altpll_component|pll|clk[0] ; inst|altpll_component|pll|clk[0] ; 0.000        ; 0.026      ; 3.681      ;
; 3.349 ; SOPC:inst2|altera_reset_controller:rst_controller|altera_reset_synchronizer:alt_rst_sync_uq1|altera_reset_synchronizer_int_chain_out ; SOPC:inst2|altera_merlin_slave_translator:jtag_uart_avalon_jtag_slave_translator|read_latency_shift_reg[0]                                                                                                  ; inst|altpll_component|pll|clk[0] ; inst|altpll_component|pll|clk[0] ; 0.000        ; 0.026      ; 3.681      ;
; 3.349 ; SOPC:inst2|altera_reset_controller:rst_controller|altera_reset_synchronizer:alt_rst_sync_uq1|altera_reset_synchronizer_int_chain_out ; SOPC:inst2|altera_avalon_sc_fifo:jtag_uart_avalon_jtag_slave_translator_avalon_universal_slave_0_agent_rsp_fifo|mem_used[0]                                                                                 ; inst|altpll_component|pll|clk[0] ; inst|altpll_component|pll|clk[0] ; 0.000        ; 0.021      ; 3.676      ;
; 3.349 ; SOPC:inst2|altera_reset_controller:rst_controller|altera_reset_synchronizer:alt_rst_sync_uq1|altera_reset_synchronizer_int_chain_out ; SOPC:inst2|altera_avalon_sc_fifo:jtag_uart_avalon_jtag_slave_translator_avalon_universal_slave_0_agent_rsp_fifo|mem_used[1]                                                                                 ; inst|altpll_component|pll|clk[0] ; inst|altpll_component|pll|clk[0] ; 0.000        ; 0.021      ; 3.676      ;
; 3.349 ; SOPC:inst2|altera_reset_controller:rst_controller|altera_reset_synchronizer:alt_rst_sync_uq1|altera_reset_synchronizer_int_chain_out ; SOPC:inst2|SOPC_jtag_uart:jtag_uart|SOPC_jtag_uart_scfifo_r:the_SOPC_jtag_uart_scfifo_r|scfifo:rfifo|scfifo_1n21:auto_generated|a_dpfifo_8t21:dpfifo|a_fefifo_7cf:fifo_state|cntr_rj7:count_usedw|safe_q[0] ; inst|altpll_component|pll|clk[0] ; inst|altpll_component|pll|clk[0] ; 0.000        ; 0.026      ; 3.681      ;
; 3.349 ; SOPC:inst2|altera_reset_controller:rst_controller|altera_reset_synchronizer:alt_rst_sync_uq1|altera_reset_synchronizer_int_chain_out ; SOPC:inst2|SOPC_jtag_uart:jtag_uart|SOPC_jtag_uart_scfifo_r:the_SOPC_jtag_uart_scfifo_r|scfifo:rfifo|scfifo_1n21:auto_generated|a_dpfifo_8t21:dpfifo|a_fefifo_7cf:fifo_state|cntr_rj7:count_usedw|safe_q[1] ; inst|altpll_component|pll|clk[0] ; inst|altpll_component|pll|clk[0] ; 0.000        ; 0.026      ; 3.681      ;
; 3.349 ; SOPC:inst2|altera_reset_controller:rst_controller|altera_reset_synchronizer:alt_rst_sync_uq1|altera_reset_synchronizer_int_chain_out ; SOPC:inst2|SOPC_jtag_uart:jtag_uart|SOPC_jtag_uart_scfifo_r:the_SOPC_jtag_uart_scfifo_r|scfifo:rfifo|scfifo_1n21:auto_generated|a_dpfifo_8t21:dpfifo|a_fefifo_7cf:fifo_state|cntr_rj7:count_usedw|safe_q[2] ; inst|altpll_component|pll|clk[0] ; inst|altpll_component|pll|clk[0] ; 0.000        ; 0.026      ; 3.681      ;
; 3.349 ; SOPC:inst2|altera_reset_controller:rst_controller|altera_reset_synchronizer:alt_rst_sync_uq1|altera_reset_synchronizer_int_chain_out ; SOPC:inst2|SOPC_jtag_uart:jtag_uart|SOPC_jtag_uart_scfifo_r:the_SOPC_jtag_uart_scfifo_r|scfifo:rfifo|scfifo_1n21:auto_generated|a_dpfifo_8t21:dpfifo|a_fefifo_7cf:fifo_state|cntr_rj7:count_usedw|safe_q[3] ; inst|altpll_component|pll|clk[0] ; inst|altpll_component|pll|clk[0] ; 0.000        ; 0.026      ; 3.681      ;
; 3.349 ; SOPC:inst2|altera_reset_controller:rst_controller|altera_reset_synchronizer:alt_rst_sync_uq1|altera_reset_synchronizer_int_chain_out ; SOPC:inst2|SOPC_jtag_uart:jtag_uart|SOPC_jtag_uart_scfifo_r:the_SOPC_jtag_uart_scfifo_r|scfifo:rfifo|scfifo_1n21:auto_generated|a_dpfifo_8t21:dpfifo|a_fefifo_7cf:fifo_state|cntr_rj7:count_usedw|safe_q[4] ; inst|altpll_component|pll|clk[0] ; inst|altpll_component|pll|clk[0] ; 0.000        ; 0.026      ; 3.681      ;
; 3.349 ; SOPC:inst2|altera_reset_controller:rst_controller|altera_reset_synchronizer:alt_rst_sync_uq1|altera_reset_synchronizer_int_chain_out ; SOPC:inst2|SOPC_jtag_uart:jtag_uart|SOPC_jtag_uart_scfifo_r:the_SOPC_jtag_uart_scfifo_r|scfifo:rfifo|scfifo_1n21:auto_generated|a_dpfifo_8t21:dpfifo|a_fefifo_7cf:fifo_state|cntr_rj7:count_usedw|safe_q[5] ; inst|altpll_component|pll|clk[0] ; inst|altpll_component|pll|clk[0] ; 0.000        ; 0.026      ; 3.681      ;
; 3.349 ; SOPC:inst2|altera_reset_controller:rst_controller|altera_reset_synchronizer:alt_rst_sync_uq1|altera_reset_synchronizer_int_chain_out ; SOPC:inst2|SOPC_jtag_uart:jtag_uart|SOPC_jtag_uart_scfifo_r:the_SOPC_jtag_uart_scfifo_r|scfifo:rfifo|scfifo_1n21:auto_generated|a_dpfifo_8t21:dpfifo|a_fefifo_7cf:fifo_state|b_non_empty                    ; inst|altpll_component|pll|clk[0] ; inst|altpll_component|pll|clk[0] ; 0.000        ; 0.026      ; 3.681      ;
; 3.349 ; SOPC:inst2|altera_reset_controller:rst_controller|altera_reset_synchronizer:alt_rst_sync_uq1|altera_reset_synchronizer_int_chain_out ; SOPC:inst2|SOPC_jtag_uart:jtag_uart|SOPC_jtag_uart_scfifo_r:the_SOPC_jtag_uart_scfifo_r|scfifo:rfifo|scfifo_1n21:auto_generated|a_dpfifo_8t21:dpfifo|a_fefifo_7cf:fifo_state|b_full                         ; inst|altpll_component|pll|clk[0] ; inst|altpll_component|pll|clk[0] ; 0.000        ; 0.024      ; 3.679      ;
; 3.349 ; SOPC:inst2|altera_reset_controller:rst_controller|altera_reset_synchronizer:alt_rst_sync_uq1|altera_reset_synchronizer_int_chain_out ; SOPC:inst2|SOPC_jtag_uart:jtag_uart|t_dav                                                                                                                                                                   ; inst|altpll_component|pll|clk[0] ; inst|altpll_component|pll|clk[0] ; 0.000        ; 0.002      ; 3.657      ;
; 3.349 ; SOPC:inst2|altera_reset_controller:rst_controller|altera_reset_synchronizer:alt_rst_sync_uq1|altera_reset_synchronizer_int_chain_out ; SOPC:inst2|SOPC_jtag_uart:jtag_uart|alt_jtag_atlantic:SOPC_jtag_uart_alt_jtag_atlantic|t_ena~reg0                                                                                                           ; inst|altpll_component|pll|clk[0] ; inst|altpll_component|pll|clk[0] ; 0.000        ; 0.011      ; 3.666      ;
; 3.349 ; SOPC:inst2|altera_reset_controller:rst_controller|altera_reset_synchronizer:alt_rst_sync_uq1|altera_reset_synchronizer_int_chain_out ; SOPC:inst2|SOPC_jtag_uart:jtag_uart|r_val                                                                                                                                                                   ; inst|altpll_component|pll|clk[0] ; inst|altpll_component|pll|clk[0] ; 0.000        ; 0.002      ; 3.657      ;
; 3.349 ; SOPC:inst2|altera_reset_controller:rst_controller|altera_reset_synchronizer:alt_rst_sync_uq1|altera_reset_synchronizer_int_chain_out ; SOPC:inst2|SOPC_jtag_uart:jtag_uart|SOPC_jtag_uart_scfifo_w:the_SOPC_jtag_uart_scfifo_w|scfifo:wfifo|scfifo_1n21:auto_generated|a_dpfifo_8t21:dpfifo|a_fefifo_7cf:fifo_state|cntr_rj7:count_usedw|safe_q[0] ; inst|altpll_component|pll|clk[0] ; inst|altpll_component|pll|clk[0] ; 0.000        ; 0.023      ; 3.678      ;
; 3.349 ; SOPC:inst2|altera_reset_controller:rst_controller|altera_reset_synchronizer:alt_rst_sync_uq1|altera_reset_synchronizer_int_chain_out ; SOPC:inst2|SOPC_jtag_uart:jtag_uart|SOPC_jtag_uart_scfifo_w:the_SOPC_jtag_uart_scfifo_w|scfifo:wfifo|scfifo_1n21:auto_generated|a_dpfifo_8t21:dpfifo|a_fefifo_7cf:fifo_state|cntr_rj7:count_usedw|safe_q[2] ; inst|altpll_component|pll|clk[0] ; inst|altpll_component|pll|clk[0] ; 0.000        ; 0.023      ; 3.678      ;
; 3.349 ; SOPC:inst2|altera_reset_controller:rst_controller|altera_reset_synchronizer:alt_rst_sync_uq1|altera_reset_synchronizer_int_chain_out ; SOPC:inst2|SOPC_jtag_uart:jtag_uart|SOPC_jtag_uart_scfifo_w:the_SOPC_jtag_uart_scfifo_w|scfifo:wfifo|scfifo_1n21:auto_generated|a_dpfifo_8t21:dpfifo|a_fefifo_7cf:fifo_state|cntr_rj7:count_usedw|safe_q[3] ; inst|altpll_component|pll|clk[0] ; inst|altpll_component|pll|clk[0] ; 0.000        ; 0.023      ; 3.678      ;
; 3.349 ; SOPC:inst2|altera_reset_controller:rst_controller|altera_reset_synchronizer:alt_rst_sync_uq1|altera_reset_synchronizer_int_chain_out ; SOPC:inst2|SOPC_jtag_uart:jtag_uart|SOPC_jtag_uart_scfifo_w:the_SOPC_jtag_uart_scfifo_w|scfifo:wfifo|scfifo_1n21:auto_generated|a_dpfifo_8t21:dpfifo|a_fefifo_7cf:fifo_state|cntr_rj7:count_usedw|safe_q[4] ; inst|altpll_component|pll|clk[0] ; inst|altpll_component|pll|clk[0] ; 0.000        ; 0.023      ; 3.678      ;
; 3.349 ; SOPC:inst2|altera_reset_controller:rst_controller|altera_reset_synchronizer:alt_rst_sync_uq1|altera_reset_synchronizer_int_chain_out ; SOPC:inst2|SOPC_jtag_uart:jtag_uart|SOPC_jtag_uart_scfifo_w:the_SOPC_jtag_uart_scfifo_w|scfifo:wfifo|scfifo_1n21:auto_generated|a_dpfifo_8t21:dpfifo|a_fefifo_7cf:fifo_state|cntr_rj7:count_usedw|safe_q[5] ; inst|altpll_component|pll|clk[0] ; inst|altpll_component|pll|clk[0] ; 0.000        ; 0.023      ; 3.678      ;
; 3.349 ; SOPC:inst2|altera_reset_controller:rst_controller|altera_reset_synchronizer:alt_rst_sync_uq1|altera_reset_synchronizer_int_chain_out ; SOPC:inst2|SOPC_jtag_uart:jtag_uart|SOPC_jtag_uart_scfifo_w:the_SOPC_jtag_uart_scfifo_w|scfifo:wfifo|scfifo_1n21:auto_generated|a_dpfifo_8t21:dpfifo|a_fefifo_7cf:fifo_state|b_non_empty                    ; inst|altpll_component|pll|clk[0] ; inst|altpll_component|pll|clk[0] ; 0.000        ; 0.023      ; 3.678      ;
; 3.349 ; SOPC:inst2|altera_reset_controller:rst_controller|altera_reset_synchronizer:alt_rst_sync_uq1|altera_reset_synchronizer_int_chain_out ; SOPC:inst2|SOPC_jtag_uart:jtag_uart|SOPC_jtag_uart_scfifo_w:the_SOPC_jtag_uart_scfifo_w|scfifo:wfifo|scfifo_1n21:auto_generated|a_dpfifo_8t21:dpfifo|a_fefifo_7cf:fifo_state|cntr_rj7:count_usedw|safe_q[1] ; inst|altpll_component|pll|clk[0] ; inst|altpll_component|pll|clk[0] ; 0.000        ; 0.023      ; 3.678      ;
; 3.349 ; SOPC:inst2|altera_reset_controller:rst_controller|altera_reset_synchronizer:alt_rst_sync_uq1|altera_reset_synchronizer_int_chain_out ; SOPC:inst2|SOPC_jtag_uart:jtag_uart|SOPC_jtag_uart_scfifo_w:the_SOPC_jtag_uart_scfifo_w|scfifo:wfifo|scfifo_1n21:auto_generated|a_dpfifo_8t21:dpfifo|a_fefifo_7cf:fifo_state|b_full                         ; inst|altpll_component|pll|clk[0] ; inst|altpll_component|pll|clk[0] ; 0.000        ; 0.023      ; 3.678      ;
; 3.349 ; SOPC:inst2|altera_reset_controller:rst_controller|altera_reset_synchronizer:alt_rst_sync_uq1|altera_reset_synchronizer_int_chain_out ; SOPC:inst2|SOPC_jtag_uart:jtag_uart|fifo_wr                                                                                                                                                                 ; inst|altpll_component|pll|clk[0] ; inst|altpll_component|pll|clk[0] ; 0.000        ; 0.029      ; 3.684      ;
; 3.349 ; SOPC:inst2|altera_reset_controller:rst_controller|altera_reset_synchronizer:alt_rst_sync_uq1|altera_reset_synchronizer_int_chain_out ; SOPC:inst2|altera_avalon_sc_fifo:lcd32_data_s1_translator_avalon_universal_slave_0_agent_rsp_fifo|mem_used[0]                                                                                               ; inst|altpll_component|pll|clk[0] ; inst|altpll_component|pll|clk[0] ; 0.000        ; 0.001      ; 3.656      ;
; 3.349 ; SOPC:inst2|altera_reset_controller:rst_controller|altera_reset_synchronizer:alt_rst_sync_uq1|altera_reset_synchronizer_int_chain_out ; SOPC:inst2|altera_merlin_slave_translator:lcd32_data_s1_translator|wait_latency_counter[1]                                                                                                                  ; inst|altpll_component|pll|clk[0] ; inst|altpll_component|pll|clk[0] ; 0.000        ; 0.001      ; 3.656      ;
; 3.349 ; SOPC:inst2|altera_reset_controller:rst_controller|altera_reset_synchronizer:alt_rst_sync_uq1|altera_reset_synchronizer_int_chain_out ; SOPC:inst2|altera_avalon_sc_fifo:lcd32_data_s1_translator_avalon_universal_slave_0_agent_rsp_fifo|mem_used[1]                                                                                               ; inst|altpll_component|pll|clk[0] ; inst|altpll_component|pll|clk[0] ; 0.000        ; 0.001      ; 3.656      ;
; 3.349 ; SOPC:inst2|altera_reset_controller:rst_controller|altera_reset_synchronizer:alt_rst_sync_uq1|altera_reset_synchronizer_int_chain_out ; SOPC:inst2|altera_merlin_slave_translator:lcd32_data_s1_translator|wait_latency_counter[0]                                                                                                                  ; inst|altpll_component|pll|clk[0] ; inst|altpll_component|pll|clk[0] ; 0.000        ; 0.001      ; 3.656      ;
+-------+--------------------------------------------------------------------------------------------------------------------------------------+-------------------------------------------------------------------------------------------------------------------------------------------------------------------------------------------------------------+----------------------------------+----------------------------------+--------------+------------+------------+


+----------------------------------------------------------------------------------------------------------------------------------------------------------------------------------------------------------------------------------------------------------------------+
; Slow Model Minimum Pulse Width: 'inst|altpll_component|pll|clk[0]'                                                                                                                                                                                                   ;
+-------+--------------+----------------+------------------+----------------------------------+------------+-----------------------------------------------------------------------------------------------------------------------------------------------------------+
; Slack ; Actual Width ; Required Width ; Type             ; Clock                            ; Clock Edge ; Target                                                                                                                                                    ;
+-------+--------------+----------------+------------------+----------------------------------+------------+-----------------------------------------------------------------------------------------------------------------------------------------------------------+
; 6.933 ; 10.000       ; 3.067          ; High Pulse Width ; inst|altpll_component|pll|clk[0] ; Rise       ; SOPC:inst2|SOPC_cpu:cpu|D_bht_data[0]                                                                                                                     ;
; 6.933 ; 10.000       ; 3.067          ; Low Pulse Width  ; inst|altpll_component|pll|clk[0] ; Rise       ; SOPC:inst2|SOPC_cpu:cpu|D_bht_data[0]                                                                                                                     ;
; 6.933 ; 10.000       ; 3.067          ; High Pulse Width ; inst|altpll_component|pll|clk[0] ; Rise       ; SOPC:inst2|SOPC_cpu:cpu|D_bht_data[1]                                                                                                                     ;
; 6.933 ; 10.000       ; 3.067          ; Low Pulse Width  ; inst|altpll_component|pll|clk[0] ; Rise       ; SOPC:inst2|SOPC_cpu:cpu|D_bht_data[1]                                                                                                                     ;
; 6.933 ; 10.000       ; 3.067          ; High Pulse Width ; inst|altpll_component|pll|clk[0] ; Rise       ; SOPC:inst2|SOPC_cpu:cpu|SOPC_cpu_bht_module:SOPC_cpu_bht|altsyncram:the_altsyncram|altsyncram_d5g1:auto_generated|ram_block1a0~porta_address_reg0         ;
; 6.933 ; 10.000       ; 3.067          ; Low Pulse Width  ; inst|altpll_component|pll|clk[0] ; Rise       ; SOPC:inst2|SOPC_cpu:cpu|SOPC_cpu_bht_module:SOPC_cpu_bht|altsyncram:the_altsyncram|altsyncram_d5g1:auto_generated|ram_block1a0~porta_address_reg0         ;
; 6.933 ; 10.000       ; 3.067          ; High Pulse Width ; inst|altpll_component|pll|clk[0] ; Rise       ; SOPC:inst2|SOPC_cpu:cpu|SOPC_cpu_bht_module:SOPC_cpu_bht|altsyncram:the_altsyncram|altsyncram_d5g1:auto_generated|ram_block1a0~porta_address_reg1         ;
; 6.933 ; 10.000       ; 3.067          ; Low Pulse Width  ; inst|altpll_component|pll|clk[0] ; Rise       ; SOPC:inst2|SOPC_cpu:cpu|SOPC_cpu_bht_module:SOPC_cpu_bht|altsyncram:the_altsyncram|altsyncram_d5g1:auto_generated|ram_block1a0~porta_address_reg1         ;
; 6.933 ; 10.000       ; 3.067          ; High Pulse Width ; inst|altpll_component|pll|clk[0] ; Rise       ; SOPC:inst2|SOPC_cpu:cpu|SOPC_cpu_bht_module:SOPC_cpu_bht|altsyncram:the_altsyncram|altsyncram_d5g1:auto_generated|ram_block1a0~porta_address_reg2         ;
; 6.933 ; 10.000       ; 3.067          ; Low Pulse Width  ; inst|altpll_component|pll|clk[0] ; Rise       ; SOPC:inst2|SOPC_cpu:cpu|SOPC_cpu_bht_module:SOPC_cpu_bht|altsyncram:the_altsyncram|altsyncram_d5g1:auto_generated|ram_block1a0~porta_address_reg2         ;
; 6.933 ; 10.000       ; 3.067          ; High Pulse Width ; inst|altpll_component|pll|clk[0] ; Rise       ; SOPC:inst2|SOPC_cpu:cpu|SOPC_cpu_bht_module:SOPC_cpu_bht|altsyncram:the_altsyncram|altsyncram_d5g1:auto_generated|ram_block1a0~porta_address_reg3         ;
; 6.933 ; 10.000       ; 3.067          ; Low Pulse Width  ; inst|altpll_component|pll|clk[0] ; Rise       ; SOPC:inst2|SOPC_cpu:cpu|SOPC_cpu_bht_module:SOPC_cpu_bht|altsyncram:the_altsyncram|altsyncram_d5g1:auto_generated|ram_block1a0~porta_address_reg3         ;
; 6.933 ; 10.000       ; 3.067          ; High Pulse Width ; inst|altpll_component|pll|clk[0] ; Rise       ; SOPC:inst2|SOPC_cpu:cpu|SOPC_cpu_bht_module:SOPC_cpu_bht|altsyncram:the_altsyncram|altsyncram_d5g1:auto_generated|ram_block1a0~porta_address_reg4         ;
; 6.933 ; 10.000       ; 3.067          ; Low Pulse Width  ; inst|altpll_component|pll|clk[0] ; Rise       ; SOPC:inst2|SOPC_cpu:cpu|SOPC_cpu_bht_module:SOPC_cpu_bht|altsyncram:the_altsyncram|altsyncram_d5g1:auto_generated|ram_block1a0~porta_address_reg4         ;
; 6.933 ; 10.000       ; 3.067          ; High Pulse Width ; inst|altpll_component|pll|clk[0] ; Rise       ; SOPC:inst2|SOPC_cpu:cpu|SOPC_cpu_bht_module:SOPC_cpu_bht|altsyncram:the_altsyncram|altsyncram_d5g1:auto_generated|ram_block1a0~porta_address_reg5         ;
; 6.933 ; 10.000       ; 3.067          ; Low Pulse Width  ; inst|altpll_component|pll|clk[0] ; Rise       ; SOPC:inst2|SOPC_cpu:cpu|SOPC_cpu_bht_module:SOPC_cpu_bht|altsyncram:the_altsyncram|altsyncram_d5g1:auto_generated|ram_block1a0~porta_address_reg5         ;
; 6.933 ; 10.000       ; 3.067          ; High Pulse Width ; inst|altpll_component|pll|clk[0] ; Rise       ; SOPC:inst2|SOPC_cpu:cpu|SOPC_cpu_bht_module:SOPC_cpu_bht|altsyncram:the_altsyncram|altsyncram_d5g1:auto_generated|ram_block1a0~porta_address_reg6         ;
; 6.933 ; 10.000       ; 3.067          ; Low Pulse Width  ; inst|altpll_component|pll|clk[0] ; Rise       ; SOPC:inst2|SOPC_cpu:cpu|SOPC_cpu_bht_module:SOPC_cpu_bht|altsyncram:the_altsyncram|altsyncram_d5g1:auto_generated|ram_block1a0~porta_address_reg6         ;
; 6.933 ; 10.000       ; 3.067          ; High Pulse Width ; inst|altpll_component|pll|clk[0] ; Rise       ; SOPC:inst2|SOPC_cpu:cpu|SOPC_cpu_bht_module:SOPC_cpu_bht|altsyncram:the_altsyncram|altsyncram_d5g1:auto_generated|ram_block1a0~porta_address_reg7         ;
; 6.933 ; 10.000       ; 3.067          ; Low Pulse Width  ; inst|altpll_component|pll|clk[0] ; Rise       ; SOPC:inst2|SOPC_cpu:cpu|SOPC_cpu_bht_module:SOPC_cpu_bht|altsyncram:the_altsyncram|altsyncram_d5g1:auto_generated|ram_block1a0~porta_address_reg7         ;
; 6.933 ; 10.000       ; 3.067          ; High Pulse Width ; inst|altpll_component|pll|clk[0] ; Rise       ; SOPC:inst2|SOPC_cpu:cpu|SOPC_cpu_bht_module:SOPC_cpu_bht|altsyncram:the_altsyncram|altsyncram_d5g1:auto_generated|ram_block1a0~porta_datain_reg0          ;
; 6.933 ; 10.000       ; 3.067          ; Low Pulse Width  ; inst|altpll_component|pll|clk[0] ; Rise       ; SOPC:inst2|SOPC_cpu:cpu|SOPC_cpu_bht_module:SOPC_cpu_bht|altsyncram:the_altsyncram|altsyncram_d5g1:auto_generated|ram_block1a0~porta_datain_reg0          ;
; 6.933 ; 10.000       ; 3.067          ; High Pulse Width ; inst|altpll_component|pll|clk[0] ; Rise       ; SOPC:inst2|SOPC_cpu:cpu|SOPC_cpu_bht_module:SOPC_cpu_bht|altsyncram:the_altsyncram|altsyncram_d5g1:auto_generated|ram_block1a0~porta_datain_reg1          ;
; 6.933 ; 10.000       ; 3.067          ; Low Pulse Width  ; inst|altpll_component|pll|clk[0] ; Rise       ; SOPC:inst2|SOPC_cpu:cpu|SOPC_cpu_bht_module:SOPC_cpu_bht|altsyncram:the_altsyncram|altsyncram_d5g1:auto_generated|ram_block1a0~porta_datain_reg1          ;
; 6.933 ; 10.000       ; 3.067          ; High Pulse Width ; inst|altpll_component|pll|clk[0] ; Rise       ; SOPC:inst2|SOPC_cpu:cpu|SOPC_cpu_bht_module:SOPC_cpu_bht|altsyncram:the_altsyncram|altsyncram_d5g1:auto_generated|ram_block1a0~porta_memory_reg0          ;
; 6.933 ; 10.000       ; 3.067          ; Low Pulse Width  ; inst|altpll_component|pll|clk[0] ; Rise       ; SOPC:inst2|SOPC_cpu:cpu|SOPC_cpu_bht_module:SOPC_cpu_bht|altsyncram:the_altsyncram|altsyncram_d5g1:auto_generated|ram_block1a0~porta_memory_reg0          ;
; 6.933 ; 10.000       ; 3.067          ; High Pulse Width ; inst|altpll_component|pll|clk[0] ; Rise       ; SOPC:inst2|SOPC_cpu:cpu|SOPC_cpu_bht_module:SOPC_cpu_bht|altsyncram:the_altsyncram|altsyncram_d5g1:auto_generated|ram_block1a0~porta_we_reg               ;
; 6.933 ; 10.000       ; 3.067          ; Low Pulse Width  ; inst|altpll_component|pll|clk[0] ; Rise       ; SOPC:inst2|SOPC_cpu:cpu|SOPC_cpu_bht_module:SOPC_cpu_bht|altsyncram:the_altsyncram|altsyncram_d5g1:auto_generated|ram_block1a0~porta_we_reg               ;
; 6.933 ; 10.000       ; 3.067          ; High Pulse Width ; inst|altpll_component|pll|clk[0] ; Rise       ; SOPC:inst2|SOPC_cpu:cpu|SOPC_cpu_bht_module:SOPC_cpu_bht|altsyncram:the_altsyncram|altsyncram_d5g1:auto_generated|ram_block1a0~portb_address_reg0         ;
; 6.933 ; 10.000       ; 3.067          ; Low Pulse Width  ; inst|altpll_component|pll|clk[0] ; Rise       ; SOPC:inst2|SOPC_cpu:cpu|SOPC_cpu_bht_module:SOPC_cpu_bht|altsyncram:the_altsyncram|altsyncram_d5g1:auto_generated|ram_block1a0~portb_address_reg0         ;
; 6.933 ; 10.000       ; 3.067          ; High Pulse Width ; inst|altpll_component|pll|clk[0] ; Rise       ; SOPC:inst2|SOPC_cpu:cpu|SOPC_cpu_bht_module:SOPC_cpu_bht|altsyncram:the_altsyncram|altsyncram_d5g1:auto_generated|ram_block1a0~portb_address_reg1         ;
; 6.933 ; 10.000       ; 3.067          ; Low Pulse Width  ; inst|altpll_component|pll|clk[0] ; Rise       ; SOPC:inst2|SOPC_cpu:cpu|SOPC_cpu_bht_module:SOPC_cpu_bht|altsyncram:the_altsyncram|altsyncram_d5g1:auto_generated|ram_block1a0~portb_address_reg1         ;
; 6.933 ; 10.000       ; 3.067          ; High Pulse Width ; inst|altpll_component|pll|clk[0] ; Rise       ; SOPC:inst2|SOPC_cpu:cpu|SOPC_cpu_bht_module:SOPC_cpu_bht|altsyncram:the_altsyncram|altsyncram_d5g1:auto_generated|ram_block1a0~portb_address_reg2         ;
; 6.933 ; 10.000       ; 3.067          ; Low Pulse Width  ; inst|altpll_component|pll|clk[0] ; Rise       ; SOPC:inst2|SOPC_cpu:cpu|SOPC_cpu_bht_module:SOPC_cpu_bht|altsyncram:the_altsyncram|altsyncram_d5g1:auto_generated|ram_block1a0~portb_address_reg2         ;
; 6.933 ; 10.000       ; 3.067          ; High Pulse Width ; inst|altpll_component|pll|clk[0] ; Rise       ; SOPC:inst2|SOPC_cpu:cpu|SOPC_cpu_bht_module:SOPC_cpu_bht|altsyncram:the_altsyncram|altsyncram_d5g1:auto_generated|ram_block1a0~portb_address_reg3         ;
; 6.933 ; 10.000       ; 3.067          ; Low Pulse Width  ; inst|altpll_component|pll|clk[0] ; Rise       ; SOPC:inst2|SOPC_cpu:cpu|SOPC_cpu_bht_module:SOPC_cpu_bht|altsyncram:the_altsyncram|altsyncram_d5g1:auto_generated|ram_block1a0~portb_address_reg3         ;
; 6.933 ; 10.000       ; 3.067          ; High Pulse Width ; inst|altpll_component|pll|clk[0] ; Rise       ; SOPC:inst2|SOPC_cpu:cpu|SOPC_cpu_bht_module:SOPC_cpu_bht|altsyncram:the_altsyncram|altsyncram_d5g1:auto_generated|ram_block1a0~portb_address_reg4         ;
; 6.933 ; 10.000       ; 3.067          ; Low Pulse Width  ; inst|altpll_component|pll|clk[0] ; Rise       ; SOPC:inst2|SOPC_cpu:cpu|SOPC_cpu_bht_module:SOPC_cpu_bht|altsyncram:the_altsyncram|altsyncram_d5g1:auto_generated|ram_block1a0~portb_address_reg4         ;
; 6.933 ; 10.000       ; 3.067          ; High Pulse Width ; inst|altpll_component|pll|clk[0] ; Rise       ; SOPC:inst2|SOPC_cpu:cpu|SOPC_cpu_bht_module:SOPC_cpu_bht|altsyncram:the_altsyncram|altsyncram_d5g1:auto_generated|ram_block1a0~portb_address_reg5         ;
; 6.933 ; 10.000       ; 3.067          ; Low Pulse Width  ; inst|altpll_component|pll|clk[0] ; Rise       ; SOPC:inst2|SOPC_cpu:cpu|SOPC_cpu_bht_module:SOPC_cpu_bht|altsyncram:the_altsyncram|altsyncram_d5g1:auto_generated|ram_block1a0~portb_address_reg5         ;
; 6.933 ; 10.000       ; 3.067          ; High Pulse Width ; inst|altpll_component|pll|clk[0] ; Rise       ; SOPC:inst2|SOPC_cpu:cpu|SOPC_cpu_bht_module:SOPC_cpu_bht|altsyncram:the_altsyncram|altsyncram_d5g1:auto_generated|ram_block1a0~portb_address_reg6         ;
; 6.933 ; 10.000       ; 3.067          ; Low Pulse Width  ; inst|altpll_component|pll|clk[0] ; Rise       ; SOPC:inst2|SOPC_cpu:cpu|SOPC_cpu_bht_module:SOPC_cpu_bht|altsyncram:the_altsyncram|altsyncram_d5g1:auto_generated|ram_block1a0~portb_address_reg6         ;
; 6.933 ; 10.000       ; 3.067          ; High Pulse Width ; inst|altpll_component|pll|clk[0] ; Rise       ; SOPC:inst2|SOPC_cpu:cpu|SOPC_cpu_bht_module:SOPC_cpu_bht|altsyncram:the_altsyncram|altsyncram_d5g1:auto_generated|ram_block1a0~portb_address_reg7         ;
; 6.933 ; 10.000       ; 3.067          ; Low Pulse Width  ; inst|altpll_component|pll|clk[0] ; Rise       ; SOPC:inst2|SOPC_cpu:cpu|SOPC_cpu_bht_module:SOPC_cpu_bht|altsyncram:the_altsyncram|altsyncram_d5g1:auto_generated|ram_block1a0~portb_address_reg7         ;
; 6.933 ; 10.000       ; 3.067          ; High Pulse Width ; inst|altpll_component|pll|clk[0] ; Rise       ; SOPC:inst2|SOPC_cpu:cpu|SOPC_cpu_bht_module:SOPC_cpu_bht|altsyncram:the_altsyncram|altsyncram_d5g1:auto_generated|ram_block1a0~portb_re_reg               ;
; 6.933 ; 10.000       ; 3.067          ; Low Pulse Width  ; inst|altpll_component|pll|clk[0] ; Rise       ; SOPC:inst2|SOPC_cpu:cpu|SOPC_cpu_bht_module:SOPC_cpu_bht|altsyncram:the_altsyncram|altsyncram_d5g1:auto_generated|ram_block1a0~portb_re_reg               ;
; 6.933 ; 10.000       ; 3.067          ; High Pulse Width ; inst|altpll_component|pll|clk[0] ; Rise       ; SOPC:inst2|SOPC_cpu:cpu|SOPC_cpu_bht_module:SOPC_cpu_bht|altsyncram:the_altsyncram|altsyncram_d5g1:auto_generated|ram_block1a1~porta_memory_reg0          ;
; 6.933 ; 10.000       ; 3.067          ; Low Pulse Width  ; inst|altpll_component|pll|clk[0] ; Rise       ; SOPC:inst2|SOPC_cpu:cpu|SOPC_cpu_bht_module:SOPC_cpu_bht|altsyncram:the_altsyncram|altsyncram_d5g1:auto_generated|ram_block1a1~porta_memory_reg0          ;
; 6.933 ; 10.000       ; 3.067          ; High Pulse Width ; inst|altpll_component|pll|clk[0] ; Rise       ; SOPC:inst2|SOPC_cpu:cpu|SOPC_cpu_ic_data_module:SOPC_cpu_ic_data|altsyncram:the_altsyncram|altsyncram_c9d1:auto_generated|ram_block1a0~porta_address_reg0 ;
; 6.933 ; 10.000       ; 3.067          ; Low Pulse Width  ; inst|altpll_component|pll|clk[0] ; Rise       ; SOPC:inst2|SOPC_cpu:cpu|SOPC_cpu_ic_data_module:SOPC_cpu_ic_data|altsyncram:the_altsyncram|altsyncram_c9d1:auto_generated|ram_block1a0~porta_address_reg0 ;
; 6.933 ; 10.000       ; 3.067          ; High Pulse Width ; inst|altpll_component|pll|clk[0] ; Rise       ; SOPC:inst2|SOPC_cpu:cpu|SOPC_cpu_ic_data_module:SOPC_cpu_ic_data|altsyncram:the_altsyncram|altsyncram_c9d1:auto_generated|ram_block1a0~porta_address_reg1 ;
; 6.933 ; 10.000       ; 3.067          ; Low Pulse Width  ; inst|altpll_component|pll|clk[0] ; Rise       ; SOPC:inst2|SOPC_cpu:cpu|SOPC_cpu_ic_data_module:SOPC_cpu_ic_data|altsyncram:the_altsyncram|altsyncram_c9d1:auto_generated|ram_block1a0~porta_address_reg1 ;
; 6.933 ; 10.000       ; 3.067          ; High Pulse Width ; inst|altpll_component|pll|clk[0] ; Rise       ; SOPC:inst2|SOPC_cpu:cpu|SOPC_cpu_ic_data_module:SOPC_cpu_ic_data|altsyncram:the_altsyncram|altsyncram_c9d1:auto_generated|ram_block1a0~porta_address_reg2 ;
; 6.933 ; 10.000       ; 3.067          ; Low Pulse Width  ; inst|altpll_component|pll|clk[0] ; Rise       ; SOPC:inst2|SOPC_cpu:cpu|SOPC_cpu_ic_data_module:SOPC_cpu_ic_data|altsyncram:the_altsyncram|altsyncram_c9d1:auto_generated|ram_block1a0~porta_address_reg2 ;
; 6.933 ; 10.000       ; 3.067          ; High Pulse Width ; inst|altpll_component|pll|clk[0] ; Rise       ; SOPC:inst2|SOPC_cpu:cpu|SOPC_cpu_ic_data_module:SOPC_cpu_ic_data|altsyncram:the_altsyncram|altsyncram_c9d1:auto_generated|ram_block1a0~porta_address_reg3 ;
; 6.933 ; 10.000       ; 3.067          ; Low Pulse Width  ; inst|altpll_component|pll|clk[0] ; Rise       ; SOPC:inst2|SOPC_cpu:cpu|SOPC_cpu_ic_data_module:SOPC_cpu_ic_data|altsyncram:the_altsyncram|altsyncram_c9d1:auto_generated|ram_block1a0~porta_address_reg3 ;
; 6.933 ; 10.000       ; 3.067          ; High Pulse Width ; inst|altpll_component|pll|clk[0] ; Rise       ; SOPC:inst2|SOPC_cpu:cpu|SOPC_cpu_ic_data_module:SOPC_cpu_ic_data|altsyncram:the_altsyncram|altsyncram_c9d1:auto_generated|ram_block1a0~porta_address_reg4 ;
; 6.933 ; 10.000       ; 3.067          ; Low Pulse Width  ; inst|altpll_component|pll|clk[0] ; Rise       ; SOPC:inst2|SOPC_cpu:cpu|SOPC_cpu_ic_data_module:SOPC_cpu_ic_data|altsyncram:the_altsyncram|altsyncram_c9d1:auto_generated|ram_block1a0~porta_address_reg4 ;
; 6.933 ; 10.000       ; 3.067          ; High Pulse Width ; inst|altpll_component|pll|clk[0] ; Rise       ; SOPC:inst2|SOPC_cpu:cpu|SOPC_cpu_ic_data_module:SOPC_cpu_ic_data|altsyncram:the_altsyncram|altsyncram_c9d1:auto_generated|ram_block1a0~porta_address_reg5 ;
; 6.933 ; 10.000       ; 3.067          ; Low Pulse Width  ; inst|altpll_component|pll|clk[0] ; Rise       ; SOPC:inst2|SOPC_cpu:cpu|SOPC_cpu_ic_data_module:SOPC_cpu_ic_data|altsyncram:the_altsyncram|altsyncram_c9d1:auto_generated|ram_block1a0~porta_address_reg5 ;
; 6.933 ; 10.000       ; 3.067          ; High Pulse Width ; inst|altpll_component|pll|clk[0] ; Rise       ; SOPC:inst2|SOPC_cpu:cpu|SOPC_cpu_ic_data_module:SOPC_cpu_ic_data|altsyncram:the_altsyncram|altsyncram_c9d1:auto_generated|ram_block1a0~porta_address_reg6 ;
; 6.933 ; 10.000       ; 3.067          ; Low Pulse Width  ; inst|altpll_component|pll|clk[0] ; Rise       ; SOPC:inst2|SOPC_cpu:cpu|SOPC_cpu_ic_data_module:SOPC_cpu_ic_data|altsyncram:the_altsyncram|altsyncram_c9d1:auto_generated|ram_block1a0~porta_address_reg6 ;
; 6.933 ; 10.000       ; 3.067          ; High Pulse Width ; inst|altpll_component|pll|clk[0] ; Rise       ; SOPC:inst2|SOPC_cpu:cpu|SOPC_cpu_ic_data_module:SOPC_cpu_ic_data|altsyncram:the_altsyncram|altsyncram_c9d1:auto_generated|ram_block1a0~porta_address_reg7 ;
; 6.933 ; 10.000       ; 3.067          ; Low Pulse Width  ; inst|altpll_component|pll|clk[0] ; Rise       ; SOPC:inst2|SOPC_cpu:cpu|SOPC_cpu_ic_data_module:SOPC_cpu_ic_data|altsyncram:the_altsyncram|altsyncram_c9d1:auto_generated|ram_block1a0~porta_address_reg7 ;
; 6.933 ; 10.000       ; 3.067          ; High Pulse Width ; inst|altpll_component|pll|clk[0] ; Rise       ; SOPC:inst2|SOPC_cpu:cpu|SOPC_cpu_ic_data_module:SOPC_cpu_ic_data|altsyncram:the_altsyncram|altsyncram_c9d1:auto_generated|ram_block1a0~porta_address_reg8 ;
; 6.933 ; 10.000       ; 3.067          ; Low Pulse Width  ; inst|altpll_component|pll|clk[0] ; Rise       ; SOPC:inst2|SOPC_cpu:cpu|SOPC_cpu_ic_data_module:SOPC_cpu_ic_data|altsyncram:the_altsyncram|altsyncram_c9d1:auto_generated|ram_block1a0~porta_address_reg8 ;
; 6.933 ; 10.000       ; 3.067          ; High Pulse Width ; inst|altpll_component|pll|clk[0] ; Rise       ; SOPC:inst2|SOPC_cpu:cpu|SOPC_cpu_ic_data_module:SOPC_cpu_ic_data|altsyncram:the_altsyncram|altsyncram_c9d1:auto_generated|ram_block1a0~porta_datain_reg0  ;
; 6.933 ; 10.000       ; 3.067          ; Low Pulse Width  ; inst|altpll_component|pll|clk[0] ; Rise       ; SOPC:inst2|SOPC_cpu:cpu|SOPC_cpu_ic_data_module:SOPC_cpu_ic_data|altsyncram:the_altsyncram|altsyncram_c9d1:auto_generated|ram_block1a0~porta_datain_reg0  ;
; 6.933 ; 10.000       ; 3.067          ; High Pulse Width ; inst|altpll_component|pll|clk[0] ; Rise       ; SOPC:inst2|SOPC_cpu:cpu|SOPC_cpu_ic_data_module:SOPC_cpu_ic_data|altsyncram:the_altsyncram|altsyncram_c9d1:auto_generated|ram_block1a0~porta_datain_reg1  ;
; 6.933 ; 10.000       ; 3.067          ; Low Pulse Width  ; inst|altpll_component|pll|clk[0] ; Rise       ; SOPC:inst2|SOPC_cpu:cpu|SOPC_cpu_ic_data_module:SOPC_cpu_ic_data|altsyncram:the_altsyncram|altsyncram_c9d1:auto_generated|ram_block1a0~porta_datain_reg1  ;
; 6.933 ; 10.000       ; 3.067          ; High Pulse Width ; inst|altpll_component|pll|clk[0] ; Rise       ; SOPC:inst2|SOPC_cpu:cpu|SOPC_cpu_ic_data_module:SOPC_cpu_ic_data|altsyncram:the_altsyncram|altsyncram_c9d1:auto_generated|ram_block1a0~porta_datain_reg2  ;
; 6.933 ; 10.000       ; 3.067          ; Low Pulse Width  ; inst|altpll_component|pll|clk[0] ; Rise       ; SOPC:inst2|SOPC_cpu:cpu|SOPC_cpu_ic_data_module:SOPC_cpu_ic_data|altsyncram:the_altsyncram|altsyncram_c9d1:auto_generated|ram_block1a0~porta_datain_reg2  ;
; 6.933 ; 10.000       ; 3.067          ; High Pulse Width ; inst|altpll_component|pll|clk[0] ; Rise       ; SOPC:inst2|SOPC_cpu:cpu|SOPC_cpu_ic_data_module:SOPC_cpu_ic_data|altsyncram:the_altsyncram|altsyncram_c9d1:auto_generated|ram_block1a0~porta_datain_reg3  ;
; 6.933 ; 10.000       ; 3.067          ; Low Pulse Width  ; inst|altpll_component|pll|clk[0] ; Rise       ; SOPC:inst2|SOPC_cpu:cpu|SOPC_cpu_ic_data_module:SOPC_cpu_ic_data|altsyncram:the_altsyncram|altsyncram_c9d1:auto_generated|ram_block1a0~porta_datain_reg3  ;
; 6.933 ; 10.000       ; 3.067          ; High Pulse Width ; inst|altpll_component|pll|clk[0] ; Rise       ; SOPC:inst2|SOPC_cpu:cpu|SOPC_cpu_ic_data_module:SOPC_cpu_ic_data|altsyncram:the_altsyncram|altsyncram_c9d1:auto_generated|ram_block1a0~porta_datain_reg4  ;
; 6.933 ; 10.000       ; 3.067          ; Low Pulse Width  ; inst|altpll_component|pll|clk[0] ; Rise       ; SOPC:inst2|SOPC_cpu:cpu|SOPC_cpu_ic_data_module:SOPC_cpu_ic_data|altsyncram:the_altsyncram|altsyncram_c9d1:auto_generated|ram_block1a0~porta_datain_reg4  ;
; 6.933 ; 10.000       ; 3.067          ; High Pulse Width ; inst|altpll_component|pll|clk[0] ; Rise       ; SOPC:inst2|SOPC_cpu:cpu|SOPC_cpu_ic_data_module:SOPC_cpu_ic_data|altsyncram:the_altsyncram|altsyncram_c9d1:auto_generated|ram_block1a0~porta_datain_reg5  ;
; 6.933 ; 10.000       ; 3.067          ; Low Pulse Width  ; inst|altpll_component|pll|clk[0] ; Rise       ; SOPC:inst2|SOPC_cpu:cpu|SOPC_cpu_ic_data_module:SOPC_cpu_ic_data|altsyncram:the_altsyncram|altsyncram_c9d1:auto_generated|ram_block1a0~porta_datain_reg5  ;
; 6.933 ; 10.000       ; 3.067          ; High Pulse Width ; inst|altpll_component|pll|clk[0] ; Rise       ; SOPC:inst2|SOPC_cpu:cpu|SOPC_cpu_ic_data_module:SOPC_cpu_ic_data|altsyncram:the_altsyncram|altsyncram_c9d1:auto_generated|ram_block1a0~porta_datain_reg6  ;
; 6.933 ; 10.000       ; 3.067          ; Low Pulse Width  ; inst|altpll_component|pll|clk[0] ; Rise       ; SOPC:inst2|SOPC_cpu:cpu|SOPC_cpu_ic_data_module:SOPC_cpu_ic_data|altsyncram:the_altsyncram|altsyncram_c9d1:auto_generated|ram_block1a0~porta_datain_reg6  ;
; 6.933 ; 10.000       ; 3.067          ; High Pulse Width ; inst|altpll_component|pll|clk[0] ; Rise       ; SOPC:inst2|SOPC_cpu:cpu|SOPC_cpu_ic_data_module:SOPC_cpu_ic_data|altsyncram:the_altsyncram|altsyncram_c9d1:auto_generated|ram_block1a0~porta_datain_reg7  ;
; 6.933 ; 10.000       ; 3.067          ; Low Pulse Width  ; inst|altpll_component|pll|clk[0] ; Rise       ; SOPC:inst2|SOPC_cpu:cpu|SOPC_cpu_ic_data_module:SOPC_cpu_ic_data|altsyncram:the_altsyncram|altsyncram_c9d1:auto_generated|ram_block1a0~porta_datain_reg7  ;
; 6.933 ; 10.000       ; 3.067          ; High Pulse Width ; inst|altpll_component|pll|clk[0] ; Rise       ; SOPC:inst2|SOPC_cpu:cpu|SOPC_cpu_ic_data_module:SOPC_cpu_ic_data|altsyncram:the_altsyncram|altsyncram_c9d1:auto_generated|ram_block1a0~porta_datain_reg8  ;
; 6.933 ; 10.000       ; 3.067          ; Low Pulse Width  ; inst|altpll_component|pll|clk[0] ; Rise       ; SOPC:inst2|SOPC_cpu:cpu|SOPC_cpu_ic_data_module:SOPC_cpu_ic_data|altsyncram:the_altsyncram|altsyncram_c9d1:auto_generated|ram_block1a0~porta_datain_reg8  ;
; 6.933 ; 10.000       ; 3.067          ; High Pulse Width ; inst|altpll_component|pll|clk[0] ; Rise       ; SOPC:inst2|SOPC_cpu:cpu|SOPC_cpu_ic_data_module:SOPC_cpu_ic_data|altsyncram:the_altsyncram|altsyncram_c9d1:auto_generated|ram_block1a0~porta_memory_reg0  ;
; 6.933 ; 10.000       ; 3.067          ; Low Pulse Width  ; inst|altpll_component|pll|clk[0] ; Rise       ; SOPC:inst2|SOPC_cpu:cpu|SOPC_cpu_ic_data_module:SOPC_cpu_ic_data|altsyncram:the_altsyncram|altsyncram_c9d1:auto_generated|ram_block1a0~porta_memory_reg0  ;
; 6.933 ; 10.000       ; 3.067          ; High Pulse Width ; inst|altpll_component|pll|clk[0] ; Rise       ; SOPC:inst2|SOPC_cpu:cpu|SOPC_cpu_ic_data_module:SOPC_cpu_ic_data|altsyncram:the_altsyncram|altsyncram_c9d1:auto_generated|ram_block1a0~porta_we_reg       ;
; 6.933 ; 10.000       ; 3.067          ; Low Pulse Width  ; inst|altpll_component|pll|clk[0] ; Rise       ; SOPC:inst2|SOPC_cpu:cpu|SOPC_cpu_ic_data_module:SOPC_cpu_ic_data|altsyncram:the_altsyncram|altsyncram_c9d1:auto_generated|ram_block1a0~porta_we_reg       ;
; 6.933 ; 10.000       ; 3.067          ; High Pulse Width ; inst|altpll_component|pll|clk[0] ; Rise       ; SOPC:inst2|SOPC_cpu:cpu|SOPC_cpu_ic_data_module:SOPC_cpu_ic_data|altsyncram:the_altsyncram|altsyncram_c9d1:auto_generated|ram_block1a0~portb_address_reg0 ;
; 6.933 ; 10.000       ; 3.067          ; Low Pulse Width  ; inst|altpll_component|pll|clk[0] ; Rise       ; SOPC:inst2|SOPC_cpu:cpu|SOPC_cpu_ic_data_module:SOPC_cpu_ic_data|altsyncram:the_altsyncram|altsyncram_c9d1:auto_generated|ram_block1a0~portb_address_reg0 ;
; 6.933 ; 10.000       ; 3.067          ; High Pulse Width ; inst|altpll_component|pll|clk[0] ; Rise       ; SOPC:inst2|SOPC_cpu:cpu|SOPC_cpu_ic_data_module:SOPC_cpu_ic_data|altsyncram:the_altsyncram|altsyncram_c9d1:auto_generated|ram_block1a0~portb_address_reg1 ;
; 6.933 ; 10.000       ; 3.067          ; Low Pulse Width  ; inst|altpll_component|pll|clk[0] ; Rise       ; SOPC:inst2|SOPC_cpu:cpu|SOPC_cpu_ic_data_module:SOPC_cpu_ic_data|altsyncram:the_altsyncram|altsyncram_c9d1:auto_generated|ram_block1a0~portb_address_reg1 ;
; 6.933 ; 10.000       ; 3.067          ; High Pulse Width ; inst|altpll_component|pll|clk[0] ; Rise       ; SOPC:inst2|SOPC_cpu:cpu|SOPC_cpu_ic_data_module:SOPC_cpu_ic_data|altsyncram:the_altsyncram|altsyncram_c9d1:auto_generated|ram_block1a0~portb_address_reg2 ;
; 6.933 ; 10.000       ; 3.067          ; Low Pulse Width  ; inst|altpll_component|pll|clk[0] ; Rise       ; SOPC:inst2|SOPC_cpu:cpu|SOPC_cpu_ic_data_module:SOPC_cpu_ic_data|altsyncram:the_altsyncram|altsyncram_c9d1:auto_generated|ram_block1a0~portb_address_reg2 ;
; 6.933 ; 10.000       ; 3.067          ; High Pulse Width ; inst|altpll_component|pll|clk[0] ; Rise       ; SOPC:inst2|SOPC_cpu:cpu|SOPC_cpu_ic_data_module:SOPC_cpu_ic_data|altsyncram:the_altsyncram|altsyncram_c9d1:auto_generated|ram_block1a0~portb_address_reg3 ;
; 6.933 ; 10.000       ; 3.067          ; Low Pulse Width  ; inst|altpll_component|pll|clk[0] ; Rise       ; SOPC:inst2|SOPC_cpu:cpu|SOPC_cpu_ic_data_module:SOPC_cpu_ic_data|altsyncram:the_altsyncram|altsyncram_c9d1:auto_generated|ram_block1a0~portb_address_reg3 ;
; 6.933 ; 10.000       ; 3.067          ; High Pulse Width ; inst|altpll_component|pll|clk[0] ; Rise       ; SOPC:inst2|SOPC_cpu:cpu|SOPC_cpu_ic_data_module:SOPC_cpu_ic_data|altsyncram:the_altsyncram|altsyncram_c9d1:auto_generated|ram_block1a0~portb_address_reg4 ;
; 6.933 ; 10.000       ; 3.067          ; Low Pulse Width  ; inst|altpll_component|pll|clk[0] ; Rise       ; SOPC:inst2|SOPC_cpu:cpu|SOPC_cpu_ic_data_module:SOPC_cpu_ic_data|altsyncram:the_altsyncram|altsyncram_c9d1:auto_generated|ram_block1a0~portb_address_reg4 ;
; 6.933 ; 10.000       ; 3.067          ; High Pulse Width ; inst|altpll_component|pll|clk[0] ; Rise       ; SOPC:inst2|SOPC_cpu:cpu|SOPC_cpu_ic_data_module:SOPC_cpu_ic_data|altsyncram:the_altsyncram|altsyncram_c9d1:auto_generated|ram_block1a0~portb_address_reg5 ;
; 6.933 ; 10.000       ; 3.067          ; Low Pulse Width  ; inst|altpll_component|pll|clk[0] ; Rise       ; SOPC:inst2|SOPC_cpu:cpu|SOPC_cpu_ic_data_module:SOPC_cpu_ic_data|altsyncram:the_altsyncram|altsyncram_c9d1:auto_generated|ram_block1a0~portb_address_reg5 ;
+-------+--------------+----------------+------------------+----------------------------------+------------+-----------------------------------------------------------------------------------------------------------------------------------------------------------+


+----------------------------------------------------------------------------------------------------------------------+
; Slow Model Minimum Pulse Width: 'clk_in'                                                                             ;
+--------+--------------+----------------+------------------+--------+------------+------------------------------------+
; Slack  ; Actual Width ; Required Width ; Type             ; Clock  ; Clock Edge ; Target                             ;
+--------+--------------+----------------+------------------+--------+------------+------------------------------------+
; 10.000 ; 10.000       ; 0.000          ; High Pulse Width ; clk_in ; Rise       ; CLK|combout                        ;
; 10.000 ; 10.000       ; 0.000          ; Low Pulse Width  ; clk_in ; Rise       ; CLK|combout                        ;
; 10.000 ; 10.000       ; 0.000          ; High Pulse Width ; clk_in ; Rise       ; inst|altpll_component|pll|clk[0]   ;
; 10.000 ; 10.000       ; 0.000          ; Low Pulse Width  ; clk_in ; Rise       ; inst|altpll_component|pll|clk[0]   ;
; 10.000 ; 10.000       ; 0.000          ; High Pulse Width ; clk_in ; Rise       ; inst|altpll_component|pll|clk[1]   ;
; 10.000 ; 10.000       ; 0.000          ; Low Pulse Width  ; clk_in ; Rise       ; inst|altpll_component|pll|clk[1]   ;
; 10.000 ; 10.000       ; 0.000          ; High Pulse Width ; clk_in ; Rise       ; inst|altpll_component|pll|inclk[0] ;
; 10.000 ; 10.000       ; 0.000          ; Low Pulse Width  ; clk_in ; Rise       ; inst|altpll_component|pll|inclk[0] ;
; 17.059 ; 20.000       ; 2.941          ; Port Rate        ; clk_in ; Rise       ; CLK                                ;
+--------+--------------+----------------+------------------+--------+------------+------------------------------------+


+-------------------------------------------------------------------------------------------------------------+
; Slow Model Minimum Pulse Width: 'altera_reserved_tck'                                                       ;
+--------+--------------+----------------+-----------+---------------------+------------+---------------------+
; Slack  ; Actual Width ; Required Width ; Type      ; Clock               ; Clock Edge ; Target              ;
+--------+--------------+----------------+-----------+---------------------+------------+---------------------+
; 97.223 ; 100.000      ; 2.777          ; Port Rate ; altera_reserved_tck ; Rise       ; altera_reserved_tck ;
+--------+--------------+----------------+-----------+---------------------+------------+---------------------+


+-------------------------------------------------------------------------------------------------------------------------+
; Setup Times                                                                                                             ;
+--------------------------------------------+------------+-------+-------+------------+----------------------------------+
; Data Port                                  ; Clock Port ; Rise  ; Fall  ; Clock Edge ; Clock Reference                  ;
+--------------------------------------------+------------+-------+-------+------------+----------------------------------+
; DQ[*]                                      ; clk_in     ; 1.573 ; 1.573 ; Rise       ; inst|altpll_component|pll|clk[0] ;
;  DQ[0]                                     ; clk_in     ; 1.573 ; 1.573 ; Rise       ; inst|altpll_component|pll|clk[0] ;
;  DQ[1]                                     ; clk_in     ; 1.573 ; 1.573 ; Rise       ; inst|altpll_component|pll|clk[0] ;
;  DQ[2]                                     ; clk_in     ; 1.562 ; 1.562 ; Rise       ; inst|altpll_component|pll|clk[0] ;
;  DQ[3]                                     ; clk_in     ; 1.568 ; 1.568 ; Rise       ; inst|altpll_component|pll|clk[0] ;
;  DQ[4]                                     ; clk_in     ; 1.552 ; 1.552 ; Rise       ; inst|altpll_component|pll|clk[0] ;
;  DQ[5]                                     ; clk_in     ; 1.552 ; 1.552 ; Rise       ; inst|altpll_component|pll|clk[0] ;
;  DQ[6]                                     ; clk_in     ; 1.454 ; 1.454 ; Rise       ; inst|altpll_component|pll|clk[0] ;
;  DQ[7]                                     ; clk_in     ; 1.444 ; 1.444 ; Rise       ; inst|altpll_component|pll|clk[0] ;
;  DQ[8]                                     ; clk_in     ; 1.546 ; 1.546 ; Rise       ; inst|altpll_component|pll|clk[0] ;
;  DQ[9]                                     ; clk_in     ; 1.548 ; 1.548 ; Rise       ; inst|altpll_component|pll|clk[0] ;
;  DQ[10]                                    ; clk_in     ; 1.558 ; 1.558 ; Rise       ; inst|altpll_component|pll|clk[0] ;
;  DQ[11]                                    ; clk_in     ; 1.548 ; 1.548 ; Rise       ; inst|altpll_component|pll|clk[0] ;
;  DQ[12]                                    ; clk_in     ; 1.548 ; 1.548 ; Rise       ; inst|altpll_component|pll|clk[0] ;
;  DQ[13]                                    ; clk_in     ; 1.560 ; 1.560 ; Rise       ; inst|altpll_component|pll|clk[0] ;
;  DQ[14]                                    ; clk_in     ; 1.548 ; 1.548 ; Rise       ; inst|altpll_component|pll|clk[0] ;
;  DQ[15]                                    ; clk_in     ; 1.544 ; 1.544 ; Rise       ; inst|altpll_component|pll|clk[0] ;
; MISO_to_the_spi_touch                      ; clk_in     ; 8.336 ; 8.336 ; Rise       ; inst|altpll_component|pll|clk[0] ;
; bidir_port_to_and_from_the_lcd32_data[*]   ; clk_in     ; 7.877 ; 7.877 ; Rise       ; inst|altpll_component|pll|clk[0] ;
;  bidir_port_to_and_from_the_lcd32_data[0]  ; clk_in     ; 7.126 ; 7.126 ; Rise       ; inst|altpll_component|pll|clk[0] ;
;  bidir_port_to_and_from_the_lcd32_data[1]  ; clk_in     ; 6.792 ; 6.792 ; Rise       ; inst|altpll_component|pll|clk[0] ;
;  bidir_port_to_and_from_the_lcd32_data[2]  ; clk_in     ; 7.107 ; 7.107 ; Rise       ; inst|altpll_component|pll|clk[0] ;
;  bidir_port_to_and_from_the_lcd32_data[3]  ; clk_in     ; 6.786 ; 6.786 ; Rise       ; inst|altpll_component|pll|clk[0] ;
;  bidir_port_to_and_from_the_lcd32_data[4]  ; clk_in     ; 6.743 ; 6.743 ; Rise       ; inst|altpll_component|pll|clk[0] ;
;  bidir_port_to_and_from_the_lcd32_data[5]  ; clk_in     ; 6.751 ; 6.751 ; Rise       ; inst|altpll_component|pll|clk[0] ;
;  bidir_port_to_and_from_the_lcd32_data[6]  ; clk_in     ; 6.708 ; 6.708 ; Rise       ; inst|altpll_component|pll|clk[0] ;
;  bidir_port_to_and_from_the_lcd32_data[7]  ; clk_in     ; 7.107 ; 7.107 ; Rise       ; inst|altpll_component|pll|clk[0] ;
;  bidir_port_to_and_from_the_lcd32_data[8]  ; clk_in     ; 6.723 ; 6.723 ; Rise       ; inst|altpll_component|pll|clk[0] ;
;  bidir_port_to_and_from_the_lcd32_data[9]  ; clk_in     ; 6.802 ; 6.802 ; Rise       ; inst|altpll_component|pll|clk[0] ;
;  bidir_port_to_and_from_the_lcd32_data[10] ; clk_in     ; 7.159 ; 7.159 ; Rise       ; inst|altpll_component|pll|clk[0] ;
;  bidir_port_to_and_from_the_lcd32_data[11] ; clk_in     ; 7.210 ; 7.210 ; Rise       ; inst|altpll_component|pll|clk[0] ;
;  bidir_port_to_and_from_the_lcd32_data[12] ; clk_in     ; 7.253 ; 7.253 ; Rise       ; inst|altpll_component|pll|clk[0] ;
;  bidir_port_to_and_from_the_lcd32_data[13] ; clk_in     ; 7.877 ; 7.877 ; Rise       ; inst|altpll_component|pll|clk[0] ;
;  bidir_port_to_and_from_the_lcd32_data[14] ; clk_in     ; 6.920 ; 6.920 ; Rise       ; inst|altpll_component|pll|clk[0] ;
;  bidir_port_to_and_from_the_lcd32_data[15] ; clk_in     ; 7.314 ; 7.314 ; Rise       ; inst|altpll_component|pll|clk[0] ;
+--------------------------------------------+------------+-------+-------+------------+----------------------------------+


+---------------------------------------------------------------------------------------------------------------------------+
; Hold Times                                                                                                                ;
+--------------------------------------------+------------+--------+--------+------------+----------------------------------+
; Data Port                                  ; Clock Port ; Rise   ; Fall   ; Clock Edge ; Clock Reference                  ;
+--------------------------------------------+------------+--------+--------+------------+----------------------------------+
; DQ[*]                                      ; clk_in     ; -1.217 ; -1.217 ; Rise       ; inst|altpll_component|pll|clk[0] ;
;  DQ[0]                                     ; clk_in     ; -1.366 ; -1.366 ; Rise       ; inst|altpll_component|pll|clk[0] ;
;  DQ[1]                                     ; clk_in     ; -1.366 ; -1.366 ; Rise       ; inst|altpll_component|pll|clk[0] ;
;  DQ[2]                                     ; clk_in     ; -1.355 ; -1.355 ; Rise       ; inst|altpll_component|pll|clk[0] ;
;  DQ[3]                                     ; clk_in     ; -1.361 ; -1.361 ; Rise       ; inst|altpll_component|pll|clk[0] ;
;  DQ[4]                                     ; clk_in     ; -1.345 ; -1.345 ; Rise       ; inst|altpll_component|pll|clk[0] ;
;  DQ[5]                                     ; clk_in     ; -1.345 ; -1.345 ; Rise       ; inst|altpll_component|pll|clk[0] ;
;  DQ[6]                                     ; clk_in     ; -1.227 ; -1.227 ; Rise       ; inst|altpll_component|pll|clk[0] ;
;  DQ[7]                                     ; clk_in     ; -1.217 ; -1.217 ; Rise       ; inst|altpll_component|pll|clk[0] ;
;  DQ[8]                                     ; clk_in     ; -1.339 ; -1.339 ; Rise       ; inst|altpll_component|pll|clk[0] ;
;  DQ[9]                                     ; clk_in     ; -1.341 ; -1.341 ; Rise       ; inst|altpll_component|pll|clk[0] ;
;  DQ[10]                                    ; clk_in     ; -1.351 ; -1.351 ; Rise       ; inst|altpll_component|pll|clk[0] ;
;  DQ[11]                                    ; clk_in     ; -1.341 ; -1.341 ; Rise       ; inst|altpll_component|pll|clk[0] ;
;  DQ[12]                                    ; clk_in     ; -1.341 ; -1.341 ; Rise       ; inst|altpll_component|pll|clk[0] ;
;  DQ[13]                                    ; clk_in     ; -1.353 ; -1.353 ; Rise       ; inst|altpll_component|pll|clk[0] ;
;  DQ[14]                                    ; clk_in     ; -1.341 ; -1.341 ; Rise       ; inst|altpll_component|pll|clk[0] ;
;  DQ[15]                                    ; clk_in     ; -1.337 ; -1.337 ; Rise       ; inst|altpll_component|pll|clk[0] ;
; MISO_to_the_spi_touch                      ; clk_in     ; -8.070 ; -8.070 ; Rise       ; inst|altpll_component|pll|clk[0] ;
; bidir_port_to_and_from_the_lcd32_data[*]   ; clk_in     ; -6.442 ; -6.442 ; Rise       ; inst|altpll_component|pll|clk[0] ;
;  bidir_port_to_and_from_the_lcd32_data[0]  ; clk_in     ; -6.860 ; -6.860 ; Rise       ; inst|altpll_component|pll|clk[0] ;
;  bidir_port_to_and_from_the_lcd32_data[1]  ; clk_in     ; -6.526 ; -6.526 ; Rise       ; inst|altpll_component|pll|clk[0] ;
;  bidir_port_to_and_from_the_lcd32_data[2]  ; clk_in     ; -6.841 ; -6.841 ; Rise       ; inst|altpll_component|pll|clk[0] ;
;  bidir_port_to_and_from_the_lcd32_data[3]  ; clk_in     ; -6.520 ; -6.520 ; Rise       ; inst|altpll_component|pll|clk[0] ;
;  bidir_port_to_and_from_the_lcd32_data[4]  ; clk_in     ; -6.477 ; -6.477 ; Rise       ; inst|altpll_component|pll|clk[0] ;
;  bidir_port_to_and_from_the_lcd32_data[5]  ; clk_in     ; -6.485 ; -6.485 ; Rise       ; inst|altpll_component|pll|clk[0] ;
;  bidir_port_to_and_from_the_lcd32_data[6]  ; clk_in     ; -6.442 ; -6.442 ; Rise       ; inst|altpll_component|pll|clk[0] ;
;  bidir_port_to_and_from_the_lcd32_data[7]  ; clk_in     ; -6.841 ; -6.841 ; Rise       ; inst|altpll_component|pll|clk[0] ;
;  bidir_port_to_and_from_the_lcd32_data[8]  ; clk_in     ; -6.457 ; -6.457 ; Rise       ; inst|altpll_component|pll|clk[0] ;
;  bidir_port_to_and_from_the_lcd32_data[9]  ; clk_in     ; -6.536 ; -6.536 ; Rise       ; inst|altpll_component|pll|clk[0] ;
;  bidir_port_to_and_from_the_lcd32_data[10] ; clk_in     ; -6.893 ; -6.893 ; Rise       ; inst|altpll_component|pll|clk[0] ;
;  bidir_port_to_and_from_the_lcd32_data[11] ; clk_in     ; -6.944 ; -6.944 ; Rise       ; inst|altpll_component|pll|clk[0] ;
;  bidir_port_to_and_from_the_lcd32_data[12] ; clk_in     ; -6.987 ; -6.987 ; Rise       ; inst|altpll_component|pll|clk[0] ;
;  bidir_port_to_and_from_the_lcd32_data[13] ; clk_in     ; -7.611 ; -7.611 ; Rise       ; inst|altpll_component|pll|clk[0] ;
;  bidir_port_to_and_from_the_lcd32_data[14] ; clk_in     ; -6.654 ; -6.654 ; Rise       ; inst|altpll_component|pll|clk[0] ;
;  bidir_port_to_and_from_the_lcd32_data[15] ; clk_in     ; -7.048 ; -7.048 ; Rise       ; inst|altpll_component|pll|clk[0] ;
+--------------------------------------------+------------+--------+--------+------------+----------------------------------+


+---------------------------------------------------------------------------------------------------------------------------+
; Clock to Output Times                                                                                                     ;
+--------------------------------------------+------------+--------+--------+------------+----------------------------------+
; Data Port                                  ; Clock Port ; Rise   ; Fall   ; Clock Edge ; Clock Reference                  ;
+--------------------------------------------+------------+--------+--------+------------+----------------------------------+
; BA[*]                                      ; clk_in     ; 3.166  ; 3.166  ; Rise       ; inst|altpll_component|pll|clk[0] ;
;  BA[0]                                     ; clk_in     ; 3.166  ; 3.166  ; Rise       ; inst|altpll_component|pll|clk[0] ;
;  BA[1]                                     ; clk_in     ; 3.154  ; 3.154  ; Rise       ; inst|altpll_component|pll|clk[0] ;
; CAS                                        ; clk_in     ; 3.167  ; 3.167  ; Rise       ; inst|altpll_component|pll|clk[0] ;
; CS                                         ; clk_in     ; 3.156  ; 3.156  ; Rise       ; inst|altpll_component|pll|clk[0] ;
; DQ[*]                                      ; clk_in     ; 3.167  ; 3.167  ; Rise       ; inst|altpll_component|pll|clk[0] ;
;  DQ[0]                                     ; clk_in     ; 2.752  ; 2.752  ; Rise       ; inst|altpll_component|pll|clk[0] ;
;  DQ[1]                                     ; clk_in     ; 2.752  ; 2.752  ; Rise       ; inst|altpll_component|pll|clk[0] ;
;  DQ[2]                                     ; clk_in     ; 2.763  ; 2.763  ; Rise       ; inst|altpll_component|pll|clk[0] ;
;  DQ[3]                                     ; clk_in     ; 2.757  ; 2.757  ; Rise       ; inst|altpll_component|pll|clk[0] ;
;  DQ[4]                                     ; clk_in     ; 2.753  ; 2.753  ; Rise       ; inst|altpll_component|pll|clk[0] ;
;  DQ[5]                                     ; clk_in     ; 2.753  ; 2.753  ; Rise       ; inst|altpll_component|pll|clk[0] ;
;  DQ[6]                                     ; clk_in     ; 3.167  ; 3.167  ; Rise       ; inst|altpll_component|pll|clk[0] ;
;  DQ[7]                                     ; clk_in     ; 3.157  ; 3.157  ; Rise       ; inst|altpll_component|pll|clk[0] ;
;  DQ[8]                                     ; clk_in     ; 2.779  ; 2.779  ; Rise       ; inst|altpll_component|pll|clk[0] ;
;  DQ[9]                                     ; clk_in     ; 2.777  ; 2.777  ; Rise       ; inst|altpll_component|pll|clk[0] ;
;  DQ[10]                                    ; clk_in     ; 2.787  ; 2.787  ; Rise       ; inst|altpll_component|pll|clk[0] ;
;  DQ[11]                                    ; clk_in     ; 2.757  ; 2.757  ; Rise       ; inst|altpll_component|pll|clk[0] ;
;  DQ[12]                                    ; clk_in     ; 2.757  ; 2.757  ; Rise       ; inst|altpll_component|pll|clk[0] ;
;  DQ[13]                                    ; clk_in     ; 2.745  ; 2.745  ; Rise       ; inst|altpll_component|pll|clk[0] ;
;  DQ[14]                                    ; clk_in     ; 2.757  ; 2.757  ; Rise       ; inst|altpll_component|pll|clk[0] ;
;  DQ[15]                                    ; clk_in     ; 2.761  ; 2.761  ; Rise       ; inst|altpll_component|pll|clk[0] ;
; MOSI_from_the_spi_touch                    ; clk_in     ; 6.426  ; 6.426  ; Rise       ; inst|altpll_component|pll|clk[0] ;
; RA[*]                                      ; clk_in     ; 3.178  ; 3.178  ; Rise       ; inst|altpll_component|pll|clk[0] ;
;  RA[0]                                     ; clk_in     ; 3.132  ; 3.132  ; Rise       ; inst|altpll_component|pll|clk[0] ;
;  RA[1]                                     ; clk_in     ; 3.152  ; 3.152  ; Rise       ; inst|altpll_component|pll|clk[0] ;
;  RA[2]                                     ; clk_in     ; 3.133  ; 3.133  ; Rise       ; inst|altpll_component|pll|clk[0] ;
;  RA[3]                                     ; clk_in     ; 3.133  ; 3.133  ; Rise       ; inst|altpll_component|pll|clk[0] ;
;  RA[4]                                     ; clk_in     ; 3.153  ; 3.153  ; Rise       ; inst|altpll_component|pll|clk[0] ;
;  RA[5]                                     ; clk_in     ; 3.153  ; 3.153  ; Rise       ; inst|altpll_component|pll|clk[0] ;
;  RA[6]                                     ; clk_in     ; 3.166  ; 3.166  ; Rise       ; inst|altpll_component|pll|clk[0] ;
;  RA[7]                                     ; clk_in     ; 3.161  ; 3.161  ; Rise       ; inst|altpll_component|pll|clk[0] ;
;  RA[8]                                     ; clk_in     ; 3.157  ; 3.157  ; Rise       ; inst|altpll_component|pll|clk[0] ;
;  RA[9]                                     ; clk_in     ; 3.166  ; 3.166  ; Rise       ; inst|altpll_component|pll|clk[0] ;
;  RA[10]                                    ; clk_in     ; 3.154  ; 3.154  ; Rise       ; inst|altpll_component|pll|clk[0] ;
;  RA[11]                                    ; clk_in     ; 3.178  ; 3.178  ; Rise       ; inst|altpll_component|pll|clk[0] ;
;  RA[12]                                    ; clk_in     ; 3.168  ; 3.168  ; Rise       ; inst|altpll_component|pll|clk[0] ;
; RAS                                        ; clk_in     ; 3.167  ; 3.167  ; Rise       ; inst|altpll_component|pll|clk[0] ;
; SCLK_from_the_spi_touch                    ; clk_in     ; 6.057  ; 6.057  ; Rise       ; inst|altpll_component|pll|clk[0] ;
; SS_n_from_the_spi_touch                    ; clk_in     ; 7.665  ; 7.665  ; Rise       ; inst|altpll_component|pll|clk[0] ;
; S_DQM[*]                                   ; clk_in     ; 3.167  ; 3.167  ; Rise       ; inst|altpll_component|pll|clk[0] ;
;  S_DQM[0]                                  ; clk_in     ; 3.167  ; 3.167  ; Rise       ; inst|altpll_component|pll|clk[0] ;
;  S_DQM[1]                                  ; clk_in     ; 2.789  ; 2.789  ; Rise       ; inst|altpll_component|pll|clk[0] ;
; WE                                         ; clk_in     ; 3.167  ; 3.167  ; Rise       ; inst|altpll_component|pll|clk[0] ;
; bidir_port_to_and_from_the_lcd32_data[*]   ; clk_in     ; 5.531  ; 5.531  ; Rise       ; inst|altpll_component|pll|clk[0] ;
;  bidir_port_to_and_from_the_lcd32_data[0]  ; clk_in     ; 4.568  ; 4.568  ; Rise       ; inst|altpll_component|pll|clk[0] ;
;  bidir_port_to_and_from_the_lcd32_data[1]  ; clk_in     ; 4.572  ; 4.572  ; Rise       ; inst|altpll_component|pll|clk[0] ;
;  bidir_port_to_and_from_the_lcd32_data[2]  ; clk_in     ; 4.592  ; 4.592  ; Rise       ; inst|altpll_component|pll|clk[0] ;
;  bidir_port_to_and_from_the_lcd32_data[3]  ; clk_in     ; 4.875  ; 4.875  ; Rise       ; inst|altpll_component|pll|clk[0] ;
;  bidir_port_to_and_from_the_lcd32_data[4]  ; clk_in     ; 4.177  ; 4.177  ; Rise       ; inst|altpll_component|pll|clk[0] ;
;  bidir_port_to_and_from_the_lcd32_data[5]  ; clk_in     ; 4.189  ; 4.189  ; Rise       ; inst|altpll_component|pll|clk[0] ;
;  bidir_port_to_and_from_the_lcd32_data[6]  ; clk_in     ; 4.187  ; 4.187  ; Rise       ; inst|altpll_component|pll|clk[0] ;
;  bidir_port_to_and_from_the_lcd32_data[7]  ; clk_in     ; 4.602  ; 4.602  ; Rise       ; inst|altpll_component|pll|clk[0] ;
;  bidir_port_to_and_from_the_lcd32_data[8]  ; clk_in     ; 4.723  ; 4.723  ; Rise       ; inst|altpll_component|pll|clk[0] ;
;  bidir_port_to_and_from_the_lcd32_data[9]  ; clk_in     ; 4.659  ; 4.659  ; Rise       ; inst|altpll_component|pll|clk[0] ;
;  bidir_port_to_and_from_the_lcd32_data[10] ; clk_in     ; 4.658  ; 4.658  ; Rise       ; inst|altpll_component|pll|clk[0] ;
;  bidir_port_to_and_from_the_lcd32_data[11] ; clk_in     ; 4.656  ; 4.656  ; Rise       ; inst|altpll_component|pll|clk[0] ;
;  bidir_port_to_and_from_the_lcd32_data[12] ; clk_in     ; 4.996  ; 4.996  ; Rise       ; inst|altpll_component|pll|clk[0] ;
;  bidir_port_to_and_from_the_lcd32_data[13] ; clk_in     ; 5.021  ; 5.021  ; Rise       ; inst|altpll_component|pll|clk[0] ;
;  bidir_port_to_and_from_the_lcd32_data[14] ; clk_in     ; 5.061  ; 5.061  ; Rise       ; inst|altpll_component|pll|clk[0] ;
;  bidir_port_to_and_from_the_lcd32_data[15] ; clk_in     ; 5.531  ; 5.531  ; Rise       ; inst|altpll_component|pll|clk[0] ;
; buzz[*]                                    ; clk_in     ; 6.178  ; 6.178  ; Rise       ; inst|altpll_component|pll|clk[0] ;
;  buzz[0]                                   ; clk_in     ; 5.188  ; 5.188  ; Rise       ; inst|altpll_component|pll|clk[0] ;
;  buzz[1]                                   ; clk_in     ; 6.032  ; 6.032  ; Rise       ; inst|altpll_component|pll|clk[0] ;
;  buzz[2]                                   ; clk_in     ; 5.169  ; 5.169  ; Rise       ; inst|altpll_component|pll|clk[0] ;
;  buzz[3]                                   ; clk_in     ; 6.178  ; 6.178  ; Rise       ; inst|altpll_component|pll|clk[0] ;
; led[*]                                     ; clk_in     ; 7.648  ; 7.648  ; Rise       ; inst|altpll_component|pll|clk[0] ;
;  led[0]                                    ; clk_in     ; 6.751  ; 6.751  ; Rise       ; inst|altpll_component|pll|clk[0] ;
;  led[1]                                    ; clk_in     ; 6.752  ; 6.752  ; Rise       ; inst|altpll_component|pll|clk[0] ;
;  led[2]                                    ; clk_in     ; 7.556  ; 7.556  ; Rise       ; inst|altpll_component|pll|clk[0] ;
;  led[3]                                    ; clk_in     ; 7.648  ; 7.648  ; Rise       ; inst|altpll_component|pll|clk[0] ;
; out_port_from_the_bl_n                     ; clk_in     ; 5.669  ; 5.669  ; Rise       ; inst|altpll_component|pll|clk[0] ;
; out_port_from_the_bl_p                     ; clk_in     ; 6.407  ; 6.407  ; Rise       ; inst|altpll_component|pll|clk[0] ;
; out_port_from_the_lcd_cs                   ; clk_in     ; 4.918  ; 4.918  ; Rise       ; inst|altpll_component|pll|clk[0] ;
; out_port_from_the_lcd_rd                   ; clk_in     ; 5.356  ; 5.356  ; Rise       ; inst|altpll_component|pll|clk[0] ;
; out_port_from_the_lcd_rs                   ; clk_in     ; 5.402  ; 5.402  ; Rise       ; inst|altpll_component|pll|clk[0] ;
; out_port_from_the_lcd_wr                   ; clk_in     ; 5.707  ; 5.707  ; Rise       ; inst|altpll_component|pll|clk[0] ;
; out_port_from_the_reset                    ; clk_in     ; 6.397  ; 6.397  ; Rise       ; inst|altpll_component|pll|clk[0] ;
; out_port_from_the_touch_cs                 ; clk_in     ; 5.334  ; 5.334  ; Rise       ; inst|altpll_component|pll|clk[0] ;
; S_CLK                                      ; clk_in     ; -2.310 ;        ; Rise       ; inst|altpll_component|pll|clk[1] ;
; S_CLK                                      ; clk_in     ;        ; -2.310 ; Fall       ; inst|altpll_component|pll|clk[1] ;
+--------------------------------------------+------------+--------+--------+------------+----------------------------------+


+---------------------------------------------------------------------------------------------------------------------------+
; Minimum Clock to Output Times                                                                                             ;
+--------------------------------------------+------------+--------+--------+------------+----------------------------------+
; Data Port                                  ; Clock Port ; Rise   ; Fall   ; Clock Edge ; Clock Reference                  ;
+--------------------------------------------+------------+--------+--------+------------+----------------------------------+
; BA[*]                                      ; clk_in     ; 3.154  ; 3.154  ; Rise       ; inst|altpll_component|pll|clk[0] ;
;  BA[0]                                     ; clk_in     ; 3.166  ; 3.166  ; Rise       ; inst|altpll_component|pll|clk[0] ;
;  BA[1]                                     ; clk_in     ; 3.154  ; 3.154  ; Rise       ; inst|altpll_component|pll|clk[0] ;
; CAS                                        ; clk_in     ; 3.167  ; 3.167  ; Rise       ; inst|altpll_component|pll|clk[0] ;
; CS                                         ; clk_in     ; 3.156  ; 3.156  ; Rise       ; inst|altpll_component|pll|clk[0] ;
; DQ[*]                                      ; clk_in     ; 2.733  ; 2.733  ; Rise       ; inst|altpll_component|pll|clk[0] ;
;  DQ[0]                                     ; clk_in     ; 2.740  ; 2.740  ; Rise       ; inst|altpll_component|pll|clk[0] ;
;  DQ[1]                                     ; clk_in     ; 2.740  ; 2.740  ; Rise       ; inst|altpll_component|pll|clk[0] ;
;  DQ[2]                                     ; clk_in     ; 2.751  ; 2.751  ; Rise       ; inst|altpll_component|pll|clk[0] ;
;  DQ[3]                                     ; clk_in     ; 2.745  ; 2.745  ; Rise       ; inst|altpll_component|pll|clk[0] ;
;  DQ[4]                                     ; clk_in     ; 2.741  ; 2.741  ; Rise       ; inst|altpll_component|pll|clk[0] ;
;  DQ[5]                                     ; clk_in     ; 2.741  ; 2.741  ; Rise       ; inst|altpll_component|pll|clk[0] ;
;  DQ[6]                                     ; clk_in     ; 3.141  ; 3.141  ; Rise       ; inst|altpll_component|pll|clk[0] ;
;  DQ[7]                                     ; clk_in     ; 3.131  ; 3.131  ; Rise       ; inst|altpll_component|pll|clk[0] ;
;  DQ[8]                                     ; clk_in     ; 2.767  ; 2.767  ; Rise       ; inst|altpll_component|pll|clk[0] ;
;  DQ[9]                                     ; clk_in     ; 2.765  ; 2.765  ; Rise       ; inst|altpll_component|pll|clk[0] ;
;  DQ[10]                                    ; clk_in     ; 2.775  ; 2.775  ; Rise       ; inst|altpll_component|pll|clk[0] ;
;  DQ[11]                                    ; clk_in     ; 2.745  ; 2.745  ; Rise       ; inst|altpll_component|pll|clk[0] ;
;  DQ[12]                                    ; clk_in     ; 2.745  ; 2.745  ; Rise       ; inst|altpll_component|pll|clk[0] ;
;  DQ[13]                                    ; clk_in     ; 2.733  ; 2.733  ; Rise       ; inst|altpll_component|pll|clk[0] ;
;  DQ[14]                                    ; clk_in     ; 2.745  ; 2.745  ; Rise       ; inst|altpll_component|pll|clk[0] ;
;  DQ[15]                                    ; clk_in     ; 2.749  ; 2.749  ; Rise       ; inst|altpll_component|pll|clk[0] ;
; MOSI_from_the_spi_touch                    ; clk_in     ; 6.426  ; 6.426  ; Rise       ; inst|altpll_component|pll|clk[0] ;
; RA[*]                                      ; clk_in     ; 3.132  ; 3.132  ; Rise       ; inst|altpll_component|pll|clk[0] ;
;  RA[0]                                     ; clk_in     ; 3.132  ; 3.132  ; Rise       ; inst|altpll_component|pll|clk[0] ;
;  RA[1]                                     ; clk_in     ; 3.152  ; 3.152  ; Rise       ; inst|altpll_component|pll|clk[0] ;
;  RA[2]                                     ; clk_in     ; 3.133  ; 3.133  ; Rise       ; inst|altpll_component|pll|clk[0] ;
;  RA[3]                                     ; clk_in     ; 3.133  ; 3.133  ; Rise       ; inst|altpll_component|pll|clk[0] ;
;  RA[4]                                     ; clk_in     ; 3.153  ; 3.153  ; Rise       ; inst|altpll_component|pll|clk[0] ;
;  RA[5]                                     ; clk_in     ; 3.153  ; 3.153  ; Rise       ; inst|altpll_component|pll|clk[0] ;
;  RA[6]                                     ; clk_in     ; 3.166  ; 3.166  ; Rise       ; inst|altpll_component|pll|clk[0] ;
;  RA[7]                                     ; clk_in     ; 3.161  ; 3.161  ; Rise       ; inst|altpll_component|pll|clk[0] ;
;  RA[8]                                     ; clk_in     ; 3.157  ; 3.157  ; Rise       ; inst|altpll_component|pll|clk[0] ;
;  RA[9]                                     ; clk_in     ; 3.166  ; 3.166  ; Rise       ; inst|altpll_component|pll|clk[0] ;
;  RA[10]                                    ; clk_in     ; 3.154  ; 3.154  ; Rise       ; inst|altpll_component|pll|clk[0] ;
;  RA[11]                                    ; clk_in     ; 3.178  ; 3.178  ; Rise       ; inst|altpll_component|pll|clk[0] ;
;  RA[12]                                    ; clk_in     ; 3.168  ; 3.168  ; Rise       ; inst|altpll_component|pll|clk[0] ;
; RAS                                        ; clk_in     ; 3.167  ; 3.167  ; Rise       ; inst|altpll_component|pll|clk[0] ;
; SCLK_from_the_spi_touch                    ; clk_in     ; 6.057  ; 6.057  ; Rise       ; inst|altpll_component|pll|clk[0] ;
; SS_n_from_the_spi_touch                    ; clk_in     ; 6.569  ; 6.569  ; Rise       ; inst|altpll_component|pll|clk[0] ;
; S_DQM[*]                                   ; clk_in     ; 2.789  ; 2.789  ; Rise       ; inst|altpll_component|pll|clk[0] ;
;  S_DQM[0]                                  ; clk_in     ; 3.167  ; 3.167  ; Rise       ; inst|altpll_component|pll|clk[0] ;
;  S_DQM[1]                                  ; clk_in     ; 2.789  ; 2.789  ; Rise       ; inst|altpll_component|pll|clk[0] ;
; WE                                         ; clk_in     ; 3.167  ; 3.167  ; Rise       ; inst|altpll_component|pll|clk[0] ;
; bidir_port_to_and_from_the_lcd32_data[*]   ; clk_in     ; 4.177  ; 4.177  ; Rise       ; inst|altpll_component|pll|clk[0] ;
;  bidir_port_to_and_from_the_lcd32_data[0]  ; clk_in     ; 4.568  ; 4.568  ; Rise       ; inst|altpll_component|pll|clk[0] ;
;  bidir_port_to_and_from_the_lcd32_data[1]  ; clk_in     ; 4.572  ; 4.572  ; Rise       ; inst|altpll_component|pll|clk[0] ;
;  bidir_port_to_and_from_the_lcd32_data[2]  ; clk_in     ; 4.592  ; 4.592  ; Rise       ; inst|altpll_component|pll|clk[0] ;
;  bidir_port_to_and_from_the_lcd32_data[3]  ; clk_in     ; 4.875  ; 4.875  ; Rise       ; inst|altpll_component|pll|clk[0] ;
;  bidir_port_to_and_from_the_lcd32_data[4]  ; clk_in     ; 4.177  ; 4.177  ; Rise       ; inst|altpll_component|pll|clk[0] ;
;  bidir_port_to_and_from_the_lcd32_data[5]  ; clk_in     ; 4.189  ; 4.189  ; Rise       ; inst|altpll_component|pll|clk[0] ;
;  bidir_port_to_and_from_the_lcd32_data[6]  ; clk_in     ; 4.187  ; 4.187  ; Rise       ; inst|altpll_component|pll|clk[0] ;
;  bidir_port_to_and_from_the_lcd32_data[7]  ; clk_in     ; 4.602  ; 4.602  ; Rise       ; inst|altpll_component|pll|clk[0] ;
;  bidir_port_to_and_from_the_lcd32_data[8]  ; clk_in     ; 4.723  ; 4.723  ; Rise       ; inst|altpll_component|pll|clk[0] ;
;  bidir_port_to_and_from_the_lcd32_data[9]  ; clk_in     ; 4.659  ; 4.659  ; Rise       ; inst|altpll_component|pll|clk[0] ;
;  bidir_port_to_and_from_the_lcd32_data[10] ; clk_in     ; 4.658  ; 4.658  ; Rise       ; inst|altpll_component|pll|clk[0] ;
;  bidir_port_to_and_from_the_lcd32_data[11] ; clk_in     ; 4.656  ; 4.656  ; Rise       ; inst|altpll_component|pll|clk[0] ;
;  bidir_port_to_and_from_the_lcd32_data[12] ; clk_in     ; 4.996  ; 4.996  ; Rise       ; inst|altpll_component|pll|clk[0] ;
;  bidir_port_to_and_from_the_lcd32_data[13] ; clk_in     ; 5.021  ; 5.021  ; Rise       ; inst|altpll_component|pll|clk[0] ;
;  bidir_port_to_and_from_the_lcd32_data[14] ; clk_in     ; 5.061  ; 5.061  ; Rise       ; inst|altpll_component|pll|clk[0] ;
;  bidir_port_to_and_from_the_lcd32_data[15] ; clk_in     ; 5.531  ; 5.531  ; Rise       ; inst|altpll_component|pll|clk[0] ;
; buzz[*]                                    ; clk_in     ; 5.169  ; 5.169  ; Rise       ; inst|altpll_component|pll|clk[0] ;
;  buzz[0]                                   ; clk_in     ; 5.188  ; 5.188  ; Rise       ; inst|altpll_component|pll|clk[0] ;
;  buzz[1]                                   ; clk_in     ; 6.032  ; 6.032  ; Rise       ; inst|altpll_component|pll|clk[0] ;
;  buzz[2]                                   ; clk_in     ; 5.169  ; 5.169  ; Rise       ; inst|altpll_component|pll|clk[0] ;
;  buzz[3]                                   ; clk_in     ; 6.178  ; 6.178  ; Rise       ; inst|altpll_component|pll|clk[0] ;
; led[*]                                     ; clk_in     ; 6.751  ; 6.751  ; Rise       ; inst|altpll_component|pll|clk[0] ;
;  led[0]                                    ; clk_in     ; 6.751  ; 6.751  ; Rise       ; inst|altpll_component|pll|clk[0] ;
;  led[1]                                    ; clk_in     ; 6.752  ; 6.752  ; Rise       ; inst|altpll_component|pll|clk[0] ;
;  led[2]                                    ; clk_in     ; 7.556  ; 7.556  ; Rise       ; inst|altpll_component|pll|clk[0] ;
;  led[3]                                    ; clk_in     ; 7.648  ; 7.648  ; Rise       ; inst|altpll_component|pll|clk[0] ;
; out_port_from_the_bl_n                     ; clk_in     ; 5.669  ; 5.669  ; Rise       ; inst|altpll_component|pll|clk[0] ;
; out_port_from_the_bl_p                     ; clk_in     ; 6.407  ; 6.407  ; Rise       ; inst|altpll_component|pll|clk[0] ;
; out_port_from_the_lcd_cs                   ; clk_in     ; 4.918  ; 4.918  ; Rise       ; inst|altpll_component|pll|clk[0] ;
; out_port_from_the_lcd_rd                   ; clk_in     ; 5.356  ; 5.356  ; Rise       ; inst|altpll_component|pll|clk[0] ;
; out_port_from_the_lcd_rs                   ; clk_in     ; 5.402  ; 5.402  ; Rise       ; inst|altpll_component|pll|clk[0] ;
; out_port_from_the_lcd_wr                   ; clk_in     ; 5.707  ; 5.707  ; Rise       ; inst|altpll_component|pll|clk[0] ;
; out_port_from_the_reset                    ; clk_in     ; 6.397  ; 6.397  ; Rise       ; inst|altpll_component|pll|clk[0] ;
; out_port_from_the_touch_cs                 ; clk_in     ; 5.334  ; 5.334  ; Rise       ; inst|altpll_component|pll|clk[0] ;
; S_CLK                                      ; clk_in     ; -2.310 ;        ; Rise       ; inst|altpll_component|pll|clk[1] ;
; S_CLK                                      ; clk_in     ;        ; -2.310 ; Fall       ; inst|altpll_component|pll|clk[1] ;
+--------------------------------------------+------------+--------+--------+------------+----------------------------------+


+------------------------------------------------------------------------------------------------------------------------+
; Output Enable Times                                                                                                    ;
+--------------------------------------------+------------+-------+------+------------+----------------------------------+
; Data Port                                  ; Clock Port ; Rise  ; Fall ; Clock Edge ; Clock Reference                  ;
+--------------------------------------------+------------+-------+------+------------+----------------------------------+
; bidir_port_to_and_from_the_lcd32_data[*]   ; clk_in     ; 4.047 ;      ; Rise       ; inst|altpll_component|pll|clk[0] ;
;  bidir_port_to_and_from_the_lcd32_data[0]  ; clk_in     ; 4.521 ;      ; Rise       ; inst|altpll_component|pll|clk[0] ;
;  bidir_port_to_and_from_the_lcd32_data[1]  ; clk_in     ; 4.526 ;      ; Rise       ; inst|altpll_component|pll|clk[0] ;
;  bidir_port_to_and_from_the_lcd32_data[2]  ; clk_in     ; 4.451 ;      ; Rise       ; inst|altpll_component|pll|clk[0] ;
;  bidir_port_to_and_from_the_lcd32_data[3]  ; clk_in     ; 4.446 ;      ; Rise       ; inst|altpll_component|pll|clk[0] ;
;  bidir_port_to_and_from_the_lcd32_data[4]  ; clk_in     ; 4.391 ;      ; Rise       ; inst|altpll_component|pll|clk[0] ;
;  bidir_port_to_and_from_the_lcd32_data[5]  ; clk_in     ; 4.047 ;      ; Rise       ; inst|altpll_component|pll|clk[0] ;
;  bidir_port_to_and_from_the_lcd32_data[6]  ; clk_in     ; 4.357 ;      ; Rise       ; inst|altpll_component|pll|clk[0] ;
;  bidir_port_to_and_from_the_lcd32_data[7]  ; clk_in     ; 4.482 ;      ; Rise       ; inst|altpll_component|pll|clk[0] ;
;  bidir_port_to_and_from_the_lcd32_data[8]  ; clk_in     ; 4.452 ;      ; Rise       ; inst|altpll_component|pll|clk[0] ;
;  bidir_port_to_and_from_the_lcd32_data[9]  ; clk_in     ; 4.605 ;      ; Rise       ; inst|altpll_component|pll|clk[0] ;
;  bidir_port_to_and_from_the_lcd32_data[10] ; clk_in     ; 4.594 ;      ; Rise       ; inst|altpll_component|pll|clk[0] ;
;  bidir_port_to_and_from_the_lcd32_data[11] ; clk_in     ; 4.607 ;      ; Rise       ; inst|altpll_component|pll|clk[0] ;
;  bidir_port_to_and_from_the_lcd32_data[12] ; clk_in     ; 4.948 ;      ; Rise       ; inst|altpll_component|pll|clk[0] ;
;  bidir_port_to_and_from_the_lcd32_data[13] ; clk_in     ; 5.353 ;      ; Rise       ; inst|altpll_component|pll|clk[0] ;
;  bidir_port_to_and_from_the_lcd32_data[14] ; clk_in     ; 5.649 ;      ; Rise       ; inst|altpll_component|pll|clk[0] ;
;  bidir_port_to_and_from_the_lcd32_data[15] ; clk_in     ; 5.699 ;      ; Rise       ; inst|altpll_component|pll|clk[0] ;
+--------------------------------------------+------------+-------+------+------------+----------------------------------+


+------------------------------------------------------------------------------------------------------------------------+
; Minimum Output Enable Times                                                                                            ;
+--------------------------------------------+------------+-------+------+------------+----------------------------------+
; Data Port                                  ; Clock Port ; Rise  ; Fall ; Clock Edge ; Clock Reference                  ;
+--------------------------------------------+------------+-------+------+------------+----------------------------------+
; bidir_port_to_and_from_the_lcd32_data[*]   ; clk_in     ; 4.047 ;      ; Rise       ; inst|altpll_component|pll|clk[0] ;
;  bidir_port_to_and_from_the_lcd32_data[0]  ; clk_in     ; 4.521 ;      ; Rise       ; inst|altpll_component|pll|clk[0] ;
;  bidir_port_to_and_from_the_lcd32_data[1]  ; clk_in     ; 4.526 ;      ; Rise       ; inst|altpll_component|pll|clk[0] ;
;  bidir_port_to_and_from_the_lcd32_data[2]  ; clk_in     ; 4.451 ;      ; Rise       ; inst|altpll_component|pll|clk[0] ;
;  bidir_port_to_and_from_the_lcd32_data[3]  ; clk_in     ; 4.446 ;      ; Rise       ; inst|altpll_component|pll|clk[0] ;
;  bidir_port_to_and_from_the_lcd32_data[4]  ; clk_in     ; 4.391 ;      ; Rise       ; inst|altpll_component|pll|clk[0] ;
;  bidir_port_to_and_from_the_lcd32_data[5]  ; clk_in     ; 4.047 ;      ; Rise       ; inst|altpll_component|pll|clk[0] ;
;  bidir_port_to_and_from_the_lcd32_data[6]  ; clk_in     ; 4.357 ;      ; Rise       ; inst|altpll_component|pll|clk[0] ;
;  bidir_port_to_and_from_the_lcd32_data[7]  ; clk_in     ; 4.482 ;      ; Rise       ; inst|altpll_component|pll|clk[0] ;
;  bidir_port_to_and_from_the_lcd32_data[8]  ; clk_in     ; 4.452 ;      ; Rise       ; inst|altpll_component|pll|clk[0] ;
;  bidir_port_to_and_from_the_lcd32_data[9]  ; clk_in     ; 4.605 ;      ; Rise       ; inst|altpll_component|pll|clk[0] ;
;  bidir_port_to_and_from_the_lcd32_data[10] ; clk_in     ; 4.594 ;      ; Rise       ; inst|altpll_component|pll|clk[0] ;
;  bidir_port_to_and_from_the_lcd32_data[11] ; clk_in     ; 4.607 ;      ; Rise       ; inst|altpll_component|pll|clk[0] ;
;  bidir_port_to_and_from_the_lcd32_data[12] ; clk_in     ; 4.948 ;      ; Rise       ; inst|altpll_component|pll|clk[0] ;
;  bidir_port_to_and_from_the_lcd32_data[13] ; clk_in     ; 5.353 ;      ; Rise       ; inst|altpll_component|pll|clk[0] ;
;  bidir_port_to_and_from_the_lcd32_data[14] ; clk_in     ; 5.649 ;      ; Rise       ; inst|altpll_component|pll|clk[0] ;
;  bidir_port_to_and_from_the_lcd32_data[15] ; clk_in     ; 5.699 ;      ; Rise       ; inst|altpll_component|pll|clk[0] ;
+--------------------------------------------+------------+-------+------+------------+----------------------------------+


+---------------------------------------------------------------------------------------------------------------------------------+
; Output Disable Times                                                                                                            ;
+--------------------------------------------+------------+-----------+-----------+------------+----------------------------------+
; Data Port                                  ; Clock Port ; 0 to Hi-Z ; 1 to Hi-Z ; Clock Edge ; Clock Reference                  ;
+--------------------------------------------+------------+-----------+-----------+------------+----------------------------------+
; bidir_port_to_and_from_the_lcd32_data[*]   ; clk_in     ; 4.047     ;           ; Rise       ; inst|altpll_component|pll|clk[0] ;
;  bidir_port_to_and_from_the_lcd32_data[0]  ; clk_in     ; 4.521     ;           ; Rise       ; inst|altpll_component|pll|clk[0] ;
;  bidir_port_to_and_from_the_lcd32_data[1]  ; clk_in     ; 4.526     ;           ; Rise       ; inst|altpll_component|pll|clk[0] ;
;  bidir_port_to_and_from_the_lcd32_data[2]  ; clk_in     ; 4.451     ;           ; Rise       ; inst|altpll_component|pll|clk[0] ;
;  bidir_port_to_and_from_the_lcd32_data[3]  ; clk_in     ; 4.446     ;           ; Rise       ; inst|altpll_component|pll|clk[0] ;
;  bidir_port_to_and_from_the_lcd32_data[4]  ; clk_in     ; 4.391     ;           ; Rise       ; inst|altpll_component|pll|clk[0] ;
;  bidir_port_to_and_from_the_lcd32_data[5]  ; clk_in     ; 4.047     ;           ; Rise       ; inst|altpll_component|pll|clk[0] ;
;  bidir_port_to_and_from_the_lcd32_data[6]  ; clk_in     ; 4.357     ;           ; Rise       ; inst|altpll_component|pll|clk[0] ;
;  bidir_port_to_and_from_the_lcd32_data[7]  ; clk_in     ; 4.482     ;           ; Rise       ; inst|altpll_component|pll|clk[0] ;
;  bidir_port_to_and_from_the_lcd32_data[8]  ; clk_in     ; 4.452     ;           ; Rise       ; inst|altpll_component|pll|clk[0] ;
;  bidir_port_to_and_from_the_lcd32_data[9]  ; clk_in     ; 4.605     ;           ; Rise       ; inst|altpll_component|pll|clk[0] ;
;  bidir_port_to_and_from_the_lcd32_data[10] ; clk_in     ; 4.594     ;           ; Rise       ; inst|altpll_component|pll|clk[0] ;
;  bidir_port_to_and_from_the_lcd32_data[11] ; clk_in     ; 4.607     ;           ; Rise       ; inst|altpll_component|pll|clk[0] ;
;  bidir_port_to_and_from_the_lcd32_data[12] ; clk_in     ; 4.948     ;           ; Rise       ; inst|altpll_component|pll|clk[0] ;
;  bidir_port_to_and_from_the_lcd32_data[13] ; clk_in     ; 5.353     ;           ; Rise       ; inst|altpll_component|pll|clk[0] ;
;  bidir_port_to_and_from_the_lcd32_data[14] ; clk_in     ; 5.649     ;           ; Rise       ; inst|altpll_component|pll|clk[0] ;
;  bidir_port_to_and_from_the_lcd32_data[15] ; clk_in     ; 5.699     ;           ; Rise       ; inst|altpll_component|pll|clk[0] ;
+--------------------------------------------+------------+-----------+-----------+------------+----------------------------------+


+---------------------------------------------------------------------------------------------------------------------------------+
; Minimum Output Disable Times                                                                                                    ;
+--------------------------------------------+------------+-----------+-----------+------------+----------------------------------+
; Data Port                                  ; Clock Port ; 0 to Hi-Z ; 1 to Hi-Z ; Clock Edge ; Clock Reference                  ;
+--------------------------------------------+------------+-----------+-----------+------------+----------------------------------+
; bidir_port_to_and_from_the_lcd32_data[*]   ; clk_in     ; 4.047     ;           ; Rise       ; inst|altpll_component|pll|clk[0] ;
;  bidir_port_to_and_from_the_lcd32_data[0]  ; clk_in     ; 4.521     ;           ; Rise       ; inst|altpll_component|pll|clk[0] ;
;  bidir_port_to_and_from_the_lcd32_data[1]  ; clk_in     ; 4.526     ;           ; Rise       ; inst|altpll_component|pll|clk[0] ;
;  bidir_port_to_and_from_the_lcd32_data[2]  ; clk_in     ; 4.451     ;           ; Rise       ; inst|altpll_component|pll|clk[0] ;
;  bidir_port_to_and_from_the_lcd32_data[3]  ; clk_in     ; 4.446     ;           ; Rise       ; inst|altpll_component|pll|clk[0] ;
;  bidir_port_to_and_from_the_lcd32_data[4]  ; clk_in     ; 4.391     ;           ; Rise       ; inst|altpll_component|pll|clk[0] ;
;  bidir_port_to_and_from_the_lcd32_data[5]  ; clk_in     ; 4.047     ;           ; Rise       ; inst|altpll_component|pll|clk[0] ;
;  bidir_port_to_and_from_the_lcd32_data[6]  ; clk_in     ; 4.357     ;           ; Rise       ; inst|altpll_component|pll|clk[0] ;
;  bidir_port_to_and_from_the_lcd32_data[7]  ; clk_in     ; 4.482     ;           ; Rise       ; inst|altpll_component|pll|clk[0] ;
;  bidir_port_to_and_from_the_lcd32_data[8]  ; clk_in     ; 4.452     ;           ; Rise       ; inst|altpll_component|pll|clk[0] ;
;  bidir_port_to_and_from_the_lcd32_data[9]  ; clk_in     ; 4.605     ;           ; Rise       ; inst|altpll_component|pll|clk[0] ;
;  bidir_port_to_and_from_the_lcd32_data[10] ; clk_in     ; 4.594     ;           ; Rise       ; inst|altpll_component|pll|clk[0] ;
;  bidir_port_to_and_from_the_lcd32_data[11] ; clk_in     ; 4.607     ;           ; Rise       ; inst|altpll_component|pll|clk[0] ;
;  bidir_port_to_and_from_the_lcd32_data[12] ; clk_in     ; 4.948     ;           ; Rise       ; inst|altpll_component|pll|clk[0] ;
;  bidir_port_to_and_from_the_lcd32_data[13] ; clk_in     ; 5.353     ;           ; Rise       ; inst|altpll_component|pll|clk[0] ;
;  bidir_port_to_and_from_the_lcd32_data[14] ; clk_in     ; 5.649     ;           ; Rise       ; inst|altpll_component|pll|clk[0] ;
;  bidir_port_to_and_from_the_lcd32_data[15] ; clk_in     ; 5.699     ;           ; Rise       ; inst|altpll_component|pll|clk[0] ;
+--------------------------------------------+------------+-----------+-----------+------------+----------------------------------+


+----------------------------------------------------------+
; Fast Model Setup Summary                                 ;
+----------------------------------+-------+---------------+
; Clock                            ; Slack ; End Point TNS ;
+----------------------------------+-------+---------------+
; inst|altpll_component|pll|clk[0] ; 8.516 ; 0.000         ;
+----------------------------------+-------+---------------+


+----------------------------------------------------------+
; Fast Model Hold Summary                                  ;
+----------------------------------+-------+---------------+
; Clock                            ; Slack ; End Point TNS ;
+----------------------------------+-------+---------------+
; inst|altpll_component|pll|clk[0] ; 0.215 ; 0.000         ;
+----------------------------------+-------+---------------+


+----------------------------------------------------------+
; Fast Model Recovery Summary                              ;
+----------------------------------+-------+---------------+
; Clock                            ; Slack ; End Point TNS ;
+----------------------------------+-------+---------------+
; inst|altpll_component|pll|clk[0] ; 8.247 ; 0.000         ;
+----------------------------------+-------+---------------+


+----------------------------------------------------------+
; Fast Model Removal Summary                               ;
+----------------------------------+-------+---------------+
; Clock                            ; Slack ; End Point TNS ;
+----------------------------------+-------+---------------+
; inst|altpll_component|pll|clk[0] ; 1.497 ; 0.000         ;
+----------------------------------+-------+---------------+


+-----------------------------------------------------------+
; Fast Model Minimum Pulse Width Summary                    ;
+----------------------------------+--------+---------------+
; Clock                            ; Slack  ; End Point TNS ;
+----------------------------------+--------+---------------+
; inst|altpll_component|pll|clk[0] ; 7.873  ; 0.000         ;
; clk_in                           ; 10.000 ; 0.000         ;
; altera_reserved_tck              ; 97.778 ; 0.000         ;
+----------------------------------+--------+---------------+


+-----------------------------------------------------------------------------------------------------------------------------------------------------------------------------------------------------------+
; Fast Model Setup: 'inst|altpll_component|pll|clk[0]'                                                                                                                                                      ;
+-------+-----------------------------------------+------------------------------------------+----------------------------------+----------------------------------+--------------+------------+------------+
; Slack ; From Node                               ; To Node                                  ; Launch Clock                     ; Latch Clock                      ; Relationship ; Clock Skew ; Data Delay ;
+-------+-----------------------------------------+------------------------------------------+----------------------------------+----------------------------------+--------------+------------+------------+
; 8.516 ; SOPC:inst2|SOPC_cpu:cpu|M_rot_step1[0]  ; SOPC:inst2|SOPC_cpu:cpu|Mn_rot_step2[12] ; inst|altpll_component|pll|clk[0] ; inst|altpll_component|pll|clk[0] ; 10.000       ; 0.004      ; 1.520      ;
; 8.676 ; SOPC:inst2|SOPC_cpu:cpu|M_rot_rn[2]     ; SOPC:inst2|SOPC_cpu:cpu|Mn_rot_step2[1]  ; inst|altpll_component|pll|clk[0] ; inst|altpll_component|pll|clk[0] ; 10.000       ; -0.007     ; 1.349      ;
; 8.696 ; SOPC:inst2|SOPC_cpu:cpu|M_rot_rn[2]     ; SOPC:inst2|SOPC_cpu:cpu|Mn_rot_step2[18] ; inst|altpll_component|pll|clk[0] ; inst|altpll_component|pll|clk[0] ; 10.000       ; -0.001     ; 1.335      ;
; 8.699 ; SOPC:inst2|SOPC_cpu:cpu|M_rot_rn[2]     ; SOPC:inst2|SOPC_cpu:cpu|Mn_rot_step2[12] ; inst|altpll_component|pll|clk[0] ; inst|altpll_component|pll|clk[0] ; 10.000       ; -0.001     ; 1.332      ;
; 8.706 ; SOPC:inst2|SOPC_cpu:cpu|M_rot_rn[2]     ; SOPC:inst2|SOPC_cpu:cpu|Mn_rot_step2[25] ; inst|altpll_component|pll|clk[0] ; inst|altpll_component|pll|clk[0] ; 10.000       ; -0.007     ; 1.319      ;
; 8.717 ; SOPC:inst2|SOPC_cpu:cpu|M_rot_step1[0]  ; SOPC:inst2|SOPC_cpu:cpu|Mn_rot_step2[8]  ; inst|altpll_component|pll|clk[0] ; inst|altpll_component|pll|clk[0] ; 10.000       ; 0.004      ; 1.319      ;
; 8.748 ; SOPC:inst2|SOPC_cpu:cpu|M_rot_step1[14] ; SOPC:inst2|SOPC_cpu:cpu|Mn_rot_step2[22] ; inst|altpll_component|pll|clk[0] ; inst|altpll_component|pll|clk[0] ; 10.000       ; 0.023      ; 1.307      ;
; 8.750 ; SOPC:inst2|SOPC_cpu:cpu|M_rot_step1[14] ; SOPC:inst2|SOPC_cpu:cpu|Mn_rot_step2[26] ; inst|altpll_component|pll|clk[0] ; inst|altpll_component|pll|clk[0] ; 10.000       ; 0.023      ; 1.305      ;
; 8.750 ; SOPC:inst2|SOPC_cpu:cpu|M_rot_step1[13] ; SOPC:inst2|SOPC_cpu:cpu|Mn_rot_step2[25] ; inst|altpll_component|pll|clk[0] ; inst|altpll_component|pll|clk[0] ; 10.000       ; 0.017      ; 1.299      ;
; 8.757 ; SOPC:inst2|SOPC_cpu:cpu|M_rot_step1[17] ; SOPC:inst2|SOPC_cpu:cpu|Mn_rot_step2[25] ; inst|altpll_component|pll|clk[0] ; inst|altpll_component|pll|clk[0] ; 10.000       ; 0.017      ; 1.292      ;
; 8.759 ; SOPC:inst2|SOPC_cpu:cpu|M_rot_rn[2]     ; SOPC:inst2|SOPC_cpu:cpu|Mn_rot_step2[11] ; inst|altpll_component|pll|clk[0] ; inst|altpll_component|pll|clk[0] ; 10.000       ; -0.007     ; 1.266      ;
; 8.760 ; SOPC:inst2|SOPC_cpu:cpu|M_rot_step1[24] ; SOPC:inst2|SOPC_cpu:cpu|Mn_rot_step2[0]  ; inst|altpll_component|pll|clk[0] ; inst|altpll_component|pll|clk[0] ; 10.000       ; 0.004      ; 1.276      ;
; 8.761 ; SOPC:inst2|SOPC_cpu:cpu|M_rot_rn[2]     ; SOPC:inst2|SOPC_cpu:cpu|Mn_rot_step2[9]  ; inst|altpll_component|pll|clk[0] ; inst|altpll_component|pll|clk[0] ; 10.000       ; -0.007     ; 1.264      ;
; 8.774 ; SOPC:inst2|SOPC_cpu:cpu|M_rot_rn[2]     ; SOPC:inst2|SOPC_cpu:cpu|Mn_rot_step2[19] ; inst|altpll_component|pll|clk[0] ; inst|altpll_component|pll|clk[0] ; 10.000       ; -0.007     ; 1.251      ;
; 8.782 ; SOPC:inst2|SOPC_cpu:cpu|M_rot_rn[2]     ; SOPC:inst2|SOPC_cpu:cpu|Mn_rot_step2[14] ; inst|altpll_component|pll|clk[0] ; inst|altpll_component|pll|clk[0] ; 10.000       ; -0.001     ; 1.249      ;
; 8.785 ; SOPC:inst2|SOPC_cpu:cpu|M_rot_step1[5]  ; SOPC:inst2|SOPC_cpu:cpu|Mn_rot_step2[17] ; inst|altpll_component|pll|clk[0] ; inst|altpll_component|pll|clk[0] ; 10.000       ; 0.009      ; 1.256      ;
; 8.790 ; SOPC:inst2|SOPC_cpu:cpu|M_rot_rn[2]     ; SOPC:inst2|SOPC_cpu:cpu|Mn_rot_step2[21] ; inst|altpll_component|pll|clk[0] ; inst|altpll_component|pll|clk[0] ; 10.000       ; -0.007     ; 1.235      ;
; 8.802 ; SOPC:inst2|SOPC_cpu:cpu|M_rot_rn[2]     ; SOPC:inst2|SOPC_cpu:cpu|Mn_rot_step2[6]  ; inst|altpll_component|pll|clk[0] ; inst|altpll_component|pll|clk[0] ; 10.000       ; -0.001     ; 1.229      ;
; 8.809 ; SOPC:inst2|SOPC_cpu:cpu|M_rot_rn[2]     ; SOPC:inst2|SOPC_cpu:cpu|Mn_rot_step2[30] ; inst|altpll_component|pll|clk[0] ; inst|altpll_component|pll|clk[0] ; 10.000       ; -0.001     ; 1.222      ;
; 8.809 ; SOPC:inst2|SOPC_cpu:cpu|M_rot_rn[2]     ; SOPC:inst2|SOPC_cpu:cpu|Mn_rot_step2[0]  ; inst|altpll_component|pll|clk[0] ; inst|altpll_component|pll|clk[0] ; 10.000       ; -0.001     ; 1.222      ;
; 8.813 ; SOPC:inst2|SOPC_cpu:cpu|M_rot_step1[15] ; SOPC:inst2|SOPC_cpu:cpu|Mn_rot_step2[27] ; inst|altpll_component|pll|clk[0] ; inst|altpll_component|pll|clk[0] ; 10.000       ; 0.017      ; 1.236      ;
; 8.817 ; SOPC:inst2|SOPC_cpu:cpu|M_rot_rn[2]     ; SOPC:inst2|SOPC_cpu:cpu|Mn_rot_step2[2]  ; inst|altpll_component|pll|clk[0] ; inst|altpll_component|pll|clk[0] ; 10.000       ; -0.001     ; 1.214      ;
; 8.818 ; SOPC:inst2|SOPC_cpu:cpu|M_rot_rn[2]     ; SOPC:inst2|SOPC_cpu:cpu|Mn_rot_step2[28] ; inst|altpll_component|pll|clk[0] ; inst|altpll_component|pll|clk[0] ; 10.000       ; -0.001     ; 1.213      ;
; 8.822 ; SOPC:inst2|SOPC_cpu:cpu|M_rot_rn[2]     ; SOPC:inst2|SOPC_cpu:cpu|Mn_rot_step2[26] ; inst|altpll_component|pll|clk[0] ; inst|altpll_component|pll|clk[0] ; 10.000       ; -0.001     ; 1.209      ;
; 8.837 ; SOPC:inst2|SOPC_cpu:cpu|M_rot_step1[16] ; SOPC:inst2|SOPC_cpu:cpu|Mn_rot_step2[28] ; inst|altpll_component|pll|clk[0] ; inst|altpll_component|pll|clk[0] ; 10.000       ; 0.023      ; 1.218      ;
; 8.838 ; SOPC:inst2|SOPC_cpu:cpu|M_rot_step1[24] ; SOPC:inst2|SOPC_cpu:cpu|Mn_rot_step2[4]  ; inst|altpll_component|pll|clk[0] ; inst|altpll_component|pll|clk[0] ; 10.000       ; 0.004      ; 1.198      ;
; 8.839 ; SOPC:inst2|SOPC_cpu:cpu|M_rot_step1[18] ; SOPC:inst2|SOPC_cpu:cpu|Mn_rot_step2[30] ; inst|altpll_component|pll|clk[0] ; inst|altpll_component|pll|clk[0] ; 10.000       ; 0.023      ; 1.216      ;
; 8.854 ; SOPC:inst2|SOPC_cpu:cpu|M_rot_step1[9]  ; SOPC:inst2|SOPC_cpu:cpu|Mn_rot_step2[21] ; inst|altpll_component|pll|clk[0] ; inst|altpll_component|pll|clk[0] ; 10.000       ; 0.017      ; 1.195      ;
; 8.855 ; SOPC:inst2|SOPC_cpu:cpu|M_rot_step1[4]  ; SOPC:inst2|SOPC_cpu:cpu|Mn_rot_step2[12] ; inst|altpll_component|pll|clk[0] ; inst|altpll_component|pll|clk[0] ; 10.000       ; 0.015      ; 1.192      ;
; 8.855 ; SOPC:inst2|SOPC_cpu:cpu|M_rot_step1[18] ; SOPC:inst2|SOPC_cpu:cpu|Mn_rot_step2[26] ; inst|altpll_component|pll|clk[0] ; inst|altpll_component|pll|clk[0] ; 10.000       ; 0.023      ; 1.200      ;
; 8.855 ; SOPC:inst2|SOPC_cpu:cpu|M_rot_step1[13] ; SOPC:inst2|SOPC_cpu:cpu|Mn_rot_step2[21] ; inst|altpll_component|pll|clk[0] ; inst|altpll_component|pll|clk[0] ; 10.000       ; 0.017      ; 1.194      ;
; 8.856 ; SOPC:inst2|SOPC_cpu:cpu|M_rot_rn[2]     ; SOPC:inst2|SOPC_cpu:cpu|Mn_rot_step2[15] ; inst|altpll_component|pll|clk[0] ; inst|altpll_component|pll|clk[0] ; 10.000       ; -0.007     ; 1.169      ;
; 8.856 ; SOPC:inst2|SOPC_cpu:cpu|M_rot_step1[7]  ; SOPC:inst2|SOPC_cpu:cpu|Mn_rot_step2[19] ; inst|altpll_component|pll|clk[0] ; inst|altpll_component|pll|clk[0] ; 10.000       ; 0.009      ; 1.185      ;
; 8.860 ; SOPC:inst2|SOPC_cpu:cpu|M_rot_rn[2]     ; SOPC:inst2|SOPC_cpu:cpu|Mn_rot_step2[13] ; inst|altpll_component|pll|clk[0] ; inst|altpll_component|pll|clk[0] ; 10.000       ; -0.007     ; 1.165      ;
; 8.863 ; SOPC:inst2|SOPC_cpu:cpu|M_rot_rn[2]     ; SOPC:inst2|SOPC_cpu:cpu|Mn_rot_step2[5]  ; inst|altpll_component|pll|clk[0] ; inst|altpll_component|pll|clk[0] ; 10.000       ; -0.007     ; 1.162      ;
; 8.875 ; SOPC:inst2|SOPC_cpu:cpu|M_rot_step1[30] ; SOPC:inst2|SOPC_cpu:cpu|Mn_rot_step2[6]  ; inst|altpll_component|pll|clk[0] ; inst|altpll_component|pll|clk[0] ; 10.000       ; 0.004      ; 1.161      ;
; 8.878 ; SOPC:inst2|SOPC_cpu:cpu|M_rot_rn[2]     ; SOPC:inst2|SOPC_cpu:cpu|Mn_rot_step2[29] ; inst|altpll_component|pll|clk[0] ; inst|altpll_component|pll|clk[0] ; 10.000       ; -0.007     ; 1.147      ;
; 8.880 ; SOPC:inst2|SOPC_cpu:cpu|M_rot_step1[21] ; SOPC:inst2|SOPC_cpu:cpu|Mn_rot_step2[1]  ; inst|altpll_component|pll|clk[0] ; inst|altpll_component|pll|clk[0] ; 10.000       ; -0.002     ; 1.150      ;
; 8.882 ; SOPC:inst2|SOPC_cpu:cpu|M_rot_rn[2]     ; SOPC:inst2|SOPC_cpu:cpu|Mn_rot_step2[27] ; inst|altpll_component|pll|clk[0] ; inst|altpll_component|pll|clk[0] ; 10.000       ; -0.007     ; 1.143      ;
; 8.888 ; SOPC:inst2|SOPC_cpu:cpu|M_rot_rn[2]     ; SOPC:inst2|SOPC_cpu:cpu|Mn_rot_step2[3]  ; inst|altpll_component|pll|clk[0] ; inst|altpll_component|pll|clk[0] ; 10.000       ; -0.007     ; 1.137      ;
; 8.893 ; SOPC:inst2|SOPC_cpu:cpu|M_rot_rn[2]     ; SOPC:inst2|SOPC_cpu:cpu|Mn_rot_step2[24] ; inst|altpll_component|pll|clk[0] ; inst|altpll_component|pll|clk[0] ; 10.000       ; -0.001     ; 1.138      ;
; 8.893 ; SOPC:inst2|SOPC_cpu:cpu|M_rot_rn[2]     ; SOPC:inst2|SOPC_cpu:cpu|Mn_rot_step2[8]  ; inst|altpll_component|pll|clk[0] ; inst|altpll_component|pll|clk[0] ; 10.000       ; -0.001     ; 1.138      ;
; 8.894 ; SOPC:inst2|SOPC_cpu:cpu|M_rot_rn[2]     ; SOPC:inst2|SOPC_cpu:cpu|Mn_rot_step2[4]  ; inst|altpll_component|pll|clk[0] ; inst|altpll_component|pll|clk[0] ; 10.000       ; -0.001     ; 1.137      ;
; 8.896 ; SOPC:inst2|SOPC_cpu:cpu|M_rot_rn[2]     ; SOPC:inst2|SOPC_cpu:cpu|Mn_rot_step2[31] ; inst|altpll_component|pll|clk[0] ; inst|altpll_component|pll|clk[0] ; 10.000       ; -0.007     ; 1.129      ;
; 8.901 ; SOPC:inst2|SOPC_cpu:cpu|M_rot_rn[2]     ; SOPC:inst2|SOPC_cpu:cpu|Mn_rot_step2[16] ; inst|altpll_component|pll|clk[0] ; inst|altpll_component|pll|clk[0] ; 10.000       ; -0.001     ; 1.130      ;
; 8.903 ; SOPC:inst2|SOPC_cpu:cpu|M_rot_rn[2]     ; SOPC:inst2|SOPC_cpu:cpu|Mn_rot_step2[10] ; inst|altpll_component|pll|clk[0] ; inst|altpll_component|pll|clk[0] ; 10.000       ; -0.001     ; 1.128      ;
; 8.906 ; SOPC:inst2|SOPC_cpu:cpu|M_rot_step1[15] ; SOPC:inst2|SOPC_cpu:cpu|Mn_rot_step2[23] ; inst|altpll_component|pll|clk[0] ; inst|altpll_component|pll|clk[0] ; 10.000       ; 0.017      ; 1.143      ;
; 8.916 ; SOPC:inst2|SOPC_cpu:cpu|M_rot_step1[1]  ; SOPC:inst2|SOPC_cpu:cpu|Mn_rot_step2[13] ; inst|altpll_component|pll|clk[0] ; inst|altpll_component|pll|clk[0] ; 10.000       ; 0.009      ; 1.125      ;
; 8.930 ; SOPC:inst2|SOPC_cpu:cpu|M_rot_step1[16] ; SOPC:inst2|SOPC_cpu:cpu|Mn_rot_step2[24] ; inst|altpll_component|pll|clk[0] ; inst|altpll_component|pll|clk[0] ; 10.000       ; 0.023      ; 1.125      ;
; 8.932 ; SOPC:inst2|SOPC_cpu:cpu|M_rot_step1[20] ; SOPC:inst2|SOPC_cpu:cpu|Mn_rot_step2[0]  ; inst|altpll_component|pll|clk[0] ; inst|altpll_component|pll|clk[0] ; 10.000       ; 0.004      ; 1.104      ;
; 8.938 ; SOPC:inst2|SOPC_cpu:cpu|M_rot_step1[26] ; SOPC:inst2|SOPC_cpu:cpu|Mn_rot_step2[6]  ; inst|altpll_component|pll|clk[0] ; inst|altpll_component|pll|clk[0] ; 10.000       ; 0.004      ; 1.098      ;
; 8.938 ; SOPC:inst2|SOPC_cpu:cpu|M_rot_step1[7]  ; SOPC:inst2|SOPC_cpu:cpu|Mn_rot_step2[15] ; inst|altpll_component|pll|clk[0] ; inst|altpll_component|pll|clk[0] ; 10.000       ; 0.009      ; 1.103      ;
; 8.939 ; SOPC:inst2|SOPC_cpu:cpu|M_rot_step1[20] ; SOPC:inst2|SOPC_cpu:cpu|Mn_rot_step2[28] ; inst|altpll_component|pll|clk[0] ; inst|altpll_component|pll|clk[0] ; 10.000       ; 0.004      ; 1.097      ;
; 8.942 ; SOPC:inst2|SOPC_cpu:cpu|M_rot_step1[17] ; SOPC:inst2|SOPC_cpu:cpu|Mn_rot_step2[29] ; inst|altpll_component|pll|clk[0] ; inst|altpll_component|pll|clk[0] ; 10.000       ; 0.017      ; 1.107      ;
; 8.943 ; SOPC:inst2|SOPC_cpu:cpu|M_rot_step1[2]  ; SOPC:inst2|SOPC_cpu:cpu|Mn_rot_step2[14] ; inst|altpll_component|pll|clk[0] ; inst|altpll_component|pll|clk[0] ; 10.000       ; 0.015      ; 1.104      ;
; 8.946 ; SOPC:inst2|SOPC_cpu:cpu|M_rot_step1[2]  ; SOPC:inst2|SOPC_cpu:cpu|Mn_rot_step2[10] ; inst|altpll_component|pll|clk[0] ; inst|altpll_component|pll|clk[0] ; 10.000       ; 0.015      ; 1.101      ;
; 8.947 ; SOPC:inst2|SOPC_cpu:cpu|M_rot_step1[6]  ; SOPC:inst2|SOPC_cpu:cpu|Mn_rot_step2[18] ; inst|altpll_component|pll|clk[0] ; inst|altpll_component|pll|clk[0] ; 10.000       ; 0.015      ; 1.100      ;
; 8.948 ; SOPC:inst2|SOPC_cpu:cpu|M_rot_rn[2]     ; SOPC:inst2|SOPC_cpu:cpu|Mn_rot_step2[20] ; inst|altpll_component|pll|clk[0] ; inst|altpll_component|pll|clk[0] ; 10.000       ; -0.001     ; 1.083      ;
; 8.950 ; SOPC:inst2|SOPC_cpu:cpu|M_rot_step1[26] ; SOPC:inst2|SOPC_cpu:cpu|Mn_rot_step2[2]  ; inst|altpll_component|pll|clk[0] ; inst|altpll_component|pll|clk[0] ; 10.000       ; 0.004      ; 1.086      ;
; 8.956 ; SOPC:inst2|SOPC_cpu:cpu|M_rot_rn[2]     ; SOPC:inst2|SOPC_cpu:cpu|Mn_rot_step2[22] ; inst|altpll_component|pll|clk[0] ; inst|altpll_component|pll|clk[0] ; 10.000       ; -0.001     ; 1.075      ;
; 8.956 ; SOPC:inst2|SOPC_cpu:cpu|M_rot_step1[27] ; SOPC:inst2|SOPC_cpu:cpu|Mn_rot_step2[3]  ; inst|altpll_component|pll|clk[0] ; inst|altpll_component|pll|clk[0] ; 10.000       ; -0.002     ; 1.074      ;
; 8.958 ; SOPC:inst2|SOPC_cpu:cpu|M_rot_step1[3]  ; SOPC:inst2|SOPC_cpu:cpu|Mn_rot_step2[11] ; inst|altpll_component|pll|clk[0] ; inst|altpll_component|pll|clk[0] ; 10.000       ; 0.009      ; 1.083      ;
; 8.962 ; SOPC:inst2|SOPC_cpu:cpu|M_rot_step1[30] ; SOPC:inst2|SOPC_cpu:cpu|Mn_rot_step2[10] ; inst|altpll_component|pll|clk[0] ; inst|altpll_component|pll|clk[0] ; 10.000       ; 0.004      ; 1.074      ;
; 8.963 ; SOPC:inst2|SOPC_cpu:cpu|M_rot_step1[0]  ; SOPC:inst2|SOPC_cpu:cpu|Mn_rot_step2[4]  ; inst|altpll_component|pll|clk[0] ; inst|altpll_component|pll|clk[0] ; 10.000       ; 0.004      ; 1.073      ;
; 8.964 ; SOPC:inst2|SOPC_cpu:cpu|M_rot_step1[1]  ; SOPC:inst2|SOPC_cpu:cpu|Mn_rot_step2[9]  ; inst|altpll_component|pll|clk[0] ; inst|altpll_component|pll|clk[0] ; 10.000       ; 0.009      ; 1.077      ;
; 8.964 ; SOPC:inst2|SOPC_cpu:cpu|M_rot_rn[2]     ; SOPC:inst2|SOPC_cpu:cpu|Mn_rot_step2[17] ; inst|altpll_component|pll|clk[0] ; inst|altpll_component|pll|clk[0] ; 10.000       ; -0.007     ; 1.061      ;
; 8.965 ; SOPC:inst2|SOPC_cpu:cpu|M_rot_step1[12] ; SOPC:inst2|SOPC_cpu:cpu|Mn_rot_step2[20] ; inst|altpll_component|pll|clk[0] ; inst|altpll_component|pll|clk[0] ; 10.000       ; 0.023      ; 1.090      ;
; 8.966 ; SOPC:inst2|SOPC_cpu:cpu|M_rot_rn[2]     ; SOPC:inst2|SOPC_cpu:cpu|Mn_rot_step2[7]  ; inst|altpll_component|pll|clk[0] ; inst|altpll_component|pll|clk[0] ; 10.000       ; -0.007     ; 1.059      ;
; 8.970 ; SOPC:inst2|SOPC_cpu:cpu|M_rot_step1[0]  ; SOPC:inst2|SOPC_cpu:cpu|Mn_rot_step2[0]  ; inst|altpll_component|pll|clk[0] ; inst|altpll_component|pll|clk[0] ; 10.000       ; 0.004      ; 1.066      ;
; 8.970 ; SOPC:inst2|SOPC_cpu:cpu|M_rot_rn[2]     ; SOPC:inst2|SOPC_cpu:cpu|Mn_rot_step2[23] ; inst|altpll_component|pll|clk[0] ; inst|altpll_component|pll|clk[0] ; 10.000       ; -0.007     ; 1.055      ;
; 8.976 ; SOPC:inst2|SOPC_cpu:cpu|M_rot_step1[29] ; SOPC:inst2|SOPC_cpu:cpu|Mn_rot_step2[9]  ; inst|altpll_component|pll|clk[0] ; inst|altpll_component|pll|clk[0] ; 10.000       ; -0.002     ; 1.054      ;
; 8.983 ; SOPC:inst2|SOPC_cpu:cpu|M_rot_step1[21] ; SOPC:inst2|SOPC_cpu:cpu|Mn_rot_step2[29] ; inst|altpll_component|pll|clk[0] ; inst|altpll_component|pll|clk[0] ; 10.000       ; -0.002     ; 1.047      ;
; 8.991 ; SOPC:inst2|SOPC_cpu:cpu|M_rot_step1[19] ; SOPC:inst2|SOPC_cpu:cpu|Mn_rot_step2[31] ; inst|altpll_component|pll|clk[0] ; inst|altpll_component|pll|clk[0] ; 10.000       ; -0.002     ; 1.039      ;
; 8.995 ; SOPC:inst2|SOPC_cpu:cpu|M_rot_step1[22] ; SOPC:inst2|SOPC_cpu:cpu|Mn_rot_step2[2]  ; inst|altpll_component|pll|clk[0] ; inst|altpll_component|pll|clk[0] ; 10.000       ; 0.004      ; 1.041      ;
; 8.996 ; SOPC:inst2|SOPC_cpu:cpu|M_rot_step1[22] ; SOPC:inst2|SOPC_cpu:cpu|Mn_rot_step2[30] ; inst|altpll_component|pll|clk[0] ; inst|altpll_component|pll|clk[0] ; 10.000       ; 0.004      ; 1.040      ;
; 9.002 ; SOPC:inst2|SOPC_cpu:cpu|M_rot_step1[19] ; SOPC:inst2|SOPC_cpu:cpu|Mn_rot_step2[27] ; inst|altpll_component|pll|clk[0] ; inst|altpll_component|pll|clk[0] ; 10.000       ; -0.002     ; 1.028      ;
; 9.018 ; SOPC:inst2|SOPC_cpu:cpu|M_rot_step1[5]  ; SOPC:inst2|SOPC_cpu:cpu|Mn_rot_step2[13] ; inst|altpll_component|pll|clk[0] ; inst|altpll_component|pll|clk[0] ; 10.000       ; 0.009      ; 1.023      ;
; 9.033 ; SOPC:inst2|SOPC_cpu:cpu|M_rot_step1[9]  ; SOPC:inst2|SOPC_cpu:cpu|Mn_rot_step2[17] ; inst|altpll_component|pll|clk[0] ; inst|altpll_component|pll|clk[0] ; 10.000       ; 0.017      ; 1.016      ;
; 9.037 ; SOPC:inst2|SOPC_cpu:cpu|M_rot_step1[8]  ; SOPC:inst2|SOPC_cpu:cpu|Mn_rot_step2[16] ; inst|altpll_component|pll|clk[0] ; inst|altpll_component|pll|clk[0] ; 10.000       ; 0.023      ; 1.018      ;
; 9.039 ; SOPC:inst2|SOPC_cpu:cpu|M_rot_step1[5]  ; SOPC:inst2|SOPC_cpu:cpu|Mn_rot_step2[9]  ; inst|altpll_component|pll|clk[0] ; inst|altpll_component|pll|clk[0] ; 10.000       ; 0.009      ; 1.002      ;
; 9.044 ; SOPC:inst2|SOPC_cpu:cpu|M_rot_step1[4]  ; SOPC:inst2|SOPC_cpu:cpu|Mn_rot_step2[16] ; inst|altpll_component|pll|clk[0] ; inst|altpll_component|pll|clk[0] ; 10.000       ; 0.015      ; 1.003      ;
; 9.045 ; SOPC:inst2|SOPC_cpu:cpu|M_rot_step1[11] ; SOPC:inst2|SOPC_cpu:cpu|Mn_rot_step2[23] ; inst|altpll_component|pll|clk[0] ; inst|altpll_component|pll|clk[0] ; 10.000       ; 0.017      ; 1.004      ;
; 9.046 ; SOPC:inst2|SOPC_cpu:cpu|M_rot_step1[12] ; SOPC:inst2|SOPC_cpu:cpu|Mn_rot_step2[24] ; inst|altpll_component|pll|clk[0] ; inst|altpll_component|pll|clk[0] ; 10.000       ; 0.023      ; 1.009      ;
; 9.047 ; SOPC:inst2|SOPC_cpu:cpu|M_rot_step1[3]  ; SOPC:inst2|SOPC_cpu:cpu|Mn_rot_step2[15] ; inst|altpll_component|pll|clk[0] ; inst|altpll_component|pll|clk[0] ; 10.000       ; 0.009      ; 0.994      ;
; 9.052 ; SOPC:inst2|SOPC_cpu:cpu|Mn_rot_step2[6] ; SOPC:inst2|SOPC_cpu:cpu|A_rot[6]         ; inst|altpll_component|pll|clk[0] ; inst|altpll_component|pll|clk[0] ; 10.000       ; 0.006      ; 0.986      ;
; 9.052 ; SOPC:inst2|SOPC_cpu:cpu|Mn_rot_step2[6] ; SOPC:inst2|SOPC_cpu:cpu|A_rot[22]        ; inst|altpll_component|pll|clk[0] ; inst|altpll_component|pll|clk[0] ; 10.000       ; 0.006      ; 0.986      ;
; 9.061 ; SOPC:inst2|SOPC_cpu:cpu|M_rot_rn[3]     ; SOPC:inst2|SOPC_cpu:cpu|Mn_rot_step2[23] ; inst|altpll_component|pll|clk[0] ; inst|altpll_component|pll|clk[0] ; 10.000       ; -0.007     ; 0.964      ;
; 9.061 ; SOPC:inst2|SOPC_cpu:cpu|M_rot_rn[3]     ; SOPC:inst2|SOPC_cpu:cpu|Mn_rot_step2[27] ; inst|altpll_component|pll|clk[0] ; inst|altpll_component|pll|clk[0] ; 10.000       ; -0.007     ; 0.964      ;
; 9.061 ; SOPC:inst2|SOPC_cpu:cpu|M_rot_rn[3]     ; SOPC:inst2|SOPC_cpu:cpu|Mn_rot_step2[11] ; inst|altpll_component|pll|clk[0] ; inst|altpll_component|pll|clk[0] ; 10.000       ; -0.007     ; 0.964      ;
; 9.061 ; SOPC:inst2|SOPC_cpu:cpu|M_rot_rn[3]     ; SOPC:inst2|SOPC_cpu:cpu|Mn_rot_step2[9]  ; inst|altpll_component|pll|clk[0] ; inst|altpll_component|pll|clk[0] ; 10.000       ; -0.007     ; 0.964      ;
; 9.061 ; SOPC:inst2|SOPC_cpu:cpu|M_rot_rn[3]     ; SOPC:inst2|SOPC_cpu:cpu|Mn_rot_step2[25] ; inst|altpll_component|pll|clk[0] ; inst|altpll_component|pll|clk[0] ; 10.000       ; -0.007     ; 0.964      ;
; 9.061 ; SOPC:inst2|SOPC_cpu:cpu|M_rot_rn[3]     ; SOPC:inst2|SOPC_cpu:cpu|Mn_rot_step2[1]  ; inst|altpll_component|pll|clk[0] ; inst|altpll_component|pll|clk[0] ; 10.000       ; -0.007     ; 0.964      ;
; 9.061 ; SOPC:inst2|SOPC_cpu:cpu|M_rot_rn[3]     ; SOPC:inst2|SOPC_cpu:cpu|Mn_rot_step2[17] ; inst|altpll_component|pll|clk[0] ; inst|altpll_component|pll|clk[0] ; 10.000       ; -0.007     ; 0.964      ;
; 9.061 ; SOPC:inst2|SOPC_cpu:cpu|M_rot_rn[3]     ; SOPC:inst2|SOPC_cpu:cpu|Mn_rot_step2[19] ; inst|altpll_component|pll|clk[0] ; inst|altpll_component|pll|clk[0] ; 10.000       ; -0.007     ; 0.964      ;
; 9.061 ; SOPC:inst2|SOPC_cpu:cpu|M_rot_rn[3]     ; SOPC:inst2|SOPC_cpu:cpu|Mn_rot_step2[3]  ; inst|altpll_component|pll|clk[0] ; inst|altpll_component|pll|clk[0] ; 10.000       ; -0.007     ; 0.964      ;
; 9.061 ; SOPC:inst2|SOPC_cpu:cpu|M_rot_rn[3]     ; SOPC:inst2|SOPC_cpu:cpu|Mn_rot_step2[29] ; inst|altpll_component|pll|clk[0] ; inst|altpll_component|pll|clk[0] ; 10.000       ; -0.007     ; 0.964      ;
; 9.061 ; SOPC:inst2|SOPC_cpu:cpu|M_rot_rn[3]     ; SOPC:inst2|SOPC_cpu:cpu|Mn_rot_step2[13] ; inst|altpll_component|pll|clk[0] ; inst|altpll_component|pll|clk[0] ; 10.000       ; -0.007     ; 0.964      ;
; 9.061 ; SOPC:inst2|SOPC_cpu:cpu|M_rot_rn[3]     ; SOPC:inst2|SOPC_cpu:cpu|Mn_rot_step2[7]  ; inst|altpll_component|pll|clk[0] ; inst|altpll_component|pll|clk[0] ; 10.000       ; -0.007     ; 0.964      ;
; 9.061 ; SOPC:inst2|SOPC_cpu:cpu|M_rot_rn[3]     ; SOPC:inst2|SOPC_cpu:cpu|Mn_rot_step2[21] ; inst|altpll_component|pll|clk[0] ; inst|altpll_component|pll|clk[0] ; 10.000       ; -0.007     ; 0.964      ;
; 9.061 ; SOPC:inst2|SOPC_cpu:cpu|M_rot_rn[3]     ; SOPC:inst2|SOPC_cpu:cpu|Mn_rot_step2[5]  ; inst|altpll_component|pll|clk[0] ; inst|altpll_component|pll|clk[0] ; 10.000       ; -0.007     ; 0.964      ;
+-------+-----------------------------------------+------------------------------------------+----------------------------------+----------------------------------+--------------+------------+------------+


+------------------------------------------------------------------------------------------------------------------------------------------------------------------------------------------------------------------------------------------------------------------------------------------------------------------------------------------------------------------------------------------------------------------------------------------------------------------------------------------------------------+
; Fast Model Hold: 'inst|altpll_component|pll|clk[0]'                                                                                                                                                                                                                                                                                                                                                                                                                                                        ;
+-------+------------------------------------------------------------------------------------------------------------------------------------------------------------------------------------------+------------------------------------------------------------------------------------------------------------------------------------------------------------------------------------------+----------------------------------+----------------------------------+--------------+------------+------------+
; Slack ; From Node                                                                                                                                                                                ; To Node                                                                                                                                                                                  ; Launch Clock                     ; Latch Clock                      ; Relationship ; Clock Skew ; Data Delay ;
+-------+------------------------------------------------------------------------------------------------------------------------------------------------------------------------------------------+------------------------------------------------------------------------------------------------------------------------------------------------------------------------------------------+----------------------------------+----------------------------------+--------------+------------+------------+
; 0.215 ; SOPC:inst2|SOPC_cpu:cpu|SOPC_cpu_nios2_oci:the_SOPC_cpu_nios2_oci|SOPC_cpu_nios2_ocimem:the_SOPC_cpu_nios2_ocimem|jtag_rd                                                                ; SOPC:inst2|SOPC_cpu:cpu|SOPC_cpu_nios2_oci:the_SOPC_cpu_nios2_oci|SOPC_cpu_nios2_ocimem:the_SOPC_cpu_nios2_ocimem|jtag_rd                                                                ; inst|altpll_component|pll|clk[0] ; inst|altpll_component|pll|clk[0] ; 0.000        ; 0.000      ; 0.367      ;
; 0.215 ; SOPC:inst2|SOPC_cpu:cpu|d_write~reg0                                                                                                                                                     ; SOPC:inst2|SOPC_cpu:cpu|d_write~reg0                                                                                                                                                     ; inst|altpll_component|pll|clk[0] ; inst|altpll_component|pll|clk[0] ; 0.000        ; 0.000      ; 0.367      ;
; 0.215 ; SOPC:inst2|altera_merlin_slave_translator:epcs_epcs_control_port_translator|wait_latency_counter[0]                                                                                      ; SOPC:inst2|altera_merlin_slave_translator:epcs_epcs_control_port_translator|wait_latency_counter[0]                                                                                      ; inst|altpll_component|pll|clk[0] ; inst|altpll_component|pll|clk[0] ; 0.000        ; 0.000      ; 0.367      ;
; 0.215 ; SOPC:inst2|altera_merlin_slave_translator:epcs_epcs_control_port_translator|wait_latency_counter[1]                                                                                      ; SOPC:inst2|altera_merlin_slave_translator:epcs_epcs_control_port_translator|wait_latency_counter[1]                                                                                      ; inst|altpll_component|pll|clk[0] ; inst|altpll_component|pll|clk[0] ; 0.000        ; 0.000      ; 0.367      ;
; 0.215 ; SOPC:inst2|altera_avalon_sc_fifo:epcs_epcs_control_port_translator_avalon_universal_slave_0_agent_rsp_fifo|mem_used[0]                                                                   ; SOPC:inst2|altera_avalon_sc_fifo:epcs_epcs_control_port_translator_avalon_universal_slave_0_agent_rsp_fifo|mem_used[0]                                                                   ; inst|altpll_component|pll|clk[0] ; inst|altpll_component|pll|clk[0] ; 0.000        ; 0.000      ; 0.367      ;
; 0.215 ; SOPC:inst2|altera_avalon_sc_fifo:lcd_rs_s1_translator_avalon_universal_slave_0_agent_rsp_fifo|mem_used[0]                                                                                ; SOPC:inst2|altera_avalon_sc_fifo:lcd_rs_s1_translator_avalon_universal_slave_0_agent_rsp_fifo|mem_used[0]                                                                                ; inst|altpll_component|pll|clk[0] ; inst|altpll_component|pll|clk[0] ; 0.000        ; 0.000      ; 0.367      ;
; 0.215 ; SOPC:inst2|SOPC_cpu:cpu|A_shift_rot_cnt                                                                                                                                                  ; SOPC:inst2|SOPC_cpu:cpu|A_shift_rot_cnt                                                                                                                                                  ; inst|altpll_component|pll|clk[0] ; inst|altpll_component|pll|clk[0] ; 0.000        ; 0.000      ; 0.367      ;
; 0.215 ; SOPC:inst2|SOPC_cpu:cpu|A_shift_rot_stall                                                                                                                                                ; SOPC:inst2|SOPC_cpu:cpu|A_shift_rot_stall                                                                                                                                                ; inst|altpll_component|pll|clk[0] ; inst|altpll_component|pll|clk[0] ; 0.000        ; 0.000      ; 0.367      ;
; 0.215 ; SOPC:inst2|altera_avalon_sc_fifo:sdram_s1_translator_avalon_universal_slave_0_agent_rsp_fifo|mem[7][57]                                                                                  ; SOPC:inst2|altera_avalon_sc_fifo:sdram_s1_translator_avalon_universal_slave_0_agent_rsp_fifo|mem[7][57]                                                                                  ; inst|altpll_component|pll|clk[0] ; inst|altpll_component|pll|clk[0] ; 0.000        ; 0.000      ; 0.367      ;
; 0.215 ; SOPC:inst2|altera_avalon_sc_fifo:sdram_s1_translator_avalon_universal_slave_0_agent_rsp_fifo|mem[7][66]                                                                                  ; SOPC:inst2|altera_avalon_sc_fifo:sdram_s1_translator_avalon_universal_slave_0_agent_rsp_fifo|mem[7][66]                                                                                  ; inst|altpll_component|pll|clk[0] ; inst|altpll_component|pll|clk[0] ; 0.000        ; 0.000      ; 0.367      ;
; 0.215 ; SOPC:inst2|altera_avalon_sc_fifo:sdram_s1_translator_avalon_universal_slave_0_agent_rdata_fifo|wr_ptr[2]                                                                                 ; SOPC:inst2|altera_avalon_sc_fifo:sdram_s1_translator_avalon_universal_slave_0_agent_rdata_fifo|wr_ptr[2]                                                                                 ; inst|altpll_component|pll|clk[0] ; inst|altpll_component|pll|clk[0] ; 0.000        ; 0.000      ; 0.367      ;
; 0.215 ; SOPC:inst2|altera_avalon_sc_fifo:sdram_s1_translator_avalon_universal_slave_0_agent_rdata_fifo|wr_ptr[0]                                                                                 ; SOPC:inst2|altera_avalon_sc_fifo:sdram_s1_translator_avalon_universal_slave_0_agent_rdata_fifo|wr_ptr[0]                                                                                 ; inst|altpll_component|pll|clk[0] ; inst|altpll_component|pll|clk[0] ; 0.000        ; 0.000      ; 0.367      ;
; 0.215 ; SOPC:inst2|altera_avalon_sc_fifo:sdram_s1_translator_avalon_universal_slave_0_agent_rdata_fifo|rd_ptr[0]                                                                                 ; SOPC:inst2|altera_avalon_sc_fifo:sdram_s1_translator_avalon_universal_slave_0_agent_rdata_fifo|rd_ptr[0]                                                                                 ; inst|altpll_component|pll|clk[0] ; inst|altpll_component|pll|clk[0] ; 0.000        ; 0.000      ; 0.367      ;
; 0.215 ; SOPC:inst2|altera_avalon_sc_fifo:sdram_s1_translator_avalon_universal_slave_0_agent_rdata_fifo|rd_ptr[1]                                                                                 ; SOPC:inst2|altera_avalon_sc_fifo:sdram_s1_translator_avalon_universal_slave_0_agent_rdata_fifo|rd_ptr[1]                                                                                 ; inst|altpll_component|pll|clk[0] ; inst|altpll_component|pll|clk[0] ; 0.000        ; 0.000      ; 0.367      ;
; 0.215 ; SOPC:inst2|altera_avalon_sc_fifo:sdram_s1_translator_avalon_universal_slave_0_agent_rdata_fifo|rd_ptr[2]                                                                                 ; SOPC:inst2|altera_avalon_sc_fifo:sdram_s1_translator_avalon_universal_slave_0_agent_rdata_fifo|rd_ptr[2]                                                                                 ; inst|altpll_component|pll|clk[0] ; inst|altpll_component|pll|clk[0] ; 0.000        ; 0.000      ; 0.367      ;
; 0.215 ; SOPC:inst2|SOPC_sdram:sdram|i_count[1]                                                                                                                                                   ; SOPC:inst2|SOPC_sdram:sdram|i_count[1]                                                                                                                                                   ; inst|altpll_component|pll|clk[0] ; inst|altpll_component|pll|clk[0] ; 0.000        ; 0.000      ; 0.367      ;
; 0.215 ; SOPC:inst2|SOPC_sdram:sdram|i_refs[0]                                                                                                                                                    ; SOPC:inst2|SOPC_sdram:sdram|i_refs[0]                                                                                                                                                    ; inst|altpll_component|pll|clk[0] ; inst|altpll_component|pll|clk[0] ; 0.000        ; 0.000      ; 0.367      ;
; 0.215 ; SOPC:inst2|SOPC_sdram:sdram|i_refs[1]                                                                                                                                                    ; SOPC:inst2|SOPC_sdram:sdram|i_refs[1]                                                                                                                                                    ; inst|altpll_component|pll|clk[0] ; inst|altpll_component|pll|clk[0] ; 0.000        ; 0.000      ; 0.367      ;
; 0.215 ; SOPC:inst2|SOPC_sdram:sdram|i_refs[2]                                                                                                                                                    ; SOPC:inst2|SOPC_sdram:sdram|i_refs[2]                                                                                                                                                    ; inst|altpll_component|pll|clk[0] ; inst|altpll_component|pll|clk[0] ; 0.000        ; 0.000      ; 0.367      ;
; 0.215 ; SOPC:inst2|SOPC_sdram:sdram|i_next.000                                                                                                                                                   ; SOPC:inst2|SOPC_sdram:sdram|i_next.000                                                                                                                                                   ; inst|altpll_component|pll|clk[0] ; inst|altpll_component|pll|clk[0] ; 0.000        ; 0.000      ; 0.367      ;
; 0.215 ; SOPC:inst2|SOPC_sdram:sdram|i_state.000                                                                                                                                                  ; SOPC:inst2|SOPC_sdram:sdram|i_state.000                                                                                                                                                  ; inst|altpll_component|pll|clk[0] ; inst|altpll_component|pll|clk[0] ; 0.000        ; 0.000      ; 0.367      ;
; 0.215 ; SOPC:inst2|SOPC_sdram:sdram|i_count[0]                                                                                                                                                   ; SOPC:inst2|SOPC_sdram:sdram|i_count[0]                                                                                                                                                   ; inst|altpll_component|pll|clk[0] ; inst|altpll_component|pll|clk[0] ; 0.000        ; 0.000      ; 0.367      ;
; 0.215 ; SOPC:inst2|SOPC_sdram:sdram|i_count[2]                                                                                                                                                   ; SOPC:inst2|SOPC_sdram:sdram|i_count[2]                                                                                                                                                   ; inst|altpll_component|pll|clk[0] ; inst|altpll_component|pll|clk[0] ; 0.000        ; 0.000      ; 0.367      ;
; 0.215 ; SOPC:inst2|SOPC_sdram:sdram|i_next.101                                                                                                                                                   ; SOPC:inst2|SOPC_sdram:sdram|i_next.101                                                                                                                                                   ; inst|altpll_component|pll|clk[0] ; inst|altpll_component|pll|clk[0] ; 0.000        ; 0.000      ; 0.367      ;
; 0.215 ; SOPC:inst2|SOPC_sdram:sdram|i_state.101                                                                                                                                                  ; SOPC:inst2|SOPC_sdram:sdram|i_state.101                                                                                                                                                  ; inst|altpll_component|pll|clk[0] ; inst|altpll_component|pll|clk[0] ; 0.000        ; 0.000      ; 0.367      ;
; 0.215 ; SOPC:inst2|SOPC_sdram:sdram|init_done                                                                                                                                                    ; SOPC:inst2|SOPC_sdram:sdram|init_done                                                                                                                                                    ; inst|altpll_component|pll|clk[0] ; inst|altpll_component|pll|clk[0] ; 0.000        ; 0.000      ; 0.367      ;
; 0.215 ; SOPC:inst2|altera_merlin_width_adapter:width_adapter|count[0]                                                                                                                            ; SOPC:inst2|altera_merlin_width_adapter:width_adapter|count[0]                                                                                                                            ; inst|altpll_component|pll|clk[0] ; inst|altpll_component|pll|clk[0] ; 0.000        ; 0.000      ; 0.367      ;
; 0.215 ; SOPC:inst2|altera_merlin_width_adapter:width_adapter|use_reg                                                                                                                             ; SOPC:inst2|altera_merlin_width_adapter:width_adapter|use_reg                                                                                                                             ; inst|altpll_component|pll|clk[0] ; inst|altpll_component|pll|clk[0] ; 0.000        ; 0.000      ; 0.367      ;
; 0.215 ; SOPC:inst2|SOPC_sdram:sdram|SOPC_sdram_input_efifo_module:the_SOPC_sdram_input_efifo_module|wr_address                                                                                   ; SOPC:inst2|SOPC_sdram:sdram|SOPC_sdram_input_efifo_module:the_SOPC_sdram_input_efifo_module|wr_address                                                                                   ; inst|altpll_component|pll|clk[0] ; inst|altpll_component|pll|clk[0] ; 0.000        ; 0.000      ; 0.367      ;
; 0.215 ; SOPC:inst2|SOPC_sdram:sdram|SOPC_sdram_input_efifo_module:the_SOPC_sdram_input_efifo_module|rd_address                                                                                   ; SOPC:inst2|SOPC_sdram:sdram|SOPC_sdram_input_efifo_module:the_SOPC_sdram_input_efifo_module|rd_address                                                                                   ; inst|altpll_component|pll|clk[0] ; inst|altpll_component|pll|clk[0] ; 0.000        ; 0.000      ; 0.367      ;
; 0.215 ; SOPC:inst2|SOPC_jtag_uart:jtag_uart|av_waitrequest                                                                                                                                       ; SOPC:inst2|SOPC_jtag_uart:jtag_uart|av_waitrequest                                                                                                                                       ; inst|altpll_component|pll|clk[0] ; inst|altpll_component|pll|clk[0] ; 0.000        ; 0.000      ; 0.367      ;
; 0.215 ; SOPC:inst2|altera_avalon_sc_fifo:jtag_uart_avalon_jtag_slave_translator_avalon_universal_slave_0_agent_rsp_fifo|mem_used[1]                                                              ; SOPC:inst2|altera_avalon_sc_fifo:jtag_uart_avalon_jtag_slave_translator_avalon_universal_slave_0_agent_rsp_fifo|mem_used[1]                                                              ; inst|altpll_component|pll|clk[0] ; inst|altpll_component|pll|clk[0] ; 0.000        ; 0.000      ; 0.367      ;
; 0.215 ; SOPC:inst2|SOPC_jtag_uart:jtag_uart|SOPC_jtag_uart_scfifo_r:the_SOPC_jtag_uart_scfifo_r|scfifo:rfifo|scfifo_1n21:auto_generated|a_dpfifo_8t21:dpfifo|a_fefifo_7cf:fifo_state|b_non_empty ; SOPC:inst2|SOPC_jtag_uart:jtag_uart|SOPC_jtag_uart_scfifo_r:the_SOPC_jtag_uart_scfifo_r|scfifo:rfifo|scfifo_1n21:auto_generated|a_dpfifo_8t21:dpfifo|a_fefifo_7cf:fifo_state|b_non_empty ; inst|altpll_component|pll|clk[0] ; inst|altpll_component|pll|clk[0] ; 0.000        ; 0.000      ; 0.367      ;
; 0.215 ; SOPC:inst2|SOPC_jtag_uart:jtag_uart|SOPC_jtag_uart_scfifo_r:the_SOPC_jtag_uart_scfifo_r|scfifo:rfifo|scfifo_1n21:auto_generated|a_dpfifo_8t21:dpfifo|a_fefifo_7cf:fifo_state|b_full      ; SOPC:inst2|SOPC_jtag_uart:jtag_uart|SOPC_jtag_uart_scfifo_r:the_SOPC_jtag_uart_scfifo_r|scfifo:rfifo|scfifo_1n21:auto_generated|a_dpfifo_8t21:dpfifo|a_fefifo_7cf:fifo_state|b_full      ; inst|altpll_component|pll|clk[0] ; inst|altpll_component|pll|clk[0] ; 0.000        ; 0.000      ; 0.367      ;
; 0.215 ; SOPC:inst2|SOPC_jtag_uart:jtag_uart|r_val                                                                                                                                                ; SOPC:inst2|SOPC_jtag_uart:jtag_uart|r_val                                                                                                                                                ; inst|altpll_component|pll|clk[0] ; inst|altpll_component|pll|clk[0] ; 0.000        ; 0.000      ; 0.367      ;
; 0.215 ; SOPC:inst2|SOPC_jtag_uart:jtag_uart|SOPC_jtag_uart_scfifo_w:the_SOPC_jtag_uart_scfifo_w|scfifo:wfifo|scfifo_1n21:auto_generated|a_dpfifo_8t21:dpfifo|a_fefifo_7cf:fifo_state|b_non_empty ; SOPC:inst2|SOPC_jtag_uart:jtag_uart|SOPC_jtag_uart_scfifo_w:the_SOPC_jtag_uart_scfifo_w|scfifo:wfifo|scfifo_1n21:auto_generated|a_dpfifo_8t21:dpfifo|a_fefifo_7cf:fifo_state|b_non_empty ; inst|altpll_component|pll|clk[0] ; inst|altpll_component|pll|clk[0] ; 0.000        ; 0.000      ; 0.367      ;
; 0.215 ; SOPC:inst2|SOPC_jtag_uart:jtag_uart|SOPC_jtag_uart_scfifo_w:the_SOPC_jtag_uart_scfifo_w|scfifo:wfifo|scfifo_1n21:auto_generated|a_dpfifo_8t21:dpfifo|a_fefifo_7cf:fifo_state|b_full      ; SOPC:inst2|SOPC_jtag_uart:jtag_uart|SOPC_jtag_uart_scfifo_w:the_SOPC_jtag_uart_scfifo_w|scfifo:wfifo|scfifo_1n21:auto_generated|a_dpfifo_8t21:dpfifo|a_fefifo_7cf:fifo_state|b_full      ; inst|altpll_component|pll|clk[0] ; inst|altpll_component|pll|clk[0] ; 0.000        ; 0.000      ; 0.367      ;
; 0.215 ; SOPC:inst2|altera_avalon_sc_fifo:lcd32_data_s1_translator_avalon_universal_slave_0_agent_rsp_fifo|mem_used[0]                                                                            ; SOPC:inst2|altera_avalon_sc_fifo:lcd32_data_s1_translator_avalon_universal_slave_0_agent_rsp_fifo|mem_used[0]                                                                            ; inst|altpll_component|pll|clk[0] ; inst|altpll_component|pll|clk[0] ; 0.000        ; 0.000      ; 0.367      ;
; 0.215 ; SOPC:inst2|altera_merlin_slave_translator:lcd32_data_s1_translator|wait_latency_counter[1]                                                                                               ; SOPC:inst2|altera_merlin_slave_translator:lcd32_data_s1_translator|wait_latency_counter[1]                                                                                               ; inst|altpll_component|pll|clk[0] ; inst|altpll_component|pll|clk[0] ; 0.000        ; 0.000      ; 0.367      ;
; 0.215 ; SOPC:inst2|altera_avalon_sc_fifo:lcd32_data_s1_translator_avalon_universal_slave_0_agent_rsp_fifo|mem_used[1]                                                                            ; SOPC:inst2|altera_avalon_sc_fifo:lcd32_data_s1_translator_avalon_universal_slave_0_agent_rsp_fifo|mem_used[1]                                                                            ; inst|altpll_component|pll|clk[0] ; inst|altpll_component|pll|clk[0] ; 0.000        ; 0.000      ; 0.367      ;
; 0.215 ; SOPC:inst2|altera_merlin_slave_translator:lcd32_data_s1_translator|wait_latency_counter[0]                                                                                               ; SOPC:inst2|altera_merlin_slave_translator:lcd32_data_s1_translator|wait_latency_counter[0]                                                                                               ; inst|altpll_component|pll|clk[0] ; inst|altpll_component|pll|clk[0] ; 0.000        ; 0.000      ; 0.367      ;
; 0.215 ; SOPC:inst2|SOPC_spi_touch:spi_touch|slowcount[0]                                                                                                                                         ; SOPC:inst2|SOPC_spi_touch:spi_touch|slowcount[0]                                                                                                                                         ; inst|altpll_component|pll|clk[0] ; inst|altpll_component|pll|clk[0] ; 0.000        ; 0.000      ; 0.367      ;
; 0.215 ; SOPC:inst2|altera_merlin_slave_translator:spi_touch_spi_control_port_translator|wait_latency_counter[0]                                                                                  ; SOPC:inst2|altera_merlin_slave_translator:spi_touch_spi_control_port_translator|wait_latency_counter[0]                                                                                  ; inst|altpll_component|pll|clk[0] ; inst|altpll_component|pll|clk[0] ; 0.000        ; 0.000      ; 0.367      ;
; 0.215 ; SOPC:inst2|altera_avalon_sc_fifo:spi_touch_spi_control_port_translator_avalon_universal_slave_0_agent_rsp_fifo|mem_used[0]                                                               ; SOPC:inst2|altera_avalon_sc_fifo:spi_touch_spi_control_port_translator_avalon_universal_slave_0_agent_rsp_fifo|mem_used[0]                                                               ; inst|altpll_component|pll|clk[0] ; inst|altpll_component|pll|clk[0] ; 0.000        ; 0.000      ; 0.367      ;
; 0.215 ; SOPC:inst2|altera_avalon_sc_fifo:spi_touch_spi_control_port_translator_avalon_universal_slave_0_agent_rsp_fifo|mem_used[1]                                                               ; SOPC:inst2|altera_avalon_sc_fifo:spi_touch_spi_control_port_translator_avalon_universal_slave_0_agent_rsp_fifo|mem_used[1]                                                               ; inst|altpll_component|pll|clk[0] ; inst|altpll_component|pll|clk[0] ; 0.000        ; 0.000      ; 0.367      ;
; 0.215 ; SOPC:inst2|altera_merlin_slave_translator:spi_touch_spi_control_port_translator|wait_latency_counter[1]                                                                                  ; SOPC:inst2|altera_merlin_slave_translator:spi_touch_spi_control_port_translator|wait_latency_counter[1]                                                                                  ; inst|altpll_component|pll|clk[0] ; inst|altpll_component|pll|clk[0] ; 0.000        ; 0.000      ; 0.367      ;
; 0.215 ; SOPC:inst2|SOPC_spi_touch:spi_touch|wr_strobe                                                                                                                                            ; SOPC:inst2|SOPC_spi_touch:spi_touch|wr_strobe                                                                                                                                            ; inst|altpll_component|pll|clk[0] ; inst|altpll_component|pll|clk[0] ; 0.000        ; 0.000      ; 0.367      ;
; 0.215 ; SOPC:inst2|SOPC_spi_touch:spi_touch|tx_holding_primed                                                                                                                                    ; SOPC:inst2|SOPC_spi_touch:spi_touch|tx_holding_primed                                                                                                                                    ; inst|altpll_component|pll|clk[0] ; inst|altpll_component|pll|clk[0] ; 0.000        ; 0.000      ; 0.367      ;
; 0.215 ; SOPC:inst2|SOPC_spi_touch:spi_touch|state[4]                                                                                                                                             ; SOPC:inst2|SOPC_spi_touch:spi_touch|state[4]                                                                                                                                             ; inst|altpll_component|pll|clk[0] ; inst|altpll_component|pll|clk[0] ; 0.000        ; 0.000      ; 0.367      ;
; 0.215 ; SOPC:inst2|SOPC_spi_touch:spi_touch|transmitting                                                                                                                                         ; SOPC:inst2|SOPC_spi_touch:spi_touch|transmitting                                                                                                                                         ; inst|altpll_component|pll|clk[0] ; inst|altpll_component|pll|clk[0] ; 0.000        ; 0.000      ; 0.367      ;
; 0.215 ; SOPC:inst2|altera_avalon_sc_fifo:sdram_s1_translator_avalon_universal_slave_0_agent_rsp_fifo|mem[7][87]                                                                                  ; SOPC:inst2|altera_avalon_sc_fifo:sdram_s1_translator_avalon_universal_slave_0_agent_rsp_fifo|mem[7][87]                                                                                  ; inst|altpll_component|pll|clk[0] ; inst|altpll_component|pll|clk[0] ; 0.000        ; 0.000      ; 0.367      ;
; 0.215 ; SOPC:inst2|SOPC_sdram:sdram|active_cs_n                                                                                                                                                  ; SOPC:inst2|SOPC_sdram:sdram|active_cs_n                                                                                                                                                  ; inst|altpll_component|pll|clk[0] ; inst|altpll_component|pll|clk[0] ; 0.000        ; 0.000      ; 0.367      ;
; 0.215 ; SOPC:inst2|SOPC_jtag_uart:jtag_uart|rvalid                                                                                                                                               ; SOPC:inst2|SOPC_jtag_uart:jtag_uart|rvalid                                                                                                                                               ; inst|altpll_component|pll|clk[0] ; inst|altpll_component|pll|clk[0] ; 0.000        ; 0.000      ; 0.367      ;
; 0.215 ; SOPC:inst2|altera_avalon_sc_fifo:sysid_control_slave_translator_avalon_universal_slave_0_agent_rsp_fifo|mem_used[0]                                                                      ; SOPC:inst2|altera_avalon_sc_fifo:sysid_control_slave_translator_avalon_universal_slave_0_agent_rsp_fifo|mem_used[0]                                                                      ; inst|altpll_component|pll|clk[0] ; inst|altpll_component|pll|clk[0] ; 0.000        ; 0.000      ; 0.367      ;
; 0.215 ; SOPC:inst2|altera_merlin_slave_translator:sysid_control_slave_translator|wait_latency_counter[0]                                                                                         ; SOPC:inst2|altera_merlin_slave_translator:sysid_control_slave_translator|wait_latency_counter[0]                                                                                         ; inst|altpll_component|pll|clk[0] ; inst|altpll_component|pll|clk[0] ; 0.000        ; 0.000      ; 0.367      ;
; 0.215 ; SOPC:inst2|altera_avalon_sc_fifo:sysid_control_slave_translator_avalon_universal_slave_0_agent_rsp_fifo|mem_used[1]                                                                      ; SOPC:inst2|altera_avalon_sc_fifo:sysid_control_slave_translator_avalon_universal_slave_0_agent_rsp_fifo|mem_used[1]                                                                      ; inst|altpll_component|pll|clk[0] ; inst|altpll_component|pll|clk[0] ; 0.000        ; 0.000      ; 0.367      ;
; 0.215 ; SOPC:inst2|SOPC_cpu:cpu|ic_fill_line[4]                                                                                                                                                  ; SOPC:inst2|SOPC_cpu:cpu|ic_fill_line[4]                                                                                                                                                  ; inst|altpll_component|pll|clk[0] ; inst|altpll_component|pll|clk[0] ; 0.000        ; 0.000      ; 0.367      ;
; 0.215 ; SOPC:inst2|SOPC_cpu:cpu|ic_fill_prevent_refill                                                                                                                                           ; SOPC:inst2|SOPC_cpu:cpu|ic_fill_prevent_refill                                                                                                                                           ; inst|altpll_component|pll|clk[0] ; inst|altpll_component|pll|clk[0] ; 0.000        ; 0.000      ; 0.367      ;
; 0.215 ; SOPC:inst2|SOPC_epcs:epcs|SOPC_epcs_sub:the_SOPC_epcs_sub|slowcount[0]                                                                                                                   ; SOPC:inst2|SOPC_epcs:epcs|SOPC_epcs_sub:the_SOPC_epcs_sub|slowcount[0]                                                                                                                   ; inst|altpll_component|pll|clk[0] ; inst|altpll_component|pll|clk[0] ; 0.000        ; 0.000      ; 0.367      ;
; 0.215 ; SOPC:inst2|SOPC_epcs:epcs|SOPC_epcs_sub:the_SOPC_epcs_sub|state[4]                                                                                                                       ; SOPC:inst2|SOPC_epcs:epcs|SOPC_epcs_sub:the_SOPC_epcs_sub|state[4]                                                                                                                       ; inst|altpll_component|pll|clk[0] ; inst|altpll_component|pll|clk[0] ; 0.000        ; 0.000      ; 0.367      ;
; 0.215 ; SOPC:inst2|SOPC_epcs:epcs|SOPC_epcs_sub:the_SOPC_epcs_sub|transmitting                                                                                                                   ; SOPC:inst2|SOPC_epcs:epcs|SOPC_epcs_sub:the_SOPC_epcs_sub|transmitting                                                                                                                   ; inst|altpll_component|pll|clk[0] ; inst|altpll_component|pll|clk[0] ; 0.000        ; 0.000      ; 0.367      ;
; 0.215 ; SOPC:inst2|SOPC_epcs:epcs|SOPC_epcs_sub:the_SOPC_epcs_sub|tx_holding_primed                                                                                                              ; SOPC:inst2|SOPC_epcs:epcs|SOPC_epcs_sub:the_SOPC_epcs_sub|tx_holding_primed                                                                                                              ; inst|altpll_component|pll|clk[0] ; inst|altpll_component|pll|clk[0] ; 0.000        ; 0.000      ; 0.367      ;
; 0.215 ; SOPC:inst2|altera_merlin_width_adapter:width_adapter_001|data_reg[6]                                                                                                                     ; SOPC:inst2|altera_merlin_width_adapter:width_adapter_001|data_reg[6]                                                                                                                     ; inst|altpll_component|pll|clk[0] ; inst|altpll_component|pll|clk[0] ; 0.000        ; 0.000      ; 0.367      ;
; 0.215 ; SOPC:inst2|SOPC_spi_touch:spi_touch|SCLK_reg                                                                                                                                             ; SOPC:inst2|SOPC_spi_touch:spi_touch|SCLK_reg                                                                                                                                             ; inst|altpll_component|pll|clk[0] ; inst|altpll_component|pll|clk[0] ; 0.000        ; 0.000      ; 0.367      ;
; 0.215 ; SOPC:inst2|SOPC_spi_touch:spi_touch|MISO_reg                                                                                                                                             ; SOPC:inst2|SOPC_spi_touch:spi_touch|MISO_reg                                                                                                                                             ; inst|altpll_component|pll|clk[0] ; inst|altpll_component|pll|clk[0] ; 0.000        ; 0.000      ; 0.367      ;
; 0.215 ; SOPC:inst2|SOPC_epcs:epcs|SOPC_epcs_sub:the_SOPC_epcs_sub|SCLK_reg                                                                                                                       ; SOPC:inst2|SOPC_epcs:epcs|SOPC_epcs_sub:the_SOPC_epcs_sub|SCLK_reg                                                                                                                       ; inst|altpll_component|pll|clk[0] ; inst|altpll_component|pll|clk[0] ; 0.000        ; 0.000      ; 0.367      ;
; 0.215 ; SOPC:inst2|SOPC_epcs:epcs|SOPC_epcs_sub:the_SOPC_epcs_sub|MISO_reg                                                                                                                       ; SOPC:inst2|SOPC_epcs:epcs|SOPC_epcs_sub:the_SOPC_epcs_sub|MISO_reg                                                                                                                       ; inst|altpll_component|pll|clk[0] ; inst|altpll_component|pll|clk[0] ; 0.000        ; 0.000      ; 0.367      ;
; 0.215 ; SOPC:inst2|altera_merlin_width_adapter:width_adapter_001|data_reg[14]                                                                                                                    ; SOPC:inst2|altera_merlin_width_adapter:width_adapter_001|data_reg[14]                                                                                                                    ; inst|altpll_component|pll|clk[0] ; inst|altpll_component|pll|clk[0] ; 0.000        ; 0.000      ; 0.367      ;
; 0.215 ; SOPC:inst2|SOPC_jtag_uart:jtag_uart|woverflow                                                                                                                                            ; SOPC:inst2|SOPC_jtag_uart:jtag_uart|woverflow                                                                                                                                            ; inst|altpll_component|pll|clk[0] ; inst|altpll_component|pll|clk[0] ; 0.000        ; 0.000      ; 0.367      ;
; 0.215 ; SOPC:inst2|SOPC_epcs:epcs|SOPC_epcs_sub:the_SOPC_epcs_sub|rd_strobe                                                                                                                      ; SOPC:inst2|SOPC_epcs:epcs|SOPC_epcs_sub:the_SOPC_epcs_sub|rd_strobe                                                                                                                      ; inst|altpll_component|pll|clk[0] ; inst|altpll_component|pll|clk[0] ; 0.000        ; 0.000      ; 0.367      ;
; 0.215 ; SOPC:inst2|SOPC_epcs:epcs|SOPC_epcs_sub:the_SOPC_epcs_sub|EOP                                                                                                                            ; SOPC:inst2|SOPC_epcs:epcs|SOPC_epcs_sub:the_SOPC_epcs_sub|EOP                                                                                                                            ; inst|altpll_component|pll|clk[0] ; inst|altpll_component|pll|clk[0] ; 0.000        ; 0.000      ; 0.367      ;
; 0.215 ; SOPC:inst2|SOPC_spi_touch:spi_touch|rd_strobe                                                                                                                                            ; SOPC:inst2|SOPC_spi_touch:spi_touch|rd_strobe                                                                                                                                            ; inst|altpll_component|pll|clk[0] ; inst|altpll_component|pll|clk[0] ; 0.000        ; 0.000      ; 0.367      ;
; 0.215 ; SOPC:inst2|SOPC_spi_touch:spi_touch|EOP                                                                                                                                                  ; SOPC:inst2|SOPC_spi_touch:spi_touch|EOP                                                                                                                                                  ; inst|altpll_component|pll|clk[0] ; inst|altpll_component|pll|clk[0] ; 0.000        ; 0.000      ; 0.367      ;
; 0.215 ; SOPC:inst2|altera_merlin_width_adapter:width_adapter_001|data_reg[9]                                                                                                                     ; SOPC:inst2|altera_merlin_width_adapter:width_adapter_001|data_reg[9]                                                                                                                     ; inst|altpll_component|pll|clk[0] ; inst|altpll_component|pll|clk[0] ; 0.000        ; 0.000      ; 0.367      ;
; 0.215 ; SOPC:inst2|altera_merlin_width_adapter:width_adapter_001|data_reg[13]                                                                                                                    ; SOPC:inst2|altera_merlin_width_adapter:width_adapter_001|data_reg[13]                                                                                                                    ; inst|altpll_component|pll|clk[0] ; inst|altpll_component|pll|clk[0] ; 0.000        ; 0.000      ; 0.367      ;
; 0.215 ; SOPC:inst2|SOPC_cpu:cpu|ic_fill_line[0]                                                                                                                                                  ; SOPC:inst2|SOPC_cpu:cpu|ic_fill_line[0]                                                                                                                                                  ; inst|altpll_component|pll|clk[0] ; inst|altpll_component|pll|clk[0] ; 0.000        ; 0.000      ; 0.367      ;
; 0.215 ; SOPC:inst2|SOPC_cpu:cpu|ic_fill_line[1]                                                                                                                                                  ; SOPC:inst2|SOPC_cpu:cpu|ic_fill_line[1]                                                                                                                                                  ; inst|altpll_component|pll|clk[0] ; inst|altpll_component|pll|clk[0] ; 0.000        ; 0.000      ; 0.367      ;
; 0.215 ; SOPC:inst2|SOPC_cpu:cpu|ic_fill_ap_cnt[0]                                                                                                                                                ; SOPC:inst2|SOPC_cpu:cpu|ic_fill_ap_cnt[0]                                                                                                                                                ; inst|altpll_component|pll|clk[0] ; inst|altpll_component|pll|clk[0] ; 0.000        ; 0.000      ; 0.367      ;
; 0.215 ; SOPC:inst2|SOPC_cpu:cpu|i_read~reg0                                                                                                                                                      ; SOPC:inst2|SOPC_cpu:cpu|i_read~reg0                                                                                                                                                      ; inst|altpll_component|pll|clk[0] ; inst|altpll_component|pll|clk[0] ; 0.000        ; 0.000      ; 0.367      ;
; 0.215 ; SOPC:inst2|altera_merlin_width_adapter:width_adapter_001|data_reg[15]                                                                                                                    ; SOPC:inst2|altera_merlin_width_adapter:width_adapter_001|data_reg[15]                                                                                                                    ; inst|altpll_component|pll|clk[0] ; inst|altpll_component|pll|clk[0] ; 0.000        ; 0.000      ; 0.367      ;
; 0.215 ; SOPC:inst2|SOPC_epcs:epcs|SOPC_epcs_sub:the_SOPC_epcs_sub|RRDY                                                                                                                           ; SOPC:inst2|SOPC_epcs:epcs|SOPC_epcs_sub:the_SOPC_epcs_sub|RRDY                                                                                                                           ; inst|altpll_component|pll|clk[0] ; inst|altpll_component|pll|clk[0] ; 0.000        ; 0.000      ; 0.367      ;
; 0.215 ; SOPC:inst2|altera_merlin_width_adapter:width_adapter_001|data_reg[7]                                                                                                                     ; SOPC:inst2|altera_merlin_width_adapter:width_adapter_001|data_reg[7]                                                                                                                     ; inst|altpll_component|pll|clk[0] ; inst|altpll_component|pll|clk[0] ; 0.000        ; 0.000      ; 0.367      ;
; 0.215 ; SOPC:inst2|SOPC_spi_touch:spi_touch|RRDY                                                                                                                                                 ; SOPC:inst2|SOPC_spi_touch:spi_touch|RRDY                                                                                                                                                 ; inst|altpll_component|pll|clk[0] ; inst|altpll_component|pll|clk[0] ; 0.000        ; 0.000      ; 0.367      ;
; 0.215 ; SOPC:inst2|altera_merlin_width_adapter:width_adapter_001|data_reg[10]                                                                                                                    ; SOPC:inst2|altera_merlin_width_adapter:width_adapter_001|data_reg[10]                                                                                                                    ; inst|altpll_component|pll|clk[0] ; inst|altpll_component|pll|clk[0] ; 0.000        ; 0.000      ; 0.367      ;
; 0.215 ; SOPC:inst2|SOPC_jtag_uart:jtag_uart|ac                                                                                                                                                   ; SOPC:inst2|SOPC_jtag_uart:jtag_uart|ac                                                                                                                                                   ; inst|altpll_component|pll|clk[0] ; inst|altpll_component|pll|clk[0] ; 0.000        ; 0.000      ; 0.367      ;
; 0.215 ; SOPC:inst2|altera_merlin_width_adapter:width_adapter_001|data_reg[11]                                                                                                                    ; SOPC:inst2|altera_merlin_width_adapter:width_adapter_001|data_reg[11]                                                                                                                    ; inst|altpll_component|pll|clk[0] ; inst|altpll_component|pll|clk[0] ; 0.000        ; 0.000      ; 0.367      ;
; 0.215 ; SOPC:inst2|SOPC_jtag_uart:jtag_uart|alt_jtag_atlantic:SOPC_jtag_uart_alt_jtag_atlantic|r_ena1                                                                                            ; SOPC:inst2|SOPC_jtag_uart:jtag_uart|alt_jtag_atlantic:SOPC_jtag_uart_alt_jtag_atlantic|r_ena1                                                                                            ; inst|altpll_component|pll|clk[0] ; inst|altpll_component|pll|clk[0] ; 0.000        ; 0.000      ; 0.367      ;
; 0.215 ; SOPC:inst2|altera_merlin_width_adapter:width_adapter_001|data_reg[5]                                                                                                                     ; SOPC:inst2|altera_merlin_width_adapter:width_adapter_001|data_reg[5]                                                                                                                     ; inst|altpll_component|pll|clk[0] ; inst|altpll_component|pll|clk[0] ; 0.000        ; 0.000      ; 0.367      ;
; 0.215 ; SOPC:inst2|SOPC_sdram:sdram|SOPC_sdram_input_efifo_module:the_SOPC_sdram_input_efifo_module|entries[0]                                                                                   ; SOPC:inst2|SOPC_sdram:sdram|SOPC_sdram_input_efifo_module:the_SOPC_sdram_input_efifo_module|entries[0]                                                                                   ; inst|altpll_component|pll|clk[0] ; inst|altpll_component|pll|clk[0] ; 0.000        ; 0.000      ; 0.367      ;
; 0.215 ; SOPC:inst2|SOPC_sdram:sdram|m_state.000100000                                                                                                                                            ; SOPC:inst2|SOPC_sdram:sdram|m_state.000100000                                                                                                                                            ; inst|altpll_component|pll|clk[0] ; inst|altpll_component|pll|clk[0] ; 0.000        ; 0.000      ; 0.367      ;
; 0.215 ; SOPC:inst2|SOPC_sdram:sdram|m_count[1]                                                                                                                                                   ; SOPC:inst2|SOPC_sdram:sdram|m_count[1]                                                                                                                                                   ; inst|altpll_component|pll|clk[0] ; inst|altpll_component|pll|clk[0] ; 0.000        ; 0.000      ; 0.367      ;
; 0.215 ; SOPC:inst2|SOPC_sdram:sdram|m_next.010000000                                                                                                                                             ; SOPC:inst2|SOPC_sdram:sdram|m_next.010000000                                                                                                                                             ; inst|altpll_component|pll|clk[0] ; inst|altpll_component|pll|clk[0] ; 0.000        ; 0.000      ; 0.367      ;
; 0.215 ; SOPC:inst2|SOPC_sdram:sdram|ack_refresh_request                                                                                                                                          ; SOPC:inst2|SOPC_sdram:sdram|ack_refresh_request                                                                                                                                          ; inst|altpll_component|pll|clk[0] ; inst|altpll_component|pll|clk[0] ; 0.000        ; 0.000      ; 0.367      ;
; 0.215 ; SOPC:inst2|SOPC_sdram:sdram|refresh_request                                                                                                                                              ; SOPC:inst2|SOPC_sdram:sdram|refresh_request                                                                                                                                              ; inst|altpll_component|pll|clk[0] ; inst|altpll_component|pll|clk[0] ; 0.000        ; 0.000      ; 0.367      ;
; 0.215 ; SOPC:inst2|SOPC_sdram:sdram|m_state.000000001                                                                                                                                            ; SOPC:inst2|SOPC_sdram:sdram|m_state.000000001                                                                                                                                            ; inst|altpll_component|pll|clk[0] ; inst|altpll_component|pll|clk[0] ; 0.000        ; 0.000      ; 0.367      ;
; 0.215 ; SOPC:inst2|SOPC_sdram:sdram|i_cmd[1]                                                                                                                                                     ; SOPC:inst2|SOPC_sdram:sdram|i_cmd[1]                                                                                                                                                     ; inst|altpll_component|pll|clk[0] ; inst|altpll_component|pll|clk[0] ; 0.000        ; 0.000      ; 0.367      ;
; 0.215 ; SOPC:inst2|SOPC_sdram:sdram|i_cmd[2]                                                                                                                                                     ; SOPC:inst2|SOPC_sdram:sdram|i_cmd[2]                                                                                                                                                     ; inst|altpll_component|pll|clk[0] ; inst|altpll_component|pll|clk[0] ; 0.000        ; 0.000      ; 0.367      ;
; 0.215 ; SOPC:inst2|SOPC_sdram:sdram|i_cmd[0]                                                                                                                                                     ; SOPC:inst2|SOPC_sdram:sdram|i_cmd[0]                                                                                                                                                     ; inst|altpll_component|pll|clk[0] ; inst|altpll_component|pll|clk[0] ; 0.000        ; 0.000      ; 0.367      ;
; 0.215 ; SOPC:inst2|altera_avalon_sc_fifo:sdram_s1_translator_avalon_universal_slave_0_agent_rdata_fifo|full                                                                                      ; SOPC:inst2|altera_avalon_sc_fifo:sdram_s1_translator_avalon_universal_slave_0_agent_rdata_fifo|full                                                                                      ; inst|altpll_component|pll|clk[0] ; inst|altpll_component|pll|clk[0] ; 0.000        ; 0.000      ; 0.367      ;
; 0.215 ; SOPC:inst2|altera_avalon_sc_fifo:sdram_s1_translator_avalon_universal_slave_0_agent_rdata_fifo|wr_ptr[1]                                                                                 ; SOPC:inst2|altera_avalon_sc_fifo:sdram_s1_translator_avalon_universal_slave_0_agent_rdata_fifo|wr_ptr[1]                                                                                 ; inst|altpll_component|pll|clk[0] ; inst|altpll_component|pll|clk[0] ; 0.000        ; 0.000      ; 0.367      ;
+-------+------------------------------------------------------------------------------------------------------------------------------------------------------------------------------------------+------------------------------------------------------------------------------------------------------------------------------------------------------------------------------------------+----------------------------------+----------------------------------+--------------+------------+------------+


+-------------------------------------------------------------------------------------------------------------------------------------------------------------------------------------------------------------------------------------------------------------------------------------------------------------------------------------------------------------------------------------------------------------------------------------------------------------------------------------------------------------------------------------------------------------------+
; Fast Model Recovery: 'inst|altpll_component|pll|clk[0]'                                                                                                                                                                                                                                                                                                                                                                                                                                                                                                           ;
+--------+--------------------------------------------------------------------------------------------------------------------------------------+----------------------------------------------------------------------------------------------------------------------------------------------------------------------------------------------------------------------------------------------------------------------------------------------------+----------------------------------+----------------------------------+--------------+------------+------------+
; Slack  ; From Node                                                                                                                            ; To Node                                                                                                                                                                                                                                                                                            ; Launch Clock                     ; Latch Clock                      ; Relationship ; Clock Skew ; Data Delay ;
+--------+--------------------------------------------------------------------------------------------------------------------------------------+----------------------------------------------------------------------------------------------------------------------------------------------------------------------------------------------------------------------------------------------------------------------------------------------------+----------------------------------+----------------------------------+--------------+------------+------------+
; 8.247  ; SOPC:inst2|altera_reset_controller:rst_controller|altera_reset_synchronizer:alt_rst_sync_uq1|altera_reset_synchronizer_int_chain_out ; SOPC:inst2|SOPC_cpu:cpu|Mn_rot_step2[22]                                                                                                                                                                                                                                                           ; inst|altpll_component|pll|clk[0] ; inst|altpll_component|pll|clk[0] ; 10.000       ; 0.023      ; 1.808      ;
; 8.247  ; SOPC:inst2|altera_reset_controller:rst_controller|altera_reset_synchronizer:alt_rst_sync_uq1|altera_reset_synchronizer_int_chain_out ; SOPC:inst2|SOPC_cpu:cpu|Mn_rot_step2[12]                                                                                                                                                                                                                                                           ; inst|altpll_component|pll|clk[0] ; inst|altpll_component|pll|clk[0] ; 10.000       ; 0.023      ; 1.808      ;
; 8.247  ; SOPC:inst2|altera_reset_controller:rst_controller|altera_reset_synchronizer:alt_rst_sync_uq1|altera_reset_synchronizer_int_chain_out ; SOPC:inst2|SOPC_cpu:cpu|Mn_rot_step2[18]                                                                                                                                                                                                                                                           ; inst|altpll_component|pll|clk[0] ; inst|altpll_component|pll|clk[0] ; 10.000       ; 0.023      ; 1.808      ;
; 8.247  ; SOPC:inst2|altera_reset_controller:rst_controller|altera_reset_synchronizer:alt_rst_sync_uq1|altera_reset_synchronizer_int_chain_out ; SOPC:inst2|SOPC_cpu:cpu|Mn_rot_step2[23]                                                                                                                                                                                                                                                           ; inst|altpll_component|pll|clk[0] ; inst|altpll_component|pll|clk[0] ; 10.000       ; 0.017      ; 1.802      ;
; 8.247  ; SOPC:inst2|altera_reset_controller:rst_controller|altera_reset_synchronizer:alt_rst_sync_uq1|altera_reset_synchronizer_int_chain_out ; SOPC:inst2|SOPC_cpu:cpu|Mn_rot_step2[2]                                                                                                                                                                                                                                                            ; inst|altpll_component|pll|clk[0] ; inst|altpll_component|pll|clk[0] ; 10.000       ; 0.023      ; 1.808      ;
; 8.247  ; SOPC:inst2|altera_reset_controller:rst_controller|altera_reset_synchronizer:alt_rst_sync_uq1|altera_reset_synchronizer_int_chain_out ; SOPC:inst2|SOPC_cpu:cpu|Mn_rot_step2[28]                                                                                                                                                                                                                                                           ; inst|altpll_component|pll|clk[0] ; inst|altpll_component|pll|clk[0] ; 10.000       ; 0.023      ; 1.808      ;
; 8.247  ; SOPC:inst2|altera_reset_controller:rst_controller|altera_reset_synchronizer:alt_rst_sync_uq1|altera_reset_synchronizer_int_chain_out ; SOPC:inst2|SOPC_cpu:cpu|Mn_rot_step2[20]                                                                                                                                                                                                                                                           ; inst|altpll_component|pll|clk[0] ; inst|altpll_component|pll|clk[0] ; 10.000       ; 0.023      ; 1.808      ;
; 8.247  ; SOPC:inst2|altera_reset_controller:rst_controller|altera_reset_synchronizer:alt_rst_sync_uq1|altera_reset_synchronizer_int_chain_out ; SOPC:inst2|SOPC_cpu:cpu|Mn_rot_step2[4]                                                                                                                                                                                                                                                            ; inst|altpll_component|pll|clk[0] ; inst|altpll_component|pll|clk[0] ; 10.000       ; 0.023      ; 1.808      ;
; 8.247  ; SOPC:inst2|altera_reset_controller:rst_controller|altera_reset_synchronizer:alt_rst_sync_uq1|altera_reset_synchronizer_int_chain_out ; SOPC:inst2|SOPC_cpu:cpu|Mn_rot_step2[27]                                                                                                                                                                                                                                                           ; inst|altpll_component|pll|clk[0] ; inst|altpll_component|pll|clk[0] ; 10.000       ; 0.017      ; 1.802      ;
; 8.247  ; SOPC:inst2|altera_reset_controller:rst_controller|altera_reset_synchronizer:alt_rst_sync_uq1|altera_reset_synchronizer_int_chain_out ; SOPC:inst2|SOPC_cpu:cpu|Mn_rot_step2[11]                                                                                                                                                                                                                                                           ; inst|altpll_component|pll|clk[0] ; inst|altpll_component|pll|clk[0] ; 10.000       ; 0.017      ; 1.802      ;
; 8.247  ; SOPC:inst2|altera_reset_controller:rst_controller|altera_reset_synchronizer:alt_rst_sync_uq1|altera_reset_synchronizer_int_chain_out ; SOPC:inst2|SOPC_cpu:cpu|Mn_rot_step2[9]                                                                                                                                                                                                                                                            ; inst|altpll_component|pll|clk[0] ; inst|altpll_component|pll|clk[0] ; 10.000       ; 0.017      ; 1.802      ;
; 8.247  ; SOPC:inst2|altera_reset_controller:rst_controller|altera_reset_synchronizer:alt_rst_sync_uq1|altera_reset_synchronizer_int_chain_out ; SOPC:inst2|SOPC_cpu:cpu|Mn_rot_step2[25]                                                                                                                                                                                                                                                           ; inst|altpll_component|pll|clk[0] ; inst|altpll_component|pll|clk[0] ; 10.000       ; 0.017      ; 1.802      ;
; 8.247  ; SOPC:inst2|altera_reset_controller:rst_controller|altera_reset_synchronizer:alt_rst_sync_uq1|altera_reset_synchronizer_int_chain_out ; SOPC:inst2|SOPC_cpu:cpu|Mn_rot_step2[6]                                                                                                                                                                                                                                                            ; inst|altpll_component|pll|clk[0] ; inst|altpll_component|pll|clk[0] ; 10.000       ; 0.023      ; 1.808      ;
; 8.247  ; SOPC:inst2|altera_reset_controller:rst_controller|altera_reset_synchronizer:alt_rst_sync_uq1|altera_reset_synchronizer_int_chain_out ; SOPC:inst2|SOPC_cpu:cpu|Mn_rot_step2[1]                                                                                                                                                                                                                                                            ; inst|altpll_component|pll|clk[0] ; inst|altpll_component|pll|clk[0] ; 10.000       ; 0.017      ; 1.802      ;
; 8.247  ; SOPC:inst2|altera_reset_controller:rst_controller|altera_reset_synchronizer:alt_rst_sync_uq1|altera_reset_synchronizer_int_chain_out ; SOPC:inst2|SOPC_cpu:cpu|Mn_rot_step2[17]                                                                                                                                                                                                                                                           ; inst|altpll_component|pll|clk[0] ; inst|altpll_component|pll|clk[0] ; 10.000       ; 0.017      ; 1.802      ;
; 8.247  ; SOPC:inst2|altera_reset_controller:rst_controller|altera_reset_synchronizer:alt_rst_sync_uq1|altera_reset_synchronizer_int_chain_out ; SOPC:inst2|SOPC_cpu:cpu|Mn_rot_step2[19]                                                                                                                                                                                                                                                           ; inst|altpll_component|pll|clk[0] ; inst|altpll_component|pll|clk[0] ; 10.000       ; 0.017      ; 1.802      ;
; 8.247  ; SOPC:inst2|altera_reset_controller:rst_controller|altera_reset_synchronizer:alt_rst_sync_uq1|altera_reset_synchronizer_int_chain_out ; SOPC:inst2|SOPC_cpu:cpu|Mn_rot_step2[3]                                                                                                                                                                                                                                                            ; inst|altpll_component|pll|clk[0] ; inst|altpll_component|pll|clk[0] ; 10.000       ; 0.017      ; 1.802      ;
; 8.247  ; SOPC:inst2|altera_reset_controller:rst_controller|altera_reset_synchronizer:alt_rst_sync_uq1|altera_reset_synchronizer_int_chain_out ; SOPC:inst2|SOPC_cpu:cpu|Mn_rot_step2[30]                                                                                                                                                                                                                                                           ; inst|altpll_component|pll|clk[0] ; inst|altpll_component|pll|clk[0] ; 10.000       ; 0.023      ; 1.808      ;
; 8.247  ; SOPC:inst2|altera_reset_controller:rst_controller|altera_reset_synchronizer:alt_rst_sync_uq1|altera_reset_synchronizer_int_chain_out ; SOPC:inst2|SOPC_cpu:cpu|Mn_rot_step2[29]                                                                                                                                                                                                                                                           ; inst|altpll_component|pll|clk[0] ; inst|altpll_component|pll|clk[0] ; 10.000       ; 0.017      ; 1.802      ;
; 8.247  ; SOPC:inst2|altera_reset_controller:rst_controller|altera_reset_synchronizer:alt_rst_sync_uq1|altera_reset_synchronizer_int_chain_out ; SOPC:inst2|SOPC_cpu:cpu|Mn_rot_step2[13]                                                                                                                                                                                                                                                           ; inst|altpll_component|pll|clk[0] ; inst|altpll_component|pll|clk[0] ; 10.000       ; 0.017      ; 1.802      ;
; 8.247  ; SOPC:inst2|altera_reset_controller:rst_controller|altera_reset_synchronizer:alt_rst_sync_uq1|altera_reset_synchronizer_int_chain_out ; SOPC:inst2|SOPC_cpu:cpu|Mn_rot_step2[16]                                                                                                                                                                                                                                                           ; inst|altpll_component|pll|clk[0] ; inst|altpll_component|pll|clk[0] ; 10.000       ; 0.023      ; 1.808      ;
; 8.247  ; SOPC:inst2|altera_reset_controller:rst_controller|altera_reset_synchronizer:alt_rst_sync_uq1|altera_reset_synchronizer_int_chain_out ; SOPC:inst2|SOPC_cpu:cpu|Mn_rot_step2[0]                                                                                                                                                                                                                                                            ; inst|altpll_component|pll|clk[0] ; inst|altpll_component|pll|clk[0] ; 10.000       ; 0.023      ; 1.808      ;
; 8.247  ; SOPC:inst2|altera_reset_controller:rst_controller|altera_reset_synchronizer:alt_rst_sync_uq1|altera_reset_synchronizer_int_chain_out ; SOPC:inst2|SOPC_cpu:cpu|Mn_rot_step2[26]                                                                                                                                                                                                                                                           ; inst|altpll_component|pll|clk[0] ; inst|altpll_component|pll|clk[0] ; 10.000       ; 0.023      ; 1.808      ;
; 8.247  ; SOPC:inst2|altera_reset_controller:rst_controller|altera_reset_synchronizer:alt_rst_sync_uq1|altera_reset_synchronizer_int_chain_out ; SOPC:inst2|SOPC_cpu:cpu|Mn_rot_step2[10]                                                                                                                                                                                                                                                           ; inst|altpll_component|pll|clk[0] ; inst|altpll_component|pll|clk[0] ; 10.000       ; 0.023      ; 1.808      ;
; 8.247  ; SOPC:inst2|altera_reset_controller:rst_controller|altera_reset_synchronizer:alt_rst_sync_uq1|altera_reset_synchronizer_int_chain_out ; SOPC:inst2|SOPC_cpu:cpu|Mn_rot_step2[7]                                                                                                                                                                                                                                                            ; inst|altpll_component|pll|clk[0] ; inst|altpll_component|pll|clk[0] ; 10.000       ; 0.017      ; 1.802      ;
; 8.247  ; SOPC:inst2|altera_reset_controller:rst_controller|altera_reset_synchronizer:alt_rst_sync_uq1|altera_reset_synchronizer_int_chain_out ; SOPC:inst2|SOPC_cpu:cpu|Mn_rot_step2[21]                                                                                                                                                                                                                                                           ; inst|altpll_component|pll|clk[0] ; inst|altpll_component|pll|clk[0] ; 10.000       ; 0.017      ; 1.802      ;
; 8.247  ; SOPC:inst2|altera_reset_controller:rst_controller|altera_reset_synchronizer:alt_rst_sync_uq1|altera_reset_synchronizer_int_chain_out ; SOPC:inst2|SOPC_cpu:cpu|Mn_rot_step2[5]                                                                                                                                                                                                                                                            ; inst|altpll_component|pll|clk[0] ; inst|altpll_component|pll|clk[0] ; 10.000       ; 0.017      ; 1.802      ;
; 8.247  ; SOPC:inst2|altera_reset_controller:rst_controller|altera_reset_synchronizer:alt_rst_sync_uq1|altera_reset_synchronizer_int_chain_out ; SOPC:inst2|SOPC_cpu:cpu|Mn_rot_step2[14]                                                                                                                                                                                                                                                           ; inst|altpll_component|pll|clk[0] ; inst|altpll_component|pll|clk[0] ; 10.000       ; 0.023      ; 1.808      ;
; 8.247  ; SOPC:inst2|altera_reset_controller:rst_controller|altera_reset_synchronizer:alt_rst_sync_uq1|altera_reset_synchronizer_int_chain_out ; SOPC:inst2|SOPC_cpu:cpu|Mn_rot_step2[31]                                                                                                                                                                                                                                                           ; inst|altpll_component|pll|clk[0] ; inst|altpll_component|pll|clk[0] ; 10.000       ; 0.017      ; 1.802      ;
; 8.247  ; SOPC:inst2|altera_reset_controller:rst_controller|altera_reset_synchronizer:alt_rst_sync_uq1|altera_reset_synchronizer_int_chain_out ; SOPC:inst2|SOPC_cpu:cpu|Mn_rot_step2[15]                                                                                                                                                                                                                                                           ; inst|altpll_component|pll|clk[0] ; inst|altpll_component|pll|clk[0] ; 10.000       ; 0.017      ; 1.802      ;
; 8.247  ; SOPC:inst2|altera_reset_controller:rst_controller|altera_reset_synchronizer:alt_rst_sync_uq1|altera_reset_synchronizer_int_chain_out ; SOPC:inst2|SOPC_cpu:cpu|Mn_rot_step2[8]                                                                                                                                                                                                                                                            ; inst|altpll_component|pll|clk[0] ; inst|altpll_component|pll|clk[0] ; 10.000       ; 0.023      ; 1.808      ;
; 8.247  ; SOPC:inst2|altera_reset_controller:rst_controller|altera_reset_synchronizer:alt_rst_sync_uq1|altera_reset_synchronizer_int_chain_out ; SOPC:inst2|SOPC_cpu:cpu|Mn_rot_step2[24]                                                                                                                                                                                                                                                           ; inst|altpll_component|pll|clk[0] ; inst|altpll_component|pll|clk[0] ; 10.000       ; 0.023      ; 1.808      ;
; 17.977 ; SOPC:inst2|altera_reset_controller:rst_controller|altera_reset_synchronizer:alt_rst_sync_uq1|altera_reset_synchronizer_int_chain_out ; SOPC:inst2|SOPC_cpu:cpu|D_bht_data[1]                                                                                                                                                                                                                                                              ; inst|altpll_component|pll|clk[0] ; inst|altpll_component|pll|clk[0] ; 20.000       ; 0.058      ; 2.080      ;
; 17.977 ; SOPC:inst2|altera_reset_controller:rst_controller|altera_reset_synchronizer:alt_rst_sync_uq1|altera_reset_synchronizer_int_chain_out ; SOPC:inst2|SOPC_cpu:cpu|D_bht_data[0]                                                                                                                                                                                                                                                              ; inst|altpll_component|pll|clk[0] ; inst|altpll_component|pll|clk[0] ; 20.000       ; 0.058      ; 2.080      ;
; 18.017 ; SOPC:inst2|altera_reset_controller:rst_controller|altera_reset_synchronizer:alt_rst_sync_uq1|altera_reset_synchronizer_int_chain_out ; SOPC:inst2|SOPC_cpu:cpu|A_mul_src1[0]                                                                                                                                                                                                                                                              ; inst|altpll_component|pll|clk[0] ; inst|altpll_component|pll|clk[0] ; 20.000       ; 0.034      ; 1.992      ;
; 18.017 ; SOPC:inst2|altera_reset_controller:rst_controller|altera_reset_synchronizer:alt_rst_sync_uq1|altera_reset_synchronizer_int_chain_out ; SOPC:inst2|SOPC_cpu:cpu|A_mul_src1[1]                                                                                                                                                                                                                                                              ; inst|altpll_component|pll|clk[0] ; inst|altpll_component|pll|clk[0] ; 20.000       ; 0.034      ; 1.992      ;
; 18.017 ; SOPC:inst2|altera_reset_controller:rst_controller|altera_reset_synchronizer:alt_rst_sync_uq1|altera_reset_synchronizer_int_chain_out ; SOPC:inst2|SOPC_cpu:cpu|A_mul_src1[2]                                                                                                                                                                                                                                                              ; inst|altpll_component|pll|clk[0] ; inst|altpll_component|pll|clk[0] ; 20.000       ; 0.034      ; 1.992      ;
; 18.017 ; SOPC:inst2|altera_reset_controller:rst_controller|altera_reset_synchronizer:alt_rst_sync_uq1|altera_reset_synchronizer_int_chain_out ; SOPC:inst2|SOPC_cpu:cpu|A_mul_src1[3]                                                                                                                                                                                                                                                              ; inst|altpll_component|pll|clk[0] ; inst|altpll_component|pll|clk[0] ; 20.000       ; 0.034      ; 1.992      ;
; 18.017 ; SOPC:inst2|altera_reset_controller:rst_controller|altera_reset_synchronizer:alt_rst_sync_uq1|altera_reset_synchronizer_int_chain_out ; SOPC:inst2|SOPC_cpu:cpu|A_mul_src1[4]                                                                                                                                                                                                                                                              ; inst|altpll_component|pll|clk[0] ; inst|altpll_component|pll|clk[0] ; 20.000       ; 0.034      ; 1.992      ;
; 18.017 ; SOPC:inst2|altera_reset_controller:rst_controller|altera_reset_synchronizer:alt_rst_sync_uq1|altera_reset_synchronizer_int_chain_out ; SOPC:inst2|SOPC_cpu:cpu|A_mul_src1[5]                                                                                                                                                                                                                                                              ; inst|altpll_component|pll|clk[0] ; inst|altpll_component|pll|clk[0] ; 20.000       ; 0.034      ; 1.992      ;
; 18.017 ; SOPC:inst2|altera_reset_controller:rst_controller|altera_reset_synchronizer:alt_rst_sync_uq1|altera_reset_synchronizer_int_chain_out ; SOPC:inst2|SOPC_cpu:cpu|A_mul_src1[6]                                                                                                                                                                                                                                                              ; inst|altpll_component|pll|clk[0] ; inst|altpll_component|pll|clk[0] ; 20.000       ; 0.034      ; 1.992      ;
; 18.017 ; SOPC:inst2|altera_reset_controller:rst_controller|altera_reset_synchronizer:alt_rst_sync_uq1|altera_reset_synchronizer_int_chain_out ; SOPC:inst2|SOPC_cpu:cpu|A_mul_src1[7]                                                                                                                                                                                                                                                              ; inst|altpll_component|pll|clk[0] ; inst|altpll_component|pll|clk[0] ; 20.000       ; 0.034      ; 1.992      ;
; 18.017 ; SOPC:inst2|altera_reset_controller:rst_controller|altera_reset_synchronizer:alt_rst_sync_uq1|altera_reset_synchronizer_int_chain_out ; SOPC:inst2|SOPC_cpu:cpu|A_mul_src1[8]                                                                                                                                                                                                                                                              ; inst|altpll_component|pll|clk[0] ; inst|altpll_component|pll|clk[0] ; 20.000       ; 0.034      ; 1.992      ;
; 18.017 ; SOPC:inst2|altera_reset_controller:rst_controller|altera_reset_synchronizer:alt_rst_sync_uq1|altera_reset_synchronizer_int_chain_out ; SOPC:inst2|SOPC_cpu:cpu|A_mul_src1[9]                                                                                                                                                                                                                                                              ; inst|altpll_component|pll|clk[0] ; inst|altpll_component|pll|clk[0] ; 20.000       ; 0.034      ; 1.992      ;
; 18.017 ; SOPC:inst2|altera_reset_controller:rst_controller|altera_reset_synchronizer:alt_rst_sync_uq1|altera_reset_synchronizer_int_chain_out ; SOPC:inst2|SOPC_cpu:cpu|A_mul_src1[10]                                                                                                                                                                                                                                                             ; inst|altpll_component|pll|clk[0] ; inst|altpll_component|pll|clk[0] ; 20.000       ; 0.034      ; 1.992      ;
; 18.017 ; SOPC:inst2|altera_reset_controller:rst_controller|altera_reset_synchronizer:alt_rst_sync_uq1|altera_reset_synchronizer_int_chain_out ; SOPC:inst2|SOPC_cpu:cpu|A_mul_src1[11]                                                                                                                                                                                                                                                             ; inst|altpll_component|pll|clk[0] ; inst|altpll_component|pll|clk[0] ; 20.000       ; 0.034      ; 1.992      ;
; 18.017 ; SOPC:inst2|altera_reset_controller:rst_controller|altera_reset_synchronizer:alt_rst_sync_uq1|altera_reset_synchronizer_int_chain_out ; SOPC:inst2|SOPC_cpu:cpu|A_mul_src1[12]                                                                                                                                                                                                                                                             ; inst|altpll_component|pll|clk[0] ; inst|altpll_component|pll|clk[0] ; 20.000       ; 0.034      ; 1.992      ;
; 18.017 ; SOPC:inst2|altera_reset_controller:rst_controller|altera_reset_synchronizer:alt_rst_sync_uq1|altera_reset_synchronizer_int_chain_out ; SOPC:inst2|SOPC_cpu:cpu|A_mul_src1[13]                                                                                                                                                                                                                                                             ; inst|altpll_component|pll|clk[0] ; inst|altpll_component|pll|clk[0] ; 20.000       ; 0.034      ; 1.992      ;
; 18.017 ; SOPC:inst2|altera_reset_controller:rst_controller|altera_reset_synchronizer:alt_rst_sync_uq1|altera_reset_synchronizer_int_chain_out ; SOPC:inst2|SOPC_cpu:cpu|A_mul_src1[14]                                                                                                                                                                                                                                                             ; inst|altpll_component|pll|clk[0] ; inst|altpll_component|pll|clk[0] ; 20.000       ; 0.034      ; 1.992      ;
; 18.017 ; SOPC:inst2|altera_reset_controller:rst_controller|altera_reset_synchronizer:alt_rst_sync_uq1|altera_reset_synchronizer_int_chain_out ; SOPC:inst2|SOPC_cpu:cpu|A_mul_src1[15]                                                                                                                                                                                                                                                             ; inst|altpll_component|pll|clk[0] ; inst|altpll_component|pll|clk[0] ; 20.000       ; 0.034      ; 1.992      ;
; 18.017 ; SOPC:inst2|altera_reset_controller:rst_controller|altera_reset_synchronizer:alt_rst_sync_uq1|altera_reset_synchronizer_int_chain_out ; SOPC:inst2|SOPC_cpu:cpu|A_mul_src1[16]                                                                                                                                                                                                                                                             ; inst|altpll_component|pll|clk[0] ; inst|altpll_component|pll|clk[0] ; 20.000       ; 0.033      ; 1.991      ;
; 18.017 ; SOPC:inst2|altera_reset_controller:rst_controller|altera_reset_synchronizer:alt_rst_sync_uq1|altera_reset_synchronizer_int_chain_out ; SOPC:inst2|SOPC_cpu:cpu|A_mul_src1[17]                                                                                                                                                                                                                                                             ; inst|altpll_component|pll|clk[0] ; inst|altpll_component|pll|clk[0] ; 20.000       ; 0.033      ; 1.991      ;
; 18.017 ; SOPC:inst2|altera_reset_controller:rst_controller|altera_reset_synchronizer:alt_rst_sync_uq1|altera_reset_synchronizer_int_chain_out ; SOPC:inst2|SOPC_cpu:cpu|A_mul_src1[18]                                                                                                                                                                                                                                                             ; inst|altpll_component|pll|clk[0] ; inst|altpll_component|pll|clk[0] ; 20.000       ; 0.033      ; 1.991      ;
; 18.017 ; SOPC:inst2|altera_reset_controller:rst_controller|altera_reset_synchronizer:alt_rst_sync_uq1|altera_reset_synchronizer_int_chain_out ; SOPC:inst2|SOPC_cpu:cpu|A_mul_src1[19]                                                                                                                                                                                                                                                             ; inst|altpll_component|pll|clk[0] ; inst|altpll_component|pll|clk[0] ; 20.000       ; 0.033      ; 1.991      ;
; 18.017 ; SOPC:inst2|altera_reset_controller:rst_controller|altera_reset_synchronizer:alt_rst_sync_uq1|altera_reset_synchronizer_int_chain_out ; SOPC:inst2|SOPC_cpu:cpu|A_mul_src1[20]                                                                                                                                                                                                                                                             ; inst|altpll_component|pll|clk[0] ; inst|altpll_component|pll|clk[0] ; 20.000       ; 0.033      ; 1.991      ;
; 18.017 ; SOPC:inst2|altera_reset_controller:rst_controller|altera_reset_synchronizer:alt_rst_sync_uq1|altera_reset_synchronizer_int_chain_out ; SOPC:inst2|SOPC_cpu:cpu|A_mul_src1[21]                                                                                                                                                                                                                                                             ; inst|altpll_component|pll|clk[0] ; inst|altpll_component|pll|clk[0] ; 20.000       ; 0.033      ; 1.991      ;
; 18.017 ; SOPC:inst2|altera_reset_controller:rst_controller|altera_reset_synchronizer:alt_rst_sync_uq1|altera_reset_synchronizer_int_chain_out ; SOPC:inst2|SOPC_cpu:cpu|A_mul_src1[22]                                                                                                                                                                                                                                                             ; inst|altpll_component|pll|clk[0] ; inst|altpll_component|pll|clk[0] ; 20.000       ; 0.033      ; 1.991      ;
; 18.017 ; SOPC:inst2|altera_reset_controller:rst_controller|altera_reset_synchronizer:alt_rst_sync_uq1|altera_reset_synchronizer_int_chain_out ; SOPC:inst2|SOPC_cpu:cpu|A_mul_src1[23]                                                                                                                                                                                                                                                             ; inst|altpll_component|pll|clk[0] ; inst|altpll_component|pll|clk[0] ; 20.000       ; 0.033      ; 1.991      ;
; 18.017 ; SOPC:inst2|altera_reset_controller:rst_controller|altera_reset_synchronizer:alt_rst_sync_uq1|altera_reset_synchronizer_int_chain_out ; SOPC:inst2|SOPC_cpu:cpu|A_mul_src1[24]                                                                                                                                                                                                                                                             ; inst|altpll_component|pll|clk[0] ; inst|altpll_component|pll|clk[0] ; 20.000       ; 0.033      ; 1.991      ;
; 18.017 ; SOPC:inst2|altera_reset_controller:rst_controller|altera_reset_synchronizer:alt_rst_sync_uq1|altera_reset_synchronizer_int_chain_out ; SOPC:inst2|SOPC_cpu:cpu|A_mul_src1[25]                                                                                                                                                                                                                                                             ; inst|altpll_component|pll|clk[0] ; inst|altpll_component|pll|clk[0] ; 20.000       ; 0.033      ; 1.991      ;
; 18.017 ; SOPC:inst2|altera_reset_controller:rst_controller|altera_reset_synchronizer:alt_rst_sync_uq1|altera_reset_synchronizer_int_chain_out ; SOPC:inst2|SOPC_cpu:cpu|A_mul_src1[26]                                                                                                                                                                                                                                                             ; inst|altpll_component|pll|clk[0] ; inst|altpll_component|pll|clk[0] ; 20.000       ; 0.033      ; 1.991      ;
; 18.017 ; SOPC:inst2|altera_reset_controller:rst_controller|altera_reset_synchronizer:alt_rst_sync_uq1|altera_reset_synchronizer_int_chain_out ; SOPC:inst2|SOPC_cpu:cpu|A_mul_src1[27]                                                                                                                                                                                                                                                             ; inst|altpll_component|pll|clk[0] ; inst|altpll_component|pll|clk[0] ; 20.000       ; 0.033      ; 1.991      ;
; 18.017 ; SOPC:inst2|altera_reset_controller:rst_controller|altera_reset_synchronizer:alt_rst_sync_uq1|altera_reset_synchronizer_int_chain_out ; SOPC:inst2|SOPC_cpu:cpu|A_mul_src1[28]                                                                                                                                                                                                                                                             ; inst|altpll_component|pll|clk[0] ; inst|altpll_component|pll|clk[0] ; 20.000       ; 0.033      ; 1.991      ;
; 18.017 ; SOPC:inst2|altera_reset_controller:rst_controller|altera_reset_synchronizer:alt_rst_sync_uq1|altera_reset_synchronizer_int_chain_out ; SOPC:inst2|SOPC_cpu:cpu|A_mul_src1[29]                                                                                                                                                                                                                                                             ; inst|altpll_component|pll|clk[0] ; inst|altpll_component|pll|clk[0] ; 20.000       ; 0.033      ; 1.991      ;
; 18.017 ; SOPC:inst2|altera_reset_controller:rst_controller|altera_reset_synchronizer:alt_rst_sync_uq1|altera_reset_synchronizer_int_chain_out ; SOPC:inst2|SOPC_cpu:cpu|A_mul_src1[30]                                                                                                                                                                                                                                                             ; inst|altpll_component|pll|clk[0] ; inst|altpll_component|pll|clk[0] ; 20.000       ; 0.033      ; 1.991      ;
; 18.017 ; SOPC:inst2|altera_reset_controller:rst_controller|altera_reset_synchronizer:alt_rst_sync_uq1|altera_reset_synchronizer_int_chain_out ; SOPC:inst2|SOPC_cpu:cpu|A_mul_src1[31]                                                                                                                                                                                                                                                             ; inst|altpll_component|pll|clk[0] ; inst|altpll_component|pll|clk[0] ; 20.000       ; 0.033      ; 1.991      ;
; 18.024 ; SOPC:inst2|altera_reset_controller:rst_controller|altera_reset_synchronizer:alt_rst_sync_uq1|altera_reset_synchronizer_int_chain_out ; SOPC:inst2|SOPC_cpu:cpu|SOPC_cpu_mult_cell:the_SOPC_cpu_mult_cell|altera_mult_add:the_altmult_add_part_1|altera_mult_add_mpt2:auto_generated|altera_mult_add_rtl:altera_mult_add_rtl1|ama_multiplier_function:multiplier_block|ama_register_function:multiplier_register_block_0|data_out_wire[3]  ; inst|altpll_component|pll|clk[0] ; inst|altpll_component|pll|clk[0] ; 20.000       ; 0.034      ; 1.985      ;
; 18.024 ; SOPC:inst2|altera_reset_controller:rst_controller|altera_reset_synchronizer:alt_rst_sync_uq1|altera_reset_synchronizer_int_chain_out ; SOPC:inst2|SOPC_cpu:cpu|SOPC_cpu_mult_cell:the_SOPC_cpu_mult_cell|altera_mult_add:the_altmult_add_part_1|altera_mult_add_mpt2:auto_generated|altera_mult_add_rtl:altera_mult_add_rtl1|ama_multiplier_function:multiplier_block|ama_register_function:multiplier_register_block_0|data_out_wire[0]  ; inst|altpll_component|pll|clk[0] ; inst|altpll_component|pll|clk[0] ; 20.000       ; 0.034      ; 1.985      ;
; 18.024 ; SOPC:inst2|altera_reset_controller:rst_controller|altera_reset_synchronizer:alt_rst_sync_uq1|altera_reset_synchronizer_int_chain_out ; SOPC:inst2|SOPC_cpu:cpu|SOPC_cpu_mult_cell:the_SOPC_cpu_mult_cell|altera_mult_add:the_altmult_add_part_1|altera_mult_add_mpt2:auto_generated|altera_mult_add_rtl:altera_mult_add_rtl1|ama_multiplier_function:multiplier_block|ama_register_function:multiplier_register_block_0|data_out_wire[1]  ; inst|altpll_component|pll|clk[0] ; inst|altpll_component|pll|clk[0] ; 20.000       ; 0.034      ; 1.985      ;
; 18.024 ; SOPC:inst2|altera_reset_controller:rst_controller|altera_reset_synchronizer:alt_rst_sync_uq1|altera_reset_synchronizer_int_chain_out ; SOPC:inst2|SOPC_cpu:cpu|SOPC_cpu_mult_cell:the_SOPC_cpu_mult_cell|altera_mult_add:the_altmult_add_part_1|altera_mult_add_mpt2:auto_generated|altera_mult_add_rtl:altera_mult_add_rtl1|ama_multiplier_function:multiplier_block|ama_register_function:multiplier_register_block_0|data_out_wire[2]  ; inst|altpll_component|pll|clk[0] ; inst|altpll_component|pll|clk[0] ; 20.000       ; 0.034      ; 1.985      ;
; 18.024 ; SOPC:inst2|altera_reset_controller:rst_controller|altera_reset_synchronizer:alt_rst_sync_uq1|altera_reset_synchronizer_int_chain_out ; SOPC:inst2|SOPC_cpu:cpu|SOPC_cpu_mult_cell:the_SOPC_cpu_mult_cell|altera_mult_add:the_altmult_add_part_1|altera_mult_add_mpt2:auto_generated|altera_mult_add_rtl:altera_mult_add_rtl1|ama_multiplier_function:multiplier_block|ama_register_function:multiplier_register_block_0|data_out_wire[4]  ; inst|altpll_component|pll|clk[0] ; inst|altpll_component|pll|clk[0] ; 20.000       ; 0.034      ; 1.985      ;
; 18.024 ; SOPC:inst2|altera_reset_controller:rst_controller|altera_reset_synchronizer:alt_rst_sync_uq1|altera_reset_synchronizer_int_chain_out ; SOPC:inst2|SOPC_cpu:cpu|SOPC_cpu_mult_cell:the_SOPC_cpu_mult_cell|altera_mult_add:the_altmult_add_part_1|altera_mult_add_mpt2:auto_generated|altera_mult_add_rtl:altera_mult_add_rtl1|ama_multiplier_function:multiplier_block|ama_register_function:multiplier_register_block_0|data_out_wire[10] ; inst|altpll_component|pll|clk[0] ; inst|altpll_component|pll|clk[0] ; 20.000       ; 0.034      ; 1.985      ;
; 18.024 ; SOPC:inst2|altera_reset_controller:rst_controller|altera_reset_synchronizer:alt_rst_sync_uq1|altera_reset_synchronizer_int_chain_out ; SOPC:inst2|SOPC_cpu:cpu|SOPC_cpu_mult_cell:the_SOPC_cpu_mult_cell|altera_mult_add:the_altmult_add_part_1|altera_mult_add_mpt2:auto_generated|altera_mult_add_rtl:altera_mult_add_rtl1|ama_multiplier_function:multiplier_block|ama_register_function:multiplier_register_block_0|data_out_wire[5]  ; inst|altpll_component|pll|clk[0] ; inst|altpll_component|pll|clk[0] ; 20.000       ; 0.034      ; 1.985      ;
; 18.024 ; SOPC:inst2|altera_reset_controller:rst_controller|altera_reset_synchronizer:alt_rst_sync_uq1|altera_reset_synchronizer_int_chain_out ; SOPC:inst2|SOPC_cpu:cpu|SOPC_cpu_mult_cell:the_SOPC_cpu_mult_cell|altera_mult_add:the_altmult_add_part_1|altera_mult_add_mpt2:auto_generated|altera_mult_add_rtl:altera_mult_add_rtl1|ama_multiplier_function:multiplier_block|ama_register_function:multiplier_register_block_0|data_out_wire[6]  ; inst|altpll_component|pll|clk[0] ; inst|altpll_component|pll|clk[0] ; 20.000       ; 0.034      ; 1.985      ;
; 18.024 ; SOPC:inst2|altera_reset_controller:rst_controller|altera_reset_synchronizer:alt_rst_sync_uq1|altera_reset_synchronizer_int_chain_out ; SOPC:inst2|SOPC_cpu:cpu|SOPC_cpu_mult_cell:the_SOPC_cpu_mult_cell|altera_mult_add:the_altmult_add_part_1|altera_mult_add_mpt2:auto_generated|altera_mult_add_rtl:altera_mult_add_rtl1|ama_multiplier_function:multiplier_block|ama_register_function:multiplier_register_block_0|data_out_wire[7]  ; inst|altpll_component|pll|clk[0] ; inst|altpll_component|pll|clk[0] ; 20.000       ; 0.034      ; 1.985      ;
; 18.024 ; SOPC:inst2|altera_reset_controller:rst_controller|altera_reset_synchronizer:alt_rst_sync_uq1|altera_reset_synchronizer_int_chain_out ; SOPC:inst2|SOPC_cpu:cpu|SOPC_cpu_mult_cell:the_SOPC_cpu_mult_cell|altera_mult_add:the_altmult_add_part_1|altera_mult_add_mpt2:auto_generated|altera_mult_add_rtl:altera_mult_add_rtl1|ama_multiplier_function:multiplier_block|ama_register_function:multiplier_register_block_0|data_out_wire[9]  ; inst|altpll_component|pll|clk[0] ; inst|altpll_component|pll|clk[0] ; 20.000       ; 0.034      ; 1.985      ;
; 18.024 ; SOPC:inst2|altera_reset_controller:rst_controller|altera_reset_synchronizer:alt_rst_sync_uq1|altera_reset_synchronizer_int_chain_out ; SOPC:inst2|SOPC_cpu:cpu|SOPC_cpu_mult_cell:the_SOPC_cpu_mult_cell|altera_mult_add:the_altmult_add_part_1|altera_mult_add_mpt2:auto_generated|altera_mult_add_rtl:altera_mult_add_rtl1|ama_multiplier_function:multiplier_block|ama_register_function:multiplier_register_block_0|data_out_wire[12] ; inst|altpll_component|pll|clk[0] ; inst|altpll_component|pll|clk[0] ; 20.000       ; 0.034      ; 1.985      ;
; 18.024 ; SOPC:inst2|altera_reset_controller:rst_controller|altera_reset_synchronizer:alt_rst_sync_uq1|altera_reset_synchronizer_int_chain_out ; SOPC:inst2|SOPC_cpu:cpu|SOPC_cpu_mult_cell:the_SOPC_cpu_mult_cell|altera_mult_add:the_altmult_add_part_1|altera_mult_add_mpt2:auto_generated|altera_mult_add_rtl:altera_mult_add_rtl1|ama_multiplier_function:multiplier_block|ama_register_function:multiplier_register_block_0|data_out_wire[11] ; inst|altpll_component|pll|clk[0] ; inst|altpll_component|pll|clk[0] ; 20.000       ; 0.034      ; 1.985      ;
; 18.024 ; SOPC:inst2|altera_reset_controller:rst_controller|altera_reset_synchronizer:alt_rst_sync_uq1|altera_reset_synchronizer_int_chain_out ; SOPC:inst2|SOPC_cpu:cpu|SOPC_cpu_mult_cell:the_SOPC_cpu_mult_cell|altera_mult_add:the_altmult_add_part_1|altera_mult_add_mpt2:auto_generated|altera_mult_add_rtl:altera_mult_add_rtl1|ama_multiplier_function:multiplier_block|ama_register_function:multiplier_register_block_0|data_out_wire[14] ; inst|altpll_component|pll|clk[0] ; inst|altpll_component|pll|clk[0] ; 20.000       ; 0.034      ; 1.985      ;
; 18.024 ; SOPC:inst2|altera_reset_controller:rst_controller|altera_reset_synchronizer:alt_rst_sync_uq1|altera_reset_synchronizer_int_chain_out ; SOPC:inst2|SOPC_cpu:cpu|SOPC_cpu_mult_cell:the_SOPC_cpu_mult_cell|altera_mult_add:the_altmult_add_part_1|altera_mult_add_mpt2:auto_generated|altera_mult_add_rtl:altera_mult_add_rtl1|ama_multiplier_function:multiplier_block|ama_register_function:multiplier_register_block_0|data_out_wire[13] ; inst|altpll_component|pll|clk[0] ; inst|altpll_component|pll|clk[0] ; 20.000       ; 0.034      ; 1.985      ;
; 18.024 ; SOPC:inst2|altera_reset_controller:rst_controller|altera_reset_synchronizer:alt_rst_sync_uq1|altera_reset_synchronizer_int_chain_out ; SOPC:inst2|SOPC_cpu:cpu|SOPC_cpu_mult_cell:the_SOPC_cpu_mult_cell|altera_mult_add:the_altmult_add_part_1|altera_mult_add_mpt2:auto_generated|altera_mult_add_rtl:altera_mult_add_rtl1|ama_multiplier_function:multiplier_block|ama_register_function:multiplier_register_block_0|data_out_wire[17] ; inst|altpll_component|pll|clk[0] ; inst|altpll_component|pll|clk[0] ; 20.000       ; 0.034      ; 1.985      ;
; 18.024 ; SOPC:inst2|altera_reset_controller:rst_controller|altera_reset_synchronizer:alt_rst_sync_uq1|altera_reset_synchronizer_int_chain_out ; SOPC:inst2|SOPC_cpu:cpu|SOPC_cpu_mult_cell:the_SOPC_cpu_mult_cell|altera_mult_add:the_altmult_add_part_1|altera_mult_add_mpt2:auto_generated|altera_mult_add_rtl:altera_mult_add_rtl1|ama_multiplier_function:multiplier_block|ama_register_function:multiplier_register_block_0|data_out_wire[15] ; inst|altpll_component|pll|clk[0] ; inst|altpll_component|pll|clk[0] ; 20.000       ; 0.034      ; 1.985      ;
; 18.024 ; SOPC:inst2|altera_reset_controller:rst_controller|altera_reset_synchronizer:alt_rst_sync_uq1|altera_reset_synchronizer_int_chain_out ; SOPC:inst2|SOPC_cpu:cpu|SOPC_cpu_mult_cell:the_SOPC_cpu_mult_cell|altera_mult_add:the_altmult_add_part_1|altera_mult_add_mpt2:auto_generated|altera_mult_add_rtl:altera_mult_add_rtl1|ama_multiplier_function:multiplier_block|ama_register_function:multiplier_register_block_0|data_out_wire[16] ; inst|altpll_component|pll|clk[0] ; inst|altpll_component|pll|clk[0] ; 20.000       ; 0.034      ; 1.985      ;
; 18.024 ; SOPC:inst2|altera_reset_controller:rst_controller|altera_reset_synchronizer:alt_rst_sync_uq1|altera_reset_synchronizer_int_chain_out ; SOPC:inst2|SOPC_cpu:cpu|SOPC_cpu_mult_cell:the_SOPC_cpu_mult_cell|altera_mult_add:the_altmult_add_part_1|altera_mult_add_mpt2:auto_generated|altera_mult_add_rtl:altera_mult_add_rtl1|ama_multiplier_function:multiplier_block|ama_register_function:multiplier_register_block_0|data_out_wire[23] ; inst|altpll_component|pll|clk[0] ; inst|altpll_component|pll|clk[0] ; 20.000       ; 0.034      ; 1.985      ;
; 18.024 ; SOPC:inst2|altera_reset_controller:rst_controller|altera_reset_synchronizer:alt_rst_sync_uq1|altera_reset_synchronizer_int_chain_out ; SOPC:inst2|SOPC_cpu:cpu|SOPC_cpu_mult_cell:the_SOPC_cpu_mult_cell|altera_mult_add:the_altmult_add_part_1|altera_mult_add_mpt2:auto_generated|altera_mult_add_rtl:altera_mult_add_rtl1|ama_multiplier_function:multiplier_block|ama_register_function:multiplier_register_block_0|data_out_wire[18] ; inst|altpll_component|pll|clk[0] ; inst|altpll_component|pll|clk[0] ; 20.000       ; 0.034      ; 1.985      ;
; 18.024 ; SOPC:inst2|altera_reset_controller:rst_controller|altera_reset_synchronizer:alt_rst_sync_uq1|altera_reset_synchronizer_int_chain_out ; SOPC:inst2|SOPC_cpu:cpu|SOPC_cpu_mult_cell:the_SOPC_cpu_mult_cell|altera_mult_add:the_altmult_add_part_1|altera_mult_add_mpt2:auto_generated|altera_mult_add_rtl:altera_mult_add_rtl1|ama_multiplier_function:multiplier_block|ama_register_function:multiplier_register_block_0|data_out_wire[19] ; inst|altpll_component|pll|clk[0] ; inst|altpll_component|pll|clk[0] ; 20.000       ; 0.034      ; 1.985      ;
; 18.024 ; SOPC:inst2|altera_reset_controller:rst_controller|altera_reset_synchronizer:alt_rst_sync_uq1|altera_reset_synchronizer_int_chain_out ; SOPC:inst2|SOPC_cpu:cpu|SOPC_cpu_mult_cell:the_SOPC_cpu_mult_cell|altera_mult_add:the_altmult_add_part_1|altera_mult_add_mpt2:auto_generated|altera_mult_add_rtl:altera_mult_add_rtl1|ama_multiplier_function:multiplier_block|ama_register_function:multiplier_register_block_0|data_out_wire[20] ; inst|altpll_component|pll|clk[0] ; inst|altpll_component|pll|clk[0] ; 20.000       ; 0.034      ; 1.985      ;
; 18.024 ; SOPC:inst2|altera_reset_controller:rst_controller|altera_reset_synchronizer:alt_rst_sync_uq1|altera_reset_synchronizer_int_chain_out ; SOPC:inst2|SOPC_cpu:cpu|SOPC_cpu_mult_cell:the_SOPC_cpu_mult_cell|altera_mult_add:the_altmult_add_part_1|altera_mult_add_mpt2:auto_generated|altera_mult_add_rtl:altera_mult_add_rtl1|ama_multiplier_function:multiplier_block|ama_register_function:multiplier_register_block_0|data_out_wire[21] ; inst|altpll_component|pll|clk[0] ; inst|altpll_component|pll|clk[0] ; 20.000       ; 0.034      ; 1.985      ;
; 18.024 ; SOPC:inst2|altera_reset_controller:rst_controller|altera_reset_synchronizer:alt_rst_sync_uq1|altera_reset_synchronizer_int_chain_out ; SOPC:inst2|SOPC_cpu:cpu|SOPC_cpu_mult_cell:the_SOPC_cpu_mult_cell|altera_mult_add:the_altmult_add_part_1|altera_mult_add_mpt2:auto_generated|altera_mult_add_rtl:altera_mult_add_rtl1|ama_multiplier_function:multiplier_block|ama_register_function:multiplier_register_block_0|data_out_wire[27] ; inst|altpll_component|pll|clk[0] ; inst|altpll_component|pll|clk[0] ; 20.000       ; 0.034      ; 1.985      ;
; 18.024 ; SOPC:inst2|altera_reset_controller:rst_controller|altera_reset_synchronizer:alt_rst_sync_uq1|altera_reset_synchronizer_int_chain_out ; SOPC:inst2|SOPC_cpu:cpu|SOPC_cpu_mult_cell:the_SOPC_cpu_mult_cell|altera_mult_add:the_altmult_add_part_1|altera_mult_add_mpt2:auto_generated|altera_mult_add_rtl:altera_mult_add_rtl1|ama_multiplier_function:multiplier_block|ama_register_function:multiplier_register_block_0|data_out_wire[26] ; inst|altpll_component|pll|clk[0] ; inst|altpll_component|pll|clk[0] ; 20.000       ; 0.034      ; 1.985      ;
; 18.024 ; SOPC:inst2|altera_reset_controller:rst_controller|altera_reset_synchronizer:alt_rst_sync_uq1|altera_reset_synchronizer_int_chain_out ; SOPC:inst2|SOPC_cpu:cpu|SOPC_cpu_mult_cell:the_SOPC_cpu_mult_cell|altera_mult_add:the_altmult_add_part_1|altera_mult_add_mpt2:auto_generated|altera_mult_add_rtl:altera_mult_add_rtl1|ama_multiplier_function:multiplier_block|ama_register_function:multiplier_register_block_0|data_out_wire[25] ; inst|altpll_component|pll|clk[0] ; inst|altpll_component|pll|clk[0] ; 20.000       ; 0.034      ; 1.985      ;
; 18.024 ; SOPC:inst2|altera_reset_controller:rst_controller|altera_reset_synchronizer:alt_rst_sync_uq1|altera_reset_synchronizer_int_chain_out ; SOPC:inst2|SOPC_cpu:cpu|SOPC_cpu_mult_cell:the_SOPC_cpu_mult_cell|altera_mult_add:the_altmult_add_part_1|altera_mult_add_mpt2:auto_generated|altera_mult_add_rtl:altera_mult_add_rtl1|ama_multiplier_function:multiplier_block|ama_register_function:multiplier_register_block_0|data_out_wire[28] ; inst|altpll_component|pll|clk[0] ; inst|altpll_component|pll|clk[0] ; 20.000       ; 0.034      ; 1.985      ;
; 18.024 ; SOPC:inst2|altera_reset_controller:rst_controller|altera_reset_synchronizer:alt_rst_sync_uq1|altera_reset_synchronizer_int_chain_out ; SOPC:inst2|SOPC_cpu:cpu|SOPC_cpu_mult_cell:the_SOPC_cpu_mult_cell|altera_mult_add:the_altmult_add_part_1|altera_mult_add_mpt2:auto_generated|altera_mult_add_rtl:altera_mult_add_rtl1|ama_multiplier_function:multiplier_block|ama_register_function:multiplier_register_block_0|data_out_wire[22] ; inst|altpll_component|pll|clk[0] ; inst|altpll_component|pll|clk[0] ; 20.000       ; 0.034      ; 1.985      ;
; 18.024 ; SOPC:inst2|altera_reset_controller:rst_controller|altera_reset_synchronizer:alt_rst_sync_uq1|altera_reset_synchronizer_int_chain_out ; SOPC:inst2|SOPC_cpu:cpu|SOPC_cpu_mult_cell:the_SOPC_cpu_mult_cell|altera_mult_add:the_altmult_add_part_1|altera_mult_add_mpt2:auto_generated|altera_mult_add_rtl:altera_mult_add_rtl1|ama_multiplier_function:multiplier_block|ama_register_function:multiplier_register_block_0|data_out_wire[29] ; inst|altpll_component|pll|clk[0] ; inst|altpll_component|pll|clk[0] ; 20.000       ; 0.034      ; 1.985      ;
; 18.024 ; SOPC:inst2|altera_reset_controller:rst_controller|altera_reset_synchronizer:alt_rst_sync_uq1|altera_reset_synchronizer_int_chain_out ; SOPC:inst2|SOPC_cpu:cpu|SOPC_cpu_mult_cell:the_SOPC_cpu_mult_cell|altera_mult_add:the_altmult_add_part_1|altera_mult_add_mpt2:auto_generated|altera_mult_add_rtl:altera_mult_add_rtl1|ama_multiplier_function:multiplier_block|ama_register_function:multiplier_register_block_0|data_out_wire[30] ; inst|altpll_component|pll|clk[0] ; inst|altpll_component|pll|clk[0] ; 20.000       ; 0.034      ; 1.985      ;
; 18.024 ; SOPC:inst2|altera_reset_controller:rst_controller|altera_reset_synchronizer:alt_rst_sync_uq1|altera_reset_synchronizer_int_chain_out ; SOPC:inst2|SOPC_cpu:cpu|SOPC_cpu_mult_cell:the_SOPC_cpu_mult_cell|altera_mult_add:the_altmult_add_part_1|altera_mult_add_mpt2:auto_generated|altera_mult_add_rtl:altera_mult_add_rtl1|ama_multiplier_function:multiplier_block|ama_register_function:multiplier_register_block_0|data_out_wire[24] ; inst|altpll_component|pll|clk[0] ; inst|altpll_component|pll|clk[0] ; 20.000       ; 0.034      ; 1.985      ;
; 18.024 ; SOPC:inst2|altera_reset_controller:rst_controller|altera_reset_synchronizer:alt_rst_sync_uq1|altera_reset_synchronizer_int_chain_out ; SOPC:inst2|SOPC_cpu:cpu|SOPC_cpu_mult_cell:the_SOPC_cpu_mult_cell|altera_mult_add:the_altmult_add_part_1|altera_mult_add_mpt2:auto_generated|altera_mult_add_rtl:altera_mult_add_rtl1|ama_multiplier_function:multiplier_block|ama_register_function:multiplier_register_block_0|data_out_wire[8]  ; inst|altpll_component|pll|clk[0] ; inst|altpll_component|pll|clk[0] ; 20.000       ; 0.034      ; 1.985      ;
; 18.024 ; SOPC:inst2|altera_reset_controller:rst_controller|altera_reset_synchronizer:alt_rst_sync_uq1|altera_reset_synchronizer_int_chain_out ; SOPC:inst2|SOPC_cpu:cpu|SOPC_cpu_mult_cell:the_SOPC_cpu_mult_cell|altera_mult_add:the_altmult_add_part_1|altera_mult_add_mpt2:auto_generated|altera_mult_add_rtl:altera_mult_add_rtl1|ama_multiplier_function:multiplier_block|ama_register_function:multiplier_register_block_0|data_out_wire[31] ; inst|altpll_component|pll|clk[0] ; inst|altpll_component|pll|clk[0] ; 20.000       ; 0.034      ; 1.985      ;
; 18.024 ; SOPC:inst2|altera_reset_controller:rst_controller|altera_reset_synchronizer:alt_rst_sync_uq1|altera_reset_synchronizer_int_chain_out ; SOPC:inst2|SOPC_cpu:cpu|SOPC_cpu_mult_cell:the_SOPC_cpu_mult_cell|altera_mult_add:the_altmult_add_part_2|altera_mult_add_opt2:auto_generated|altera_mult_add_rtl:altera_mult_add_rtl1|ama_multiplier_function:multiplier_block|ama_register_function:multiplier_register_block_0|data_out_wire[1]  ; inst|altpll_component|pll|clk[0] ; inst|altpll_component|pll|clk[0] ; 20.000       ; 0.033      ; 1.984      ;
; 18.024 ; SOPC:inst2|altera_reset_controller:rst_controller|altera_reset_synchronizer:alt_rst_sync_uq1|altera_reset_synchronizer_int_chain_out ; SOPC:inst2|SOPC_cpu:cpu|SOPC_cpu_mult_cell:the_SOPC_cpu_mult_cell|altera_mult_add:the_altmult_add_part_2|altera_mult_add_opt2:auto_generated|altera_mult_add_rtl:altera_mult_add_rtl1|ama_multiplier_function:multiplier_block|ama_register_function:multiplier_register_block_0|data_out_wire[7]  ; inst|altpll_component|pll|clk[0] ; inst|altpll_component|pll|clk[0] ; 20.000       ; 0.033      ; 1.984      ;
+--------+--------------------------------------------------------------------------------------------------------------------------------------+----------------------------------------------------------------------------------------------------------------------------------------------------------------------------------------------------------------------------------------------------------------------------------------------------+----------------------------------+----------------------------------+--------------+------------+------------+


+---------------------------------------------------------------------------------------------------------------------------------------------------------------------------------------------------------------------------------------------------------------------------------------------------------------------------------------------------------------------------------------------------------------------------------------------------------------------------+
; Fast Model Removal: 'inst|altpll_component|pll|clk[0]'                                                                                                                                                                                                                                                                                                                                                                                                                    ;
+-------+--------------------------------------------------------------------------------------------------------------------------------------+-------------------------------------------------------------------------------------------------------------------------------------------------------------------------------------------------------------+----------------------------------+----------------------------------+--------------+------------+------------+
; Slack ; From Node                                                                                                                            ; To Node                                                                                                                                                                                                     ; Launch Clock                     ; Latch Clock                      ; Relationship ; Clock Skew ; Data Delay ;
+-------+--------------------------------------------------------------------------------------------------------------------------------------+-------------------------------------------------------------------------------------------------------------------------------------------------------------------------------------------------------------+----------------------------------+----------------------------------+--------------+------------+------------+
; 1.497 ; SOPC:inst2|altera_reset_controller:rst_controller|altera_reset_synchronizer:alt_rst_sync_uq1|altera_reset_synchronizer_int_chain_out ; SOPC:inst2|altera_merlin_master_agent:cpu_data_master_translator_avalon_universal_master_0_agent|hold_waitrequest                                                                                           ; inst|altpll_component|pll|clk[0] ; inst|altpll_component|pll|clk[0] ; 0.000        ; 0.019      ; 1.668      ;
; 1.497 ; SOPC:inst2|altera_reset_controller:rst_controller|altera_reset_synchronizer:alt_rst_sync_uq1|altera_reset_synchronizer_int_chain_out ; SOPC:inst2|altera_merlin_slave_translator:epcs_epcs_control_port_translator|wait_latency_counter[0]                                                                                                         ; inst|altpll_component|pll|clk[0] ; inst|altpll_component|pll|clk[0] ; 0.000        ; 0.006      ; 1.655      ;
; 1.497 ; SOPC:inst2|altera_reset_controller:rst_controller|altera_reset_synchronizer:alt_rst_sync_uq1|altera_reset_synchronizer_int_chain_out ; SOPC:inst2|altera_merlin_slave_translator:epcs_epcs_control_port_translator|wait_latency_counter[1]                                                                                                         ; inst|altpll_component|pll|clk[0] ; inst|altpll_component|pll|clk[0] ; 0.000        ; 0.006      ; 1.655      ;
; 1.497 ; SOPC:inst2|altera_reset_controller:rst_controller|altera_reset_synchronizer:alt_rst_sync_uq1|altera_reset_synchronizer_int_chain_out ; SOPC:inst2|altera_avalon_sc_fifo:epcs_epcs_control_port_translator_avalon_universal_slave_0_agent_rsp_fifo|mem_used[0]                                                                                      ; inst|altpll_component|pll|clk[0] ; inst|altpll_component|pll|clk[0] ; 0.000        ; 0.006      ; 1.655      ;
; 1.497 ; SOPC:inst2|altera_reset_controller:rst_controller|altera_reset_synchronizer:alt_rst_sync_uq1|altera_reset_synchronizer_int_chain_out ; SOPC:inst2|altera_avalon_sc_fifo:lcd_rs_s1_translator_avalon_universal_slave_0_agent_rsp_fifo|mem_used[0]                                                                                                   ; inst|altpll_component|pll|clk[0] ; inst|altpll_component|pll|clk[0] ; 0.000        ; 0.014      ; 1.663      ;
; 1.497 ; SOPC:inst2|altera_reset_controller:rst_controller|altera_reset_synchronizer:alt_rst_sync_uq1|altera_reset_synchronizer_int_chain_out ; SOPC:inst2|altera_avalon_sc_fifo:sdram_s1_translator_avalon_universal_slave_0_agent_rsp_fifo|mem_used[5]                                                                                                    ; inst|altpll_component|pll|clk[0] ; inst|altpll_component|pll|clk[0] ; 0.000        ; 0.005      ; 1.654      ;
; 1.497 ; SOPC:inst2|altera_reset_controller:rst_controller|altera_reset_synchronizer:alt_rst_sync_uq1|altera_reset_synchronizer_int_chain_out ; SOPC:inst2|altera_avalon_sc_fifo:sdram_s1_translator_avalon_universal_slave_0_agent_rsp_fifo|mem_used[4]                                                                                                    ; inst|altpll_component|pll|clk[0] ; inst|altpll_component|pll|clk[0] ; 0.000        ; 0.005      ; 1.654      ;
; 1.497 ; SOPC:inst2|altera_reset_controller:rst_controller|altera_reset_synchronizer:alt_rst_sync_uq1|altera_reset_synchronizer_int_chain_out ; SOPC:inst2|altera_avalon_sc_fifo:sdram_s1_translator_avalon_universal_slave_0_agent_rsp_fifo|mem_used[3]                                                                                                    ; inst|altpll_component|pll|clk[0] ; inst|altpll_component|pll|clk[0] ; 0.000        ; 0.005      ; 1.654      ;
; 1.497 ; SOPC:inst2|altera_reset_controller:rst_controller|altera_reset_synchronizer:alt_rst_sync_uq1|altera_reset_synchronizer_int_chain_out ; SOPC:inst2|altera_avalon_sc_fifo:sdram_s1_translator_avalon_universal_slave_0_agent_rsp_fifo|mem_used[2]                                                                                                    ; inst|altpll_component|pll|clk[0] ; inst|altpll_component|pll|clk[0] ; 0.000        ; 0.005      ; 1.654      ;
; 1.497 ; SOPC:inst2|altera_reset_controller:rst_controller|altera_reset_synchronizer:alt_rst_sync_uq1|altera_reset_synchronizer_int_chain_out ; SOPC:inst2|altera_avalon_sc_fifo:sdram_s1_translator_avalon_universal_slave_0_agent_rsp_fifo|mem_used[1]                                                                                                    ; inst|altpll_component|pll|clk[0] ; inst|altpll_component|pll|clk[0] ; 0.000        ; 0.005      ; 1.654      ;
; 1.497 ; SOPC:inst2|altera_reset_controller:rst_controller|altera_reset_synchronizer:alt_rst_sync_uq1|altera_reset_synchronizer_int_chain_out ; SOPC:inst2|altera_avalon_sc_fifo:sdram_s1_translator_avalon_universal_slave_0_agent_rsp_fifo|mem[7][57]                                                                                                     ; inst|altpll_component|pll|clk[0] ; inst|altpll_component|pll|clk[0] ; 0.000        ; 0.011      ; 1.660      ;
; 1.497 ; SOPC:inst2|altera_reset_controller:rst_controller|altera_reset_synchronizer:alt_rst_sync_uq1|altera_reset_synchronizer_int_chain_out ; SOPC:inst2|altera_avalon_sc_fifo:sdram_s1_translator_avalon_universal_slave_0_agent_rsp_fifo|mem[6][57]                                                                                                     ; inst|altpll_component|pll|clk[0] ; inst|altpll_component|pll|clk[0] ; 0.000        ; 0.011      ; 1.660      ;
; 1.497 ; SOPC:inst2|altera_reset_controller:rst_controller|altera_reset_synchronizer:alt_rst_sync_uq1|altera_reset_synchronizer_int_chain_out ; SOPC:inst2|altera_avalon_sc_fifo:sdram_s1_translator_avalon_universal_slave_0_agent_rsp_fifo|mem[5][57]                                                                                                     ; inst|altpll_component|pll|clk[0] ; inst|altpll_component|pll|clk[0] ; 0.000        ; 0.011      ; 1.660      ;
; 1.497 ; SOPC:inst2|altera_reset_controller:rst_controller|altera_reset_synchronizer:alt_rst_sync_uq1|altera_reset_synchronizer_int_chain_out ; SOPC:inst2|altera_avalon_sc_fifo:sdram_s1_translator_avalon_universal_slave_0_agent_rsp_fifo|mem[4][57]                                                                                                     ; inst|altpll_component|pll|clk[0] ; inst|altpll_component|pll|clk[0] ; 0.000        ; 0.011      ; 1.660      ;
; 1.497 ; SOPC:inst2|altera_reset_controller:rst_controller|altera_reset_synchronizer:alt_rst_sync_uq1|altera_reset_synchronizer_int_chain_out ; SOPC:inst2|altera_avalon_sc_fifo:sdram_s1_translator_avalon_universal_slave_0_agent_rsp_fifo|mem[3][57]                                                                                                     ; inst|altpll_component|pll|clk[0] ; inst|altpll_component|pll|clk[0] ; 0.000        ; 0.007      ; 1.656      ;
; 1.497 ; SOPC:inst2|altera_reset_controller:rst_controller|altera_reset_synchronizer:alt_rst_sync_uq1|altera_reset_synchronizer_int_chain_out ; SOPC:inst2|altera_avalon_sc_fifo:sdram_s1_translator_avalon_universal_slave_0_agent_rsp_fifo|mem[2][57]                                                                                                     ; inst|altpll_component|pll|clk[0] ; inst|altpll_component|pll|clk[0] ; 0.000        ; 0.007      ; 1.656      ;
; 1.497 ; SOPC:inst2|altera_reset_controller:rst_controller|altera_reset_synchronizer:alt_rst_sync_uq1|altera_reset_synchronizer_int_chain_out ; SOPC:inst2|altera_avalon_sc_fifo:sdram_s1_translator_avalon_universal_slave_0_agent_rsp_fifo|mem[1][57]                                                                                                     ; inst|altpll_component|pll|clk[0] ; inst|altpll_component|pll|clk[0] ; 0.000        ; 0.006      ; 1.655      ;
; 1.497 ; SOPC:inst2|altera_reset_controller:rst_controller|altera_reset_synchronizer:alt_rst_sync_uq1|altera_reset_synchronizer_int_chain_out ; SOPC:inst2|altera_avalon_sc_fifo:sdram_s1_translator_avalon_universal_slave_0_agent_rsp_fifo|mem[0][57]                                                                                                     ; inst|altpll_component|pll|clk[0] ; inst|altpll_component|pll|clk[0] ; 0.000        ; 0.006      ; 1.655      ;
; 1.497 ; SOPC:inst2|altera_reset_controller:rst_controller|altera_reset_synchronizer:alt_rst_sync_uq1|altera_reset_synchronizer_int_chain_out ; SOPC:inst2|altera_avalon_sc_fifo:sdram_s1_translator_avalon_universal_slave_0_agent_rsp_fifo|mem[7][66]                                                                                                     ; inst|altpll_component|pll|clk[0] ; inst|altpll_component|pll|clk[0] ; 0.000        ; 0.011      ; 1.660      ;
; 1.497 ; SOPC:inst2|altera_reset_controller:rst_controller|altera_reset_synchronizer:alt_rst_sync_uq1|altera_reset_synchronizer_int_chain_out ; SOPC:inst2|altera_avalon_sc_fifo:sdram_s1_translator_avalon_universal_slave_0_agent_rsp_fifo|mem[6][66]                                                                                                     ; inst|altpll_component|pll|clk[0] ; inst|altpll_component|pll|clk[0] ; 0.000        ; 0.011      ; 1.660      ;
; 1.497 ; SOPC:inst2|altera_reset_controller:rst_controller|altera_reset_synchronizer:alt_rst_sync_uq1|altera_reset_synchronizer_int_chain_out ; SOPC:inst2|altera_avalon_sc_fifo:sdram_s1_translator_avalon_universal_slave_0_agent_rsp_fifo|mem[5][66]                                                                                                     ; inst|altpll_component|pll|clk[0] ; inst|altpll_component|pll|clk[0] ; 0.000        ; 0.011      ; 1.660      ;
; 1.497 ; SOPC:inst2|altera_reset_controller:rst_controller|altera_reset_synchronizer:alt_rst_sync_uq1|altera_reset_synchronizer_int_chain_out ; SOPC:inst2|altera_avalon_sc_fifo:sdram_s1_translator_avalon_universal_slave_0_agent_rsp_fifo|mem[4][66]                                                                                                     ; inst|altpll_component|pll|clk[0] ; inst|altpll_component|pll|clk[0] ; 0.000        ; 0.011      ; 1.660      ;
; 1.497 ; SOPC:inst2|altera_reset_controller:rst_controller|altera_reset_synchronizer:alt_rst_sync_uq1|altera_reset_synchronizer_int_chain_out ; SOPC:inst2|altera_avalon_sc_fifo:sdram_s1_translator_avalon_universal_slave_0_agent_rsp_fifo|mem[3][66]                                                                                                     ; inst|altpll_component|pll|clk[0] ; inst|altpll_component|pll|clk[0] ; 0.000        ; 0.007      ; 1.656      ;
; 1.497 ; SOPC:inst2|altera_reset_controller:rst_controller|altera_reset_synchronizer:alt_rst_sync_uq1|altera_reset_synchronizer_int_chain_out ; SOPC:inst2|altera_avalon_sc_fifo:sdram_s1_translator_avalon_universal_slave_0_agent_rsp_fifo|mem[2][66]                                                                                                     ; inst|altpll_component|pll|clk[0] ; inst|altpll_component|pll|clk[0] ; 0.000        ; 0.007      ; 1.656      ;
; 1.497 ; SOPC:inst2|altera_reset_controller:rst_controller|altera_reset_synchronizer:alt_rst_sync_uq1|altera_reset_synchronizer_int_chain_out ; SOPC:inst2|altera_avalon_sc_fifo:sdram_s1_translator_avalon_universal_slave_0_agent_rsp_fifo|mem[1][66]                                                                                                     ; inst|altpll_component|pll|clk[0] ; inst|altpll_component|pll|clk[0] ; 0.000        ; 0.006      ; 1.655      ;
; 1.497 ; SOPC:inst2|altera_reset_controller:rst_controller|altera_reset_synchronizer:alt_rst_sync_uq1|altera_reset_synchronizer_int_chain_out ; SOPC:inst2|altera_avalon_sc_fifo:sdram_s1_translator_avalon_universal_slave_0_agent_rsp_fifo|mem[0][66]                                                                                                     ; inst|altpll_component|pll|clk[0] ; inst|altpll_component|pll|clk[0] ; 0.000        ; 0.006      ; 1.655      ;
; 1.497 ; SOPC:inst2|altera_reset_controller:rst_controller|altera_reset_synchronizer:alt_rst_sync_uq1|altera_reset_synchronizer_int_chain_out ; SOPC:inst2|altera_avalon_sc_fifo:sdram_s1_translator_avalon_universal_slave_0_agent_rdata_fifo|wr_ptr[2]                                                                                                    ; inst|altpll_component|pll|clk[0] ; inst|altpll_component|pll|clk[0] ; 0.000        ; 0.009      ; 1.658      ;
; 1.497 ; SOPC:inst2|altera_reset_controller:rst_controller|altera_reset_synchronizer:alt_rst_sync_uq1|altera_reset_synchronizer_int_chain_out ; SOPC:inst2|altera_avalon_sc_fifo:sdram_s1_translator_avalon_universal_slave_0_agent_rdata_fifo|wr_ptr[0]                                                                                                    ; inst|altpll_component|pll|clk[0] ; inst|altpll_component|pll|clk[0] ; 0.000        ; 0.009      ; 1.658      ;
; 1.497 ; SOPC:inst2|altera_reset_controller:rst_controller|altera_reset_synchronizer:alt_rst_sync_uq1|altera_reset_synchronizer_int_chain_out ; SOPC:inst2|altera_avalon_sc_fifo:sdram_s1_translator_avalon_universal_slave_0_agent_rdata_fifo|rd_ptr[0]                                                                                                    ; inst|altpll_component|pll|clk[0] ; inst|altpll_component|pll|clk[0] ; 0.000        ; 0.008      ; 1.657      ;
; 1.497 ; SOPC:inst2|altera_reset_controller:rst_controller|altera_reset_synchronizer:alt_rst_sync_uq1|altera_reset_synchronizer_int_chain_out ; SOPC:inst2|altera_avalon_sc_fifo:sdram_s1_translator_avalon_universal_slave_0_agent_rdata_fifo|rd_ptr[1]                                                                                                    ; inst|altpll_component|pll|clk[0] ; inst|altpll_component|pll|clk[0] ; 0.000        ; 0.008      ; 1.657      ;
; 1.497 ; SOPC:inst2|altera_reset_controller:rst_controller|altera_reset_synchronizer:alt_rst_sync_uq1|altera_reset_synchronizer_int_chain_out ; SOPC:inst2|altera_avalon_sc_fifo:sdram_s1_translator_avalon_universal_slave_0_agent_rdata_fifo|rd_ptr[2]                                                                                                    ; inst|altpll_component|pll|clk[0] ; inst|altpll_component|pll|clk[0] ; 0.000        ; 0.008      ; 1.657      ;
; 1.497 ; SOPC:inst2|altera_reset_controller:rst_controller|altera_reset_synchronizer:alt_rst_sync_uq1|altera_reset_synchronizer_int_chain_out ; SOPC:inst2|SOPC_sdram:sdram|i_count[1]                                                                                                                                                                      ; inst|altpll_component|pll|clk[0] ; inst|altpll_component|pll|clk[0] ; 0.000        ; 0.023      ; 1.672      ;
; 1.497 ; SOPC:inst2|altera_reset_controller:rst_controller|altera_reset_synchronizer:alt_rst_sync_uq1|altera_reset_synchronizer_int_chain_out ; SOPC:inst2|SOPC_sdram:sdram|refresh_counter[0]                                                                                                                                                              ; inst|altpll_component|pll|clk[0] ; inst|altpll_component|pll|clk[0] ; 0.000        ; 0.008      ; 1.657      ;
; 1.497 ; SOPC:inst2|altera_reset_controller:rst_controller|altera_reset_synchronizer:alt_rst_sync_uq1|altera_reset_synchronizer_int_chain_out ; SOPC:inst2|SOPC_sdram:sdram|refresh_counter[2]                                                                                                                                                              ; inst|altpll_component|pll|clk[0] ; inst|altpll_component|pll|clk[0] ; 0.000        ; 0.008      ; 1.657      ;
; 1.497 ; SOPC:inst2|altera_reset_controller:rst_controller|altera_reset_synchronizer:alt_rst_sync_uq1|altera_reset_synchronizer_int_chain_out ; SOPC:inst2|SOPC_sdram:sdram|refresh_counter[3]                                                                                                                                                              ; inst|altpll_component|pll|clk[0] ; inst|altpll_component|pll|clk[0] ; 0.000        ; 0.008      ; 1.657      ;
; 1.497 ; SOPC:inst2|altera_reset_controller:rst_controller|altera_reset_synchronizer:alt_rst_sync_uq1|altera_reset_synchronizer_int_chain_out ; SOPC:inst2|SOPC_sdram:sdram|refresh_counter[5]                                                                                                                                                              ; inst|altpll_component|pll|clk[0] ; inst|altpll_component|pll|clk[0] ; 0.000        ; 0.009      ; 1.658      ;
; 1.497 ; SOPC:inst2|altera_reset_controller:rst_controller|altera_reset_synchronizer:alt_rst_sync_uq1|altera_reset_synchronizer_int_chain_out ; SOPC:inst2|SOPC_sdram:sdram|refresh_counter[6]                                                                                                                                                              ; inst|altpll_component|pll|clk[0] ; inst|altpll_component|pll|clk[0] ; 0.000        ; 0.009      ; 1.658      ;
; 1.497 ; SOPC:inst2|altera_reset_controller:rst_controller|altera_reset_synchronizer:alt_rst_sync_uq1|altera_reset_synchronizer_int_chain_out ; SOPC:inst2|SOPC_sdram:sdram|refresh_counter[8]                                                                                                                                                              ; inst|altpll_component|pll|clk[0] ; inst|altpll_component|pll|clk[0] ; 0.000        ; 0.014      ; 1.663      ;
; 1.497 ; SOPC:inst2|altera_reset_controller:rst_controller|altera_reset_synchronizer:alt_rst_sync_uq1|altera_reset_synchronizer_int_chain_out ; SOPC:inst2|SOPC_sdram:sdram|refresh_counter[9]                                                                                                                                                              ; inst|altpll_component|pll|clk[0] ; inst|altpll_component|pll|clk[0] ; 0.000        ; 0.015      ; 1.664      ;
; 1.497 ; SOPC:inst2|altera_reset_controller:rst_controller|altera_reset_synchronizer:alt_rst_sync_uq1|altera_reset_synchronizer_int_chain_out ; SOPC:inst2|SOPC_sdram:sdram|refresh_counter[10]                                                                                                                                                             ; inst|altpll_component|pll|clk[0] ; inst|altpll_component|pll|clk[0] ; 0.000        ; 0.015      ; 1.664      ;
; 1.497 ; SOPC:inst2|altera_reset_controller:rst_controller|altera_reset_synchronizer:alt_rst_sync_uq1|altera_reset_synchronizer_int_chain_out ; SOPC:inst2|SOPC_sdram:sdram|refresh_counter[11]                                                                                                                                                             ; inst|altpll_component|pll|clk[0] ; inst|altpll_component|pll|clk[0] ; 0.000        ; 0.015      ; 1.664      ;
; 1.497 ; SOPC:inst2|altera_reset_controller:rst_controller|altera_reset_synchronizer:alt_rst_sync_uq1|altera_reset_synchronizer_int_chain_out ; SOPC:inst2|SOPC_sdram:sdram|refresh_counter[12]                                                                                                                                                             ; inst|altpll_component|pll|clk[0] ; inst|altpll_component|pll|clk[0] ; 0.000        ; 0.015      ; 1.664      ;
; 1.497 ; SOPC:inst2|altera_reset_controller:rst_controller|altera_reset_synchronizer:alt_rst_sync_uq1|altera_reset_synchronizer_int_chain_out ; SOPC:inst2|SOPC_sdram:sdram|i_state.001                                                                                                                                                                     ; inst|altpll_component|pll|clk[0] ; inst|altpll_component|pll|clk[0] ; 0.000        ; 0.023      ; 1.672      ;
; 1.497 ; SOPC:inst2|altera_reset_controller:rst_controller|altera_reset_synchronizer:alt_rst_sync_uq1|altera_reset_synchronizer_int_chain_out ; SOPC:inst2|SOPC_sdram:sdram|i_next.010                                                                                                                                                                      ; inst|altpll_component|pll|clk[0] ; inst|altpll_component|pll|clk[0] ; 0.000        ; 0.023      ; 1.672      ;
; 1.497 ; SOPC:inst2|altera_reset_controller:rst_controller|altera_reset_synchronizer:alt_rst_sync_uq1|altera_reset_synchronizer_int_chain_out ; SOPC:inst2|SOPC_sdram:sdram|i_state.010                                                                                                                                                                     ; inst|altpll_component|pll|clk[0] ; inst|altpll_component|pll|clk[0] ; 0.000        ; 0.023      ; 1.672      ;
; 1.497 ; SOPC:inst2|altera_reset_controller:rst_controller|altera_reset_synchronizer:alt_rst_sync_uq1|altera_reset_synchronizer_int_chain_out ; SOPC:inst2|SOPC_sdram:sdram|i_state.011                                                                                                                                                                     ; inst|altpll_component|pll|clk[0] ; inst|altpll_component|pll|clk[0] ; 0.000        ; 0.023      ; 1.672      ;
; 1.497 ; SOPC:inst2|altera_reset_controller:rst_controller|altera_reset_synchronizer:alt_rst_sync_uq1|altera_reset_synchronizer_int_chain_out ; SOPC:inst2|SOPC_sdram:sdram|i_next.000                                                                                                                                                                      ; inst|altpll_component|pll|clk[0] ; inst|altpll_component|pll|clk[0] ; 0.000        ; 0.023      ; 1.672      ;
; 1.497 ; SOPC:inst2|altera_reset_controller:rst_controller|altera_reset_synchronizer:alt_rst_sync_uq1|altera_reset_synchronizer_int_chain_out ; SOPC:inst2|SOPC_sdram:sdram|i_state.000                                                                                                                                                                     ; inst|altpll_component|pll|clk[0] ; inst|altpll_component|pll|clk[0] ; 0.000        ; 0.023      ; 1.672      ;
; 1.497 ; SOPC:inst2|altera_reset_controller:rst_controller|altera_reset_synchronizer:alt_rst_sync_uq1|altera_reset_synchronizer_int_chain_out ; SOPC:inst2|SOPC_sdram:sdram|i_count[0]                                                                                                                                                                      ; inst|altpll_component|pll|clk[0] ; inst|altpll_component|pll|clk[0] ; 0.000        ; 0.023      ; 1.672      ;
; 1.497 ; SOPC:inst2|altera_reset_controller:rst_controller|altera_reset_synchronizer:alt_rst_sync_uq1|altera_reset_synchronizer_int_chain_out ; SOPC:inst2|SOPC_sdram:sdram|i_count[2]                                                                                                                                                                      ; inst|altpll_component|pll|clk[0] ; inst|altpll_component|pll|clk[0] ; 0.000        ; 0.023      ; 1.672      ;
; 1.497 ; SOPC:inst2|altera_reset_controller:rst_controller|altera_reset_synchronizer:alt_rst_sync_uq1|altera_reset_synchronizer_int_chain_out ; SOPC:inst2|SOPC_sdram:sdram|i_next.111                                                                                                                                                                      ; inst|altpll_component|pll|clk[0] ; inst|altpll_component|pll|clk[0] ; 0.000        ; 0.023      ; 1.672      ;
; 1.497 ; SOPC:inst2|altera_reset_controller:rst_controller|altera_reset_synchronizer:alt_rst_sync_uq1|altera_reset_synchronizer_int_chain_out ; SOPC:inst2|SOPC_sdram:sdram|i_state.111                                                                                                                                                                     ; inst|altpll_component|pll|clk[0] ; inst|altpll_component|pll|clk[0] ; 0.000        ; 0.023      ; 1.672      ;
; 1.497 ; SOPC:inst2|altera_reset_controller:rst_controller|altera_reset_synchronizer:alt_rst_sync_uq1|altera_reset_synchronizer_int_chain_out ; SOPC:inst2|SOPC_sdram:sdram|i_next.101                                                                                                                                                                      ; inst|altpll_component|pll|clk[0] ; inst|altpll_component|pll|clk[0] ; 0.000        ; 0.023      ; 1.672      ;
; 1.497 ; SOPC:inst2|altera_reset_controller:rst_controller|altera_reset_synchronizer:alt_rst_sync_uq1|altera_reset_synchronizer_int_chain_out ; SOPC:inst2|SOPC_sdram:sdram|i_state.101                                                                                                                                                                     ; inst|altpll_component|pll|clk[0] ; inst|altpll_component|pll|clk[0] ; 0.000        ; 0.023      ; 1.672      ;
; 1.497 ; SOPC:inst2|altera_reset_controller:rst_controller|altera_reset_synchronizer:alt_rst_sync_uq1|altera_reset_synchronizer_int_chain_out ; SOPC:inst2|SOPC_sdram:sdram|init_done                                                                                                                                                                       ; inst|altpll_component|pll|clk[0] ; inst|altpll_component|pll|clk[0] ; 0.000        ; 0.018      ; 1.667      ;
; 1.497 ; SOPC:inst2|altera_reset_controller:rst_controller|altera_reset_synchronizer:alt_rst_sync_uq1|altera_reset_synchronizer_int_chain_out ; SOPC:inst2|altera_merlin_width_adapter:width_adapter|count[0]                                                                                                                                               ; inst|altpll_component|pll|clk[0] ; inst|altpll_component|pll|clk[0] ; 0.000        ; 0.009      ; 1.658      ;
; 1.497 ; SOPC:inst2|altera_reset_controller:rst_controller|altera_reset_synchronizer:alt_rst_sync_uq1|altera_reset_synchronizer_int_chain_out ; SOPC:inst2|altera_merlin_width_adapter:width_adapter|use_reg                                                                                                                                                ; inst|altpll_component|pll|clk[0] ; inst|altpll_component|pll|clk[0] ; 0.000        ; 0.009      ; 1.658      ;
; 1.497 ; SOPC:inst2|altera_reset_controller:rst_controller|altera_reset_synchronizer:alt_rst_sync_uq1|altera_reset_synchronizer_int_chain_out ; SOPC:inst2|altera_merlin_width_adapter:width_adapter|byteen_reg[0]                                                                                                                                          ; inst|altpll_component|pll|clk[0] ; inst|altpll_component|pll|clk[0] ; 0.000        ; 0.002      ; 1.651      ;
; 1.497 ; SOPC:inst2|altera_reset_controller:rst_controller|altera_reset_synchronizer:alt_rst_sync_uq1|altera_reset_synchronizer_int_chain_out ; SOPC:inst2|altera_merlin_width_adapter:width_adapter|byteen_reg[1]                                                                                                                                          ; inst|altpll_component|pll|clk[0] ; inst|altpll_component|pll|clk[0] ; 0.000        ; 0.002      ; 1.651      ;
; 1.497 ; SOPC:inst2|altera_reset_controller:rst_controller|altera_reset_synchronizer:alt_rst_sync_uq1|altera_reset_synchronizer_int_chain_out ; SOPC:inst2|SOPC_sdram:sdram|SOPC_sdram_input_efifo_module:the_SOPC_sdram_input_efifo_module|wr_address                                                                                                      ; inst|altpll_component|pll|clk[0] ; inst|altpll_component|pll|clk[0] ; 0.000        ; 0.008      ; 1.657      ;
; 1.497 ; SOPC:inst2|altera_reset_controller:rst_controller|altera_reset_synchronizer:alt_rst_sync_uq1|altera_reset_synchronizer_int_chain_out ; SOPC:inst2|SOPC_sdram:sdram|SOPC_sdram_input_efifo_module:the_SOPC_sdram_input_efifo_module|rd_address                                                                                                      ; inst|altpll_component|pll|clk[0] ; inst|altpll_component|pll|clk[0] ; 0.000        ; 0.014      ; 1.663      ;
; 1.497 ; SOPC:inst2|altera_reset_controller:rst_controller|altera_reset_synchronizer:alt_rst_sync_uq1|altera_reset_synchronizer_int_chain_out ; SOPC:inst2|SOPC_jtag_uart:jtag_uart|alt_jtag_atlantic:SOPC_jtag_uart_alt_jtag_atlantic|rst2                                                                                                                 ; inst|altpll_component|pll|clk[0] ; inst|altpll_component|pll|clk[0] ; 0.000        ; 0.009      ; 1.658      ;
; 1.497 ; SOPC:inst2|altera_reset_controller:rst_controller|altera_reset_synchronizer:alt_rst_sync_uq1|altera_reset_synchronizer_int_chain_out ; SOPC:inst2|SOPC_jtag_uart:jtag_uart|alt_jtag_atlantic:SOPC_jtag_uart_alt_jtag_atlantic|write1                                                                                                               ; inst|altpll_component|pll|clk[0] ; inst|altpll_component|pll|clk[0] ; 0.000        ; 0.009      ; 1.658      ;
; 1.497 ; SOPC:inst2|altera_reset_controller:rst_controller|altera_reset_synchronizer:alt_rst_sync_uq1|altera_reset_synchronizer_int_chain_out ; SOPC:inst2|SOPC_jtag_uart:jtag_uart|alt_jtag_atlantic:SOPC_jtag_uart_alt_jtag_atlantic|write2                                                                                                               ; inst|altpll_component|pll|clk[0] ; inst|altpll_component|pll|clk[0] ; 0.000        ; 0.009      ; 1.658      ;
; 1.497 ; SOPC:inst2|altera_reset_controller:rst_controller|altera_reset_synchronizer:alt_rst_sync_uq1|altera_reset_synchronizer_int_chain_out ; SOPC:inst2|SOPC_jtag_uart:jtag_uart|av_waitrequest                                                                                                                                                          ; inst|altpll_component|pll|clk[0] ; inst|altpll_component|pll|clk[0] ; 0.000        ; 0.024      ; 1.673      ;
; 1.497 ; SOPC:inst2|altera_reset_controller:rst_controller|altera_reset_synchronizer:alt_rst_sync_uq1|altera_reset_synchronizer_int_chain_out ; SOPC:inst2|altera_merlin_slave_translator:jtag_uart_avalon_jtag_slave_translator|read_latency_shift_reg[0]                                                                                                  ; inst|altpll_component|pll|clk[0] ; inst|altpll_component|pll|clk[0] ; 0.000        ; 0.024      ; 1.673      ;
; 1.497 ; SOPC:inst2|altera_reset_controller:rst_controller|altera_reset_synchronizer:alt_rst_sync_uq1|altera_reset_synchronizer_int_chain_out ; SOPC:inst2|altera_avalon_sc_fifo:jtag_uart_avalon_jtag_slave_translator_avalon_universal_slave_0_agent_rsp_fifo|mem_used[0]                                                                                 ; inst|altpll_component|pll|clk[0] ; inst|altpll_component|pll|clk[0] ; 0.000        ; 0.019      ; 1.668      ;
; 1.497 ; SOPC:inst2|altera_reset_controller:rst_controller|altera_reset_synchronizer:alt_rst_sync_uq1|altera_reset_synchronizer_int_chain_out ; SOPC:inst2|altera_avalon_sc_fifo:jtag_uart_avalon_jtag_slave_translator_avalon_universal_slave_0_agent_rsp_fifo|mem_used[1]                                                                                 ; inst|altpll_component|pll|clk[0] ; inst|altpll_component|pll|clk[0] ; 0.000        ; 0.019      ; 1.668      ;
; 1.497 ; SOPC:inst2|altera_reset_controller:rst_controller|altera_reset_synchronizer:alt_rst_sync_uq1|altera_reset_synchronizer_int_chain_out ; SOPC:inst2|SOPC_jtag_uart:jtag_uart|SOPC_jtag_uart_scfifo_r:the_SOPC_jtag_uart_scfifo_r|scfifo:rfifo|scfifo_1n21:auto_generated|a_dpfifo_8t21:dpfifo|a_fefifo_7cf:fifo_state|cntr_rj7:count_usedw|safe_q[0] ; inst|altpll_component|pll|clk[0] ; inst|altpll_component|pll|clk[0] ; 0.000        ; 0.024      ; 1.673      ;
; 1.497 ; SOPC:inst2|altera_reset_controller:rst_controller|altera_reset_synchronizer:alt_rst_sync_uq1|altera_reset_synchronizer_int_chain_out ; SOPC:inst2|SOPC_jtag_uart:jtag_uart|SOPC_jtag_uart_scfifo_r:the_SOPC_jtag_uart_scfifo_r|scfifo:rfifo|scfifo_1n21:auto_generated|a_dpfifo_8t21:dpfifo|a_fefifo_7cf:fifo_state|cntr_rj7:count_usedw|safe_q[1] ; inst|altpll_component|pll|clk[0] ; inst|altpll_component|pll|clk[0] ; 0.000        ; 0.024      ; 1.673      ;
; 1.497 ; SOPC:inst2|altera_reset_controller:rst_controller|altera_reset_synchronizer:alt_rst_sync_uq1|altera_reset_synchronizer_int_chain_out ; SOPC:inst2|SOPC_jtag_uart:jtag_uart|SOPC_jtag_uart_scfifo_r:the_SOPC_jtag_uart_scfifo_r|scfifo:rfifo|scfifo_1n21:auto_generated|a_dpfifo_8t21:dpfifo|a_fefifo_7cf:fifo_state|cntr_rj7:count_usedw|safe_q[2] ; inst|altpll_component|pll|clk[0] ; inst|altpll_component|pll|clk[0] ; 0.000        ; 0.024      ; 1.673      ;
; 1.497 ; SOPC:inst2|altera_reset_controller:rst_controller|altera_reset_synchronizer:alt_rst_sync_uq1|altera_reset_synchronizer_int_chain_out ; SOPC:inst2|SOPC_jtag_uart:jtag_uart|SOPC_jtag_uart_scfifo_r:the_SOPC_jtag_uart_scfifo_r|scfifo:rfifo|scfifo_1n21:auto_generated|a_dpfifo_8t21:dpfifo|a_fefifo_7cf:fifo_state|cntr_rj7:count_usedw|safe_q[3] ; inst|altpll_component|pll|clk[0] ; inst|altpll_component|pll|clk[0] ; 0.000        ; 0.024      ; 1.673      ;
; 1.497 ; SOPC:inst2|altera_reset_controller:rst_controller|altera_reset_synchronizer:alt_rst_sync_uq1|altera_reset_synchronizer_int_chain_out ; SOPC:inst2|SOPC_jtag_uart:jtag_uart|SOPC_jtag_uart_scfifo_r:the_SOPC_jtag_uart_scfifo_r|scfifo:rfifo|scfifo_1n21:auto_generated|a_dpfifo_8t21:dpfifo|a_fefifo_7cf:fifo_state|cntr_rj7:count_usedw|safe_q[4] ; inst|altpll_component|pll|clk[0] ; inst|altpll_component|pll|clk[0] ; 0.000        ; 0.024      ; 1.673      ;
; 1.497 ; SOPC:inst2|altera_reset_controller:rst_controller|altera_reset_synchronizer:alt_rst_sync_uq1|altera_reset_synchronizer_int_chain_out ; SOPC:inst2|SOPC_jtag_uart:jtag_uart|SOPC_jtag_uart_scfifo_r:the_SOPC_jtag_uart_scfifo_r|scfifo:rfifo|scfifo_1n21:auto_generated|a_dpfifo_8t21:dpfifo|a_fefifo_7cf:fifo_state|cntr_rj7:count_usedw|safe_q[5] ; inst|altpll_component|pll|clk[0] ; inst|altpll_component|pll|clk[0] ; 0.000        ; 0.024      ; 1.673      ;
; 1.497 ; SOPC:inst2|altera_reset_controller:rst_controller|altera_reset_synchronizer:alt_rst_sync_uq1|altera_reset_synchronizer_int_chain_out ; SOPC:inst2|SOPC_jtag_uart:jtag_uart|SOPC_jtag_uart_scfifo_r:the_SOPC_jtag_uart_scfifo_r|scfifo:rfifo|scfifo_1n21:auto_generated|a_dpfifo_8t21:dpfifo|a_fefifo_7cf:fifo_state|b_non_empty                    ; inst|altpll_component|pll|clk[0] ; inst|altpll_component|pll|clk[0] ; 0.000        ; 0.024      ; 1.673      ;
; 1.497 ; SOPC:inst2|altera_reset_controller:rst_controller|altera_reset_synchronizer:alt_rst_sync_uq1|altera_reset_synchronizer_int_chain_out ; SOPC:inst2|SOPC_jtag_uart:jtag_uart|SOPC_jtag_uart_scfifo_r:the_SOPC_jtag_uart_scfifo_r|scfifo:rfifo|scfifo_1n21:auto_generated|a_dpfifo_8t21:dpfifo|a_fefifo_7cf:fifo_state|b_full                         ; inst|altpll_component|pll|clk[0] ; inst|altpll_component|pll|clk[0] ; 0.000        ; 0.020      ; 1.669      ;
; 1.497 ; SOPC:inst2|altera_reset_controller:rst_controller|altera_reset_synchronizer:alt_rst_sync_uq1|altera_reset_synchronizer_int_chain_out ; SOPC:inst2|SOPC_jtag_uart:jtag_uart|t_dav                                                                                                                                                                   ; inst|altpll_component|pll|clk[0] ; inst|altpll_component|pll|clk[0] ; 0.000        ; -0.001     ; 1.648      ;
; 1.497 ; SOPC:inst2|altera_reset_controller:rst_controller|altera_reset_synchronizer:alt_rst_sync_uq1|altera_reset_synchronizer_int_chain_out ; SOPC:inst2|SOPC_jtag_uart:jtag_uart|alt_jtag_atlantic:SOPC_jtag_uart_alt_jtag_atlantic|t_ena~reg0                                                                                                           ; inst|altpll_component|pll|clk[0] ; inst|altpll_component|pll|clk[0] ; 0.000        ; 0.009      ; 1.658      ;
; 1.497 ; SOPC:inst2|altera_reset_controller:rst_controller|altera_reset_synchronizer:alt_rst_sync_uq1|altera_reset_synchronizer_int_chain_out ; SOPC:inst2|SOPC_jtag_uart:jtag_uart|r_val                                                                                                                                                                   ; inst|altpll_component|pll|clk[0] ; inst|altpll_component|pll|clk[0] ; 0.000        ; -0.001     ; 1.648      ;
; 1.497 ; SOPC:inst2|altera_reset_controller:rst_controller|altera_reset_synchronizer:alt_rst_sync_uq1|altera_reset_synchronizer_int_chain_out ; SOPC:inst2|SOPC_jtag_uart:jtag_uart|SOPC_jtag_uart_scfifo_w:the_SOPC_jtag_uart_scfifo_w|scfifo:wfifo|scfifo_1n21:auto_generated|a_dpfifo_8t21:dpfifo|a_fefifo_7cf:fifo_state|cntr_rj7:count_usedw|safe_q[0] ; inst|altpll_component|pll|clk[0] ; inst|altpll_component|pll|clk[0] ; 0.000        ; 0.019      ; 1.668      ;
; 1.497 ; SOPC:inst2|altera_reset_controller:rst_controller|altera_reset_synchronizer:alt_rst_sync_uq1|altera_reset_synchronizer_int_chain_out ; SOPC:inst2|SOPC_jtag_uart:jtag_uart|SOPC_jtag_uart_scfifo_w:the_SOPC_jtag_uart_scfifo_w|scfifo:wfifo|scfifo_1n21:auto_generated|a_dpfifo_8t21:dpfifo|a_fefifo_7cf:fifo_state|cntr_rj7:count_usedw|safe_q[2] ; inst|altpll_component|pll|clk[0] ; inst|altpll_component|pll|clk[0] ; 0.000        ; 0.019      ; 1.668      ;
; 1.497 ; SOPC:inst2|altera_reset_controller:rst_controller|altera_reset_synchronizer:alt_rst_sync_uq1|altera_reset_synchronizer_int_chain_out ; SOPC:inst2|SOPC_jtag_uart:jtag_uart|SOPC_jtag_uart_scfifo_w:the_SOPC_jtag_uart_scfifo_w|scfifo:wfifo|scfifo_1n21:auto_generated|a_dpfifo_8t21:dpfifo|a_fefifo_7cf:fifo_state|cntr_rj7:count_usedw|safe_q[3] ; inst|altpll_component|pll|clk[0] ; inst|altpll_component|pll|clk[0] ; 0.000        ; 0.019      ; 1.668      ;
; 1.497 ; SOPC:inst2|altera_reset_controller:rst_controller|altera_reset_synchronizer:alt_rst_sync_uq1|altera_reset_synchronizer_int_chain_out ; SOPC:inst2|SOPC_jtag_uart:jtag_uart|SOPC_jtag_uart_scfifo_w:the_SOPC_jtag_uart_scfifo_w|scfifo:wfifo|scfifo_1n21:auto_generated|a_dpfifo_8t21:dpfifo|a_fefifo_7cf:fifo_state|cntr_rj7:count_usedw|safe_q[4] ; inst|altpll_component|pll|clk[0] ; inst|altpll_component|pll|clk[0] ; 0.000        ; 0.019      ; 1.668      ;
; 1.497 ; SOPC:inst2|altera_reset_controller:rst_controller|altera_reset_synchronizer:alt_rst_sync_uq1|altera_reset_synchronizer_int_chain_out ; SOPC:inst2|SOPC_jtag_uart:jtag_uart|SOPC_jtag_uart_scfifo_w:the_SOPC_jtag_uart_scfifo_w|scfifo:wfifo|scfifo_1n21:auto_generated|a_dpfifo_8t21:dpfifo|a_fefifo_7cf:fifo_state|cntr_rj7:count_usedw|safe_q[5] ; inst|altpll_component|pll|clk[0] ; inst|altpll_component|pll|clk[0] ; 0.000        ; 0.019      ; 1.668      ;
; 1.497 ; SOPC:inst2|altera_reset_controller:rst_controller|altera_reset_synchronizer:alt_rst_sync_uq1|altera_reset_synchronizer_int_chain_out ; SOPC:inst2|SOPC_jtag_uart:jtag_uart|SOPC_jtag_uart_scfifo_w:the_SOPC_jtag_uart_scfifo_w|scfifo:wfifo|scfifo_1n21:auto_generated|a_dpfifo_8t21:dpfifo|a_fefifo_7cf:fifo_state|b_non_empty                    ; inst|altpll_component|pll|clk[0] ; inst|altpll_component|pll|clk[0] ; 0.000        ; 0.019      ; 1.668      ;
; 1.497 ; SOPC:inst2|altera_reset_controller:rst_controller|altera_reset_synchronizer:alt_rst_sync_uq1|altera_reset_synchronizer_int_chain_out ; SOPC:inst2|SOPC_jtag_uart:jtag_uart|SOPC_jtag_uart_scfifo_w:the_SOPC_jtag_uart_scfifo_w|scfifo:wfifo|scfifo_1n21:auto_generated|a_dpfifo_8t21:dpfifo|a_fefifo_7cf:fifo_state|cntr_rj7:count_usedw|safe_q[1] ; inst|altpll_component|pll|clk[0] ; inst|altpll_component|pll|clk[0] ; 0.000        ; 0.019      ; 1.668      ;
; 1.497 ; SOPC:inst2|altera_reset_controller:rst_controller|altera_reset_synchronizer:alt_rst_sync_uq1|altera_reset_synchronizer_int_chain_out ; SOPC:inst2|SOPC_jtag_uart:jtag_uart|SOPC_jtag_uart_scfifo_w:the_SOPC_jtag_uart_scfifo_w|scfifo:wfifo|scfifo_1n21:auto_generated|a_dpfifo_8t21:dpfifo|a_fefifo_7cf:fifo_state|b_full                         ; inst|altpll_component|pll|clk[0] ; inst|altpll_component|pll|clk[0] ; 0.000        ; 0.019      ; 1.668      ;
; 1.497 ; SOPC:inst2|altera_reset_controller:rst_controller|altera_reset_synchronizer:alt_rst_sync_uq1|altera_reset_synchronizer_int_chain_out ; SOPC:inst2|SOPC_jtag_uart:jtag_uart|fifo_wr                                                                                                                                                                 ; inst|altpll_component|pll|clk[0] ; inst|altpll_component|pll|clk[0] ; 0.000        ; 0.028      ; 1.677      ;
; 1.497 ; SOPC:inst2|altera_reset_controller:rst_controller|altera_reset_synchronizer:alt_rst_sync_uq1|altera_reset_synchronizer_int_chain_out ; SOPC:inst2|altera_avalon_sc_fifo:lcd32_data_s1_translator_avalon_universal_slave_0_agent_rsp_fifo|mem_used[0]                                                                                               ; inst|altpll_component|pll|clk[0] ; inst|altpll_component|pll|clk[0] ; 0.000        ; 0.000      ; 1.649      ;
; 1.497 ; SOPC:inst2|altera_reset_controller:rst_controller|altera_reset_synchronizer:alt_rst_sync_uq1|altera_reset_synchronizer_int_chain_out ; SOPC:inst2|altera_merlin_slave_translator:lcd32_data_s1_translator|wait_latency_counter[1]                                                                                                                  ; inst|altpll_component|pll|clk[0] ; inst|altpll_component|pll|clk[0] ; 0.000        ; 0.000      ; 1.649      ;
; 1.497 ; SOPC:inst2|altera_reset_controller:rst_controller|altera_reset_synchronizer:alt_rst_sync_uq1|altera_reset_synchronizer_int_chain_out ; SOPC:inst2|altera_avalon_sc_fifo:lcd32_data_s1_translator_avalon_universal_slave_0_agent_rsp_fifo|mem_used[1]                                                                                               ; inst|altpll_component|pll|clk[0] ; inst|altpll_component|pll|clk[0] ; 0.000        ; 0.000      ; 1.649      ;
; 1.497 ; SOPC:inst2|altera_reset_controller:rst_controller|altera_reset_synchronizer:alt_rst_sync_uq1|altera_reset_synchronizer_int_chain_out ; SOPC:inst2|altera_merlin_slave_translator:lcd32_data_s1_translator|wait_latency_counter[0]                                                                                                                  ; inst|altpll_component|pll|clk[0] ; inst|altpll_component|pll|clk[0] ; 0.000        ; 0.000      ; 1.649      ;
; 1.497 ; SOPC:inst2|altera_reset_controller:rst_controller|altera_reset_synchronizer:alt_rst_sync_uq1|altera_reset_synchronizer_int_chain_out ; SOPC:inst2|SOPC_spi_touch:spi_touch|slowcount[0]                                                                                                                                                            ; inst|altpll_component|pll|clk[0] ; inst|altpll_component|pll|clk[0] ; 0.000        ; 0.029      ; 1.678      ;
; 1.497 ; SOPC:inst2|altera_reset_controller:rst_controller|altera_reset_synchronizer:alt_rst_sync_uq1|altera_reset_synchronizer_int_chain_out ; SOPC:inst2|SOPC_spi_touch:spi_touch|slowcount[1]                                                                                                                                                            ; inst|altpll_component|pll|clk[0] ; inst|altpll_component|pll|clk[0] ; 0.000        ; 0.029      ; 1.678      ;
; 1.497 ; SOPC:inst2|altera_reset_controller:rst_controller|altera_reset_synchronizer:alt_rst_sync_uq1|altera_reset_synchronizer_int_chain_out ; SOPC:inst2|SOPC_spi_touch:spi_touch|slowcount[2]                                                                                                                                                            ; inst|altpll_component|pll|clk[0] ; inst|altpll_component|pll|clk[0] ; 0.000        ; 0.029      ; 1.678      ;
; 1.497 ; SOPC:inst2|altera_reset_controller:rst_controller|altera_reset_synchronizer:alt_rst_sync_uq1|altera_reset_synchronizer_int_chain_out ; SOPC:inst2|SOPC_spi_touch:spi_touch|slowcount[3]                                                                                                                                                            ; inst|altpll_component|pll|clk[0] ; inst|altpll_component|pll|clk[0] ; 0.000        ; 0.029      ; 1.678      ;
; 1.497 ; SOPC:inst2|altera_reset_controller:rst_controller|altera_reset_synchronizer:alt_rst_sync_uq1|altera_reset_synchronizer_int_chain_out ; SOPC:inst2|SOPC_spi_touch:spi_touch|slowcount[4]                                                                                                                                                            ; inst|altpll_component|pll|clk[0] ; inst|altpll_component|pll|clk[0] ; 0.000        ; 0.029      ; 1.678      ;
; 1.497 ; SOPC:inst2|altera_reset_controller:rst_controller|altera_reset_synchronizer:alt_rst_sync_uq1|altera_reset_synchronizer_int_chain_out ; SOPC:inst2|altera_merlin_slave_translator:spi_touch_spi_control_port_translator|wait_latency_counter[0]                                                                                                     ; inst|altpll_component|pll|clk[0] ; inst|altpll_component|pll|clk[0] ; 0.000        ; 0.019      ; 1.668      ;
; 1.497 ; SOPC:inst2|altera_reset_controller:rst_controller|altera_reset_synchronizer:alt_rst_sync_uq1|altera_reset_synchronizer_int_chain_out ; SOPC:inst2|altera_merlin_slave_translator:spi_touch_spi_control_port_translator|read_latency_shift_reg[0]                                                                                                   ; inst|altpll_component|pll|clk[0] ; inst|altpll_component|pll|clk[0] ; 0.000        ; 0.019      ; 1.668      ;
; 1.497 ; SOPC:inst2|altera_reset_controller:rst_controller|altera_reset_synchronizer:alt_rst_sync_uq1|altera_reset_synchronizer_int_chain_out ; SOPC:inst2|altera_avalon_sc_fifo:spi_touch_spi_control_port_translator_avalon_universal_slave_0_agent_rsp_fifo|mem_used[0]                                                                                  ; inst|altpll_component|pll|clk[0] ; inst|altpll_component|pll|clk[0] ; 0.000        ; 0.015      ; 1.664      ;
+-------+--------------------------------------------------------------------------------------------------------------------------------------+-------------------------------------------------------------------------------------------------------------------------------------------------------------------------------------------------------------+----------------------------------+----------------------------------+--------------+------------+------------+


+----------------------------------------------------------------------------------------------------------------------------------------------------------------------------------------------------------------------------------------------------------------------+
; Fast Model Minimum Pulse Width: 'inst|altpll_component|pll|clk[0]'                                                                                                                                                                                                   ;
+-------+--------------+----------------+------------------+----------------------------------+------------+-----------------------------------------------------------------------------------------------------------------------------------------------------------+
; Slack ; Actual Width ; Required Width ; Type             ; Clock                            ; Clock Edge ; Target                                                                                                                                                    ;
+-------+--------------+----------------+------------------+----------------------------------+------------+-----------------------------------------------------------------------------------------------------------------------------------------------------------+
; 7.873 ; 10.000       ; 2.127          ; High Pulse Width ; inst|altpll_component|pll|clk[0] ; Rise       ; SOPC:inst2|SOPC_cpu:cpu|D_bht_data[0]                                                                                                                     ;
; 7.873 ; 10.000       ; 2.127          ; Low Pulse Width  ; inst|altpll_component|pll|clk[0] ; Rise       ; SOPC:inst2|SOPC_cpu:cpu|D_bht_data[0]                                                                                                                     ;
; 7.873 ; 10.000       ; 2.127          ; High Pulse Width ; inst|altpll_component|pll|clk[0] ; Rise       ; SOPC:inst2|SOPC_cpu:cpu|D_bht_data[1]                                                                                                                     ;
; 7.873 ; 10.000       ; 2.127          ; Low Pulse Width  ; inst|altpll_component|pll|clk[0] ; Rise       ; SOPC:inst2|SOPC_cpu:cpu|D_bht_data[1]                                                                                                                     ;
; 7.873 ; 10.000       ; 2.127          ; High Pulse Width ; inst|altpll_component|pll|clk[0] ; Rise       ; SOPC:inst2|SOPC_cpu:cpu|SOPC_cpu_bht_module:SOPC_cpu_bht|altsyncram:the_altsyncram|altsyncram_d5g1:auto_generated|ram_block1a0~porta_address_reg0         ;
; 7.873 ; 10.000       ; 2.127          ; Low Pulse Width  ; inst|altpll_component|pll|clk[0] ; Rise       ; SOPC:inst2|SOPC_cpu:cpu|SOPC_cpu_bht_module:SOPC_cpu_bht|altsyncram:the_altsyncram|altsyncram_d5g1:auto_generated|ram_block1a0~porta_address_reg0         ;
; 7.873 ; 10.000       ; 2.127          ; High Pulse Width ; inst|altpll_component|pll|clk[0] ; Rise       ; SOPC:inst2|SOPC_cpu:cpu|SOPC_cpu_bht_module:SOPC_cpu_bht|altsyncram:the_altsyncram|altsyncram_d5g1:auto_generated|ram_block1a0~porta_address_reg1         ;
; 7.873 ; 10.000       ; 2.127          ; Low Pulse Width  ; inst|altpll_component|pll|clk[0] ; Rise       ; SOPC:inst2|SOPC_cpu:cpu|SOPC_cpu_bht_module:SOPC_cpu_bht|altsyncram:the_altsyncram|altsyncram_d5g1:auto_generated|ram_block1a0~porta_address_reg1         ;
; 7.873 ; 10.000       ; 2.127          ; High Pulse Width ; inst|altpll_component|pll|clk[0] ; Rise       ; SOPC:inst2|SOPC_cpu:cpu|SOPC_cpu_bht_module:SOPC_cpu_bht|altsyncram:the_altsyncram|altsyncram_d5g1:auto_generated|ram_block1a0~porta_address_reg2         ;
; 7.873 ; 10.000       ; 2.127          ; Low Pulse Width  ; inst|altpll_component|pll|clk[0] ; Rise       ; SOPC:inst2|SOPC_cpu:cpu|SOPC_cpu_bht_module:SOPC_cpu_bht|altsyncram:the_altsyncram|altsyncram_d5g1:auto_generated|ram_block1a0~porta_address_reg2         ;
; 7.873 ; 10.000       ; 2.127          ; High Pulse Width ; inst|altpll_component|pll|clk[0] ; Rise       ; SOPC:inst2|SOPC_cpu:cpu|SOPC_cpu_bht_module:SOPC_cpu_bht|altsyncram:the_altsyncram|altsyncram_d5g1:auto_generated|ram_block1a0~porta_address_reg3         ;
; 7.873 ; 10.000       ; 2.127          ; Low Pulse Width  ; inst|altpll_component|pll|clk[0] ; Rise       ; SOPC:inst2|SOPC_cpu:cpu|SOPC_cpu_bht_module:SOPC_cpu_bht|altsyncram:the_altsyncram|altsyncram_d5g1:auto_generated|ram_block1a0~porta_address_reg3         ;
; 7.873 ; 10.000       ; 2.127          ; High Pulse Width ; inst|altpll_component|pll|clk[0] ; Rise       ; SOPC:inst2|SOPC_cpu:cpu|SOPC_cpu_bht_module:SOPC_cpu_bht|altsyncram:the_altsyncram|altsyncram_d5g1:auto_generated|ram_block1a0~porta_address_reg4         ;
; 7.873 ; 10.000       ; 2.127          ; Low Pulse Width  ; inst|altpll_component|pll|clk[0] ; Rise       ; SOPC:inst2|SOPC_cpu:cpu|SOPC_cpu_bht_module:SOPC_cpu_bht|altsyncram:the_altsyncram|altsyncram_d5g1:auto_generated|ram_block1a0~porta_address_reg4         ;
; 7.873 ; 10.000       ; 2.127          ; High Pulse Width ; inst|altpll_component|pll|clk[0] ; Rise       ; SOPC:inst2|SOPC_cpu:cpu|SOPC_cpu_bht_module:SOPC_cpu_bht|altsyncram:the_altsyncram|altsyncram_d5g1:auto_generated|ram_block1a0~porta_address_reg5         ;
; 7.873 ; 10.000       ; 2.127          ; Low Pulse Width  ; inst|altpll_component|pll|clk[0] ; Rise       ; SOPC:inst2|SOPC_cpu:cpu|SOPC_cpu_bht_module:SOPC_cpu_bht|altsyncram:the_altsyncram|altsyncram_d5g1:auto_generated|ram_block1a0~porta_address_reg5         ;
; 7.873 ; 10.000       ; 2.127          ; High Pulse Width ; inst|altpll_component|pll|clk[0] ; Rise       ; SOPC:inst2|SOPC_cpu:cpu|SOPC_cpu_bht_module:SOPC_cpu_bht|altsyncram:the_altsyncram|altsyncram_d5g1:auto_generated|ram_block1a0~porta_address_reg6         ;
; 7.873 ; 10.000       ; 2.127          ; Low Pulse Width  ; inst|altpll_component|pll|clk[0] ; Rise       ; SOPC:inst2|SOPC_cpu:cpu|SOPC_cpu_bht_module:SOPC_cpu_bht|altsyncram:the_altsyncram|altsyncram_d5g1:auto_generated|ram_block1a0~porta_address_reg6         ;
; 7.873 ; 10.000       ; 2.127          ; High Pulse Width ; inst|altpll_component|pll|clk[0] ; Rise       ; SOPC:inst2|SOPC_cpu:cpu|SOPC_cpu_bht_module:SOPC_cpu_bht|altsyncram:the_altsyncram|altsyncram_d5g1:auto_generated|ram_block1a0~porta_address_reg7         ;
; 7.873 ; 10.000       ; 2.127          ; Low Pulse Width  ; inst|altpll_component|pll|clk[0] ; Rise       ; SOPC:inst2|SOPC_cpu:cpu|SOPC_cpu_bht_module:SOPC_cpu_bht|altsyncram:the_altsyncram|altsyncram_d5g1:auto_generated|ram_block1a0~porta_address_reg7         ;
; 7.873 ; 10.000       ; 2.127          ; High Pulse Width ; inst|altpll_component|pll|clk[0] ; Rise       ; SOPC:inst2|SOPC_cpu:cpu|SOPC_cpu_bht_module:SOPC_cpu_bht|altsyncram:the_altsyncram|altsyncram_d5g1:auto_generated|ram_block1a0~porta_datain_reg0          ;
; 7.873 ; 10.000       ; 2.127          ; Low Pulse Width  ; inst|altpll_component|pll|clk[0] ; Rise       ; SOPC:inst2|SOPC_cpu:cpu|SOPC_cpu_bht_module:SOPC_cpu_bht|altsyncram:the_altsyncram|altsyncram_d5g1:auto_generated|ram_block1a0~porta_datain_reg0          ;
; 7.873 ; 10.000       ; 2.127          ; High Pulse Width ; inst|altpll_component|pll|clk[0] ; Rise       ; SOPC:inst2|SOPC_cpu:cpu|SOPC_cpu_bht_module:SOPC_cpu_bht|altsyncram:the_altsyncram|altsyncram_d5g1:auto_generated|ram_block1a0~porta_datain_reg1          ;
; 7.873 ; 10.000       ; 2.127          ; Low Pulse Width  ; inst|altpll_component|pll|clk[0] ; Rise       ; SOPC:inst2|SOPC_cpu:cpu|SOPC_cpu_bht_module:SOPC_cpu_bht|altsyncram:the_altsyncram|altsyncram_d5g1:auto_generated|ram_block1a0~porta_datain_reg1          ;
; 7.873 ; 10.000       ; 2.127          ; High Pulse Width ; inst|altpll_component|pll|clk[0] ; Rise       ; SOPC:inst2|SOPC_cpu:cpu|SOPC_cpu_bht_module:SOPC_cpu_bht|altsyncram:the_altsyncram|altsyncram_d5g1:auto_generated|ram_block1a0~porta_memory_reg0          ;
; 7.873 ; 10.000       ; 2.127          ; Low Pulse Width  ; inst|altpll_component|pll|clk[0] ; Rise       ; SOPC:inst2|SOPC_cpu:cpu|SOPC_cpu_bht_module:SOPC_cpu_bht|altsyncram:the_altsyncram|altsyncram_d5g1:auto_generated|ram_block1a0~porta_memory_reg0          ;
; 7.873 ; 10.000       ; 2.127          ; High Pulse Width ; inst|altpll_component|pll|clk[0] ; Rise       ; SOPC:inst2|SOPC_cpu:cpu|SOPC_cpu_bht_module:SOPC_cpu_bht|altsyncram:the_altsyncram|altsyncram_d5g1:auto_generated|ram_block1a0~porta_we_reg               ;
; 7.873 ; 10.000       ; 2.127          ; Low Pulse Width  ; inst|altpll_component|pll|clk[0] ; Rise       ; SOPC:inst2|SOPC_cpu:cpu|SOPC_cpu_bht_module:SOPC_cpu_bht|altsyncram:the_altsyncram|altsyncram_d5g1:auto_generated|ram_block1a0~porta_we_reg               ;
; 7.873 ; 10.000       ; 2.127          ; High Pulse Width ; inst|altpll_component|pll|clk[0] ; Rise       ; SOPC:inst2|SOPC_cpu:cpu|SOPC_cpu_bht_module:SOPC_cpu_bht|altsyncram:the_altsyncram|altsyncram_d5g1:auto_generated|ram_block1a0~portb_address_reg0         ;
; 7.873 ; 10.000       ; 2.127          ; Low Pulse Width  ; inst|altpll_component|pll|clk[0] ; Rise       ; SOPC:inst2|SOPC_cpu:cpu|SOPC_cpu_bht_module:SOPC_cpu_bht|altsyncram:the_altsyncram|altsyncram_d5g1:auto_generated|ram_block1a0~portb_address_reg0         ;
; 7.873 ; 10.000       ; 2.127          ; High Pulse Width ; inst|altpll_component|pll|clk[0] ; Rise       ; SOPC:inst2|SOPC_cpu:cpu|SOPC_cpu_bht_module:SOPC_cpu_bht|altsyncram:the_altsyncram|altsyncram_d5g1:auto_generated|ram_block1a0~portb_address_reg1         ;
; 7.873 ; 10.000       ; 2.127          ; Low Pulse Width  ; inst|altpll_component|pll|clk[0] ; Rise       ; SOPC:inst2|SOPC_cpu:cpu|SOPC_cpu_bht_module:SOPC_cpu_bht|altsyncram:the_altsyncram|altsyncram_d5g1:auto_generated|ram_block1a0~portb_address_reg1         ;
; 7.873 ; 10.000       ; 2.127          ; High Pulse Width ; inst|altpll_component|pll|clk[0] ; Rise       ; SOPC:inst2|SOPC_cpu:cpu|SOPC_cpu_bht_module:SOPC_cpu_bht|altsyncram:the_altsyncram|altsyncram_d5g1:auto_generated|ram_block1a0~portb_address_reg2         ;
; 7.873 ; 10.000       ; 2.127          ; Low Pulse Width  ; inst|altpll_component|pll|clk[0] ; Rise       ; SOPC:inst2|SOPC_cpu:cpu|SOPC_cpu_bht_module:SOPC_cpu_bht|altsyncram:the_altsyncram|altsyncram_d5g1:auto_generated|ram_block1a0~portb_address_reg2         ;
; 7.873 ; 10.000       ; 2.127          ; High Pulse Width ; inst|altpll_component|pll|clk[0] ; Rise       ; SOPC:inst2|SOPC_cpu:cpu|SOPC_cpu_bht_module:SOPC_cpu_bht|altsyncram:the_altsyncram|altsyncram_d5g1:auto_generated|ram_block1a0~portb_address_reg3         ;
; 7.873 ; 10.000       ; 2.127          ; Low Pulse Width  ; inst|altpll_component|pll|clk[0] ; Rise       ; SOPC:inst2|SOPC_cpu:cpu|SOPC_cpu_bht_module:SOPC_cpu_bht|altsyncram:the_altsyncram|altsyncram_d5g1:auto_generated|ram_block1a0~portb_address_reg3         ;
; 7.873 ; 10.000       ; 2.127          ; High Pulse Width ; inst|altpll_component|pll|clk[0] ; Rise       ; SOPC:inst2|SOPC_cpu:cpu|SOPC_cpu_bht_module:SOPC_cpu_bht|altsyncram:the_altsyncram|altsyncram_d5g1:auto_generated|ram_block1a0~portb_address_reg4         ;
; 7.873 ; 10.000       ; 2.127          ; Low Pulse Width  ; inst|altpll_component|pll|clk[0] ; Rise       ; SOPC:inst2|SOPC_cpu:cpu|SOPC_cpu_bht_module:SOPC_cpu_bht|altsyncram:the_altsyncram|altsyncram_d5g1:auto_generated|ram_block1a0~portb_address_reg4         ;
; 7.873 ; 10.000       ; 2.127          ; High Pulse Width ; inst|altpll_component|pll|clk[0] ; Rise       ; SOPC:inst2|SOPC_cpu:cpu|SOPC_cpu_bht_module:SOPC_cpu_bht|altsyncram:the_altsyncram|altsyncram_d5g1:auto_generated|ram_block1a0~portb_address_reg5         ;
; 7.873 ; 10.000       ; 2.127          ; Low Pulse Width  ; inst|altpll_component|pll|clk[0] ; Rise       ; SOPC:inst2|SOPC_cpu:cpu|SOPC_cpu_bht_module:SOPC_cpu_bht|altsyncram:the_altsyncram|altsyncram_d5g1:auto_generated|ram_block1a0~portb_address_reg5         ;
; 7.873 ; 10.000       ; 2.127          ; High Pulse Width ; inst|altpll_component|pll|clk[0] ; Rise       ; SOPC:inst2|SOPC_cpu:cpu|SOPC_cpu_bht_module:SOPC_cpu_bht|altsyncram:the_altsyncram|altsyncram_d5g1:auto_generated|ram_block1a0~portb_address_reg6         ;
; 7.873 ; 10.000       ; 2.127          ; Low Pulse Width  ; inst|altpll_component|pll|clk[0] ; Rise       ; SOPC:inst2|SOPC_cpu:cpu|SOPC_cpu_bht_module:SOPC_cpu_bht|altsyncram:the_altsyncram|altsyncram_d5g1:auto_generated|ram_block1a0~portb_address_reg6         ;
; 7.873 ; 10.000       ; 2.127          ; High Pulse Width ; inst|altpll_component|pll|clk[0] ; Rise       ; SOPC:inst2|SOPC_cpu:cpu|SOPC_cpu_bht_module:SOPC_cpu_bht|altsyncram:the_altsyncram|altsyncram_d5g1:auto_generated|ram_block1a0~portb_address_reg7         ;
; 7.873 ; 10.000       ; 2.127          ; Low Pulse Width  ; inst|altpll_component|pll|clk[0] ; Rise       ; SOPC:inst2|SOPC_cpu:cpu|SOPC_cpu_bht_module:SOPC_cpu_bht|altsyncram:the_altsyncram|altsyncram_d5g1:auto_generated|ram_block1a0~portb_address_reg7         ;
; 7.873 ; 10.000       ; 2.127          ; High Pulse Width ; inst|altpll_component|pll|clk[0] ; Rise       ; SOPC:inst2|SOPC_cpu:cpu|SOPC_cpu_bht_module:SOPC_cpu_bht|altsyncram:the_altsyncram|altsyncram_d5g1:auto_generated|ram_block1a0~portb_re_reg               ;
; 7.873 ; 10.000       ; 2.127          ; Low Pulse Width  ; inst|altpll_component|pll|clk[0] ; Rise       ; SOPC:inst2|SOPC_cpu:cpu|SOPC_cpu_bht_module:SOPC_cpu_bht|altsyncram:the_altsyncram|altsyncram_d5g1:auto_generated|ram_block1a0~portb_re_reg               ;
; 7.873 ; 10.000       ; 2.127          ; High Pulse Width ; inst|altpll_component|pll|clk[0] ; Rise       ; SOPC:inst2|SOPC_cpu:cpu|SOPC_cpu_bht_module:SOPC_cpu_bht|altsyncram:the_altsyncram|altsyncram_d5g1:auto_generated|ram_block1a1~porta_memory_reg0          ;
; 7.873 ; 10.000       ; 2.127          ; Low Pulse Width  ; inst|altpll_component|pll|clk[0] ; Rise       ; SOPC:inst2|SOPC_cpu:cpu|SOPC_cpu_bht_module:SOPC_cpu_bht|altsyncram:the_altsyncram|altsyncram_d5g1:auto_generated|ram_block1a1~porta_memory_reg0          ;
; 7.873 ; 10.000       ; 2.127          ; High Pulse Width ; inst|altpll_component|pll|clk[0] ; Rise       ; SOPC:inst2|SOPC_cpu:cpu|SOPC_cpu_ic_data_module:SOPC_cpu_ic_data|altsyncram:the_altsyncram|altsyncram_c9d1:auto_generated|ram_block1a0~porta_address_reg0 ;
; 7.873 ; 10.000       ; 2.127          ; Low Pulse Width  ; inst|altpll_component|pll|clk[0] ; Rise       ; SOPC:inst2|SOPC_cpu:cpu|SOPC_cpu_ic_data_module:SOPC_cpu_ic_data|altsyncram:the_altsyncram|altsyncram_c9d1:auto_generated|ram_block1a0~porta_address_reg0 ;
; 7.873 ; 10.000       ; 2.127          ; High Pulse Width ; inst|altpll_component|pll|clk[0] ; Rise       ; SOPC:inst2|SOPC_cpu:cpu|SOPC_cpu_ic_data_module:SOPC_cpu_ic_data|altsyncram:the_altsyncram|altsyncram_c9d1:auto_generated|ram_block1a0~porta_address_reg1 ;
; 7.873 ; 10.000       ; 2.127          ; Low Pulse Width  ; inst|altpll_component|pll|clk[0] ; Rise       ; SOPC:inst2|SOPC_cpu:cpu|SOPC_cpu_ic_data_module:SOPC_cpu_ic_data|altsyncram:the_altsyncram|altsyncram_c9d1:auto_generated|ram_block1a0~porta_address_reg1 ;
; 7.873 ; 10.000       ; 2.127          ; High Pulse Width ; inst|altpll_component|pll|clk[0] ; Rise       ; SOPC:inst2|SOPC_cpu:cpu|SOPC_cpu_ic_data_module:SOPC_cpu_ic_data|altsyncram:the_altsyncram|altsyncram_c9d1:auto_generated|ram_block1a0~porta_address_reg2 ;
; 7.873 ; 10.000       ; 2.127          ; Low Pulse Width  ; inst|altpll_component|pll|clk[0] ; Rise       ; SOPC:inst2|SOPC_cpu:cpu|SOPC_cpu_ic_data_module:SOPC_cpu_ic_data|altsyncram:the_altsyncram|altsyncram_c9d1:auto_generated|ram_block1a0~porta_address_reg2 ;
; 7.873 ; 10.000       ; 2.127          ; High Pulse Width ; inst|altpll_component|pll|clk[0] ; Rise       ; SOPC:inst2|SOPC_cpu:cpu|SOPC_cpu_ic_data_module:SOPC_cpu_ic_data|altsyncram:the_altsyncram|altsyncram_c9d1:auto_generated|ram_block1a0~porta_address_reg3 ;
; 7.873 ; 10.000       ; 2.127          ; Low Pulse Width  ; inst|altpll_component|pll|clk[0] ; Rise       ; SOPC:inst2|SOPC_cpu:cpu|SOPC_cpu_ic_data_module:SOPC_cpu_ic_data|altsyncram:the_altsyncram|altsyncram_c9d1:auto_generated|ram_block1a0~porta_address_reg3 ;
; 7.873 ; 10.000       ; 2.127          ; High Pulse Width ; inst|altpll_component|pll|clk[0] ; Rise       ; SOPC:inst2|SOPC_cpu:cpu|SOPC_cpu_ic_data_module:SOPC_cpu_ic_data|altsyncram:the_altsyncram|altsyncram_c9d1:auto_generated|ram_block1a0~porta_address_reg4 ;
; 7.873 ; 10.000       ; 2.127          ; Low Pulse Width  ; inst|altpll_component|pll|clk[0] ; Rise       ; SOPC:inst2|SOPC_cpu:cpu|SOPC_cpu_ic_data_module:SOPC_cpu_ic_data|altsyncram:the_altsyncram|altsyncram_c9d1:auto_generated|ram_block1a0~porta_address_reg4 ;
; 7.873 ; 10.000       ; 2.127          ; High Pulse Width ; inst|altpll_component|pll|clk[0] ; Rise       ; SOPC:inst2|SOPC_cpu:cpu|SOPC_cpu_ic_data_module:SOPC_cpu_ic_data|altsyncram:the_altsyncram|altsyncram_c9d1:auto_generated|ram_block1a0~porta_address_reg5 ;
; 7.873 ; 10.000       ; 2.127          ; Low Pulse Width  ; inst|altpll_component|pll|clk[0] ; Rise       ; SOPC:inst2|SOPC_cpu:cpu|SOPC_cpu_ic_data_module:SOPC_cpu_ic_data|altsyncram:the_altsyncram|altsyncram_c9d1:auto_generated|ram_block1a0~porta_address_reg5 ;
; 7.873 ; 10.000       ; 2.127          ; High Pulse Width ; inst|altpll_component|pll|clk[0] ; Rise       ; SOPC:inst2|SOPC_cpu:cpu|SOPC_cpu_ic_data_module:SOPC_cpu_ic_data|altsyncram:the_altsyncram|altsyncram_c9d1:auto_generated|ram_block1a0~porta_address_reg6 ;
; 7.873 ; 10.000       ; 2.127          ; Low Pulse Width  ; inst|altpll_component|pll|clk[0] ; Rise       ; SOPC:inst2|SOPC_cpu:cpu|SOPC_cpu_ic_data_module:SOPC_cpu_ic_data|altsyncram:the_altsyncram|altsyncram_c9d1:auto_generated|ram_block1a0~porta_address_reg6 ;
; 7.873 ; 10.000       ; 2.127          ; High Pulse Width ; inst|altpll_component|pll|clk[0] ; Rise       ; SOPC:inst2|SOPC_cpu:cpu|SOPC_cpu_ic_data_module:SOPC_cpu_ic_data|altsyncram:the_altsyncram|altsyncram_c9d1:auto_generated|ram_block1a0~porta_address_reg7 ;
; 7.873 ; 10.000       ; 2.127          ; Low Pulse Width  ; inst|altpll_component|pll|clk[0] ; Rise       ; SOPC:inst2|SOPC_cpu:cpu|SOPC_cpu_ic_data_module:SOPC_cpu_ic_data|altsyncram:the_altsyncram|altsyncram_c9d1:auto_generated|ram_block1a0~porta_address_reg7 ;
; 7.873 ; 10.000       ; 2.127          ; High Pulse Width ; inst|altpll_component|pll|clk[0] ; Rise       ; SOPC:inst2|SOPC_cpu:cpu|SOPC_cpu_ic_data_module:SOPC_cpu_ic_data|altsyncram:the_altsyncram|altsyncram_c9d1:auto_generated|ram_block1a0~porta_address_reg8 ;
; 7.873 ; 10.000       ; 2.127          ; Low Pulse Width  ; inst|altpll_component|pll|clk[0] ; Rise       ; SOPC:inst2|SOPC_cpu:cpu|SOPC_cpu_ic_data_module:SOPC_cpu_ic_data|altsyncram:the_altsyncram|altsyncram_c9d1:auto_generated|ram_block1a0~porta_address_reg8 ;
; 7.873 ; 10.000       ; 2.127          ; High Pulse Width ; inst|altpll_component|pll|clk[0] ; Rise       ; SOPC:inst2|SOPC_cpu:cpu|SOPC_cpu_ic_data_module:SOPC_cpu_ic_data|altsyncram:the_altsyncram|altsyncram_c9d1:auto_generated|ram_block1a0~porta_datain_reg0  ;
; 7.873 ; 10.000       ; 2.127          ; Low Pulse Width  ; inst|altpll_component|pll|clk[0] ; Rise       ; SOPC:inst2|SOPC_cpu:cpu|SOPC_cpu_ic_data_module:SOPC_cpu_ic_data|altsyncram:the_altsyncram|altsyncram_c9d1:auto_generated|ram_block1a0~porta_datain_reg0  ;
; 7.873 ; 10.000       ; 2.127          ; High Pulse Width ; inst|altpll_component|pll|clk[0] ; Rise       ; SOPC:inst2|SOPC_cpu:cpu|SOPC_cpu_ic_data_module:SOPC_cpu_ic_data|altsyncram:the_altsyncram|altsyncram_c9d1:auto_generated|ram_block1a0~porta_datain_reg1  ;
; 7.873 ; 10.000       ; 2.127          ; Low Pulse Width  ; inst|altpll_component|pll|clk[0] ; Rise       ; SOPC:inst2|SOPC_cpu:cpu|SOPC_cpu_ic_data_module:SOPC_cpu_ic_data|altsyncram:the_altsyncram|altsyncram_c9d1:auto_generated|ram_block1a0~porta_datain_reg1  ;
; 7.873 ; 10.000       ; 2.127          ; High Pulse Width ; inst|altpll_component|pll|clk[0] ; Rise       ; SOPC:inst2|SOPC_cpu:cpu|SOPC_cpu_ic_data_module:SOPC_cpu_ic_data|altsyncram:the_altsyncram|altsyncram_c9d1:auto_generated|ram_block1a0~porta_datain_reg2  ;
; 7.873 ; 10.000       ; 2.127          ; Low Pulse Width  ; inst|altpll_component|pll|clk[0] ; Rise       ; SOPC:inst2|SOPC_cpu:cpu|SOPC_cpu_ic_data_module:SOPC_cpu_ic_data|altsyncram:the_altsyncram|altsyncram_c9d1:auto_generated|ram_block1a0~porta_datain_reg2  ;
; 7.873 ; 10.000       ; 2.127          ; High Pulse Width ; inst|altpll_component|pll|clk[0] ; Rise       ; SOPC:inst2|SOPC_cpu:cpu|SOPC_cpu_ic_data_module:SOPC_cpu_ic_data|altsyncram:the_altsyncram|altsyncram_c9d1:auto_generated|ram_block1a0~porta_datain_reg3  ;
; 7.873 ; 10.000       ; 2.127          ; Low Pulse Width  ; inst|altpll_component|pll|clk[0] ; Rise       ; SOPC:inst2|SOPC_cpu:cpu|SOPC_cpu_ic_data_module:SOPC_cpu_ic_data|altsyncram:the_altsyncram|altsyncram_c9d1:auto_generated|ram_block1a0~porta_datain_reg3  ;
; 7.873 ; 10.000       ; 2.127          ; High Pulse Width ; inst|altpll_component|pll|clk[0] ; Rise       ; SOPC:inst2|SOPC_cpu:cpu|SOPC_cpu_ic_data_module:SOPC_cpu_ic_data|altsyncram:the_altsyncram|altsyncram_c9d1:auto_generated|ram_block1a0~porta_datain_reg4  ;
; 7.873 ; 10.000       ; 2.127          ; Low Pulse Width  ; inst|altpll_component|pll|clk[0] ; Rise       ; SOPC:inst2|SOPC_cpu:cpu|SOPC_cpu_ic_data_module:SOPC_cpu_ic_data|altsyncram:the_altsyncram|altsyncram_c9d1:auto_generated|ram_block1a0~porta_datain_reg4  ;
; 7.873 ; 10.000       ; 2.127          ; High Pulse Width ; inst|altpll_component|pll|clk[0] ; Rise       ; SOPC:inst2|SOPC_cpu:cpu|SOPC_cpu_ic_data_module:SOPC_cpu_ic_data|altsyncram:the_altsyncram|altsyncram_c9d1:auto_generated|ram_block1a0~porta_datain_reg5  ;
; 7.873 ; 10.000       ; 2.127          ; Low Pulse Width  ; inst|altpll_component|pll|clk[0] ; Rise       ; SOPC:inst2|SOPC_cpu:cpu|SOPC_cpu_ic_data_module:SOPC_cpu_ic_data|altsyncram:the_altsyncram|altsyncram_c9d1:auto_generated|ram_block1a0~porta_datain_reg5  ;
; 7.873 ; 10.000       ; 2.127          ; High Pulse Width ; inst|altpll_component|pll|clk[0] ; Rise       ; SOPC:inst2|SOPC_cpu:cpu|SOPC_cpu_ic_data_module:SOPC_cpu_ic_data|altsyncram:the_altsyncram|altsyncram_c9d1:auto_generated|ram_block1a0~porta_datain_reg6  ;
; 7.873 ; 10.000       ; 2.127          ; Low Pulse Width  ; inst|altpll_component|pll|clk[0] ; Rise       ; SOPC:inst2|SOPC_cpu:cpu|SOPC_cpu_ic_data_module:SOPC_cpu_ic_data|altsyncram:the_altsyncram|altsyncram_c9d1:auto_generated|ram_block1a0~porta_datain_reg6  ;
; 7.873 ; 10.000       ; 2.127          ; High Pulse Width ; inst|altpll_component|pll|clk[0] ; Rise       ; SOPC:inst2|SOPC_cpu:cpu|SOPC_cpu_ic_data_module:SOPC_cpu_ic_data|altsyncram:the_altsyncram|altsyncram_c9d1:auto_generated|ram_block1a0~porta_datain_reg7  ;
; 7.873 ; 10.000       ; 2.127          ; Low Pulse Width  ; inst|altpll_component|pll|clk[0] ; Rise       ; SOPC:inst2|SOPC_cpu:cpu|SOPC_cpu_ic_data_module:SOPC_cpu_ic_data|altsyncram:the_altsyncram|altsyncram_c9d1:auto_generated|ram_block1a0~porta_datain_reg7  ;
; 7.873 ; 10.000       ; 2.127          ; High Pulse Width ; inst|altpll_component|pll|clk[0] ; Rise       ; SOPC:inst2|SOPC_cpu:cpu|SOPC_cpu_ic_data_module:SOPC_cpu_ic_data|altsyncram:the_altsyncram|altsyncram_c9d1:auto_generated|ram_block1a0~porta_datain_reg8  ;
; 7.873 ; 10.000       ; 2.127          ; Low Pulse Width  ; inst|altpll_component|pll|clk[0] ; Rise       ; SOPC:inst2|SOPC_cpu:cpu|SOPC_cpu_ic_data_module:SOPC_cpu_ic_data|altsyncram:the_altsyncram|altsyncram_c9d1:auto_generated|ram_block1a0~porta_datain_reg8  ;
; 7.873 ; 10.000       ; 2.127          ; High Pulse Width ; inst|altpll_component|pll|clk[0] ; Rise       ; SOPC:inst2|SOPC_cpu:cpu|SOPC_cpu_ic_data_module:SOPC_cpu_ic_data|altsyncram:the_altsyncram|altsyncram_c9d1:auto_generated|ram_block1a0~porta_memory_reg0  ;
; 7.873 ; 10.000       ; 2.127          ; Low Pulse Width  ; inst|altpll_component|pll|clk[0] ; Rise       ; SOPC:inst2|SOPC_cpu:cpu|SOPC_cpu_ic_data_module:SOPC_cpu_ic_data|altsyncram:the_altsyncram|altsyncram_c9d1:auto_generated|ram_block1a0~porta_memory_reg0  ;
; 7.873 ; 10.000       ; 2.127          ; High Pulse Width ; inst|altpll_component|pll|clk[0] ; Rise       ; SOPC:inst2|SOPC_cpu:cpu|SOPC_cpu_ic_data_module:SOPC_cpu_ic_data|altsyncram:the_altsyncram|altsyncram_c9d1:auto_generated|ram_block1a0~porta_we_reg       ;
; 7.873 ; 10.000       ; 2.127          ; Low Pulse Width  ; inst|altpll_component|pll|clk[0] ; Rise       ; SOPC:inst2|SOPC_cpu:cpu|SOPC_cpu_ic_data_module:SOPC_cpu_ic_data|altsyncram:the_altsyncram|altsyncram_c9d1:auto_generated|ram_block1a0~porta_we_reg       ;
; 7.873 ; 10.000       ; 2.127          ; High Pulse Width ; inst|altpll_component|pll|clk[0] ; Rise       ; SOPC:inst2|SOPC_cpu:cpu|SOPC_cpu_ic_data_module:SOPC_cpu_ic_data|altsyncram:the_altsyncram|altsyncram_c9d1:auto_generated|ram_block1a0~portb_address_reg0 ;
; 7.873 ; 10.000       ; 2.127          ; Low Pulse Width  ; inst|altpll_component|pll|clk[0] ; Rise       ; SOPC:inst2|SOPC_cpu:cpu|SOPC_cpu_ic_data_module:SOPC_cpu_ic_data|altsyncram:the_altsyncram|altsyncram_c9d1:auto_generated|ram_block1a0~portb_address_reg0 ;
; 7.873 ; 10.000       ; 2.127          ; High Pulse Width ; inst|altpll_component|pll|clk[0] ; Rise       ; SOPC:inst2|SOPC_cpu:cpu|SOPC_cpu_ic_data_module:SOPC_cpu_ic_data|altsyncram:the_altsyncram|altsyncram_c9d1:auto_generated|ram_block1a0~portb_address_reg1 ;
; 7.873 ; 10.000       ; 2.127          ; Low Pulse Width  ; inst|altpll_component|pll|clk[0] ; Rise       ; SOPC:inst2|SOPC_cpu:cpu|SOPC_cpu_ic_data_module:SOPC_cpu_ic_data|altsyncram:the_altsyncram|altsyncram_c9d1:auto_generated|ram_block1a0~portb_address_reg1 ;
; 7.873 ; 10.000       ; 2.127          ; High Pulse Width ; inst|altpll_component|pll|clk[0] ; Rise       ; SOPC:inst2|SOPC_cpu:cpu|SOPC_cpu_ic_data_module:SOPC_cpu_ic_data|altsyncram:the_altsyncram|altsyncram_c9d1:auto_generated|ram_block1a0~portb_address_reg2 ;
; 7.873 ; 10.000       ; 2.127          ; Low Pulse Width  ; inst|altpll_component|pll|clk[0] ; Rise       ; SOPC:inst2|SOPC_cpu:cpu|SOPC_cpu_ic_data_module:SOPC_cpu_ic_data|altsyncram:the_altsyncram|altsyncram_c9d1:auto_generated|ram_block1a0~portb_address_reg2 ;
; 7.873 ; 10.000       ; 2.127          ; High Pulse Width ; inst|altpll_component|pll|clk[0] ; Rise       ; SOPC:inst2|SOPC_cpu:cpu|SOPC_cpu_ic_data_module:SOPC_cpu_ic_data|altsyncram:the_altsyncram|altsyncram_c9d1:auto_generated|ram_block1a0~portb_address_reg3 ;
; 7.873 ; 10.000       ; 2.127          ; Low Pulse Width  ; inst|altpll_component|pll|clk[0] ; Rise       ; SOPC:inst2|SOPC_cpu:cpu|SOPC_cpu_ic_data_module:SOPC_cpu_ic_data|altsyncram:the_altsyncram|altsyncram_c9d1:auto_generated|ram_block1a0~portb_address_reg3 ;
; 7.873 ; 10.000       ; 2.127          ; High Pulse Width ; inst|altpll_component|pll|clk[0] ; Rise       ; SOPC:inst2|SOPC_cpu:cpu|SOPC_cpu_ic_data_module:SOPC_cpu_ic_data|altsyncram:the_altsyncram|altsyncram_c9d1:auto_generated|ram_block1a0~portb_address_reg4 ;
; 7.873 ; 10.000       ; 2.127          ; Low Pulse Width  ; inst|altpll_component|pll|clk[0] ; Rise       ; SOPC:inst2|SOPC_cpu:cpu|SOPC_cpu_ic_data_module:SOPC_cpu_ic_data|altsyncram:the_altsyncram|altsyncram_c9d1:auto_generated|ram_block1a0~portb_address_reg4 ;
; 7.873 ; 10.000       ; 2.127          ; High Pulse Width ; inst|altpll_component|pll|clk[0] ; Rise       ; SOPC:inst2|SOPC_cpu:cpu|SOPC_cpu_ic_data_module:SOPC_cpu_ic_data|altsyncram:the_altsyncram|altsyncram_c9d1:auto_generated|ram_block1a0~portb_address_reg5 ;
; 7.873 ; 10.000       ; 2.127          ; Low Pulse Width  ; inst|altpll_component|pll|clk[0] ; Rise       ; SOPC:inst2|SOPC_cpu:cpu|SOPC_cpu_ic_data_module:SOPC_cpu_ic_data|altsyncram:the_altsyncram|altsyncram_c9d1:auto_generated|ram_block1a0~portb_address_reg5 ;
+-------+--------------+----------------+------------------+----------------------------------+------------+-----------------------------------------------------------------------------------------------------------------------------------------------------------+


+----------------------------------------------------------------------------------------------------------------------+
; Fast Model Minimum Pulse Width: 'clk_in'                                                                             ;
+--------+--------------+----------------+------------------+--------+------------+------------------------------------+
; Slack  ; Actual Width ; Required Width ; Type             ; Clock  ; Clock Edge ; Target                             ;
+--------+--------------+----------------+------------------+--------+------------+------------------------------------+
; 10.000 ; 10.000       ; 0.000          ; High Pulse Width ; clk_in ; Rise       ; CLK|combout                        ;
; 10.000 ; 10.000       ; 0.000          ; Low Pulse Width  ; clk_in ; Rise       ; CLK|combout                        ;
; 10.000 ; 10.000       ; 0.000          ; High Pulse Width ; clk_in ; Rise       ; inst|altpll_component|pll|clk[0]   ;
; 10.000 ; 10.000       ; 0.000          ; Low Pulse Width  ; clk_in ; Rise       ; inst|altpll_component|pll|clk[0]   ;
; 10.000 ; 10.000       ; 0.000          ; High Pulse Width ; clk_in ; Rise       ; inst|altpll_component|pll|clk[1]   ;
; 10.000 ; 10.000       ; 0.000          ; Low Pulse Width  ; clk_in ; Rise       ; inst|altpll_component|pll|clk[1]   ;
; 10.000 ; 10.000       ; 0.000          ; High Pulse Width ; clk_in ; Rise       ; inst|altpll_component|pll|inclk[0] ;
; 10.000 ; 10.000       ; 0.000          ; Low Pulse Width  ; clk_in ; Rise       ; inst|altpll_component|pll|inclk[0] ;
; 17.620 ; 20.000       ; 2.380          ; Port Rate        ; clk_in ; Rise       ; CLK                                ;
+--------+--------------+----------------+------------------+--------+------------+------------------------------------+


+-------------------------------------------------------------------------------------------------------------+
; Fast Model Minimum Pulse Width: 'altera_reserved_tck'                                                       ;
+--------+--------------+----------------+-----------+---------------------+------------+---------------------+
; Slack  ; Actual Width ; Required Width ; Type      ; Clock               ; Clock Edge ; Target              ;
+--------+--------------+----------------+-----------+---------------------+------------+---------------------+
; 97.778 ; 100.000      ; 2.222          ; Port Rate ; altera_reserved_tck ; Rise       ; altera_reserved_tck ;
+--------+--------------+----------------+-----------+---------------------+------------+---------------------+


+-------------------------------------------------------------------------------------------------------------------------+
; Setup Times                                                                                                             ;
+--------------------------------------------+------------+-------+-------+------------+----------------------------------+
; Data Port                                  ; Clock Port ; Rise  ; Fall  ; Clock Edge ; Clock Reference                  ;
+--------------------------------------------+------------+-------+-------+------------+----------------------------------+
; DQ[*]                                      ; clk_in     ; 1.034 ; 1.034 ; Rise       ; inst|altpll_component|pll|clk[0] ;
;  DQ[0]                                     ; clk_in     ; 1.034 ; 1.034 ; Rise       ; inst|altpll_component|pll|clk[0] ;
;  DQ[1]                                     ; clk_in     ; 1.034 ; 1.034 ; Rise       ; inst|altpll_component|pll|clk[0] ;
;  DQ[2]                                     ; clk_in     ; 1.023 ; 1.023 ; Rise       ; inst|altpll_component|pll|clk[0] ;
;  DQ[3]                                     ; clk_in     ; 1.029 ; 1.029 ; Rise       ; inst|altpll_component|pll|clk[0] ;
;  DQ[4]                                     ; clk_in     ; 1.013 ; 1.013 ; Rise       ; inst|altpll_component|pll|clk[0] ;
;  DQ[5]                                     ; clk_in     ; 1.013 ; 1.013 ; Rise       ; inst|altpll_component|pll|clk[0] ;
;  DQ[6]                                     ; clk_in     ; 0.948 ; 0.948 ; Rise       ; inst|altpll_component|pll|clk[0] ;
;  DQ[7]                                     ; clk_in     ; 0.938 ; 0.938 ; Rise       ; inst|altpll_component|pll|clk[0] ;
;  DQ[8]                                     ; clk_in     ; 1.009 ; 1.009 ; Rise       ; inst|altpll_component|pll|clk[0] ;
;  DQ[9]                                     ; clk_in     ; 1.010 ; 1.010 ; Rise       ; inst|altpll_component|pll|clk[0] ;
;  DQ[10]                                    ; clk_in     ; 1.020 ; 1.020 ; Rise       ; inst|altpll_component|pll|clk[0] ;
;  DQ[11]                                    ; clk_in     ; 1.011 ; 1.011 ; Rise       ; inst|altpll_component|pll|clk[0] ;
;  DQ[12]                                    ; clk_in     ; 1.011 ; 1.011 ; Rise       ; inst|altpll_component|pll|clk[0] ;
;  DQ[13]                                    ; clk_in     ; 1.023 ; 1.023 ; Rise       ; inst|altpll_component|pll|clk[0] ;
;  DQ[14]                                    ; clk_in     ; 1.011 ; 1.011 ; Rise       ; inst|altpll_component|pll|clk[0] ;
;  DQ[15]                                    ; clk_in     ; 1.008 ; 1.008 ; Rise       ; inst|altpll_component|pll|clk[0] ;
; MISO_to_the_spi_touch                      ; clk_in     ; 4.010 ; 4.010 ; Rise       ; inst|altpll_component|pll|clk[0] ;
; bidir_port_to_and_from_the_lcd32_data[*]   ; clk_in     ; 3.784 ; 3.784 ; Rise       ; inst|altpll_component|pll|clk[0] ;
;  bidir_port_to_and_from_the_lcd32_data[0]  ; clk_in     ; 3.598 ; 3.598 ; Rise       ; inst|altpll_component|pll|clk[0] ;
;  bidir_port_to_and_from_the_lcd32_data[1]  ; clk_in     ; 3.506 ; 3.506 ; Rise       ; inst|altpll_component|pll|clk[0] ;
;  bidir_port_to_and_from_the_lcd32_data[2]  ; clk_in     ; 3.583 ; 3.583 ; Rise       ; inst|altpll_component|pll|clk[0] ;
;  bidir_port_to_and_from_the_lcd32_data[3]  ; clk_in     ; 3.496 ; 3.496 ; Rise       ; inst|altpll_component|pll|clk[0] ;
;  bidir_port_to_and_from_the_lcd32_data[4]  ; clk_in     ; 3.470 ; 3.470 ; Rise       ; inst|altpll_component|pll|clk[0] ;
;  bidir_port_to_and_from_the_lcd32_data[5]  ; clk_in     ; 3.477 ; 3.477 ; Rise       ; inst|altpll_component|pll|clk[0] ;
;  bidir_port_to_and_from_the_lcd32_data[6]  ; clk_in     ; 3.454 ; 3.454 ; Rise       ; inst|altpll_component|pll|clk[0] ;
;  bidir_port_to_and_from_the_lcd32_data[7]  ; clk_in     ; 3.580 ; 3.580 ; Rise       ; inst|altpll_component|pll|clk[0] ;
;  bidir_port_to_and_from_the_lcd32_data[8]  ; clk_in     ; 3.459 ; 3.459 ; Rise       ; inst|altpll_component|pll|clk[0] ;
;  bidir_port_to_and_from_the_lcd32_data[9]  ; clk_in     ; 3.470 ; 3.470 ; Rise       ; inst|altpll_component|pll|clk[0] ;
;  bidir_port_to_and_from_the_lcd32_data[10] ; clk_in     ; 3.583 ; 3.583 ; Rise       ; inst|altpll_component|pll|clk[0] ;
;  bidir_port_to_and_from_the_lcd32_data[11] ; clk_in     ; 3.595 ; 3.595 ; Rise       ; inst|altpll_component|pll|clk[0] ;
;  bidir_port_to_and_from_the_lcd32_data[12] ; clk_in     ; 3.613 ; 3.613 ; Rise       ; inst|altpll_component|pll|clk[0] ;
;  bidir_port_to_and_from_the_lcd32_data[13] ; clk_in     ; 3.784 ; 3.784 ; Rise       ; inst|altpll_component|pll|clk[0] ;
;  bidir_port_to_and_from_the_lcd32_data[14] ; clk_in     ; 3.528 ; 3.528 ; Rise       ; inst|altpll_component|pll|clk[0] ;
;  bidir_port_to_and_from_the_lcd32_data[15] ; clk_in     ; 3.624 ; 3.624 ; Rise       ; inst|altpll_component|pll|clk[0] ;
+--------------------------------------------+------------+-------+-------+------------+----------------------------------+


+---------------------------------------------------------------------------------------------------------------------------+
; Hold Times                                                                                                                ;
+--------------------------------------------+------------+--------+--------+------------+----------------------------------+
; Data Port                                  ; Clock Port ; Rise   ; Fall   ; Clock Edge ; Clock Reference                  ;
+--------------------------------------------+------------+--------+--------+------------+----------------------------------+
; DQ[*]                                      ; clk_in     ; -0.837 ; -0.837 ; Rise       ; inst|altpll_component|pll|clk[0] ;
;  DQ[0]                                     ; clk_in     ; -0.948 ; -0.948 ; Rise       ; inst|altpll_component|pll|clk[0] ;
;  DQ[1]                                     ; clk_in     ; -0.948 ; -0.948 ; Rise       ; inst|altpll_component|pll|clk[0] ;
;  DQ[2]                                     ; clk_in     ; -0.937 ; -0.937 ; Rise       ; inst|altpll_component|pll|clk[0] ;
;  DQ[3]                                     ; clk_in     ; -0.943 ; -0.943 ; Rise       ; inst|altpll_component|pll|clk[0] ;
;  DQ[4]                                     ; clk_in     ; -0.927 ; -0.927 ; Rise       ; inst|altpll_component|pll|clk[0] ;
;  DQ[5]                                     ; clk_in     ; -0.927 ; -0.927 ; Rise       ; inst|altpll_component|pll|clk[0] ;
;  DQ[6]                                     ; clk_in     ; -0.847 ; -0.847 ; Rise       ; inst|altpll_component|pll|clk[0] ;
;  DQ[7]                                     ; clk_in     ; -0.837 ; -0.837 ; Rise       ; inst|altpll_component|pll|clk[0] ;
;  DQ[8]                                     ; clk_in     ; -0.923 ; -0.923 ; Rise       ; inst|altpll_component|pll|clk[0] ;
;  DQ[9]                                     ; clk_in     ; -0.924 ; -0.924 ; Rise       ; inst|altpll_component|pll|clk[0] ;
;  DQ[10]                                    ; clk_in     ; -0.934 ; -0.934 ; Rise       ; inst|altpll_component|pll|clk[0] ;
;  DQ[11]                                    ; clk_in     ; -0.925 ; -0.925 ; Rise       ; inst|altpll_component|pll|clk[0] ;
;  DQ[12]                                    ; clk_in     ; -0.925 ; -0.925 ; Rise       ; inst|altpll_component|pll|clk[0] ;
;  DQ[13]                                    ; clk_in     ; -0.937 ; -0.937 ; Rise       ; inst|altpll_component|pll|clk[0] ;
;  DQ[14]                                    ; clk_in     ; -0.925 ; -0.925 ; Rise       ; inst|altpll_component|pll|clk[0] ;
;  DQ[15]                                    ; clk_in     ; -0.922 ; -0.922 ; Rise       ; inst|altpll_component|pll|clk[0] ;
; MISO_to_the_spi_touch                      ; clk_in     ; -3.890 ; -3.890 ; Rise       ; inst|altpll_component|pll|clk[0] ;
; bidir_port_to_and_from_the_lcd32_data[*]   ; clk_in     ; -3.334 ; -3.334 ; Rise       ; inst|altpll_component|pll|clk[0] ;
;  bidir_port_to_and_from_the_lcd32_data[0]  ; clk_in     ; -3.478 ; -3.478 ; Rise       ; inst|altpll_component|pll|clk[0] ;
;  bidir_port_to_and_from_the_lcd32_data[1]  ; clk_in     ; -3.386 ; -3.386 ; Rise       ; inst|altpll_component|pll|clk[0] ;
;  bidir_port_to_and_from_the_lcd32_data[2]  ; clk_in     ; -3.463 ; -3.463 ; Rise       ; inst|altpll_component|pll|clk[0] ;
;  bidir_port_to_and_from_the_lcd32_data[3]  ; clk_in     ; -3.376 ; -3.376 ; Rise       ; inst|altpll_component|pll|clk[0] ;
;  bidir_port_to_and_from_the_lcd32_data[4]  ; clk_in     ; -3.350 ; -3.350 ; Rise       ; inst|altpll_component|pll|clk[0] ;
;  bidir_port_to_and_from_the_lcd32_data[5]  ; clk_in     ; -3.357 ; -3.357 ; Rise       ; inst|altpll_component|pll|clk[0] ;
;  bidir_port_to_and_from_the_lcd32_data[6]  ; clk_in     ; -3.334 ; -3.334 ; Rise       ; inst|altpll_component|pll|clk[0] ;
;  bidir_port_to_and_from_the_lcd32_data[7]  ; clk_in     ; -3.460 ; -3.460 ; Rise       ; inst|altpll_component|pll|clk[0] ;
;  bidir_port_to_and_from_the_lcd32_data[8]  ; clk_in     ; -3.339 ; -3.339 ; Rise       ; inst|altpll_component|pll|clk[0] ;
;  bidir_port_to_and_from_the_lcd32_data[9]  ; clk_in     ; -3.350 ; -3.350 ; Rise       ; inst|altpll_component|pll|clk[0] ;
;  bidir_port_to_and_from_the_lcd32_data[10] ; clk_in     ; -3.463 ; -3.463 ; Rise       ; inst|altpll_component|pll|clk[0] ;
;  bidir_port_to_and_from_the_lcd32_data[11] ; clk_in     ; -3.475 ; -3.475 ; Rise       ; inst|altpll_component|pll|clk[0] ;
;  bidir_port_to_and_from_the_lcd32_data[12] ; clk_in     ; -3.493 ; -3.493 ; Rise       ; inst|altpll_component|pll|clk[0] ;
;  bidir_port_to_and_from_the_lcd32_data[13] ; clk_in     ; -3.664 ; -3.664 ; Rise       ; inst|altpll_component|pll|clk[0] ;
;  bidir_port_to_and_from_the_lcd32_data[14] ; clk_in     ; -3.408 ; -3.408 ; Rise       ; inst|altpll_component|pll|clk[0] ;
;  bidir_port_to_and_from_the_lcd32_data[15] ; clk_in     ; -3.504 ; -3.504 ; Rise       ; inst|altpll_component|pll|clk[0] ;
+--------------------------------------------+------------+--------+--------+------------+----------------------------------+


+---------------------------------------------------------------------------------------------------------------------------+
; Clock to Output Times                                                                                                     ;
+--------------------------------------------+------------+--------+--------+------------+----------------------------------+
; Data Port                                  ; Clock Port ; Rise   ; Fall   ; Clock Edge ; Clock Reference                  ;
+--------------------------------------------+------------+--------+--------+------------+----------------------------------+
; BA[*]                                      ; clk_in     ; 1.290  ; 1.290  ; Rise       ; inst|altpll_component|pll|clk[0] ;
;  BA[0]                                     ; clk_in     ; 1.290  ; 1.290  ; Rise       ; inst|altpll_component|pll|clk[0] ;
;  BA[1]                                     ; clk_in     ; 1.278  ; 1.278  ; Rise       ; inst|altpll_component|pll|clk[0] ;
; CAS                                        ; clk_in     ; 1.291  ; 1.291  ; Rise       ; inst|altpll_component|pll|clk[0] ;
; CS                                         ; clk_in     ; 1.280  ; 1.280  ; Rise       ; inst|altpll_component|pll|clk[0] ;
; DQ[*]                                      ; clk_in     ; 1.301  ; 1.301  ; Rise       ; inst|altpll_component|pll|clk[0] ;
;  DQ[0]                                     ; clk_in     ; 1.084  ; 1.084  ; Rise       ; inst|altpll_component|pll|clk[0] ;
;  DQ[1]                                     ; clk_in     ; 1.084  ; 1.084  ; Rise       ; inst|altpll_component|pll|clk[0] ;
;  DQ[2]                                     ; clk_in     ; 1.095  ; 1.095  ; Rise       ; inst|altpll_component|pll|clk[0] ;
;  DQ[3]                                     ; clk_in     ; 1.089  ; 1.089  ; Rise       ; inst|altpll_component|pll|clk[0] ;
;  DQ[4]                                     ; clk_in     ; 1.085  ; 1.085  ; Rise       ; inst|altpll_component|pll|clk[0] ;
;  DQ[5]                                     ; clk_in     ; 1.085  ; 1.085  ; Rise       ; inst|altpll_component|pll|clk[0] ;
;  DQ[6]                                     ; clk_in     ; 1.301  ; 1.301  ; Rise       ; inst|altpll_component|pll|clk[0] ;
;  DQ[7]                                     ; clk_in     ; 1.291  ; 1.291  ; Rise       ; inst|altpll_component|pll|clk[0] ;
;  DQ[8]                                     ; clk_in     ; 1.109  ; 1.109  ; Rise       ; inst|altpll_component|pll|clk[0] ;
;  DQ[9]                                     ; clk_in     ; 1.108  ; 1.108  ; Rise       ; inst|altpll_component|pll|clk[0] ;
;  DQ[10]                                    ; clk_in     ; 1.118  ; 1.118  ; Rise       ; inst|altpll_component|pll|clk[0] ;
;  DQ[11]                                    ; clk_in     ; 1.087  ; 1.087  ; Rise       ; inst|altpll_component|pll|clk[0] ;
;  DQ[12]                                    ; clk_in     ; 1.087  ; 1.087  ; Rise       ; inst|altpll_component|pll|clk[0] ;
;  DQ[13]                                    ; clk_in     ; 1.075  ; 1.075  ; Rise       ; inst|altpll_component|pll|clk[0] ;
;  DQ[14]                                    ; clk_in     ; 1.087  ; 1.087  ; Rise       ; inst|altpll_component|pll|clk[0] ;
;  DQ[15]                                    ; clk_in     ; 1.090  ; 1.090  ; Rise       ; inst|altpll_component|pll|clk[0] ;
; MOSI_from_the_spi_touch                    ; clk_in     ; 2.453  ; 2.453  ; Rise       ; inst|altpll_component|pll|clk[0] ;
; RA[*]                                      ; clk_in     ; 1.301  ; 1.301  ; Rise       ; inst|altpll_component|pll|clk[0] ;
;  RA[0]                                     ; clk_in     ; 1.256  ; 1.256  ; Rise       ; inst|altpll_component|pll|clk[0] ;
;  RA[1]                                     ; clk_in     ; 1.276  ; 1.276  ; Rise       ; inst|altpll_component|pll|clk[0] ;
;  RA[2]                                     ; clk_in     ; 1.257  ; 1.257  ; Rise       ; inst|altpll_component|pll|clk[0] ;
;  RA[3]                                     ; clk_in     ; 1.257  ; 1.257  ; Rise       ; inst|altpll_component|pll|clk[0] ;
;  RA[4]                                     ; clk_in     ; 1.276  ; 1.276  ; Rise       ; inst|altpll_component|pll|clk[0] ;
;  RA[5]                                     ; clk_in     ; 1.276  ; 1.276  ; Rise       ; inst|altpll_component|pll|clk[0] ;
;  RA[6]                                     ; clk_in     ; 1.288  ; 1.288  ; Rise       ; inst|altpll_component|pll|clk[0] ;
;  RA[7]                                     ; clk_in     ; 1.285  ; 1.285  ; Rise       ; inst|altpll_component|pll|clk[0] ;
;  RA[8]                                     ; clk_in     ; 1.281  ; 1.281  ; Rise       ; inst|altpll_component|pll|clk[0] ;
;  RA[9]                                     ; clk_in     ; 1.288  ; 1.288  ; Rise       ; inst|altpll_component|pll|clk[0] ;
;  RA[10]                                    ; clk_in     ; 1.278  ; 1.278  ; Rise       ; inst|altpll_component|pll|clk[0] ;
;  RA[11]                                    ; clk_in     ; 1.301  ; 1.301  ; Rise       ; inst|altpll_component|pll|clk[0] ;
;  RA[12]                                    ; clk_in     ; 1.291  ; 1.291  ; Rise       ; inst|altpll_component|pll|clk[0] ;
; RAS                                        ; clk_in     ; 1.291  ; 1.291  ; Rise       ; inst|altpll_component|pll|clk[0] ;
; SCLK_from_the_spi_touch                    ; clk_in     ; 2.337  ; 2.337  ; Rise       ; inst|altpll_component|pll|clk[0] ;
; SS_n_from_the_spi_touch                    ; clk_in     ; 2.865  ; 2.865  ; Rise       ; inst|altpll_component|pll|clk[0] ;
; S_DQM[*]                                   ; clk_in     ; 1.291  ; 1.291  ; Rise       ; inst|altpll_component|pll|clk[0] ;
;  S_DQM[0]                                  ; clk_in     ; 1.291  ; 1.291  ; Rise       ; inst|altpll_component|pll|clk[0] ;
;  S_DQM[1]                                  ; clk_in     ; 1.106  ; 1.106  ; Rise       ; inst|altpll_component|pll|clk[0] ;
; WE                                         ; clk_in     ; 1.291  ; 1.291  ; Rise       ; inst|altpll_component|pll|clk[0] ;
; bidir_port_to_and_from_the_lcd32_data[*]   ; clk_in     ; 2.237  ; 2.237  ; Rise       ; inst|altpll_component|pll|clk[0] ;
;  bidir_port_to_and_from_the_lcd32_data[0]  ; clk_in     ; 1.836  ; 1.836  ; Rise       ; inst|altpll_component|pll|clk[0] ;
;  bidir_port_to_and_from_the_lcd32_data[1]  ; clk_in     ; 1.835  ; 1.835  ; Rise       ; inst|altpll_component|pll|clk[0] ;
;  bidir_port_to_and_from_the_lcd32_data[2]  ; clk_in     ; 1.840  ; 1.840  ; Rise       ; inst|altpll_component|pll|clk[0] ;
;  bidir_port_to_and_from_the_lcd32_data[3]  ; clk_in     ; 1.907  ; 1.907  ; Rise       ; inst|altpll_component|pll|clk[0] ;
;  bidir_port_to_and_from_the_lcd32_data[4]  ; clk_in     ; 1.703  ; 1.703  ; Rise       ; inst|altpll_component|pll|clk[0] ;
;  bidir_port_to_and_from_the_lcd32_data[5]  ; clk_in     ; 1.715  ; 1.715  ; Rise       ; inst|altpll_component|pll|clk[0] ;
;  bidir_port_to_and_from_the_lcd32_data[6]  ; clk_in     ; 1.713  ; 1.713  ; Rise       ; inst|altpll_component|pll|clk[0] ;
;  bidir_port_to_and_from_the_lcd32_data[7]  ; clk_in     ; 1.882  ; 1.882  ; Rise       ; inst|altpll_component|pll|clk[0] ;
;  bidir_port_to_and_from_the_lcd32_data[8]  ; clk_in     ; 1.939  ; 1.939  ; Rise       ; inst|altpll_component|pll|clk[0] ;
;  bidir_port_to_and_from_the_lcd32_data[9]  ; clk_in     ; 1.930  ; 1.930  ; Rise       ; inst|altpll_component|pll|clk[0] ;
;  bidir_port_to_and_from_the_lcd32_data[10] ; clk_in     ; 1.930  ; 1.930  ; Rise       ; inst|altpll_component|pll|clk[0] ;
;  bidir_port_to_and_from_the_lcd32_data[11] ; clk_in     ; 1.929  ; 1.929  ; Rise       ; inst|altpll_component|pll|clk[0] ;
;  bidir_port_to_and_from_the_lcd32_data[12] ; clk_in     ; 2.026  ; 2.026  ; Rise       ; inst|altpll_component|pll|clk[0] ;
;  bidir_port_to_and_from_the_lcd32_data[13] ; clk_in     ; 2.037  ; 2.037  ; Rise       ; inst|altpll_component|pll|clk[0] ;
;  bidir_port_to_and_from_the_lcd32_data[14] ; clk_in     ; 2.064  ; 2.064  ; Rise       ; inst|altpll_component|pll|clk[0] ;
;  bidir_port_to_and_from_the_lcd32_data[15] ; clk_in     ; 2.237  ; 2.237  ; Rise       ; inst|altpll_component|pll|clk[0] ;
; buzz[*]                                    ; clk_in     ; 2.404  ; 2.404  ; Rise       ; inst|altpll_component|pll|clk[0] ;
;  buzz[0]                                   ; clk_in     ; 2.070  ; 2.070  ; Rise       ; inst|altpll_component|pll|clk[0] ;
;  buzz[1]                                   ; clk_in     ; 2.322  ; 2.322  ; Rise       ; inst|altpll_component|pll|clk[0] ;
;  buzz[2]                                   ; clk_in     ; 2.058  ; 2.058  ; Rise       ; inst|altpll_component|pll|clk[0] ;
;  buzz[3]                                   ; clk_in     ; 2.404  ; 2.404  ; Rise       ; inst|altpll_component|pll|clk[0] ;
; led[*]                                     ; clk_in     ; 2.860  ; 2.860  ; Rise       ; inst|altpll_component|pll|clk[0] ;
;  led[0]                                    ; clk_in     ; 2.494  ; 2.494  ; Rise       ; inst|altpll_component|pll|clk[0] ;
;  led[1]                                    ; clk_in     ; 2.494  ; 2.494  ; Rise       ; inst|altpll_component|pll|clk[0] ;
;  led[2]                                    ; clk_in     ; 2.825  ; 2.825  ; Rise       ; inst|altpll_component|pll|clk[0] ;
;  led[3]                                    ; clk_in     ; 2.860  ; 2.860  ; Rise       ; inst|altpll_component|pll|clk[0] ;
; out_port_from_the_bl_n                     ; clk_in     ; 2.167  ; 2.167  ; Rise       ; inst|altpll_component|pll|clk[0] ;
; out_port_from_the_bl_p                     ; clk_in     ; 2.387  ; 2.387  ; Rise       ; inst|altpll_component|pll|clk[0] ;
; out_port_from_the_lcd_cs                   ; clk_in     ; 1.975  ; 1.975  ; Rise       ; inst|altpll_component|pll|clk[0] ;
; out_port_from_the_lcd_rd                   ; clk_in     ; 2.121  ; 2.121  ; Rise       ; inst|altpll_component|pll|clk[0] ;
; out_port_from_the_lcd_rs                   ; clk_in     ; 2.156  ; 2.156  ; Rise       ; inst|altpll_component|pll|clk[0] ;
; out_port_from_the_lcd_wr                   ; clk_in     ; 2.229  ; 2.229  ; Rise       ; inst|altpll_component|pll|clk[0] ;
; out_port_from_the_reset                    ; clk_in     ; 2.534  ; 2.534  ; Rise       ; inst|altpll_component|pll|clk[0] ;
; out_port_from_the_touch_cs                 ; clk_in     ; 2.118  ; 2.118  ; Rise       ; inst|altpll_component|pll|clk[0] ;
; S_CLK                                      ; clk_in     ; -4.224 ;        ; Rise       ; inst|altpll_component|pll|clk[1] ;
; S_CLK                                      ; clk_in     ;        ; -4.224 ; Fall       ; inst|altpll_component|pll|clk[1] ;
+--------------------------------------------+------------+--------+--------+------------+----------------------------------+


+---------------------------------------------------------------------------------------------------------------------------+
; Minimum Clock to Output Times                                                                                             ;
+--------------------------------------------+------------+--------+--------+------------+----------------------------------+
; Data Port                                  ; Clock Port ; Rise   ; Fall   ; Clock Edge ; Clock Reference                  ;
+--------------------------------------------+------------+--------+--------+------------+----------------------------------+
; BA[*]                                      ; clk_in     ; 1.278  ; 1.278  ; Rise       ; inst|altpll_component|pll|clk[0] ;
;  BA[0]                                     ; clk_in     ; 1.290  ; 1.290  ; Rise       ; inst|altpll_component|pll|clk[0] ;
;  BA[1]                                     ; clk_in     ; 1.278  ; 1.278  ; Rise       ; inst|altpll_component|pll|clk[0] ;
; CAS                                        ; clk_in     ; 1.291  ; 1.291  ; Rise       ; inst|altpll_component|pll|clk[0] ;
; CS                                         ; clk_in     ; 1.280  ; 1.280  ; Rise       ; inst|altpll_component|pll|clk[0] ;
; DQ[*]                                      ; clk_in     ; 1.062  ; 1.062  ; Rise       ; inst|altpll_component|pll|clk[0] ;
;  DQ[0]                                     ; clk_in     ; 1.071  ; 1.071  ; Rise       ; inst|altpll_component|pll|clk[0] ;
;  DQ[1]                                     ; clk_in     ; 1.071  ; 1.071  ; Rise       ; inst|altpll_component|pll|clk[0] ;
;  DQ[2]                                     ; clk_in     ; 1.082  ; 1.082  ; Rise       ; inst|altpll_component|pll|clk[0] ;
;  DQ[3]                                     ; clk_in     ; 1.076  ; 1.076  ; Rise       ; inst|altpll_component|pll|clk[0] ;
;  DQ[4]                                     ; clk_in     ; 1.072  ; 1.072  ; Rise       ; inst|altpll_component|pll|clk[0] ;
;  DQ[5]                                     ; clk_in     ; 1.072  ; 1.072  ; Rise       ; inst|altpll_component|pll|clk[0] ;
;  DQ[6]                                     ; clk_in     ; 1.291  ; 1.291  ; Rise       ; inst|altpll_component|pll|clk[0] ;
;  DQ[7]                                     ; clk_in     ; 1.281  ; 1.281  ; Rise       ; inst|altpll_component|pll|clk[0] ;
;  DQ[8]                                     ; clk_in     ; 1.096  ; 1.096  ; Rise       ; inst|altpll_component|pll|clk[0] ;
;  DQ[9]                                     ; clk_in     ; 1.095  ; 1.095  ; Rise       ; inst|altpll_component|pll|clk[0] ;
;  DQ[10]                                    ; clk_in     ; 1.105  ; 1.105  ; Rise       ; inst|altpll_component|pll|clk[0] ;
;  DQ[11]                                    ; clk_in     ; 1.074  ; 1.074  ; Rise       ; inst|altpll_component|pll|clk[0] ;
;  DQ[12]                                    ; clk_in     ; 1.074  ; 1.074  ; Rise       ; inst|altpll_component|pll|clk[0] ;
;  DQ[13]                                    ; clk_in     ; 1.062  ; 1.062  ; Rise       ; inst|altpll_component|pll|clk[0] ;
;  DQ[14]                                    ; clk_in     ; 1.074  ; 1.074  ; Rise       ; inst|altpll_component|pll|clk[0] ;
;  DQ[15]                                    ; clk_in     ; 1.077  ; 1.077  ; Rise       ; inst|altpll_component|pll|clk[0] ;
; MOSI_from_the_spi_touch                    ; clk_in     ; 2.453  ; 2.453  ; Rise       ; inst|altpll_component|pll|clk[0] ;
; RA[*]                                      ; clk_in     ; 1.256  ; 1.256  ; Rise       ; inst|altpll_component|pll|clk[0] ;
;  RA[0]                                     ; clk_in     ; 1.256  ; 1.256  ; Rise       ; inst|altpll_component|pll|clk[0] ;
;  RA[1]                                     ; clk_in     ; 1.276  ; 1.276  ; Rise       ; inst|altpll_component|pll|clk[0] ;
;  RA[2]                                     ; clk_in     ; 1.257  ; 1.257  ; Rise       ; inst|altpll_component|pll|clk[0] ;
;  RA[3]                                     ; clk_in     ; 1.257  ; 1.257  ; Rise       ; inst|altpll_component|pll|clk[0] ;
;  RA[4]                                     ; clk_in     ; 1.276  ; 1.276  ; Rise       ; inst|altpll_component|pll|clk[0] ;
;  RA[5]                                     ; clk_in     ; 1.276  ; 1.276  ; Rise       ; inst|altpll_component|pll|clk[0] ;
;  RA[6]                                     ; clk_in     ; 1.288  ; 1.288  ; Rise       ; inst|altpll_component|pll|clk[0] ;
;  RA[7]                                     ; clk_in     ; 1.285  ; 1.285  ; Rise       ; inst|altpll_component|pll|clk[0] ;
;  RA[8]                                     ; clk_in     ; 1.281  ; 1.281  ; Rise       ; inst|altpll_component|pll|clk[0] ;
;  RA[9]                                     ; clk_in     ; 1.288  ; 1.288  ; Rise       ; inst|altpll_component|pll|clk[0] ;
;  RA[10]                                    ; clk_in     ; 1.278  ; 1.278  ; Rise       ; inst|altpll_component|pll|clk[0] ;
;  RA[11]                                    ; clk_in     ; 1.301  ; 1.301  ; Rise       ; inst|altpll_component|pll|clk[0] ;
;  RA[12]                                    ; clk_in     ; 1.291  ; 1.291  ; Rise       ; inst|altpll_component|pll|clk[0] ;
; RAS                                        ; clk_in     ; 1.291  ; 1.291  ; Rise       ; inst|altpll_component|pll|clk[0] ;
; SCLK_from_the_spi_touch                    ; clk_in     ; 2.337  ; 2.337  ; Rise       ; inst|altpll_component|pll|clk[0] ;
; SS_n_from_the_spi_touch                    ; clk_in     ; 2.541  ; 2.541  ; Rise       ; inst|altpll_component|pll|clk[0] ;
; S_DQM[*]                                   ; clk_in     ; 1.106  ; 1.106  ; Rise       ; inst|altpll_component|pll|clk[0] ;
;  S_DQM[0]                                  ; clk_in     ; 1.291  ; 1.291  ; Rise       ; inst|altpll_component|pll|clk[0] ;
;  S_DQM[1]                                  ; clk_in     ; 1.106  ; 1.106  ; Rise       ; inst|altpll_component|pll|clk[0] ;
; WE                                         ; clk_in     ; 1.291  ; 1.291  ; Rise       ; inst|altpll_component|pll|clk[0] ;
; bidir_port_to_and_from_the_lcd32_data[*]   ; clk_in     ; 1.703  ; 1.703  ; Rise       ; inst|altpll_component|pll|clk[0] ;
;  bidir_port_to_and_from_the_lcd32_data[0]  ; clk_in     ; 1.836  ; 1.836  ; Rise       ; inst|altpll_component|pll|clk[0] ;
;  bidir_port_to_and_from_the_lcd32_data[1]  ; clk_in     ; 1.835  ; 1.835  ; Rise       ; inst|altpll_component|pll|clk[0] ;
;  bidir_port_to_and_from_the_lcd32_data[2]  ; clk_in     ; 1.840  ; 1.840  ; Rise       ; inst|altpll_component|pll|clk[0] ;
;  bidir_port_to_and_from_the_lcd32_data[3]  ; clk_in     ; 1.907  ; 1.907  ; Rise       ; inst|altpll_component|pll|clk[0] ;
;  bidir_port_to_and_from_the_lcd32_data[4]  ; clk_in     ; 1.703  ; 1.703  ; Rise       ; inst|altpll_component|pll|clk[0] ;
;  bidir_port_to_and_from_the_lcd32_data[5]  ; clk_in     ; 1.715  ; 1.715  ; Rise       ; inst|altpll_component|pll|clk[0] ;
;  bidir_port_to_and_from_the_lcd32_data[6]  ; clk_in     ; 1.713  ; 1.713  ; Rise       ; inst|altpll_component|pll|clk[0] ;
;  bidir_port_to_and_from_the_lcd32_data[7]  ; clk_in     ; 1.882  ; 1.882  ; Rise       ; inst|altpll_component|pll|clk[0] ;
;  bidir_port_to_and_from_the_lcd32_data[8]  ; clk_in     ; 1.939  ; 1.939  ; Rise       ; inst|altpll_component|pll|clk[0] ;
;  bidir_port_to_and_from_the_lcd32_data[9]  ; clk_in     ; 1.930  ; 1.930  ; Rise       ; inst|altpll_component|pll|clk[0] ;
;  bidir_port_to_and_from_the_lcd32_data[10] ; clk_in     ; 1.930  ; 1.930  ; Rise       ; inst|altpll_component|pll|clk[0] ;
;  bidir_port_to_and_from_the_lcd32_data[11] ; clk_in     ; 1.929  ; 1.929  ; Rise       ; inst|altpll_component|pll|clk[0] ;
;  bidir_port_to_and_from_the_lcd32_data[12] ; clk_in     ; 2.026  ; 2.026  ; Rise       ; inst|altpll_component|pll|clk[0] ;
;  bidir_port_to_and_from_the_lcd32_data[13] ; clk_in     ; 2.037  ; 2.037  ; Rise       ; inst|altpll_component|pll|clk[0] ;
;  bidir_port_to_and_from_the_lcd32_data[14] ; clk_in     ; 2.064  ; 2.064  ; Rise       ; inst|altpll_component|pll|clk[0] ;
;  bidir_port_to_and_from_the_lcd32_data[15] ; clk_in     ; 2.237  ; 2.237  ; Rise       ; inst|altpll_component|pll|clk[0] ;
; buzz[*]                                    ; clk_in     ; 2.058  ; 2.058  ; Rise       ; inst|altpll_component|pll|clk[0] ;
;  buzz[0]                                   ; clk_in     ; 2.070  ; 2.070  ; Rise       ; inst|altpll_component|pll|clk[0] ;
;  buzz[1]                                   ; clk_in     ; 2.322  ; 2.322  ; Rise       ; inst|altpll_component|pll|clk[0] ;
;  buzz[2]                                   ; clk_in     ; 2.058  ; 2.058  ; Rise       ; inst|altpll_component|pll|clk[0] ;
;  buzz[3]                                   ; clk_in     ; 2.404  ; 2.404  ; Rise       ; inst|altpll_component|pll|clk[0] ;
; led[*]                                     ; clk_in     ; 2.494  ; 2.494  ; Rise       ; inst|altpll_component|pll|clk[0] ;
;  led[0]                                    ; clk_in     ; 2.494  ; 2.494  ; Rise       ; inst|altpll_component|pll|clk[0] ;
;  led[1]                                    ; clk_in     ; 2.494  ; 2.494  ; Rise       ; inst|altpll_component|pll|clk[0] ;
;  led[2]                                    ; clk_in     ; 2.825  ; 2.825  ; Rise       ; inst|altpll_component|pll|clk[0] ;
;  led[3]                                    ; clk_in     ; 2.860  ; 2.860  ; Rise       ; inst|altpll_component|pll|clk[0] ;
; out_port_from_the_bl_n                     ; clk_in     ; 2.167  ; 2.167  ; Rise       ; inst|altpll_component|pll|clk[0] ;
; out_port_from_the_bl_p                     ; clk_in     ; 2.387  ; 2.387  ; Rise       ; inst|altpll_component|pll|clk[0] ;
; out_port_from_the_lcd_cs                   ; clk_in     ; 1.975  ; 1.975  ; Rise       ; inst|altpll_component|pll|clk[0] ;
; out_port_from_the_lcd_rd                   ; clk_in     ; 2.121  ; 2.121  ; Rise       ; inst|altpll_component|pll|clk[0] ;
; out_port_from_the_lcd_rs                   ; clk_in     ; 2.156  ; 2.156  ; Rise       ; inst|altpll_component|pll|clk[0] ;
; out_port_from_the_lcd_wr                   ; clk_in     ; 2.229  ; 2.229  ; Rise       ; inst|altpll_component|pll|clk[0] ;
; out_port_from_the_reset                    ; clk_in     ; 2.534  ; 2.534  ; Rise       ; inst|altpll_component|pll|clk[0] ;
; out_port_from_the_touch_cs                 ; clk_in     ; 2.118  ; 2.118  ; Rise       ; inst|altpll_component|pll|clk[0] ;
; S_CLK                                      ; clk_in     ; -4.224 ;        ; Rise       ; inst|altpll_component|pll|clk[1] ;
; S_CLK                                      ; clk_in     ;        ; -4.224 ; Fall       ; inst|altpll_component|pll|clk[1] ;
+--------------------------------------------+------------+--------+--------+------------+----------------------------------+


+------------------------------------------------------------------------------------------------------------------------+
; Output Enable Times                                                                                                    ;
+--------------------------------------------+------------+-------+------+------------+----------------------------------+
; Data Port                                  ; Clock Port ; Rise  ; Fall ; Clock Edge ; Clock Reference                  ;
+--------------------------------------------+------------+-------+------+------------+----------------------------------+
; bidir_port_to_and_from_the_lcd32_data[*]   ; clk_in     ; 1.631 ;      ; Rise       ; inst|altpll_component|pll|clk[0] ;
;  bidir_port_to_and_from_the_lcd32_data[0]  ; clk_in     ; 1.808 ;      ; Rise       ; inst|altpll_component|pll|clk[0] ;
;  bidir_port_to_and_from_the_lcd32_data[1]  ; clk_in     ; 1.808 ;      ; Rise       ; inst|altpll_component|pll|clk[0] ;
;  bidir_port_to_and_from_the_lcd32_data[2]  ; clk_in     ; 1.759 ;      ; Rise       ; inst|altpll_component|pll|clk[0] ;
;  bidir_port_to_and_from_the_lcd32_data[3]  ; clk_in     ; 1.757 ;      ; Rise       ; inst|altpll_component|pll|clk[0] ;
;  bidir_port_to_and_from_the_lcd32_data[4]  ; clk_in     ; 1.738 ;      ; Rise       ; inst|altpll_component|pll|clk[0] ;
;  bidir_port_to_and_from_the_lcd32_data[5]  ; clk_in     ; 1.631 ;      ; Rise       ; inst|altpll_component|pll|clk[0] ;
;  bidir_port_to_and_from_the_lcd32_data[6]  ; clk_in     ; 1.718 ;      ; Rise       ; inst|altpll_component|pll|clk[0] ;
;  bidir_port_to_and_from_the_lcd32_data[7]  ; clk_in     ; 1.780 ;      ; Rise       ; inst|altpll_component|pll|clk[0] ;
;  bidir_port_to_and_from_the_lcd32_data[8]  ; clk_in     ; 1.762 ;      ; Rise       ; inst|altpll_component|pll|clk[0] ;
;  bidir_port_to_and_from_the_lcd32_data[9]  ; clk_in     ; 1.908 ;      ; Rise       ; inst|altpll_component|pll|clk[0] ;
;  bidir_port_to_and_from_the_lcd32_data[10] ; clk_in     ; 1.901 ;      ; Rise       ; inst|altpll_component|pll|clk[0] ;
;  bidir_port_to_and_from_the_lcd32_data[11] ; clk_in     ; 1.909 ;      ; Rise       ; inst|altpll_component|pll|clk[0] ;
;  bidir_port_to_and_from_the_lcd32_data[12] ; clk_in     ; 2.006 ;      ; Rise       ; inst|altpll_component|pll|clk[0] ;
;  bidir_port_to_and_from_the_lcd32_data[13] ; clk_in     ; 2.125 ;      ; Rise       ; inst|altpll_component|pll|clk[0] ;
;  bidir_port_to_and_from_the_lcd32_data[14] ; clk_in     ; 2.208 ;      ; Rise       ; inst|altpll_component|pll|clk[0] ;
;  bidir_port_to_and_from_the_lcd32_data[15] ; clk_in     ; 2.239 ;      ; Rise       ; inst|altpll_component|pll|clk[0] ;
+--------------------------------------------+------------+-------+------+------------+----------------------------------+


+------------------------------------------------------------------------------------------------------------------------+
; Minimum Output Enable Times                                                                                            ;
+--------------------------------------------+------------+-------+------+------------+----------------------------------+
; Data Port                                  ; Clock Port ; Rise  ; Fall ; Clock Edge ; Clock Reference                  ;
+--------------------------------------------+------------+-------+------+------------+----------------------------------+
; bidir_port_to_and_from_the_lcd32_data[*]   ; clk_in     ; 1.631 ;      ; Rise       ; inst|altpll_component|pll|clk[0] ;
;  bidir_port_to_and_from_the_lcd32_data[0]  ; clk_in     ; 1.808 ;      ; Rise       ; inst|altpll_component|pll|clk[0] ;
;  bidir_port_to_and_from_the_lcd32_data[1]  ; clk_in     ; 1.808 ;      ; Rise       ; inst|altpll_component|pll|clk[0] ;
;  bidir_port_to_and_from_the_lcd32_data[2]  ; clk_in     ; 1.759 ;      ; Rise       ; inst|altpll_component|pll|clk[0] ;
;  bidir_port_to_and_from_the_lcd32_data[3]  ; clk_in     ; 1.757 ;      ; Rise       ; inst|altpll_component|pll|clk[0] ;
;  bidir_port_to_and_from_the_lcd32_data[4]  ; clk_in     ; 1.738 ;      ; Rise       ; inst|altpll_component|pll|clk[0] ;
;  bidir_port_to_and_from_the_lcd32_data[5]  ; clk_in     ; 1.631 ;      ; Rise       ; inst|altpll_component|pll|clk[0] ;
;  bidir_port_to_and_from_the_lcd32_data[6]  ; clk_in     ; 1.718 ;      ; Rise       ; inst|altpll_component|pll|clk[0] ;
;  bidir_port_to_and_from_the_lcd32_data[7]  ; clk_in     ; 1.780 ;      ; Rise       ; inst|altpll_component|pll|clk[0] ;
;  bidir_port_to_and_from_the_lcd32_data[8]  ; clk_in     ; 1.762 ;      ; Rise       ; inst|altpll_component|pll|clk[0] ;
;  bidir_port_to_and_from_the_lcd32_data[9]  ; clk_in     ; 1.908 ;      ; Rise       ; inst|altpll_component|pll|clk[0] ;
;  bidir_port_to_and_from_the_lcd32_data[10] ; clk_in     ; 1.901 ;      ; Rise       ; inst|altpll_component|pll|clk[0] ;
;  bidir_port_to_and_from_the_lcd32_data[11] ; clk_in     ; 1.909 ;      ; Rise       ; inst|altpll_component|pll|clk[0] ;
;  bidir_port_to_and_from_the_lcd32_data[12] ; clk_in     ; 2.006 ;      ; Rise       ; inst|altpll_component|pll|clk[0] ;
;  bidir_port_to_and_from_the_lcd32_data[13] ; clk_in     ; 2.125 ;      ; Rise       ; inst|altpll_component|pll|clk[0] ;
;  bidir_port_to_and_from_the_lcd32_data[14] ; clk_in     ; 2.208 ;      ; Rise       ; inst|altpll_component|pll|clk[0] ;
;  bidir_port_to_and_from_the_lcd32_data[15] ; clk_in     ; 2.239 ;      ; Rise       ; inst|altpll_component|pll|clk[0] ;
+--------------------------------------------+------------+-------+------+------------+----------------------------------+


+---------------------------------------------------------------------------------------------------------------------------------+
; Output Disable Times                                                                                                            ;
+--------------------------------------------+------------+-----------+-----------+------------+----------------------------------+
; Data Port                                  ; Clock Port ; 0 to Hi-Z ; 1 to Hi-Z ; Clock Edge ; Clock Reference                  ;
+--------------------------------------------+------------+-----------+-----------+------------+----------------------------------+
; bidir_port_to_and_from_the_lcd32_data[*]   ; clk_in     ; 1.631     ;           ; Rise       ; inst|altpll_component|pll|clk[0] ;
;  bidir_port_to_and_from_the_lcd32_data[0]  ; clk_in     ; 1.808     ;           ; Rise       ; inst|altpll_component|pll|clk[0] ;
;  bidir_port_to_and_from_the_lcd32_data[1]  ; clk_in     ; 1.808     ;           ; Rise       ; inst|altpll_component|pll|clk[0] ;
;  bidir_port_to_and_from_the_lcd32_data[2]  ; clk_in     ; 1.759     ;           ; Rise       ; inst|altpll_component|pll|clk[0] ;
;  bidir_port_to_and_from_the_lcd32_data[3]  ; clk_in     ; 1.757     ;           ; Rise       ; inst|altpll_component|pll|clk[0] ;
;  bidir_port_to_and_from_the_lcd32_data[4]  ; clk_in     ; 1.738     ;           ; Rise       ; inst|altpll_component|pll|clk[0] ;
;  bidir_port_to_and_from_the_lcd32_data[5]  ; clk_in     ; 1.631     ;           ; Rise       ; inst|altpll_component|pll|clk[0] ;
;  bidir_port_to_and_from_the_lcd32_data[6]  ; clk_in     ; 1.718     ;           ; Rise       ; inst|altpll_component|pll|clk[0] ;
;  bidir_port_to_and_from_the_lcd32_data[7]  ; clk_in     ; 1.780     ;           ; Rise       ; inst|altpll_component|pll|clk[0] ;
;  bidir_port_to_and_from_the_lcd32_data[8]  ; clk_in     ; 1.762     ;           ; Rise       ; inst|altpll_component|pll|clk[0] ;
;  bidir_port_to_and_from_the_lcd32_data[9]  ; clk_in     ; 1.908     ;           ; Rise       ; inst|altpll_component|pll|clk[0] ;
;  bidir_port_to_and_from_the_lcd32_data[10] ; clk_in     ; 1.901     ;           ; Rise       ; inst|altpll_component|pll|clk[0] ;
;  bidir_port_to_and_from_the_lcd32_data[11] ; clk_in     ; 1.909     ;           ; Rise       ; inst|altpll_component|pll|clk[0] ;
;  bidir_port_to_and_from_the_lcd32_data[12] ; clk_in     ; 2.006     ;           ; Rise       ; inst|altpll_component|pll|clk[0] ;
;  bidir_port_to_and_from_the_lcd32_data[13] ; clk_in     ; 2.125     ;           ; Rise       ; inst|altpll_component|pll|clk[0] ;
;  bidir_port_to_and_from_the_lcd32_data[14] ; clk_in     ; 2.208     ;           ; Rise       ; inst|altpll_component|pll|clk[0] ;
;  bidir_port_to_and_from_the_lcd32_data[15] ; clk_in     ; 2.239     ;           ; Rise       ; inst|altpll_component|pll|clk[0] ;
+--------------------------------------------+------------+-----------+-----------+------------+----------------------------------+


+---------------------------------------------------------------------------------------------------------------------------------+
; Minimum Output Disable Times                                                                                                    ;
+--------------------------------------------+------------+-----------+-----------+------------+----------------------------------+
; Data Port                                  ; Clock Port ; 0 to Hi-Z ; 1 to Hi-Z ; Clock Edge ; Clock Reference                  ;
+--------------------------------------------+------------+-----------+-----------+------------+----------------------------------+
; bidir_port_to_and_from_the_lcd32_data[*]   ; clk_in     ; 1.631     ;           ; Rise       ; inst|altpll_component|pll|clk[0] ;
;  bidir_port_to_and_from_the_lcd32_data[0]  ; clk_in     ; 1.808     ;           ; Rise       ; inst|altpll_component|pll|clk[0] ;
;  bidir_port_to_and_from_the_lcd32_data[1]  ; clk_in     ; 1.808     ;           ; Rise       ; inst|altpll_component|pll|clk[0] ;
;  bidir_port_to_and_from_the_lcd32_data[2]  ; clk_in     ; 1.759     ;           ; Rise       ; inst|altpll_component|pll|clk[0] ;
;  bidir_port_to_and_from_the_lcd32_data[3]  ; clk_in     ; 1.757     ;           ; Rise       ; inst|altpll_component|pll|clk[0] ;
;  bidir_port_to_and_from_the_lcd32_data[4]  ; clk_in     ; 1.738     ;           ; Rise       ; inst|altpll_component|pll|clk[0] ;
;  bidir_port_to_and_from_the_lcd32_data[5]  ; clk_in     ; 1.631     ;           ; Rise       ; inst|altpll_component|pll|clk[0] ;
;  bidir_port_to_and_from_the_lcd32_data[6]  ; clk_in     ; 1.718     ;           ; Rise       ; inst|altpll_component|pll|clk[0] ;
;  bidir_port_to_and_from_the_lcd32_data[7]  ; clk_in     ; 1.780     ;           ; Rise       ; inst|altpll_component|pll|clk[0] ;
;  bidir_port_to_and_from_the_lcd32_data[8]  ; clk_in     ; 1.762     ;           ; Rise       ; inst|altpll_component|pll|clk[0] ;
;  bidir_port_to_and_from_the_lcd32_data[9]  ; clk_in     ; 1.908     ;           ; Rise       ; inst|altpll_component|pll|clk[0] ;
;  bidir_port_to_and_from_the_lcd32_data[10] ; clk_in     ; 1.901     ;           ; Rise       ; inst|altpll_component|pll|clk[0] ;
;  bidir_port_to_and_from_the_lcd32_data[11] ; clk_in     ; 1.909     ;           ; Rise       ; inst|altpll_component|pll|clk[0] ;
;  bidir_port_to_and_from_the_lcd32_data[12] ; clk_in     ; 2.006     ;           ; Rise       ; inst|altpll_component|pll|clk[0] ;
;  bidir_port_to_and_from_the_lcd32_data[13] ; clk_in     ; 2.125     ;           ; Rise       ; inst|altpll_component|pll|clk[0] ;
;  bidir_port_to_and_from_the_lcd32_data[14] ; clk_in     ; 2.208     ;           ; Rise       ; inst|altpll_component|pll|clk[0] ;
;  bidir_port_to_and_from_the_lcd32_data[15] ; clk_in     ; 2.239     ;           ; Rise       ; inst|altpll_component|pll|clk[0] ;
+--------------------------------------------+------------+-----------+-----------+------------+----------------------------------+


+----------------------------------------------------------------------------------------------+
; Multicorner Timing Analysis Summary                                                          ;
+-----------------------------------+-------+-------+----------+---------+---------------------+
; Clock                             ; Setup ; Hold  ; Recovery ; Removal ; Minimum Pulse Width ;
+-----------------------------------+-------+-------+----------+---------+---------------------+
; Worst-case Slack                  ; 5.287 ; 0.215 ; 6.069    ; 1.497   ; 6.933               ;
;  altera_reserved_tck              ; N/A   ; N/A   ; N/A      ; N/A     ; 97.223              ;
;  clk_in                           ; N/A   ; N/A   ; N/A      ; N/A     ; 10.000              ;
;  inst|altpll_component|pll|clk[0] ; 5.287 ; 0.215 ; 6.069    ; 1.497   ; 6.933               ;
; Design-wide TNS                   ; 0.0   ; 0.0   ; 0.0      ; 0.0     ; 0.0                 ;
;  altera_reserved_tck              ; N/A   ; N/A   ; N/A      ; N/A     ; 0.000               ;
;  clk_in                           ; N/A   ; N/A   ; N/A      ; N/A     ; 0.000               ;
;  inst|altpll_component|pll|clk[0] ; 0.000 ; 0.000 ; 0.000    ; 0.000   ; 0.000               ;
+-----------------------------------+-------+-------+----------+---------+---------------------+


+-------------------------------------------------------------------------------------------------------------------------+
; Setup Times                                                                                                             ;
+--------------------------------------------+------------+-------+-------+------------+----------------------------------+
; Data Port                                  ; Clock Port ; Rise  ; Fall  ; Clock Edge ; Clock Reference                  ;
+--------------------------------------------+------------+-------+-------+------------+----------------------------------+
; DQ[*]                                      ; clk_in     ; 1.573 ; 1.573 ; Rise       ; inst|altpll_component|pll|clk[0] ;
;  DQ[0]                                     ; clk_in     ; 1.573 ; 1.573 ; Rise       ; inst|altpll_component|pll|clk[0] ;
;  DQ[1]                                     ; clk_in     ; 1.573 ; 1.573 ; Rise       ; inst|altpll_component|pll|clk[0] ;
;  DQ[2]                                     ; clk_in     ; 1.562 ; 1.562 ; Rise       ; inst|altpll_component|pll|clk[0] ;
;  DQ[3]                                     ; clk_in     ; 1.568 ; 1.568 ; Rise       ; inst|altpll_component|pll|clk[0] ;
;  DQ[4]                                     ; clk_in     ; 1.552 ; 1.552 ; Rise       ; inst|altpll_component|pll|clk[0] ;
;  DQ[5]                                     ; clk_in     ; 1.552 ; 1.552 ; Rise       ; inst|altpll_component|pll|clk[0] ;
;  DQ[6]                                     ; clk_in     ; 1.454 ; 1.454 ; Rise       ; inst|altpll_component|pll|clk[0] ;
;  DQ[7]                                     ; clk_in     ; 1.444 ; 1.444 ; Rise       ; inst|altpll_component|pll|clk[0] ;
;  DQ[8]                                     ; clk_in     ; 1.546 ; 1.546 ; Rise       ; inst|altpll_component|pll|clk[0] ;
;  DQ[9]                                     ; clk_in     ; 1.548 ; 1.548 ; Rise       ; inst|altpll_component|pll|clk[0] ;
;  DQ[10]                                    ; clk_in     ; 1.558 ; 1.558 ; Rise       ; inst|altpll_component|pll|clk[0] ;
;  DQ[11]                                    ; clk_in     ; 1.548 ; 1.548 ; Rise       ; inst|altpll_component|pll|clk[0] ;
;  DQ[12]                                    ; clk_in     ; 1.548 ; 1.548 ; Rise       ; inst|altpll_component|pll|clk[0] ;
;  DQ[13]                                    ; clk_in     ; 1.560 ; 1.560 ; Rise       ; inst|altpll_component|pll|clk[0] ;
;  DQ[14]                                    ; clk_in     ; 1.548 ; 1.548 ; Rise       ; inst|altpll_component|pll|clk[0] ;
;  DQ[15]                                    ; clk_in     ; 1.544 ; 1.544 ; Rise       ; inst|altpll_component|pll|clk[0] ;
; MISO_to_the_spi_touch                      ; clk_in     ; 8.336 ; 8.336 ; Rise       ; inst|altpll_component|pll|clk[0] ;
; bidir_port_to_and_from_the_lcd32_data[*]   ; clk_in     ; 7.877 ; 7.877 ; Rise       ; inst|altpll_component|pll|clk[0] ;
;  bidir_port_to_and_from_the_lcd32_data[0]  ; clk_in     ; 7.126 ; 7.126 ; Rise       ; inst|altpll_component|pll|clk[0] ;
;  bidir_port_to_and_from_the_lcd32_data[1]  ; clk_in     ; 6.792 ; 6.792 ; Rise       ; inst|altpll_component|pll|clk[0] ;
;  bidir_port_to_and_from_the_lcd32_data[2]  ; clk_in     ; 7.107 ; 7.107 ; Rise       ; inst|altpll_component|pll|clk[0] ;
;  bidir_port_to_and_from_the_lcd32_data[3]  ; clk_in     ; 6.786 ; 6.786 ; Rise       ; inst|altpll_component|pll|clk[0] ;
;  bidir_port_to_and_from_the_lcd32_data[4]  ; clk_in     ; 6.743 ; 6.743 ; Rise       ; inst|altpll_component|pll|clk[0] ;
;  bidir_port_to_and_from_the_lcd32_data[5]  ; clk_in     ; 6.751 ; 6.751 ; Rise       ; inst|altpll_component|pll|clk[0] ;
;  bidir_port_to_and_from_the_lcd32_data[6]  ; clk_in     ; 6.708 ; 6.708 ; Rise       ; inst|altpll_component|pll|clk[0] ;
;  bidir_port_to_and_from_the_lcd32_data[7]  ; clk_in     ; 7.107 ; 7.107 ; Rise       ; inst|altpll_component|pll|clk[0] ;
;  bidir_port_to_and_from_the_lcd32_data[8]  ; clk_in     ; 6.723 ; 6.723 ; Rise       ; inst|altpll_component|pll|clk[0] ;
;  bidir_port_to_and_from_the_lcd32_data[9]  ; clk_in     ; 6.802 ; 6.802 ; Rise       ; inst|altpll_component|pll|clk[0] ;
;  bidir_port_to_and_from_the_lcd32_data[10] ; clk_in     ; 7.159 ; 7.159 ; Rise       ; inst|altpll_component|pll|clk[0] ;
;  bidir_port_to_and_from_the_lcd32_data[11] ; clk_in     ; 7.210 ; 7.210 ; Rise       ; inst|altpll_component|pll|clk[0] ;
;  bidir_port_to_and_from_the_lcd32_data[12] ; clk_in     ; 7.253 ; 7.253 ; Rise       ; inst|altpll_component|pll|clk[0] ;
;  bidir_port_to_and_from_the_lcd32_data[13] ; clk_in     ; 7.877 ; 7.877 ; Rise       ; inst|altpll_component|pll|clk[0] ;
;  bidir_port_to_and_from_the_lcd32_data[14] ; clk_in     ; 6.920 ; 6.920 ; Rise       ; inst|altpll_component|pll|clk[0] ;
;  bidir_port_to_and_from_the_lcd32_data[15] ; clk_in     ; 7.314 ; 7.314 ; Rise       ; inst|altpll_component|pll|clk[0] ;
+--------------------------------------------+------------+-------+-------+------------+----------------------------------+


+---------------------------------------------------------------------------------------------------------------------------+
; Hold Times                                                                                                                ;
+--------------------------------------------+------------+--------+--------+------------+----------------------------------+
; Data Port                                  ; Clock Port ; Rise   ; Fall   ; Clock Edge ; Clock Reference                  ;
+--------------------------------------------+------------+--------+--------+------------+----------------------------------+
; DQ[*]                                      ; clk_in     ; -0.837 ; -0.837 ; Rise       ; inst|altpll_component|pll|clk[0] ;
;  DQ[0]                                     ; clk_in     ; -0.948 ; -0.948 ; Rise       ; inst|altpll_component|pll|clk[0] ;
;  DQ[1]                                     ; clk_in     ; -0.948 ; -0.948 ; Rise       ; inst|altpll_component|pll|clk[0] ;
;  DQ[2]                                     ; clk_in     ; -0.937 ; -0.937 ; Rise       ; inst|altpll_component|pll|clk[0] ;
;  DQ[3]                                     ; clk_in     ; -0.943 ; -0.943 ; Rise       ; inst|altpll_component|pll|clk[0] ;
;  DQ[4]                                     ; clk_in     ; -0.927 ; -0.927 ; Rise       ; inst|altpll_component|pll|clk[0] ;
;  DQ[5]                                     ; clk_in     ; -0.927 ; -0.927 ; Rise       ; inst|altpll_component|pll|clk[0] ;
;  DQ[6]                                     ; clk_in     ; -0.847 ; -0.847 ; Rise       ; inst|altpll_component|pll|clk[0] ;
;  DQ[7]                                     ; clk_in     ; -0.837 ; -0.837 ; Rise       ; inst|altpll_component|pll|clk[0] ;
;  DQ[8]                                     ; clk_in     ; -0.923 ; -0.923 ; Rise       ; inst|altpll_component|pll|clk[0] ;
;  DQ[9]                                     ; clk_in     ; -0.924 ; -0.924 ; Rise       ; inst|altpll_component|pll|clk[0] ;
;  DQ[10]                                    ; clk_in     ; -0.934 ; -0.934 ; Rise       ; inst|altpll_component|pll|clk[0] ;
;  DQ[11]                                    ; clk_in     ; -0.925 ; -0.925 ; Rise       ; inst|altpll_component|pll|clk[0] ;
;  DQ[12]                                    ; clk_in     ; -0.925 ; -0.925 ; Rise       ; inst|altpll_component|pll|clk[0] ;
;  DQ[13]                                    ; clk_in     ; -0.937 ; -0.937 ; Rise       ; inst|altpll_component|pll|clk[0] ;
;  DQ[14]                                    ; clk_in     ; -0.925 ; -0.925 ; Rise       ; inst|altpll_component|pll|clk[0] ;
;  DQ[15]                                    ; clk_in     ; -0.922 ; -0.922 ; Rise       ; inst|altpll_component|pll|clk[0] ;
; MISO_to_the_spi_touch                      ; clk_in     ; -3.890 ; -3.890 ; Rise       ; inst|altpll_component|pll|clk[0] ;
; bidir_port_to_and_from_the_lcd32_data[*]   ; clk_in     ; -3.334 ; -3.334 ; Rise       ; inst|altpll_component|pll|clk[0] ;
;  bidir_port_to_and_from_the_lcd32_data[0]  ; clk_in     ; -3.478 ; -3.478 ; Rise       ; inst|altpll_component|pll|clk[0] ;
;  bidir_port_to_and_from_the_lcd32_data[1]  ; clk_in     ; -3.386 ; -3.386 ; Rise       ; inst|altpll_component|pll|clk[0] ;
;  bidir_port_to_and_from_the_lcd32_data[2]  ; clk_in     ; -3.463 ; -3.463 ; Rise       ; inst|altpll_component|pll|clk[0] ;
;  bidir_port_to_and_from_the_lcd32_data[3]  ; clk_in     ; -3.376 ; -3.376 ; Rise       ; inst|altpll_component|pll|clk[0] ;
;  bidir_port_to_and_from_the_lcd32_data[4]  ; clk_in     ; -3.350 ; -3.350 ; Rise       ; inst|altpll_component|pll|clk[0] ;
;  bidir_port_to_and_from_the_lcd32_data[5]  ; clk_in     ; -3.357 ; -3.357 ; Rise       ; inst|altpll_component|pll|clk[0] ;
;  bidir_port_to_and_from_the_lcd32_data[6]  ; clk_in     ; -3.334 ; -3.334 ; Rise       ; inst|altpll_component|pll|clk[0] ;
;  bidir_port_to_and_from_the_lcd32_data[7]  ; clk_in     ; -3.460 ; -3.460 ; Rise       ; inst|altpll_component|pll|clk[0] ;
;  bidir_port_to_and_from_the_lcd32_data[8]  ; clk_in     ; -3.339 ; -3.339 ; Rise       ; inst|altpll_component|pll|clk[0] ;
;  bidir_port_to_and_from_the_lcd32_data[9]  ; clk_in     ; -3.350 ; -3.350 ; Rise       ; inst|altpll_component|pll|clk[0] ;
;  bidir_port_to_and_from_the_lcd32_data[10] ; clk_in     ; -3.463 ; -3.463 ; Rise       ; inst|altpll_component|pll|clk[0] ;
;  bidir_port_to_and_from_the_lcd32_data[11] ; clk_in     ; -3.475 ; -3.475 ; Rise       ; inst|altpll_component|pll|clk[0] ;
;  bidir_port_to_and_from_the_lcd32_data[12] ; clk_in     ; -3.493 ; -3.493 ; Rise       ; inst|altpll_component|pll|clk[0] ;
;  bidir_port_to_and_from_the_lcd32_data[13] ; clk_in     ; -3.664 ; -3.664 ; Rise       ; inst|altpll_component|pll|clk[0] ;
;  bidir_port_to_and_from_the_lcd32_data[14] ; clk_in     ; -3.408 ; -3.408 ; Rise       ; inst|altpll_component|pll|clk[0] ;
;  bidir_port_to_and_from_the_lcd32_data[15] ; clk_in     ; -3.504 ; -3.504 ; Rise       ; inst|altpll_component|pll|clk[0] ;
+--------------------------------------------+------------+--------+--------+------------+----------------------------------+


+---------------------------------------------------------------------------------------------------------------------------+
; Clock to Output Times                                                                                                     ;
+--------------------------------------------+------------+--------+--------+------------+----------------------------------+
; Data Port                                  ; Clock Port ; Rise   ; Fall   ; Clock Edge ; Clock Reference                  ;
+--------------------------------------------+------------+--------+--------+------------+----------------------------------+
; BA[*]                                      ; clk_in     ; 3.166  ; 3.166  ; Rise       ; inst|altpll_component|pll|clk[0] ;
;  BA[0]                                     ; clk_in     ; 3.166  ; 3.166  ; Rise       ; inst|altpll_component|pll|clk[0] ;
;  BA[1]                                     ; clk_in     ; 3.154  ; 3.154  ; Rise       ; inst|altpll_component|pll|clk[0] ;
; CAS                                        ; clk_in     ; 3.167  ; 3.167  ; Rise       ; inst|altpll_component|pll|clk[0] ;
; CS                                         ; clk_in     ; 3.156  ; 3.156  ; Rise       ; inst|altpll_component|pll|clk[0] ;
; DQ[*]                                      ; clk_in     ; 3.167  ; 3.167  ; Rise       ; inst|altpll_component|pll|clk[0] ;
;  DQ[0]                                     ; clk_in     ; 2.752  ; 2.752  ; Rise       ; inst|altpll_component|pll|clk[0] ;
;  DQ[1]                                     ; clk_in     ; 2.752  ; 2.752  ; Rise       ; inst|altpll_component|pll|clk[0] ;
;  DQ[2]                                     ; clk_in     ; 2.763  ; 2.763  ; Rise       ; inst|altpll_component|pll|clk[0] ;
;  DQ[3]                                     ; clk_in     ; 2.757  ; 2.757  ; Rise       ; inst|altpll_component|pll|clk[0] ;
;  DQ[4]                                     ; clk_in     ; 2.753  ; 2.753  ; Rise       ; inst|altpll_component|pll|clk[0] ;
;  DQ[5]                                     ; clk_in     ; 2.753  ; 2.753  ; Rise       ; inst|altpll_component|pll|clk[0] ;
;  DQ[6]                                     ; clk_in     ; 3.167  ; 3.167  ; Rise       ; inst|altpll_component|pll|clk[0] ;
;  DQ[7]                                     ; clk_in     ; 3.157  ; 3.157  ; Rise       ; inst|altpll_component|pll|clk[0] ;
;  DQ[8]                                     ; clk_in     ; 2.779  ; 2.779  ; Rise       ; inst|altpll_component|pll|clk[0] ;
;  DQ[9]                                     ; clk_in     ; 2.777  ; 2.777  ; Rise       ; inst|altpll_component|pll|clk[0] ;
;  DQ[10]                                    ; clk_in     ; 2.787  ; 2.787  ; Rise       ; inst|altpll_component|pll|clk[0] ;
;  DQ[11]                                    ; clk_in     ; 2.757  ; 2.757  ; Rise       ; inst|altpll_component|pll|clk[0] ;
;  DQ[12]                                    ; clk_in     ; 2.757  ; 2.757  ; Rise       ; inst|altpll_component|pll|clk[0] ;
;  DQ[13]                                    ; clk_in     ; 2.745  ; 2.745  ; Rise       ; inst|altpll_component|pll|clk[0] ;
;  DQ[14]                                    ; clk_in     ; 2.757  ; 2.757  ; Rise       ; inst|altpll_component|pll|clk[0] ;
;  DQ[15]                                    ; clk_in     ; 2.761  ; 2.761  ; Rise       ; inst|altpll_component|pll|clk[0] ;
; MOSI_from_the_spi_touch                    ; clk_in     ; 6.426  ; 6.426  ; Rise       ; inst|altpll_component|pll|clk[0] ;
; RA[*]                                      ; clk_in     ; 3.178  ; 3.178  ; Rise       ; inst|altpll_component|pll|clk[0] ;
;  RA[0]                                     ; clk_in     ; 3.132  ; 3.132  ; Rise       ; inst|altpll_component|pll|clk[0] ;
;  RA[1]                                     ; clk_in     ; 3.152  ; 3.152  ; Rise       ; inst|altpll_component|pll|clk[0] ;
;  RA[2]                                     ; clk_in     ; 3.133  ; 3.133  ; Rise       ; inst|altpll_component|pll|clk[0] ;
;  RA[3]                                     ; clk_in     ; 3.133  ; 3.133  ; Rise       ; inst|altpll_component|pll|clk[0] ;
;  RA[4]                                     ; clk_in     ; 3.153  ; 3.153  ; Rise       ; inst|altpll_component|pll|clk[0] ;
;  RA[5]                                     ; clk_in     ; 3.153  ; 3.153  ; Rise       ; inst|altpll_component|pll|clk[0] ;
;  RA[6]                                     ; clk_in     ; 3.166  ; 3.166  ; Rise       ; inst|altpll_component|pll|clk[0] ;
;  RA[7]                                     ; clk_in     ; 3.161  ; 3.161  ; Rise       ; inst|altpll_component|pll|clk[0] ;
;  RA[8]                                     ; clk_in     ; 3.157  ; 3.157  ; Rise       ; inst|altpll_component|pll|clk[0] ;
;  RA[9]                                     ; clk_in     ; 3.166  ; 3.166  ; Rise       ; inst|altpll_component|pll|clk[0] ;
;  RA[10]                                    ; clk_in     ; 3.154  ; 3.154  ; Rise       ; inst|altpll_component|pll|clk[0] ;
;  RA[11]                                    ; clk_in     ; 3.178  ; 3.178  ; Rise       ; inst|altpll_component|pll|clk[0] ;
;  RA[12]                                    ; clk_in     ; 3.168  ; 3.168  ; Rise       ; inst|altpll_component|pll|clk[0] ;
; RAS                                        ; clk_in     ; 3.167  ; 3.167  ; Rise       ; inst|altpll_component|pll|clk[0] ;
; SCLK_from_the_spi_touch                    ; clk_in     ; 6.057  ; 6.057  ; Rise       ; inst|altpll_component|pll|clk[0] ;
; SS_n_from_the_spi_touch                    ; clk_in     ; 7.665  ; 7.665  ; Rise       ; inst|altpll_component|pll|clk[0] ;
; S_DQM[*]                                   ; clk_in     ; 3.167  ; 3.167  ; Rise       ; inst|altpll_component|pll|clk[0] ;
;  S_DQM[0]                                  ; clk_in     ; 3.167  ; 3.167  ; Rise       ; inst|altpll_component|pll|clk[0] ;
;  S_DQM[1]                                  ; clk_in     ; 2.789  ; 2.789  ; Rise       ; inst|altpll_component|pll|clk[0] ;
; WE                                         ; clk_in     ; 3.167  ; 3.167  ; Rise       ; inst|altpll_component|pll|clk[0] ;
; bidir_port_to_and_from_the_lcd32_data[*]   ; clk_in     ; 5.531  ; 5.531  ; Rise       ; inst|altpll_component|pll|clk[0] ;
;  bidir_port_to_and_from_the_lcd32_data[0]  ; clk_in     ; 4.568  ; 4.568  ; Rise       ; inst|altpll_component|pll|clk[0] ;
;  bidir_port_to_and_from_the_lcd32_data[1]  ; clk_in     ; 4.572  ; 4.572  ; Rise       ; inst|altpll_component|pll|clk[0] ;
;  bidir_port_to_and_from_the_lcd32_data[2]  ; clk_in     ; 4.592  ; 4.592  ; Rise       ; inst|altpll_component|pll|clk[0] ;
;  bidir_port_to_and_from_the_lcd32_data[3]  ; clk_in     ; 4.875  ; 4.875  ; Rise       ; inst|altpll_component|pll|clk[0] ;
;  bidir_port_to_and_from_the_lcd32_data[4]  ; clk_in     ; 4.177  ; 4.177  ; Rise       ; inst|altpll_component|pll|clk[0] ;
;  bidir_port_to_and_from_the_lcd32_data[5]  ; clk_in     ; 4.189  ; 4.189  ; Rise       ; inst|altpll_component|pll|clk[0] ;
;  bidir_port_to_and_from_the_lcd32_data[6]  ; clk_in     ; 4.187  ; 4.187  ; Rise       ; inst|altpll_component|pll|clk[0] ;
;  bidir_port_to_and_from_the_lcd32_data[7]  ; clk_in     ; 4.602  ; 4.602  ; Rise       ; inst|altpll_component|pll|clk[0] ;
;  bidir_port_to_and_from_the_lcd32_data[8]  ; clk_in     ; 4.723  ; 4.723  ; Rise       ; inst|altpll_component|pll|clk[0] ;
;  bidir_port_to_and_from_the_lcd32_data[9]  ; clk_in     ; 4.659  ; 4.659  ; Rise       ; inst|altpll_component|pll|clk[0] ;
;  bidir_port_to_and_from_the_lcd32_data[10] ; clk_in     ; 4.658  ; 4.658  ; Rise       ; inst|altpll_component|pll|clk[0] ;
;  bidir_port_to_and_from_the_lcd32_data[11] ; clk_in     ; 4.656  ; 4.656  ; Rise       ; inst|altpll_component|pll|clk[0] ;
;  bidir_port_to_and_from_the_lcd32_data[12] ; clk_in     ; 4.996  ; 4.996  ; Rise       ; inst|altpll_component|pll|clk[0] ;
;  bidir_port_to_and_from_the_lcd32_data[13] ; clk_in     ; 5.021  ; 5.021  ; Rise       ; inst|altpll_component|pll|clk[0] ;
;  bidir_port_to_and_from_the_lcd32_data[14] ; clk_in     ; 5.061  ; 5.061  ; Rise       ; inst|altpll_component|pll|clk[0] ;
;  bidir_port_to_and_from_the_lcd32_data[15] ; clk_in     ; 5.531  ; 5.531  ; Rise       ; inst|altpll_component|pll|clk[0] ;
; buzz[*]                                    ; clk_in     ; 6.178  ; 6.178  ; Rise       ; inst|altpll_component|pll|clk[0] ;
;  buzz[0]                                   ; clk_in     ; 5.188  ; 5.188  ; Rise       ; inst|altpll_component|pll|clk[0] ;
;  buzz[1]                                   ; clk_in     ; 6.032  ; 6.032  ; Rise       ; inst|altpll_component|pll|clk[0] ;
;  buzz[2]                                   ; clk_in     ; 5.169  ; 5.169  ; Rise       ; inst|altpll_component|pll|clk[0] ;
;  buzz[3]                                   ; clk_in     ; 6.178  ; 6.178  ; Rise       ; inst|altpll_component|pll|clk[0] ;
; led[*]                                     ; clk_in     ; 7.648  ; 7.648  ; Rise       ; inst|altpll_component|pll|clk[0] ;
;  led[0]                                    ; clk_in     ; 6.751  ; 6.751  ; Rise       ; inst|altpll_component|pll|clk[0] ;
;  led[1]                                    ; clk_in     ; 6.752  ; 6.752  ; Rise       ; inst|altpll_component|pll|clk[0] ;
;  led[2]                                    ; clk_in     ; 7.556  ; 7.556  ; Rise       ; inst|altpll_component|pll|clk[0] ;
;  led[3]                                    ; clk_in     ; 7.648  ; 7.648  ; Rise       ; inst|altpll_component|pll|clk[0] ;
; out_port_from_the_bl_n                     ; clk_in     ; 5.669  ; 5.669  ; Rise       ; inst|altpll_component|pll|clk[0] ;
; out_port_from_the_bl_p                     ; clk_in     ; 6.407  ; 6.407  ; Rise       ; inst|altpll_component|pll|clk[0] ;
; out_port_from_the_lcd_cs                   ; clk_in     ; 4.918  ; 4.918  ; Rise       ; inst|altpll_component|pll|clk[0] ;
; out_port_from_the_lcd_rd                   ; clk_in     ; 5.356  ; 5.356  ; Rise       ; inst|altpll_component|pll|clk[0] ;
; out_port_from_the_lcd_rs                   ; clk_in     ; 5.402  ; 5.402  ; Rise       ; inst|altpll_component|pll|clk[0] ;
; out_port_from_the_lcd_wr                   ; clk_in     ; 5.707  ; 5.707  ; Rise       ; inst|altpll_component|pll|clk[0] ;
; out_port_from_the_reset                    ; clk_in     ; 6.397  ; 6.397  ; Rise       ; inst|altpll_component|pll|clk[0] ;
; out_port_from_the_touch_cs                 ; clk_in     ; 5.334  ; 5.334  ; Rise       ; inst|altpll_component|pll|clk[0] ;
; S_CLK                                      ; clk_in     ; -2.310 ;        ; Rise       ; inst|altpll_component|pll|clk[1] ;
; S_CLK                                      ; clk_in     ;        ; -2.310 ; Fall       ; inst|altpll_component|pll|clk[1] ;
+--------------------------------------------+------------+--------+--------+------------+----------------------------------+


+---------------------------------------------------------------------------------------------------------------------------+
; Minimum Clock to Output Times                                                                                             ;
+--------------------------------------------+------------+--------+--------+------------+----------------------------------+
; Data Port                                  ; Clock Port ; Rise   ; Fall   ; Clock Edge ; Clock Reference                  ;
+--------------------------------------------+------------+--------+--------+------------+----------------------------------+
; BA[*]                                      ; clk_in     ; 1.278  ; 1.278  ; Rise       ; inst|altpll_component|pll|clk[0] ;
;  BA[0]                                     ; clk_in     ; 1.290  ; 1.290  ; Rise       ; inst|altpll_component|pll|clk[0] ;
;  BA[1]                                     ; clk_in     ; 1.278  ; 1.278  ; Rise       ; inst|altpll_component|pll|clk[0] ;
; CAS                                        ; clk_in     ; 1.291  ; 1.291  ; Rise       ; inst|altpll_component|pll|clk[0] ;
; CS                                         ; clk_in     ; 1.280  ; 1.280  ; Rise       ; inst|altpll_component|pll|clk[0] ;
; DQ[*]                                      ; clk_in     ; 1.062  ; 1.062  ; Rise       ; inst|altpll_component|pll|clk[0] ;
;  DQ[0]                                     ; clk_in     ; 1.071  ; 1.071  ; Rise       ; inst|altpll_component|pll|clk[0] ;
;  DQ[1]                                     ; clk_in     ; 1.071  ; 1.071  ; Rise       ; inst|altpll_component|pll|clk[0] ;
;  DQ[2]                                     ; clk_in     ; 1.082  ; 1.082  ; Rise       ; inst|altpll_component|pll|clk[0] ;
;  DQ[3]                                     ; clk_in     ; 1.076  ; 1.076  ; Rise       ; inst|altpll_component|pll|clk[0] ;
;  DQ[4]                                     ; clk_in     ; 1.072  ; 1.072  ; Rise       ; inst|altpll_component|pll|clk[0] ;
;  DQ[5]                                     ; clk_in     ; 1.072  ; 1.072  ; Rise       ; inst|altpll_component|pll|clk[0] ;
;  DQ[6]                                     ; clk_in     ; 1.291  ; 1.291  ; Rise       ; inst|altpll_component|pll|clk[0] ;
;  DQ[7]                                     ; clk_in     ; 1.281  ; 1.281  ; Rise       ; inst|altpll_component|pll|clk[0] ;
;  DQ[8]                                     ; clk_in     ; 1.096  ; 1.096  ; Rise       ; inst|altpll_component|pll|clk[0] ;
;  DQ[9]                                     ; clk_in     ; 1.095  ; 1.095  ; Rise       ; inst|altpll_component|pll|clk[0] ;
;  DQ[10]                                    ; clk_in     ; 1.105  ; 1.105  ; Rise       ; inst|altpll_component|pll|clk[0] ;
;  DQ[11]                                    ; clk_in     ; 1.074  ; 1.074  ; Rise       ; inst|altpll_component|pll|clk[0] ;
;  DQ[12]                                    ; clk_in     ; 1.074  ; 1.074  ; Rise       ; inst|altpll_component|pll|clk[0] ;
;  DQ[13]                                    ; clk_in     ; 1.062  ; 1.062  ; Rise       ; inst|altpll_component|pll|clk[0] ;
;  DQ[14]                                    ; clk_in     ; 1.074  ; 1.074  ; Rise       ; inst|altpll_component|pll|clk[0] ;
;  DQ[15]                                    ; clk_in     ; 1.077  ; 1.077  ; Rise       ; inst|altpll_component|pll|clk[0] ;
; MOSI_from_the_spi_touch                    ; clk_in     ; 2.453  ; 2.453  ; Rise       ; inst|altpll_component|pll|clk[0] ;
; RA[*]                                      ; clk_in     ; 1.256  ; 1.256  ; Rise       ; inst|altpll_component|pll|clk[0] ;
;  RA[0]                                     ; clk_in     ; 1.256  ; 1.256  ; Rise       ; inst|altpll_component|pll|clk[0] ;
;  RA[1]                                     ; clk_in     ; 1.276  ; 1.276  ; Rise       ; inst|altpll_component|pll|clk[0] ;
;  RA[2]                                     ; clk_in     ; 1.257  ; 1.257  ; Rise       ; inst|altpll_component|pll|clk[0] ;
;  RA[3]                                     ; clk_in     ; 1.257  ; 1.257  ; Rise       ; inst|altpll_component|pll|clk[0] ;
;  RA[4]                                     ; clk_in     ; 1.276  ; 1.276  ; Rise       ; inst|altpll_component|pll|clk[0] ;
;  RA[5]                                     ; clk_in     ; 1.276  ; 1.276  ; Rise       ; inst|altpll_component|pll|clk[0] ;
;  RA[6]                                     ; clk_in     ; 1.288  ; 1.288  ; Rise       ; inst|altpll_component|pll|clk[0] ;
;  RA[7]                                     ; clk_in     ; 1.285  ; 1.285  ; Rise       ; inst|altpll_component|pll|clk[0] ;
;  RA[8]                                     ; clk_in     ; 1.281  ; 1.281  ; Rise       ; inst|altpll_component|pll|clk[0] ;
;  RA[9]                                     ; clk_in     ; 1.288  ; 1.288  ; Rise       ; inst|altpll_component|pll|clk[0] ;
;  RA[10]                                    ; clk_in     ; 1.278  ; 1.278  ; Rise       ; inst|altpll_component|pll|clk[0] ;
;  RA[11]                                    ; clk_in     ; 1.301  ; 1.301  ; Rise       ; inst|altpll_component|pll|clk[0] ;
;  RA[12]                                    ; clk_in     ; 1.291  ; 1.291  ; Rise       ; inst|altpll_component|pll|clk[0] ;
; RAS                                        ; clk_in     ; 1.291  ; 1.291  ; Rise       ; inst|altpll_component|pll|clk[0] ;
; SCLK_from_the_spi_touch                    ; clk_in     ; 2.337  ; 2.337  ; Rise       ; inst|altpll_component|pll|clk[0] ;
; SS_n_from_the_spi_touch                    ; clk_in     ; 2.541  ; 2.541  ; Rise       ; inst|altpll_component|pll|clk[0] ;
; S_DQM[*]                                   ; clk_in     ; 1.106  ; 1.106  ; Rise       ; inst|altpll_component|pll|clk[0] ;
;  S_DQM[0]                                  ; clk_in     ; 1.291  ; 1.291  ; Rise       ; inst|altpll_component|pll|clk[0] ;
;  S_DQM[1]                                  ; clk_in     ; 1.106  ; 1.106  ; Rise       ; inst|altpll_component|pll|clk[0] ;
; WE                                         ; clk_in     ; 1.291  ; 1.291  ; Rise       ; inst|altpll_component|pll|clk[0] ;
; bidir_port_to_and_from_the_lcd32_data[*]   ; clk_in     ; 1.703  ; 1.703  ; Rise       ; inst|altpll_component|pll|clk[0] ;
;  bidir_port_to_and_from_the_lcd32_data[0]  ; clk_in     ; 1.836  ; 1.836  ; Rise       ; inst|altpll_component|pll|clk[0] ;
;  bidir_port_to_and_from_the_lcd32_data[1]  ; clk_in     ; 1.835  ; 1.835  ; Rise       ; inst|altpll_component|pll|clk[0] ;
;  bidir_port_to_and_from_the_lcd32_data[2]  ; clk_in     ; 1.840  ; 1.840  ; Rise       ; inst|altpll_component|pll|clk[0] ;
;  bidir_port_to_and_from_the_lcd32_data[3]  ; clk_in     ; 1.907  ; 1.907  ; Rise       ; inst|altpll_component|pll|clk[0] ;
;  bidir_port_to_and_from_the_lcd32_data[4]  ; clk_in     ; 1.703  ; 1.703  ; Rise       ; inst|altpll_component|pll|clk[0] ;
;  bidir_port_to_and_from_the_lcd32_data[5]  ; clk_in     ; 1.715  ; 1.715  ; Rise       ; inst|altpll_component|pll|clk[0] ;
;  bidir_port_to_and_from_the_lcd32_data[6]  ; clk_in     ; 1.713  ; 1.713  ; Rise       ; inst|altpll_component|pll|clk[0] ;
;  bidir_port_to_and_from_the_lcd32_data[7]  ; clk_in     ; 1.882  ; 1.882  ; Rise       ; inst|altpll_component|pll|clk[0] ;
;  bidir_port_to_and_from_the_lcd32_data[8]  ; clk_in     ; 1.939  ; 1.939  ; Rise       ; inst|altpll_component|pll|clk[0] ;
;  bidir_port_to_and_from_the_lcd32_data[9]  ; clk_in     ; 1.930  ; 1.930  ; Rise       ; inst|altpll_component|pll|clk[0] ;
;  bidir_port_to_and_from_the_lcd32_data[10] ; clk_in     ; 1.930  ; 1.930  ; Rise       ; inst|altpll_component|pll|clk[0] ;
;  bidir_port_to_and_from_the_lcd32_data[11] ; clk_in     ; 1.929  ; 1.929  ; Rise       ; inst|altpll_component|pll|clk[0] ;
;  bidir_port_to_and_from_the_lcd32_data[12] ; clk_in     ; 2.026  ; 2.026  ; Rise       ; inst|altpll_component|pll|clk[0] ;
;  bidir_port_to_and_from_the_lcd32_data[13] ; clk_in     ; 2.037  ; 2.037  ; Rise       ; inst|altpll_component|pll|clk[0] ;
;  bidir_port_to_and_from_the_lcd32_data[14] ; clk_in     ; 2.064  ; 2.064  ; Rise       ; inst|altpll_component|pll|clk[0] ;
;  bidir_port_to_and_from_the_lcd32_data[15] ; clk_in     ; 2.237  ; 2.237  ; Rise       ; inst|altpll_component|pll|clk[0] ;
; buzz[*]                                    ; clk_in     ; 2.058  ; 2.058  ; Rise       ; inst|altpll_component|pll|clk[0] ;
;  buzz[0]                                   ; clk_in     ; 2.070  ; 2.070  ; Rise       ; inst|altpll_component|pll|clk[0] ;
;  buzz[1]                                   ; clk_in     ; 2.322  ; 2.322  ; Rise       ; inst|altpll_component|pll|clk[0] ;
;  buzz[2]                                   ; clk_in     ; 2.058  ; 2.058  ; Rise       ; inst|altpll_component|pll|clk[0] ;
;  buzz[3]                                   ; clk_in     ; 2.404  ; 2.404  ; Rise       ; inst|altpll_component|pll|clk[0] ;
; led[*]                                     ; clk_in     ; 2.494  ; 2.494  ; Rise       ; inst|altpll_component|pll|clk[0] ;
;  led[0]                                    ; clk_in     ; 2.494  ; 2.494  ; Rise       ; inst|altpll_component|pll|clk[0] ;
;  led[1]                                    ; clk_in     ; 2.494  ; 2.494  ; Rise       ; inst|altpll_component|pll|clk[0] ;
;  led[2]                                    ; clk_in     ; 2.825  ; 2.825  ; Rise       ; inst|altpll_component|pll|clk[0] ;
;  led[3]                                    ; clk_in     ; 2.860  ; 2.860  ; Rise       ; inst|altpll_component|pll|clk[0] ;
; out_port_from_the_bl_n                     ; clk_in     ; 2.167  ; 2.167  ; Rise       ; inst|altpll_component|pll|clk[0] ;
; out_port_from_the_bl_p                     ; clk_in     ; 2.387  ; 2.387  ; Rise       ; inst|altpll_component|pll|clk[0] ;
; out_port_from_the_lcd_cs                   ; clk_in     ; 1.975  ; 1.975  ; Rise       ; inst|altpll_component|pll|clk[0] ;
; out_port_from_the_lcd_rd                   ; clk_in     ; 2.121  ; 2.121  ; Rise       ; inst|altpll_component|pll|clk[0] ;
; out_port_from_the_lcd_rs                   ; clk_in     ; 2.156  ; 2.156  ; Rise       ; inst|altpll_component|pll|clk[0] ;
; out_port_from_the_lcd_wr                   ; clk_in     ; 2.229  ; 2.229  ; Rise       ; inst|altpll_component|pll|clk[0] ;
; out_port_from_the_reset                    ; clk_in     ; 2.534  ; 2.534  ; Rise       ; inst|altpll_component|pll|clk[0] ;
; out_port_from_the_touch_cs                 ; clk_in     ; 2.118  ; 2.118  ; Rise       ; inst|altpll_component|pll|clk[0] ;
; S_CLK                                      ; clk_in     ; -4.224 ;        ; Rise       ; inst|altpll_component|pll|clk[1] ;
; S_CLK                                      ; clk_in     ;        ; -4.224 ; Fall       ; inst|altpll_component|pll|clk[1] ;
+--------------------------------------------+------------+--------+--------+------------+----------------------------------+


+-----------------------------------------------------------------------------------------------------------------+
; Setup Transfers                                                                                                 ;
+----------------------------------+----------------------------------+----------+----------+----------+----------+
; From Clock                       ; To Clock                         ; RR Paths ; FR Paths ; RF Paths ; FF Paths ;
+----------------------------------+----------------------------------+----------+----------+----------+----------+
; inst|altpll_component|pll|clk[0] ; inst|altpll_component|pll|clk[0] ; 299254   ; 64       ; 224      ; 0        ;
+----------------------------------+----------------------------------+----------+----------+----------+----------+
Entries labeled "false path" only account for clock-to-clock false paths and not path-based false paths. As a result, actual path counts may be lower than reported.


+-----------------------------------------------------------------------------------------------------------------+
; Hold Transfers                                                                                                  ;
+----------------------------------+----------------------------------+----------+----------+----------+----------+
; From Clock                       ; To Clock                         ; RR Paths ; FR Paths ; RF Paths ; FF Paths ;
+----------------------------------+----------------------------------+----------+----------+----------+----------+
; inst|altpll_component|pll|clk[0] ; inst|altpll_component|pll|clk[0] ; 299254   ; 64       ; 224      ; 0        ;
+----------------------------------+----------------------------------+----------+----------+----------+----------+
Entries labeled "false path" only account for clock-to-clock false paths and not path-based false paths. As a result, actual path counts may be lower than reported.


+-----------------------------------------------------------------------------------------------------------------+
; Recovery Transfers                                                                                              ;
+----------------------------------+----------------------------------+----------+----------+----------+----------+
; From Clock                       ; To Clock                         ; RR Paths ; FR Paths ; RF Paths ; FF Paths ;
+----------------------------------+----------------------------------+----------+----------+----------+----------+
; inst|altpll_component|pll|clk[0] ; inst|altpll_component|pll|clk[0] ; 2205     ; 0        ; 32       ; 0        ;
+----------------------------------+----------------------------------+----------+----------+----------+----------+
Entries labeled "false path" only account for clock-to-clock false paths and not path-based false paths. As a result, actual path counts may be lower than reported.


+-----------------------------------------------------------------------------------------------------------------+
; Removal Transfers                                                                                               ;
+----------------------------------+----------------------------------+----------+----------+----------+----------+
; From Clock                       ; To Clock                         ; RR Paths ; FR Paths ; RF Paths ; FF Paths ;
+----------------------------------+----------------------------------+----------+----------+----------+----------+
; inst|altpll_component|pll|clk[0] ; inst|altpll_component|pll|clk[0] ; 2205     ; 0        ; 32       ; 0        ;
+----------------------------------+----------------------------------+----------+----------+----------+----------+
Entries labeled "false path" only account for clock-to-clock false paths and not path-based false paths. As a result, actual path counts may be lower than reported.


---------------
; Report TCCS ;
---------------
No dedicated SERDES Transmitter circuitry present in device or used in design


---------------
; Report RSKM ;
---------------
No dedicated SERDES Receiver circuitry present in device or used in design


+------------------------------------------------+
; Unconstrained Paths                            ;
+---------------------------------+-------+------+
; Property                        ; Setup ; Hold ;
+---------------------------------+-------+------+
; Illegal Clocks                  ; 0     ; 0    ;
; Unconstrained Clocks            ; 0     ; 0    ;
; Unconstrained Input Ports       ; 33    ; 33   ;
; Unconstrained Input Port Paths  ; 33    ; 33   ;
; Unconstrained Output Ports      ; 73    ; 73   ;
; Unconstrained Output Port Paths ; 108   ; 108  ;
+---------------------------------+-------+------+


+------------------------------------+
; TimeQuest Timing Analyzer Messages ;
+------------------------------------+
Info: *******************************************************************
Info: Running Quartus II 64-Bit TimeQuest Timing Analyzer
    Info: Version 13.0.1 Build 232 06/12/2013 Service Pack 1 SJ Web Edition
    Info: Processing started: Tue Sep 29 13:03:46 2026
Info: Command: quartus_sta lcd_nios -c lcd_nios
Info: qsta_default_script.tcl version: #1
Info (20030): Parallel compilation is enabled and will use 6 of the 6 processors detected
Info (21077): Low junction temperature is 0 degrees C
Info (21077): High junction temperature is 85 degrees C
Info (332164): Evaluating HDL-embedded SDC commands
    Info (332165): Entity GHVD5181
        Info (332166): set_disable_timing [get_cells -hierarchical QXXQ6833_0]
        Info (332166): set_disable_timing [get_cells -hierarchical JEQQ5299_0]
        Info (332166): set_disable_timing [get_cells -hierarchical JEQQ5299_1]
        Info (332166): set_disable_timing [get_cells -hierarchical JEQQ5299_2]
        Info (332166): set_disable_timing [get_cells -hierarchical JEQQ5299_3]
        Info (332166): set_disable_timing [get_cells -hierarchical JEQQ5299_4]
        Info (332166): set_disable_timing [get_cells -hierarchical JEQQ5299_5]
        Info (332166): set_disable_timing [get_cells -hierarchical JEQQ5299_6]
        Info (332166): set_disable_timing [get_cells -hierarchical JEQQ5299_7]
        Info (332166): set_disable_timing [get_cells -hierarchical BITP7563_0]
    Info (332165): Entity alt_jtag_atlantic
        Info (332166): set_false_path -from [get_registers {*|alt_jtag_atlantic:*|jupdate}] -to [get_registers {*|alt_jtag_atlantic:*|jupdate1*}] 
        Info (332166): set_false_path -from [get_registers {*|alt_jtag_atlantic:*|rdata[*]}] -to [get_registers {*|alt_jtag_atlantic*|td_shift[*]}]
        Info (332166): set_false_path -from [get_registers {*|alt_jtag_atlantic:*|rdata[*]}] -to [get_registers {*|alt_jtag_atlantic*|td_shift[*]}]
        Info (332166): set_false_path -from [get_registers {*|alt_jtag_atlantic:*|rdata[*]}] -to [get_registers {*|alt_jtag_atlantic*|td_shift[*]}]
        Info (332166): set_false_path -from [get_registers {*|alt_jtag_atlantic:*|rdata[*]}] -to [get_registers {*|alt_jtag_atlantic*|td_shift[*]}]
        Info (332166): set_false_path -from [get_registers {*|alt_jtag_atlantic:*|rdata[*]}] -to [get_registers {*|alt_jtag_atlantic*|td_shift[*]}]
        Info (332166): set_false_path -from [get_registers {*|alt_jtag_atlantic:*|rdata[*]}] -to [get_registers {*|alt_jtag_atlantic*|td_shift[*]}]
        Info (332166): set_false_path -from [get_registers {*|alt_jtag_atlantic:*|rdata[*]}] -to [get_registers {*|alt_jtag_atlantic*|td_shift[*]}]
        Info (332166): set_false_path -from [get_registers {*|alt_jtag_atlantic:*|rdata[*]}] -to [get_registers {*|alt_jtag_atlantic*|td_shift[*]}]
        Info (332166): set_false_path -from [get_registers {*|alt_jtag_atlantic:*|read}] -to [get_registers {*|alt_jtag_atlantic:*|read1*}] 
        Info (332166): set_false_path -from [get_registers {*|alt_jtag_atlantic:*|read_req}]
        Info (332166): set_false_path -from [get_registers {*|alt_jtag_atlantic:*|rvalid}] -to [get_registers {*|alt_jtag_atlantic*|td_shift[*]}]
        Info (332166): set_false_path -from [get_registers {*|t_dav}] -to [get_registers {*|alt_jtag_atlantic:*|tck_t_dav}]
        Info (332166): set_false_path -from [get_registers {*|alt_jtag_atlantic:*|user_saw_rvalid}] -to [get_registers {*|alt_jtag_atlantic:*|rvalid0*}]
        Info (332166): set_false_path -from [get_registers {*|alt_jtag_atlantic:*|wdata[*]}] -to [get_registers {*}]
        Info (332166): set_false_path -from [get_registers {*|alt_jtag_atlantic:*|wdata[*]}] -to [get_registers {*}]
        Info (332166): set_false_path -from [get_registers {*|alt_jtag_atlantic:*|wdata[*]}] -to [get_registers {*}]
        Info (332166): set_false_path -from [get_registers {*|alt_jtag_atlantic:*|wdata[*]}] -to [get_registers {*}]
        Info (332166): set_false_path -from [get_registers {*|alt_jtag_atlantic:*|wdata[*]}] -to [get_registers {*}]
        Info (332166): set_false_path -from [get_registers {*|alt_jtag_atlantic:*|wdata[*]}] -to [get_registers {*}]
        Info (332166): set_false_path -from [get_registers {*|alt_jtag_atlantic:*|wdata[*]}] -to [get_registers {*}]
        Info (332166): set_false_path -from [get_registers {*|alt_jtag_atlantic:*|wdata[*]}] -to [get_registers {*}]
        Info (332166): set_false_path -from [get_registers {*|alt_jtag_atlantic:*|write}] -to [get_registers {*|alt_jtag_atlantic:*|write1*}] 
        Info (332166): set_false_path -from [get_registers {*|alt_jtag_atlantic:*|write_stalled}] -to [get_registers {*|alt_jtag_atlantic:*|t_ena*}]
        Info (332166): set_false_path -from [get_registers {*|alt_jtag_atlantic:*|write_stalled}] -to [get_registers {*|alt_jtag_atlantic:*|t_pause*}]
        Info (332166): set_false_path -from [get_registers {*|alt_jtag_atlantic:*|write_valid}]
    Info (332165): Entity altera_std_synchronizer
        Info (332166): set_false_path -to [get_keepers {*altera_std_synchronizer:*|din_s1}]
    Info (332165): Entity pzdyqx_impl
        Info (332166): set_false_path -from [get_keepers {altera_reserved_tdi}] -to [get_keepers {pzdyqx*}]
    Info (332165): Entity sld_jtag_hub
        Info (332166): create_clock -name altera_reserved_tck [get_ports {altera_reserved_tck}] -period 10MHz   
        Info (332166): set_clock_groups -asynchronous -group {altera_reserved_tck}
Info (332104): Reading SDC File: 'lcd_nios.sdc'
Info (332110): Deriving PLL clocks
    Info (332110): create_generated_clock -source {inst|altpll_component|pll|inclk[0]} -duty_cycle 50.00 -name {inst|altpll_component|pll|clk[0]} {inst|altpll_component|pll|clk[0]}
    Info (332110): create_generated_clock -source {inst|altpll_component|pll|inclk[0]} -phase -100.00 -duty_cycle 50.00 -name {inst|altpll_component|pll|clk[1]} {inst|altpll_component|pll|clk[1]}
Warning (332153): Family doesn't support jitter analysis.
Info (332104): Reading SDC File: 'SOPC/synthesis/submodules/altera_reset_controller.sdc'
Info (332104): Reading SDC File: 'SOPC/synthesis/submodules/SOPC_cpu.sdc'
Info: Found TIMEQUEST_REPORT_SCRIPT_INCLUDE_DEFAULT_ANALYSIS = ON
Info: Analyzing Slow Model
Info (332146): Worst-case setup slack is 5.287
    Info (332119):     Slack End Point TNS Clock 
    Info (332119): ========= ============= =====================
    Info (332119):     5.287         0.000 inst|altpll_component|pll|clk[0] 
Info (332146): Worst-case hold slack is 0.499
    Info (332119):     Slack End Point TNS Clock 
    Info (332119): ========= ============= =====================
    Info (332119):     0.499         0.000 inst|altpll_component|pll|clk[0] 
Info (332146): Worst-case recovery slack is 6.069
    Info (332119):     Slack End Point TNS Clock 
    Info (332119): ========= ============= =====================
    Info (332119):     6.069         0.000 inst|altpll_component|pll|clk[0] 
Info (332146): Worst-case removal slack is 3.348
    Info (332119):     Slack End Point TNS Clock 
    Info (332119): ========= ============= =====================
    Info (332119):     3.348         0.000 inst|altpll_component|pll|clk[0] 
Info (332146): Worst-case minimum pulse width slack is 6.933
    Info (332119):     Slack End Point TNS Clock 
    Info (332119): ========= ============= =====================
    Info (332119):     6.933         0.000 inst|altpll_component|pll|clk[0] 
    Info (332119):    10.000         0.000 clk_in 
    Info (332119):    97.223         0.000 altera_reserved_tck 
Info (332001): The selected device family is not supported by the report_metastability command.
Info: Analyzing Fast Model
Info (332146): Worst-case setup slack is 8.516
    Info (332119):     Slack End Point TNS Clock 
    Info (332119): ========= ============= =====================
    Info (332119):     8.516         0.000 inst|altpll_component|pll|clk[0] 
Info (332146): Worst-case hold slack is 0.215
    Info (332119):     Slack End Point TNS Clock 
    Info (332119): ========= ============= =====================
    Info (332119):     0.215         0.000 inst|altpll_component|pll|clk[0] 
Info (332146): Worst-case recovery slack is 8.247
    Info (332119):     Slack End Point TNS Clock 
    Info (332119): ========= ============= =====================
    Info (332119):     8.247         0.000 inst|altpll_component|pll|clk[0] 
Info (332146): Worst-case removal slack is 1.497
    Info (332119):     Slack End Point TNS Clock 
    Info (332119): ========= ============= =====================
    Info (332119):     1.497         0.000 inst|altpll_component|pll|clk[0] 
Info (332146): Worst-case minimum pulse width slack is 7.873
    Info (332119):     Slack End Point TNS Clock 
    Info (332119): ========= ============= =====================
    Info (332119):     7.873         0.000 inst|altpll_component|pll|clk[0] 
    Info (332119):    10.000         0.000 clk_in 
    Info (332119):    97.778         0.000 altera_reserved_tck 
Info (332001): The selected device family is not supported by the report_metastability command.
Info (332102): Design is not fully constrained for setup requirements
Info (332102): Design is not fully constrained for hold requirements
Info: Quartus II 64-Bit TimeQuest Timing Analyzer was successful. 0 errors, 1 warning
    Info: Peak virtual memory: 4644 megabytes
    Info: Processing ended: Tue Sep 29 13:03:49 2026
    Info: Elapsed time: 00:00:03
    Info: Total CPU time (on all processors): 00:00:03


