TimeQuest Timing Analyzer report for lcd_nios
Tue Sep 29 13:20:14 2026
Quartus II 64-Bit Version 13.0.1 Build 232 06/12/2013 Service Pack 1 SJ Web Edition


---------------------
; Table of Contents ;
---------------------
  1. Legal Notice
  2. TimeQuest Timing Analyzer Summary
  3. Parallel Compilation
  4. SDC File List
  5. Clocks
  6. Slow Model Fmax Summary
  7. Slow Model Setup Summary
  8. Slow Model Hold Summary
  9. Slow Model Recovery Summary
 10. Slow Model Removal Summary
 11. Slow Model Minimum Pulse Width Summary
 12. Slow Model Setup: 'inst|altpll_component|pll|clk[0]'
 13. Slow Model Hold: 'inst|altpll_component|pll|clk[0]'
 14. Slow Model Recovery: 'inst|altpll_component|pll|clk[0]'
 15. Slow Model Removal: 'inst|altpll_component|pll|clk[0]'
 16. Slow Model Minimum Pulse Width: 'inst|altpll_component|pll|clk[0]'
 17. Slow Model Minimum Pulse Width: 'clk_in'
 18. Slow Model Minimum Pulse Width: 'altera_reserved_tck'
 19. Setup Times
 20. Hold Times
 21. Clock to Output Times
 22. Minimum Clock to Output Times
 23. Output Enable Times
 24. Minimum Output Enable Times
 25. Output Disable Times
 26. Minimum Output Disable Times
 27. Fast Model Setup Summary
 28. Fast Model Hold Summary
 29. Fast Model Recovery Summary
 30. Fast Model Removal Summary
 31. Fast Model Minimum Pulse Width Summary
 32. Fast Model Setup: 'inst|altpll_component|pll|clk[0]'
 33. Fast Model Hold: 'inst|altpll_component|pll|clk[0]'
 34. Fast Model Recovery: 'inst|altpll_component|pll|clk[0]'
 35. Fast Model Removal: 'inst|altpll_component|pll|clk[0]'
 36. Fast Model Minimum Pulse Width: 'inst|altpll_component|pll|clk[0]'
 37. Fast Model Minimum Pulse Width: 'clk_in'
 38. Fast Model Minimum Pulse Width: 'altera_reserved_tck'
 39. Setup Times
 40. Hold Times
 41. Clock to Output Times
 42. Minimum Clock to Output Times
 43. Output Enable Times
 44. Minimum Output Enable Times
 45. Output Disable Times
 46. Minimum Output Disable Times
 47. Multicorner Timing Analysis Summary
 48. Setup Times
 49. Hold Times
 50. Clock to Output Times
 51. Minimum Clock to Output Times
 52. Setup Transfers
 53. Hold Transfers
 54. Recovery Transfers
 55. Removal Transfers
 56. Report TCCS
 57. Report RSKM
 58. Unconstrained Paths
 59. TimeQuest Timing Analyzer Messages



----------------
; Legal Notice ;
----------------
Copyright (C) 1991-2013 Altera Corporation
Your use of Altera Corporation's design tools, logic functions 
and other software and tools, and its AMPP partner logic 
functions, and any output files from any of the foregoing 
(including device programming or simulation files), and any 
associated documentation or information are expressly subject 
to the terms and conditions of the Altera Program License 
Subscription Agreement, Altera MegaCore Function License 
Agreement, or other applicable license agreement, including, 
without limitation, that your use is for the sole purpose of 
programming logic devices manufactured by Altera and sold by 
Altera or its authorized distributors.  Please refer to the 
applicable agreement for further details.



+----------------------------------------------------------------------------------------+
; TimeQuest Timing Analyzer Summary                                                      ;
+--------------------+-------------------------------------------------------------------+
; Quartus II Version ; Version 13.0.1 Build 232 06/12/2013 Service Pack 1 SJ Web Edition ;
; Revision Name      ; lcd_nios                                                          ;
; Device Family      ; Cyclone II                                                        ;
; Device Name        ; EP2C5T144C8                                                       ;
; Timing Models      ; Final                                                             ;
; Delay Model        ; Combined                                                          ;
; Rise/Fall Delays   ; Unavailable                                                       ;
+--------------------+-------------------------------------------------------------------+


+------------------------------------------+
; Parallel Compilation                     ;
+----------------------------+-------------+
; Processors                 ; Number      ;
+----------------------------+-------------+
; Number detected on machine ; 6           ;
; Maximum allowed            ; 6           ;
;                            ;             ;
; Average used               ; 1.00        ;
; Maximum used               ; 2           ;
;                            ;             ;
; Usage by Processor         ; % Time Used ;
;     Processor 1            ; 100.0%      ;
;     Processor 2            ; < 0.1%      ;
;     Processors 3-6         ;   0.0%      ;
+----------------------------+-------------+


+-------------------------------------------------------------------------------------------+
; SDC File List                                                                             ;
+-------------------------------------------------------+--------+--------------------------+
; SDC File Path                                         ; Status ; Read at                  ;
+-------------------------------------------------------+--------+--------------------------+
; lcd_nios.sdc                                          ; OK     ; Tue Sep 29 13:20:13 2026 ;
; SOPC/synthesis/submodules/altera_reset_controller.sdc ; OK     ; Tue Sep 29 13:20:13 2026 ;
; SOPC/synthesis/submodules/SOPC_cpu.sdc                ; OK     ; Tue Sep 29 13:20:13 2026 ;
+-------------------------------------------------------+--------+--------------------------+


+------------------------------------------------------------------------------------------------------------------------------------------------------------------------------------------------------------------------------------------------------------------------+
; Clocks                                                                                                                                                                                                                                                                 ;
+----------------------------------+-----------+---------+-----------+--------+--------+------------+-----------+-------------+--------+--------+-----------+------------+----------+--------+------------------------------------+--------------------------------------+
; Clock Name                       ; Type      ; Period  ; Frequency ; Rise   ; Fall   ; Duty Cycle ; Divide by ; Multiply by ; Phase  ; Offset ; Edge List ; Edge Shift ; Inverted ; Master ; Source                             ; Targets                              ;
+----------------------------------+-----------+---------+-----------+--------+--------+------------+-----------+-------------+--------+--------+-----------+------------+----------+--------+------------------------------------+--------------------------------------+
; altera_reserved_tck              ; Base      ; 100.000 ; 10.0 MHz  ; 0.000  ; 50.000 ;            ;           ;             ;        ;        ;           ;            ;          ;        ;                                    ; { altera_reserved_tck }              ;
; clk_in                           ; Base      ; 10.000  ; 100.0 MHz ; 0.000  ; 5.000  ;            ;           ;             ;        ;        ;           ;            ;          ;        ;                                    ; { CLK }                              ;
; inst|altpll_component|pll|clk[0] ; Generated ; 10.000  ; 100.0 MHz ; 0.000  ; 5.000  ; 50.00      ; 1         ; 1           ;        ;        ;           ;            ; false    ; clk_in ; inst|altpll_component|pll|inclk[0] ; { inst|altpll_component|pll|clk[0] } ;
; inst|altpll_component|pll|clk[1] ; Generated ; 10.000  ; 100.0 MHz ; -2.777 ; 2.223  ; 50.00      ; 1         ; 1           ; -100.0 ;        ;           ;            ; false    ; clk_in ; inst|altpll_component|pll|inclk[0] ; { inst|altpll_component|pll|clk[1] } ;
+----------------------------------+-----------+---------+-----------+--------+--------+------------+-----------+-------------+--------+--------+-----------+------------+----------+--------+------------------------------------+--------------------------------------+


+-----------------------------------------------------------------------+
; Slow Model Fmax Summary                                               ;
+-----------+-----------------+----------------------------------+------+
; Fmax      ; Restricted Fmax ; Clock Name                       ; Note ;
+-----------+-----------------+----------------------------------+------+
; 90.92 MHz ; 90.92 MHz       ; inst|altpll_component|pll|clk[0] ;      ;
+-----------+-----------------+----------------------------------+------+
This panel reports FMAX for every clock in the design, regardless of the user-specified clock periods.  FMAX is only computed for paths where the source and destination registers or ports are driven by the same clock.  Paths of different clocks, including generated clocks, are ignored.  For paths between a clock and its inversion, FMAX is computed as if the rising and falling edges are scaled along with FMAX, such that the duty cycle (in terms of a percentage) is maintained. Altera recommends that you always use clock constraints and other slack reports for sign-off analysis.


+-----------------------------------------------------------+
; Slow Model Setup Summary                                  ;
+----------------------------------+--------+---------------+
; Clock                            ; Slack  ; End Point TNS ;
+----------------------------------+--------+---------------+
; inst|altpll_component|pll|clk[0] ; -0.999 ; -60.674       ;
+----------------------------------+--------+---------------+


+----------------------------------------------------------+
; Slow Model Hold Summary                                  ;
+----------------------------------+-------+---------------+
; Clock                            ; Slack ; End Point TNS ;
+----------------------------------+-------+---------------+
; inst|altpll_component|pll|clk[0] ; 0.499 ; 0.000         ;
+----------------------------------+-------+---------------+


+----------------------------------------------------------+
; Slow Model Recovery Summary                              ;
+----------------------------------+-------+---------------+
; Clock                            ; Slack ; End Point TNS ;
+----------------------------------+-------+---------------+
; inst|altpll_component|pll|clk[0] ; 1.565 ; 0.000         ;
+----------------------------------+-------+---------------+


+----------------------------------------------------------+
; Slow Model Removal Summary                               ;
+----------------------------------+-------+---------------+
; Clock                            ; Slack ; End Point TNS ;
+----------------------------------+-------+---------------+
; inst|altpll_component|pll|clk[0] ; 2.575 ; 0.000         ;
+----------------------------------+-------+---------------+


+-----------------------------------------------------------+
; Slow Model Minimum Pulse Width Summary                    ;
+----------------------------------+--------+---------------+
; Clock                            ; Slack  ; End Point TNS ;
+----------------------------------+--------+---------------+
; inst|altpll_component|pll|clk[0] ; 1.933  ; 0.000         ;
; clk_in                           ; 5.000  ; 0.000         ;
; altera_reserved_tck              ; 97.223 ; 0.000         ;
+----------------------------------+--------+---------------+


+---------------------------------------------------------------------------------------------------------------------------------------------------------------------------------------------------------------------------------------------------------------------------+
; Slow Model Setup: 'inst|altpll_component|pll|clk[0]'                                                                                                                                                                                                                      ;
+--------+-----------------------------------------+---------------------------------------------------------------------------------------------------------+----------------------------------+----------------------------------+--------------+------------+------------+
; Slack  ; From Node                               ; To Node                                                                                                 ; Launch Clock                     ; Latch Clock                      ; Relationship ; Clock Skew ; Data Delay ;
+--------+-----------------------------------------+---------------------------------------------------------------------------------------------------------+----------------------------------+----------------------------------+--------------+------------+------------+
; -0.999 ; SOPC:inst2|SOPC_cpu:cpu|A_mem_baddr[14] ; SOPC:inst2|SOPC_sdram:sdram|SOPC_sdram_input_efifo_module:the_SOPC_sdram_input_efifo_module|entry_0[27] ; inst|altpll_component|pll|clk[0] ; inst|altpll_component|pll|clk[0] ; 10.000       ; -0.018     ; 11.021     ;
; -0.999 ; SOPC:inst2|SOPC_cpu:cpu|A_mem_baddr[14] ; SOPC:inst2|SOPC_sdram:sdram|SOPC_sdram_input_efifo_module:the_SOPC_sdram_input_efifo_module|entry_0[16] ; inst|altpll_component|pll|clk[0] ; inst|altpll_component|pll|clk[0] ; 10.000       ; -0.018     ; 11.021     ;
; -0.990 ; SOPC:inst2|SOPC_cpu:cpu|A_mem_baddr[15] ; SOPC:inst2|SOPC_sdram:sdram|SOPC_sdram_input_efifo_module:the_SOPC_sdram_input_efifo_module|entry_0[27] ; inst|altpll_component|pll|clk[0] ; inst|altpll_component|pll|clk[0] ; 10.000       ; -0.014     ; 11.016     ;
; -0.990 ; SOPC:inst2|SOPC_cpu:cpu|A_mem_baddr[15] ; SOPC:inst2|SOPC_sdram:sdram|SOPC_sdram_input_efifo_module:the_SOPC_sdram_input_efifo_module|entry_0[16] ; inst|altpll_component|pll|clk[0] ; inst|altpll_component|pll|clk[0] ; 10.000       ; -0.014     ; 11.016     ;
; -0.975 ; SOPC:inst2|SOPC_cpu:cpu|A_mem_baddr[14] ; SOPC:inst2|SOPC_sdram:sdram|SOPC_sdram_input_efifo_module:the_SOPC_sdram_input_efifo_module|entry_1[27] ; inst|altpll_component|pll|clk[0] ; inst|altpll_component|pll|clk[0] ; 10.000       ; -0.018     ; 10.997     ;
; -0.975 ; SOPC:inst2|SOPC_cpu:cpu|A_mem_baddr[14] ; SOPC:inst2|SOPC_sdram:sdram|SOPC_sdram_input_efifo_module:the_SOPC_sdram_input_efifo_module|entry_1[16] ; inst|altpll_component|pll|clk[0] ; inst|altpll_component|pll|clk[0] ; 10.000       ; -0.018     ; 10.997     ;
; -0.970 ; SOPC:inst2|SOPC_cpu:cpu|A_mem_baddr[14] ; SOPC:inst2|SOPC_epcs:epcs|SOPC_epcs_sub:the_SOPC_epcs_sub|EOP                                           ; inst|altpll_component|pll|clk[0] ; inst|altpll_component|pll|clk[0] ; 10.000       ; -0.017     ; 10.993     ;
; -0.966 ; SOPC:inst2|SOPC_cpu:cpu|A_mem_baddr[18] ; SOPC:inst2|SOPC_sdram:sdram|SOPC_sdram_input_efifo_module:the_SOPC_sdram_input_efifo_module|entry_0[27] ; inst|altpll_component|pll|clk[0] ; inst|altpll_component|pll|clk[0] ; 10.000       ; -0.014     ; 10.992     ;
; -0.966 ; SOPC:inst2|SOPC_cpu:cpu|A_mem_baddr[18] ; SOPC:inst2|SOPC_sdram:sdram|SOPC_sdram_input_efifo_module:the_SOPC_sdram_input_efifo_module|entry_0[16] ; inst|altpll_component|pll|clk[0] ; inst|altpll_component|pll|clk[0] ; 10.000       ; -0.014     ; 10.992     ;
; -0.966 ; SOPC:inst2|SOPC_cpu:cpu|A_mem_baddr[15] ; SOPC:inst2|SOPC_sdram:sdram|SOPC_sdram_input_efifo_module:the_SOPC_sdram_input_efifo_module|entry_1[27] ; inst|altpll_component|pll|clk[0] ; inst|altpll_component|pll|clk[0] ; 10.000       ; -0.014     ; 10.992     ;
; -0.966 ; SOPC:inst2|SOPC_cpu:cpu|A_mem_baddr[15] ; SOPC:inst2|SOPC_sdram:sdram|SOPC_sdram_input_efifo_module:the_SOPC_sdram_input_efifo_module|entry_1[16] ; inst|altpll_component|pll|clk[0] ; inst|altpll_component|pll|clk[0] ; 10.000       ; -0.014     ; 10.992     ;
; -0.961 ; SOPC:inst2|SOPC_cpu:cpu|A_mem_baddr[15] ; SOPC:inst2|SOPC_epcs:epcs|SOPC_epcs_sub:the_SOPC_epcs_sub|EOP                                           ; inst|altpll_component|pll|clk[0] ; inst|altpll_component|pll|clk[0] ; 10.000       ; -0.013     ; 10.988     ;
; -0.952 ; SOPC:inst2|SOPC_cpu:cpu|A_mem_baddr[12] ; SOPC:inst2|SOPC_sdram:sdram|SOPC_sdram_input_efifo_module:the_SOPC_sdram_input_efifo_module|entry_0[27] ; inst|altpll_component|pll|clk[0] ; inst|altpll_component|pll|clk[0] ; 10.000       ; -0.012     ; 10.980     ;
; -0.952 ; SOPC:inst2|SOPC_cpu:cpu|A_mem_baddr[12] ; SOPC:inst2|SOPC_sdram:sdram|SOPC_sdram_input_efifo_module:the_SOPC_sdram_input_efifo_module|entry_0[16] ; inst|altpll_component|pll|clk[0] ; inst|altpll_component|pll|clk[0] ; 10.000       ; -0.012     ; 10.980     ;
; -0.946 ; SOPC:inst2|SOPC_cpu:cpu|A_mem_baddr[25] ; SOPC:inst2|SOPC_sdram:sdram|SOPC_sdram_input_efifo_module:the_SOPC_sdram_input_efifo_module|entry_0[27] ; inst|altpll_component|pll|clk[0] ; inst|altpll_component|pll|clk[0] ; 10.000       ; -0.012     ; 10.974     ;
; -0.946 ; SOPC:inst2|SOPC_cpu:cpu|A_mem_baddr[25] ; SOPC:inst2|SOPC_sdram:sdram|SOPC_sdram_input_efifo_module:the_SOPC_sdram_input_efifo_module|entry_0[16] ; inst|altpll_component|pll|clk[0] ; inst|altpll_component|pll|clk[0] ; 10.000       ; -0.012     ; 10.974     ;
; -0.945 ; SOPC:inst2|SOPC_cpu:cpu|A_mem_baddr[14] ; SOPC:inst2|SOPC_sdram:sdram|SOPC_sdram_input_efifo_module:the_SOPC_sdram_input_efifo_module|entry_0[33] ; inst|altpll_component|pll|clk[0] ; inst|altpll_component|pll|clk[0] ; 10.000       ; -0.029     ; 10.956     ;
; -0.945 ; SOPC:inst2|SOPC_cpu:cpu|A_mem_baddr[14] ; SOPC:inst2|SOPC_sdram:sdram|SOPC_sdram_input_efifo_module:the_SOPC_sdram_input_efifo_module|entry_0[34] ; inst|altpll_component|pll|clk[0] ; inst|altpll_component|pll|clk[0] ; 10.000       ; -0.029     ; 10.956     ;
; -0.945 ; SOPC:inst2|SOPC_cpu:cpu|A_mem_baddr[14] ; SOPC:inst2|SOPC_sdram:sdram|SOPC_sdram_input_efifo_module:the_SOPC_sdram_input_efifo_module|entry_0[31] ; inst|altpll_component|pll|clk[0] ; inst|altpll_component|pll|clk[0] ; 10.000       ; -0.029     ; 10.956     ;
; -0.945 ; SOPC:inst2|SOPC_cpu:cpu|A_mem_baddr[14] ; SOPC:inst2|SOPC_sdram:sdram|SOPC_sdram_input_efifo_module:the_SOPC_sdram_input_efifo_module|entry_0[32] ; inst|altpll_component|pll|clk[0] ; inst|altpll_component|pll|clk[0] ; 10.000       ; -0.029     ; 10.956     ;
; -0.945 ; SOPC:inst2|SOPC_cpu:cpu|A_mem_baddr[14] ; SOPC:inst2|SOPC_sdram:sdram|SOPC_sdram_input_efifo_module:the_SOPC_sdram_input_efifo_module|entry_0[41] ; inst|altpll_component|pll|clk[0] ; inst|altpll_component|pll|clk[0] ; 10.000       ; -0.029     ; 10.956     ;
; -0.945 ; SOPC:inst2|SOPC_cpu:cpu|A_mem_baddr[14] ; SOPC:inst2|SOPC_sdram:sdram|SOPC_sdram_input_efifo_module:the_SOPC_sdram_input_efifo_module|entry_0[28] ; inst|altpll_component|pll|clk[0] ; inst|altpll_component|pll|clk[0] ; 10.000       ; -0.029     ; 10.956     ;
; -0.945 ; SOPC:inst2|SOPC_cpu:cpu|A_mem_baddr[14] ; SOPC:inst2|SOPC_sdram:sdram|SOPC_sdram_input_efifo_module:the_SOPC_sdram_input_efifo_module|entry_0[25] ; inst|altpll_component|pll|clk[0] ; inst|altpll_component|pll|clk[0] ; 10.000       ; -0.029     ; 10.956     ;
; -0.943 ; SOPC:inst2|SOPC_cpu:cpu|A_mem_baddr[21] ; SOPC:inst2|SOPC_sdram:sdram|SOPC_sdram_input_efifo_module:the_SOPC_sdram_input_efifo_module|entry_0[27] ; inst|altpll_component|pll|clk[0] ; inst|altpll_component|pll|clk[0] ; 10.000       ; -0.003     ; 10.980     ;
; -0.943 ; SOPC:inst2|SOPC_cpu:cpu|A_mem_baddr[21] ; SOPC:inst2|SOPC_sdram:sdram|SOPC_sdram_input_efifo_module:the_SOPC_sdram_input_efifo_module|entry_0[16] ; inst|altpll_component|pll|clk[0] ; inst|altpll_component|pll|clk[0] ; 10.000       ; -0.003     ; 10.980     ;
; -0.942 ; SOPC:inst2|SOPC_cpu:cpu|A_mem_baddr[18] ; SOPC:inst2|SOPC_sdram:sdram|SOPC_sdram_input_efifo_module:the_SOPC_sdram_input_efifo_module|entry_1[27] ; inst|altpll_component|pll|clk[0] ; inst|altpll_component|pll|clk[0] ; 10.000       ; -0.014     ; 10.968     ;
; -0.942 ; SOPC:inst2|SOPC_cpu:cpu|A_mem_baddr[18] ; SOPC:inst2|SOPC_sdram:sdram|SOPC_sdram_input_efifo_module:the_SOPC_sdram_input_efifo_module|entry_1[16] ; inst|altpll_component|pll|clk[0] ; inst|altpll_component|pll|clk[0] ; 10.000       ; -0.014     ; 10.968     ;
; -0.937 ; SOPC:inst2|SOPC_cpu:cpu|A_mem_baddr[18] ; SOPC:inst2|SOPC_epcs:epcs|SOPC_epcs_sub:the_SOPC_epcs_sub|EOP                                           ; inst|altpll_component|pll|clk[0] ; inst|altpll_component|pll|clk[0] ; 10.000       ; -0.013     ; 10.964     ;
; -0.936 ; SOPC:inst2|SOPC_cpu:cpu|A_mem_baddr[15] ; SOPC:inst2|SOPC_sdram:sdram|SOPC_sdram_input_efifo_module:the_SOPC_sdram_input_efifo_module|entry_0[33] ; inst|altpll_component|pll|clk[0] ; inst|altpll_component|pll|clk[0] ; 10.000       ; -0.025     ; 10.951     ;
; -0.936 ; SOPC:inst2|SOPC_cpu:cpu|A_mem_baddr[15] ; SOPC:inst2|SOPC_sdram:sdram|SOPC_sdram_input_efifo_module:the_SOPC_sdram_input_efifo_module|entry_0[34] ; inst|altpll_component|pll|clk[0] ; inst|altpll_component|pll|clk[0] ; 10.000       ; -0.025     ; 10.951     ;
; -0.936 ; SOPC:inst2|SOPC_cpu:cpu|A_mem_baddr[15] ; SOPC:inst2|SOPC_sdram:sdram|SOPC_sdram_input_efifo_module:the_SOPC_sdram_input_efifo_module|entry_0[31] ; inst|altpll_component|pll|clk[0] ; inst|altpll_component|pll|clk[0] ; 10.000       ; -0.025     ; 10.951     ;
; -0.936 ; SOPC:inst2|SOPC_cpu:cpu|A_mem_baddr[15] ; SOPC:inst2|SOPC_sdram:sdram|SOPC_sdram_input_efifo_module:the_SOPC_sdram_input_efifo_module|entry_0[32] ; inst|altpll_component|pll|clk[0] ; inst|altpll_component|pll|clk[0] ; 10.000       ; -0.025     ; 10.951     ;
; -0.936 ; SOPC:inst2|SOPC_cpu:cpu|A_mem_baddr[15] ; SOPC:inst2|SOPC_sdram:sdram|SOPC_sdram_input_efifo_module:the_SOPC_sdram_input_efifo_module|entry_0[41] ; inst|altpll_component|pll|clk[0] ; inst|altpll_component|pll|clk[0] ; 10.000       ; -0.025     ; 10.951     ;
; -0.936 ; SOPC:inst2|SOPC_cpu:cpu|A_mem_baddr[15] ; SOPC:inst2|SOPC_sdram:sdram|SOPC_sdram_input_efifo_module:the_SOPC_sdram_input_efifo_module|entry_0[28] ; inst|altpll_component|pll|clk[0] ; inst|altpll_component|pll|clk[0] ; 10.000       ; -0.025     ; 10.951     ;
; -0.936 ; SOPC:inst2|SOPC_cpu:cpu|A_mem_baddr[15] ; SOPC:inst2|SOPC_sdram:sdram|SOPC_sdram_input_efifo_module:the_SOPC_sdram_input_efifo_module|entry_0[25] ; inst|altpll_component|pll|clk[0] ; inst|altpll_component|pll|clk[0] ; 10.000       ; -0.025     ; 10.951     ;
; -0.928 ; SOPC:inst2|SOPC_cpu:cpu|A_mem_baddr[12] ; SOPC:inst2|SOPC_sdram:sdram|SOPC_sdram_input_efifo_module:the_SOPC_sdram_input_efifo_module|entry_1[27] ; inst|altpll_component|pll|clk[0] ; inst|altpll_component|pll|clk[0] ; 10.000       ; -0.012     ; 10.956     ;
; -0.928 ; SOPC:inst2|SOPC_cpu:cpu|A_mem_baddr[12] ; SOPC:inst2|SOPC_sdram:sdram|SOPC_sdram_input_efifo_module:the_SOPC_sdram_input_efifo_module|entry_1[16] ; inst|altpll_component|pll|clk[0] ; inst|altpll_component|pll|clk[0] ; 10.000       ; -0.012     ; 10.956     ;
; -0.922 ; SOPC:inst2|SOPC_cpu:cpu|A_mem_baddr[25] ; SOPC:inst2|SOPC_sdram:sdram|SOPC_sdram_input_efifo_module:the_SOPC_sdram_input_efifo_module|entry_1[27] ; inst|altpll_component|pll|clk[0] ; inst|altpll_component|pll|clk[0] ; 10.000       ; -0.012     ; 10.950     ;
; -0.922 ; SOPC:inst2|SOPC_cpu:cpu|A_mem_baddr[25] ; SOPC:inst2|SOPC_sdram:sdram|SOPC_sdram_input_efifo_module:the_SOPC_sdram_input_efifo_module|entry_1[16] ; inst|altpll_component|pll|clk[0] ; inst|altpll_component|pll|clk[0] ; 10.000       ; -0.012     ; 10.950     ;
; -0.919 ; SOPC:inst2|SOPC_cpu:cpu|A_mem_baddr[21] ; SOPC:inst2|SOPC_sdram:sdram|SOPC_sdram_input_efifo_module:the_SOPC_sdram_input_efifo_module|entry_1[27] ; inst|altpll_component|pll|clk[0] ; inst|altpll_component|pll|clk[0] ; 10.000       ; -0.003     ; 10.956     ;
; -0.919 ; SOPC:inst2|SOPC_cpu:cpu|A_mem_baddr[21] ; SOPC:inst2|SOPC_sdram:sdram|SOPC_sdram_input_efifo_module:the_SOPC_sdram_input_efifo_module|entry_1[16] ; inst|altpll_component|pll|clk[0] ; inst|altpll_component|pll|clk[0] ; 10.000       ; -0.003     ; 10.956     ;
; -0.917 ; SOPC:inst2|SOPC_cpu:cpu|A_mem_baddr[25] ; SOPC:inst2|SOPC_epcs:epcs|SOPC_epcs_sub:the_SOPC_epcs_sub|EOP                                           ; inst|altpll_component|pll|clk[0] ; inst|altpll_component|pll|clk[0] ; 10.000       ; -0.011     ; 10.946     ;
; -0.914 ; SOPC:inst2|SOPC_cpu:cpu|A_mem_baddr[21] ; SOPC:inst2|SOPC_epcs:epcs|SOPC_epcs_sub:the_SOPC_epcs_sub|EOP                                           ; inst|altpll_component|pll|clk[0] ; inst|altpll_component|pll|clk[0] ; 10.000       ; -0.002     ; 10.952     ;
; -0.913 ; SOPC:inst2|SOPC_cpu:cpu|A_mem_baddr[14] ; SOPC:inst2|SOPC_sdram:sdram|SOPC_sdram_input_efifo_module:the_SOPC_sdram_input_efifo_module|entry_1[33] ; inst|altpll_component|pll|clk[0] ; inst|altpll_component|pll|clk[0] ; 10.000       ; -0.029     ; 10.924     ;
; -0.913 ; SOPC:inst2|SOPC_cpu:cpu|A_mem_baddr[14] ; SOPC:inst2|SOPC_sdram:sdram|SOPC_sdram_input_efifo_module:the_SOPC_sdram_input_efifo_module|entry_1[34] ; inst|altpll_component|pll|clk[0] ; inst|altpll_component|pll|clk[0] ; 10.000       ; -0.029     ; 10.924     ;
; -0.913 ; SOPC:inst2|SOPC_cpu:cpu|A_mem_baddr[14] ; SOPC:inst2|SOPC_sdram:sdram|SOPC_sdram_input_efifo_module:the_SOPC_sdram_input_efifo_module|entry_1[31] ; inst|altpll_component|pll|clk[0] ; inst|altpll_component|pll|clk[0] ; 10.000       ; -0.029     ; 10.924     ;
; -0.913 ; SOPC:inst2|SOPC_cpu:cpu|A_mem_baddr[14] ; SOPC:inst2|SOPC_sdram:sdram|SOPC_sdram_input_efifo_module:the_SOPC_sdram_input_efifo_module|entry_1[32] ; inst|altpll_component|pll|clk[0] ; inst|altpll_component|pll|clk[0] ; 10.000       ; -0.029     ; 10.924     ;
; -0.913 ; SOPC:inst2|SOPC_cpu:cpu|A_mem_baddr[14] ; SOPC:inst2|SOPC_sdram:sdram|SOPC_sdram_input_efifo_module:the_SOPC_sdram_input_efifo_module|entry_1[41] ; inst|altpll_component|pll|clk[0] ; inst|altpll_component|pll|clk[0] ; 10.000       ; -0.029     ; 10.924     ;
; -0.913 ; SOPC:inst2|SOPC_cpu:cpu|A_mem_baddr[14] ; SOPC:inst2|SOPC_sdram:sdram|SOPC_sdram_input_efifo_module:the_SOPC_sdram_input_efifo_module|entry_1[28] ; inst|altpll_component|pll|clk[0] ; inst|altpll_component|pll|clk[0] ; 10.000       ; -0.029     ; 10.924     ;
; -0.913 ; SOPC:inst2|SOPC_cpu:cpu|A_mem_baddr[14] ; SOPC:inst2|SOPC_sdram:sdram|SOPC_sdram_input_efifo_module:the_SOPC_sdram_input_efifo_module|entry_1[25] ; inst|altpll_component|pll|clk[0] ; inst|altpll_component|pll|clk[0] ; 10.000       ; -0.029     ; 10.924     ;
; -0.913 ; SOPC:inst2|SOPC_cpu:cpu|A_mem_baddr[19] ; SOPC:inst2|SOPC_sdram:sdram|SOPC_sdram_input_efifo_module:the_SOPC_sdram_input_efifo_module|entry_0[27] ; inst|altpll_component|pll|clk[0] ; inst|altpll_component|pll|clk[0] ; 10.000       ; -0.003     ; 10.950     ;
; -0.913 ; SOPC:inst2|SOPC_cpu:cpu|A_mem_baddr[19] ; SOPC:inst2|SOPC_sdram:sdram|SOPC_sdram_input_efifo_module:the_SOPC_sdram_input_efifo_module|entry_0[16] ; inst|altpll_component|pll|clk[0] ; inst|altpll_component|pll|clk[0] ; 10.000       ; -0.003     ; 10.950     ;
; -0.912 ; SOPC:inst2|SOPC_cpu:cpu|A_mem_baddr[18] ; SOPC:inst2|SOPC_sdram:sdram|SOPC_sdram_input_efifo_module:the_SOPC_sdram_input_efifo_module|entry_0[33] ; inst|altpll_component|pll|clk[0] ; inst|altpll_component|pll|clk[0] ; 10.000       ; -0.025     ; 10.927     ;
; -0.912 ; SOPC:inst2|SOPC_cpu:cpu|A_mem_baddr[18] ; SOPC:inst2|SOPC_sdram:sdram|SOPC_sdram_input_efifo_module:the_SOPC_sdram_input_efifo_module|entry_0[34] ; inst|altpll_component|pll|clk[0] ; inst|altpll_component|pll|clk[0] ; 10.000       ; -0.025     ; 10.927     ;
; -0.912 ; SOPC:inst2|SOPC_cpu:cpu|A_mem_baddr[18] ; SOPC:inst2|SOPC_sdram:sdram|SOPC_sdram_input_efifo_module:the_SOPC_sdram_input_efifo_module|entry_0[31] ; inst|altpll_component|pll|clk[0] ; inst|altpll_component|pll|clk[0] ; 10.000       ; -0.025     ; 10.927     ;
; -0.912 ; SOPC:inst2|SOPC_cpu:cpu|A_mem_baddr[18] ; SOPC:inst2|SOPC_sdram:sdram|SOPC_sdram_input_efifo_module:the_SOPC_sdram_input_efifo_module|entry_0[32] ; inst|altpll_component|pll|clk[0] ; inst|altpll_component|pll|clk[0] ; 10.000       ; -0.025     ; 10.927     ;
; -0.912 ; SOPC:inst2|SOPC_cpu:cpu|A_mem_baddr[18] ; SOPC:inst2|SOPC_sdram:sdram|SOPC_sdram_input_efifo_module:the_SOPC_sdram_input_efifo_module|entry_0[41] ; inst|altpll_component|pll|clk[0] ; inst|altpll_component|pll|clk[0] ; 10.000       ; -0.025     ; 10.927     ;
; -0.912 ; SOPC:inst2|SOPC_cpu:cpu|A_mem_baddr[18] ; SOPC:inst2|SOPC_sdram:sdram|SOPC_sdram_input_efifo_module:the_SOPC_sdram_input_efifo_module|entry_0[28] ; inst|altpll_component|pll|clk[0] ; inst|altpll_component|pll|clk[0] ; 10.000       ; -0.025     ; 10.927     ;
; -0.912 ; SOPC:inst2|SOPC_cpu:cpu|A_mem_baddr[18] ; SOPC:inst2|SOPC_sdram:sdram|SOPC_sdram_input_efifo_module:the_SOPC_sdram_input_efifo_module|entry_0[25] ; inst|altpll_component|pll|clk[0] ; inst|altpll_component|pll|clk[0] ; 10.000       ; -0.025     ; 10.927     ;
; -0.904 ; SOPC:inst2|SOPC_cpu:cpu|A_mem_baddr[15] ; SOPC:inst2|SOPC_sdram:sdram|SOPC_sdram_input_efifo_module:the_SOPC_sdram_input_efifo_module|entry_1[33] ; inst|altpll_component|pll|clk[0] ; inst|altpll_component|pll|clk[0] ; 10.000       ; -0.025     ; 10.919     ;
; -0.904 ; SOPC:inst2|SOPC_cpu:cpu|A_mem_baddr[15] ; SOPC:inst2|SOPC_sdram:sdram|SOPC_sdram_input_efifo_module:the_SOPC_sdram_input_efifo_module|entry_1[34] ; inst|altpll_component|pll|clk[0] ; inst|altpll_component|pll|clk[0] ; 10.000       ; -0.025     ; 10.919     ;
; -0.904 ; SOPC:inst2|SOPC_cpu:cpu|A_mem_baddr[15] ; SOPC:inst2|SOPC_sdram:sdram|SOPC_sdram_input_efifo_module:the_SOPC_sdram_input_efifo_module|entry_1[31] ; inst|altpll_component|pll|clk[0] ; inst|altpll_component|pll|clk[0] ; 10.000       ; -0.025     ; 10.919     ;
; -0.904 ; SOPC:inst2|SOPC_cpu:cpu|A_mem_baddr[15] ; SOPC:inst2|SOPC_sdram:sdram|SOPC_sdram_input_efifo_module:the_SOPC_sdram_input_efifo_module|entry_1[32] ; inst|altpll_component|pll|clk[0] ; inst|altpll_component|pll|clk[0] ; 10.000       ; -0.025     ; 10.919     ;
; -0.904 ; SOPC:inst2|SOPC_cpu:cpu|A_mem_baddr[15] ; SOPC:inst2|SOPC_sdram:sdram|SOPC_sdram_input_efifo_module:the_SOPC_sdram_input_efifo_module|entry_1[41] ; inst|altpll_component|pll|clk[0] ; inst|altpll_component|pll|clk[0] ; 10.000       ; -0.025     ; 10.919     ;
; -0.904 ; SOPC:inst2|SOPC_cpu:cpu|A_mem_baddr[15] ; SOPC:inst2|SOPC_sdram:sdram|SOPC_sdram_input_efifo_module:the_SOPC_sdram_input_efifo_module|entry_1[28] ; inst|altpll_component|pll|clk[0] ; inst|altpll_component|pll|clk[0] ; 10.000       ; -0.025     ; 10.919     ;
; -0.904 ; SOPC:inst2|SOPC_cpu:cpu|A_mem_baddr[15] ; SOPC:inst2|SOPC_sdram:sdram|SOPC_sdram_input_efifo_module:the_SOPC_sdram_input_efifo_module|entry_1[25] ; inst|altpll_component|pll|clk[0] ; inst|altpll_component|pll|clk[0] ; 10.000       ; -0.025     ; 10.919     ;
; -0.902 ; SOPC:inst2|SOPC_cpu:cpu|A_mem_baddr[26] ; SOPC:inst2|SOPC_sdram:sdram|SOPC_sdram_input_efifo_module:the_SOPC_sdram_input_efifo_module|entry_0[27] ; inst|altpll_component|pll|clk[0] ; inst|altpll_component|pll|clk[0] ; 10.000       ; -0.012     ; 10.930     ;
; -0.902 ; SOPC:inst2|SOPC_cpu:cpu|A_mem_baddr[26] ; SOPC:inst2|SOPC_sdram:sdram|SOPC_sdram_input_efifo_module:the_SOPC_sdram_input_efifo_module|entry_0[16] ; inst|altpll_component|pll|clk[0] ; inst|altpll_component|pll|clk[0] ; 10.000       ; -0.012     ; 10.930     ;
; -0.898 ; SOPC:inst2|SOPC_cpu:cpu|A_mem_baddr[12] ; SOPC:inst2|SOPC_sdram:sdram|SOPC_sdram_input_efifo_module:the_SOPC_sdram_input_efifo_module|entry_0[33] ; inst|altpll_component|pll|clk[0] ; inst|altpll_component|pll|clk[0] ; 10.000       ; -0.023     ; 10.915     ;
; -0.898 ; SOPC:inst2|SOPC_cpu:cpu|A_mem_baddr[12] ; SOPC:inst2|SOPC_sdram:sdram|SOPC_sdram_input_efifo_module:the_SOPC_sdram_input_efifo_module|entry_0[34] ; inst|altpll_component|pll|clk[0] ; inst|altpll_component|pll|clk[0] ; 10.000       ; -0.023     ; 10.915     ;
; -0.898 ; SOPC:inst2|SOPC_cpu:cpu|A_mem_baddr[12] ; SOPC:inst2|SOPC_sdram:sdram|SOPC_sdram_input_efifo_module:the_SOPC_sdram_input_efifo_module|entry_0[31] ; inst|altpll_component|pll|clk[0] ; inst|altpll_component|pll|clk[0] ; 10.000       ; -0.023     ; 10.915     ;
; -0.898 ; SOPC:inst2|SOPC_cpu:cpu|A_mem_baddr[12] ; SOPC:inst2|SOPC_sdram:sdram|SOPC_sdram_input_efifo_module:the_SOPC_sdram_input_efifo_module|entry_0[32] ; inst|altpll_component|pll|clk[0] ; inst|altpll_component|pll|clk[0] ; 10.000       ; -0.023     ; 10.915     ;
; -0.898 ; SOPC:inst2|SOPC_cpu:cpu|A_mem_baddr[12] ; SOPC:inst2|SOPC_sdram:sdram|SOPC_sdram_input_efifo_module:the_SOPC_sdram_input_efifo_module|entry_0[41] ; inst|altpll_component|pll|clk[0] ; inst|altpll_component|pll|clk[0] ; 10.000       ; -0.023     ; 10.915     ;
; -0.898 ; SOPC:inst2|SOPC_cpu:cpu|A_mem_baddr[12] ; SOPC:inst2|SOPC_sdram:sdram|SOPC_sdram_input_efifo_module:the_SOPC_sdram_input_efifo_module|entry_0[28] ; inst|altpll_component|pll|clk[0] ; inst|altpll_component|pll|clk[0] ; 10.000       ; -0.023     ; 10.915     ;
; -0.898 ; SOPC:inst2|SOPC_cpu:cpu|A_mem_baddr[12] ; SOPC:inst2|SOPC_sdram:sdram|SOPC_sdram_input_efifo_module:the_SOPC_sdram_input_efifo_module|entry_0[25] ; inst|altpll_component|pll|clk[0] ; inst|altpll_component|pll|clk[0] ; 10.000       ; -0.023     ; 10.915     ;
; -0.892 ; SOPC:inst2|SOPC_cpu:cpu|A_mem_baddr[25] ; SOPC:inst2|SOPC_sdram:sdram|SOPC_sdram_input_efifo_module:the_SOPC_sdram_input_efifo_module|entry_0[33] ; inst|altpll_component|pll|clk[0] ; inst|altpll_component|pll|clk[0] ; 10.000       ; -0.023     ; 10.909     ;
; -0.892 ; SOPC:inst2|SOPC_cpu:cpu|A_mem_baddr[25] ; SOPC:inst2|SOPC_sdram:sdram|SOPC_sdram_input_efifo_module:the_SOPC_sdram_input_efifo_module|entry_0[34] ; inst|altpll_component|pll|clk[0] ; inst|altpll_component|pll|clk[0] ; 10.000       ; -0.023     ; 10.909     ;
; -0.892 ; SOPC:inst2|SOPC_cpu:cpu|A_mem_baddr[25] ; SOPC:inst2|SOPC_sdram:sdram|SOPC_sdram_input_efifo_module:the_SOPC_sdram_input_efifo_module|entry_0[31] ; inst|altpll_component|pll|clk[0] ; inst|altpll_component|pll|clk[0] ; 10.000       ; -0.023     ; 10.909     ;
; -0.892 ; SOPC:inst2|SOPC_cpu:cpu|A_mem_baddr[25] ; SOPC:inst2|SOPC_sdram:sdram|SOPC_sdram_input_efifo_module:the_SOPC_sdram_input_efifo_module|entry_0[32] ; inst|altpll_component|pll|clk[0] ; inst|altpll_component|pll|clk[0] ; 10.000       ; -0.023     ; 10.909     ;
; -0.892 ; SOPC:inst2|SOPC_cpu:cpu|A_mem_baddr[25] ; SOPC:inst2|SOPC_sdram:sdram|SOPC_sdram_input_efifo_module:the_SOPC_sdram_input_efifo_module|entry_0[41] ; inst|altpll_component|pll|clk[0] ; inst|altpll_component|pll|clk[0] ; 10.000       ; -0.023     ; 10.909     ;
; -0.892 ; SOPC:inst2|SOPC_cpu:cpu|A_mem_baddr[25] ; SOPC:inst2|SOPC_sdram:sdram|SOPC_sdram_input_efifo_module:the_SOPC_sdram_input_efifo_module|entry_0[28] ; inst|altpll_component|pll|clk[0] ; inst|altpll_component|pll|clk[0] ; 10.000       ; -0.023     ; 10.909     ;
; -0.892 ; SOPC:inst2|SOPC_cpu:cpu|A_mem_baddr[25] ; SOPC:inst2|SOPC_sdram:sdram|SOPC_sdram_input_efifo_module:the_SOPC_sdram_input_efifo_module|entry_0[25] ; inst|altpll_component|pll|clk[0] ; inst|altpll_component|pll|clk[0] ; 10.000       ; -0.023     ; 10.909     ;
; -0.889 ; SOPC:inst2|SOPC_cpu:cpu|A_mem_baddr[21] ; SOPC:inst2|SOPC_sdram:sdram|SOPC_sdram_input_efifo_module:the_SOPC_sdram_input_efifo_module|entry_0[33] ; inst|altpll_component|pll|clk[0] ; inst|altpll_component|pll|clk[0] ; 10.000       ; -0.014     ; 10.915     ;
; -0.889 ; SOPC:inst2|SOPC_cpu:cpu|A_mem_baddr[21] ; SOPC:inst2|SOPC_sdram:sdram|SOPC_sdram_input_efifo_module:the_SOPC_sdram_input_efifo_module|entry_0[34] ; inst|altpll_component|pll|clk[0] ; inst|altpll_component|pll|clk[0] ; 10.000       ; -0.014     ; 10.915     ;
; -0.889 ; SOPC:inst2|SOPC_cpu:cpu|A_mem_baddr[21] ; SOPC:inst2|SOPC_sdram:sdram|SOPC_sdram_input_efifo_module:the_SOPC_sdram_input_efifo_module|entry_0[31] ; inst|altpll_component|pll|clk[0] ; inst|altpll_component|pll|clk[0] ; 10.000       ; -0.014     ; 10.915     ;
; -0.889 ; SOPC:inst2|SOPC_cpu:cpu|A_mem_baddr[21] ; SOPC:inst2|SOPC_sdram:sdram|SOPC_sdram_input_efifo_module:the_SOPC_sdram_input_efifo_module|entry_0[32] ; inst|altpll_component|pll|clk[0] ; inst|altpll_component|pll|clk[0] ; 10.000       ; -0.014     ; 10.915     ;
; -0.889 ; SOPC:inst2|SOPC_cpu:cpu|A_mem_baddr[21] ; SOPC:inst2|SOPC_sdram:sdram|SOPC_sdram_input_efifo_module:the_SOPC_sdram_input_efifo_module|entry_0[41] ; inst|altpll_component|pll|clk[0] ; inst|altpll_component|pll|clk[0] ; 10.000       ; -0.014     ; 10.915     ;
; -0.889 ; SOPC:inst2|SOPC_cpu:cpu|A_mem_baddr[21] ; SOPC:inst2|SOPC_sdram:sdram|SOPC_sdram_input_efifo_module:the_SOPC_sdram_input_efifo_module|entry_0[28] ; inst|altpll_component|pll|clk[0] ; inst|altpll_component|pll|clk[0] ; 10.000       ; -0.014     ; 10.915     ;
; -0.889 ; SOPC:inst2|SOPC_cpu:cpu|A_mem_baddr[21] ; SOPC:inst2|SOPC_sdram:sdram|SOPC_sdram_input_efifo_module:the_SOPC_sdram_input_efifo_module|entry_0[25] ; inst|altpll_component|pll|clk[0] ; inst|altpll_component|pll|clk[0] ; 10.000       ; -0.014     ; 10.915     ;
; -0.889 ; SOPC:inst2|SOPC_cpu:cpu|A_mem_baddr[19] ; SOPC:inst2|SOPC_sdram:sdram|SOPC_sdram_input_efifo_module:the_SOPC_sdram_input_efifo_module|entry_1[27] ; inst|altpll_component|pll|clk[0] ; inst|altpll_component|pll|clk[0] ; 10.000       ; -0.003     ; 10.926     ;
; -0.889 ; SOPC:inst2|SOPC_cpu:cpu|A_mem_baddr[19] ; SOPC:inst2|SOPC_sdram:sdram|SOPC_sdram_input_efifo_module:the_SOPC_sdram_input_efifo_module|entry_1[16] ; inst|altpll_component|pll|clk[0] ; inst|altpll_component|pll|clk[0] ; 10.000       ; -0.003     ; 10.926     ;
; -0.884 ; SOPC:inst2|SOPC_cpu:cpu|A_mem_baddr[19] ; SOPC:inst2|SOPC_epcs:epcs|SOPC_epcs_sub:the_SOPC_epcs_sub|EOP                                           ; inst|altpll_component|pll|clk[0] ; inst|altpll_component|pll|clk[0] ; 10.000       ; -0.002     ; 10.922     ;
; -0.880 ; SOPC:inst2|SOPC_cpu:cpu|A_mem_baddr[18] ; SOPC:inst2|SOPC_sdram:sdram|SOPC_sdram_input_efifo_module:the_SOPC_sdram_input_efifo_module|entry_1[33] ; inst|altpll_component|pll|clk[0] ; inst|altpll_component|pll|clk[0] ; 10.000       ; -0.025     ; 10.895     ;
; -0.880 ; SOPC:inst2|SOPC_cpu:cpu|A_mem_baddr[18] ; SOPC:inst2|SOPC_sdram:sdram|SOPC_sdram_input_efifo_module:the_SOPC_sdram_input_efifo_module|entry_1[34] ; inst|altpll_component|pll|clk[0] ; inst|altpll_component|pll|clk[0] ; 10.000       ; -0.025     ; 10.895     ;
; -0.880 ; SOPC:inst2|SOPC_cpu:cpu|A_mem_baddr[18] ; SOPC:inst2|SOPC_sdram:sdram|SOPC_sdram_input_efifo_module:the_SOPC_sdram_input_efifo_module|entry_1[31] ; inst|altpll_component|pll|clk[0] ; inst|altpll_component|pll|clk[0] ; 10.000       ; -0.025     ; 10.895     ;
; -0.880 ; SOPC:inst2|SOPC_cpu:cpu|A_mem_baddr[18] ; SOPC:inst2|SOPC_sdram:sdram|SOPC_sdram_input_efifo_module:the_SOPC_sdram_input_efifo_module|entry_1[32] ; inst|altpll_component|pll|clk[0] ; inst|altpll_component|pll|clk[0] ; 10.000       ; -0.025     ; 10.895     ;
; -0.880 ; SOPC:inst2|SOPC_cpu:cpu|A_mem_baddr[18] ; SOPC:inst2|SOPC_sdram:sdram|SOPC_sdram_input_efifo_module:the_SOPC_sdram_input_efifo_module|entry_1[41] ; inst|altpll_component|pll|clk[0] ; inst|altpll_component|pll|clk[0] ; 10.000       ; -0.025     ; 10.895     ;
; -0.880 ; SOPC:inst2|SOPC_cpu:cpu|A_mem_baddr[18] ; SOPC:inst2|SOPC_sdram:sdram|SOPC_sdram_input_efifo_module:the_SOPC_sdram_input_efifo_module|entry_1[28] ; inst|altpll_component|pll|clk[0] ; inst|altpll_component|pll|clk[0] ; 10.000       ; -0.025     ; 10.895     ;
; -0.880 ; SOPC:inst2|SOPC_cpu:cpu|A_mem_baddr[18] ; SOPC:inst2|SOPC_sdram:sdram|SOPC_sdram_input_efifo_module:the_SOPC_sdram_input_efifo_module|entry_1[25] ; inst|altpll_component|pll|clk[0] ; inst|altpll_component|pll|clk[0] ; 10.000       ; -0.025     ; 10.895     ;
; -0.879 ; SOPC:inst2|SOPC_cpu:cpu|A_mem_baddr[9]  ; SOPC:inst2|SOPC_sdram:sdram|SOPC_sdram_input_efifo_module:the_SOPC_sdram_input_efifo_module|entry_0[27] ; inst|altpll_component|pll|clk[0] ; inst|altpll_component|pll|clk[0] ; 10.000       ; -0.011     ; 10.908     ;
+--------+-----------------------------------------+---------------------------------------------------------------------------------------------------------+----------------------------------+----------------------------------+--------------+------------+------------+


+------------------------------------------------------------------------------------------------------------------------------------------------------------------------------------------------------------------------------------------------------------------------------------------------------------------------------------------------------------------------------------------------------------------------------------------------------------------------------------------------------------+
; Slow Model Hold: 'inst|altpll_component|pll|clk[0]'                                                                                                                                                                                                                                                                                                                                                                                                                                                        ;
+-------+------------------------------------------------------------------------------------------------------------------------------------------------------------------------------------------+------------------------------------------------------------------------------------------------------------------------------------------------------------------------------------------+----------------------------------+----------------------------------+--------------+------------+------------+
; Slack ; From Node                                                                                                                                                                                ; To Node                                                                                                                                                                                  ; Launch Clock                     ; Latch Clock                      ; Relationship ; Clock Skew ; Data Delay ;
+-------+------------------------------------------------------------------------------------------------------------------------------------------------------------------------------------------+------------------------------------------------------------------------------------------------------------------------------------------------------------------------------------------+----------------------------------+----------------------------------+--------------+------------+------------+
; 0.499 ; SOPC:inst2|SOPC_cpu:cpu|SOPC_cpu_nios2_oci:the_SOPC_cpu_nios2_oci|SOPC_cpu_nios2_ocimem:the_SOPC_cpu_nios2_ocimem|jtag_rd                                                                ; SOPC:inst2|SOPC_cpu:cpu|SOPC_cpu_nios2_oci:the_SOPC_cpu_nios2_oci|SOPC_cpu_nios2_ocimem:the_SOPC_cpu_nios2_ocimem|jtag_rd                                                                ; inst|altpll_component|pll|clk[0] ; inst|altpll_component|pll|clk[0] ; 0.000        ; 0.000      ; 0.805      ;
; 0.499 ; SOPC:inst2|SOPC_cpu:cpu|A_mul_cnt[0]                                                                                                                                                     ; SOPC:inst2|SOPC_cpu:cpu|A_mul_cnt[0]                                                                                                                                                     ; inst|altpll_component|pll|clk[0] ; inst|altpll_component|pll|clk[0] ; 0.000        ; 0.000      ; 0.805      ;
; 0.499 ; SOPC:inst2|SOPC_cpu:cpu|A_mul_cnt[1]                                                                                                                                                     ; SOPC:inst2|SOPC_cpu:cpu|A_mul_cnt[1]                                                                                                                                                     ; inst|altpll_component|pll|clk[0] ; inst|altpll_component|pll|clk[0] ; 0.000        ; 0.000      ; 0.805      ;
; 0.499 ; SOPC:inst2|SOPC_cpu:cpu|A_mul_cnt[2]                                                                                                                                                     ; SOPC:inst2|SOPC_cpu:cpu|A_mul_cnt[2]                                                                                                                                                     ; inst|altpll_component|pll|clk[0] ; inst|altpll_component|pll|clk[0] ; 0.000        ; 0.000      ; 0.805      ;
; 0.499 ; SOPC:inst2|SOPC_cpu:cpu|A_mul_stall                                                                                                                                                      ; SOPC:inst2|SOPC_cpu:cpu|A_mul_stall                                                                                                                                                      ; inst|altpll_component|pll|clk[0] ; inst|altpll_component|pll|clk[0] ; 0.000        ; 0.000      ; 0.805      ;
; 0.499 ; SOPC:inst2|altera_merlin_width_adapter:width_adapter|use_reg                                                                                                                             ; SOPC:inst2|altera_merlin_width_adapter:width_adapter|use_reg                                                                                                                             ; inst|altpll_component|pll|clk[0] ; inst|altpll_component|pll|clk[0] ; 0.000        ; 0.000      ; 0.805      ;
; 0.499 ; SOPC:inst2|altera_avalon_sc_fifo:sdram_s1_translator_avalon_universal_slave_0_agent_rdata_fifo|rd_ptr[1]                                                                                 ; SOPC:inst2|altera_avalon_sc_fifo:sdram_s1_translator_avalon_universal_slave_0_agent_rdata_fifo|rd_ptr[1]                                                                                 ; inst|altpll_component|pll|clk[0] ; inst|altpll_component|pll|clk[0] ; 0.000        ; 0.000      ; 0.805      ;
; 0.499 ; SOPC:inst2|SOPC_cpu:cpu|d_write~reg0                                                                                                                                                     ; SOPC:inst2|SOPC_cpu:cpu|d_write~reg0                                                                                                                                                     ; inst|altpll_component|pll|clk[0] ; inst|altpll_component|pll|clk[0] ; 0.000        ; 0.000      ; 0.805      ;
; 0.499 ; SOPC:inst2|SOPC_sdram:sdram|SOPC_sdram_input_efifo_module:the_SOPC_sdram_input_efifo_module|entries[0]                                                                                   ; SOPC:inst2|SOPC_sdram:sdram|SOPC_sdram_input_efifo_module:the_SOPC_sdram_input_efifo_module|entries[0]                                                                                   ; inst|altpll_component|pll|clk[0] ; inst|altpll_component|pll|clk[0] ; 0.000        ; 0.000      ; 0.805      ;
; 0.499 ; SOPC:inst2|altera_avalon_sc_fifo:sdram_s1_translator_avalon_universal_slave_0_agent_rsp_fifo|mem_used[7]                                                                                 ; SOPC:inst2|altera_avalon_sc_fifo:sdram_s1_translator_avalon_universal_slave_0_agent_rsp_fifo|mem_used[7]                                                                                 ; inst|altpll_component|pll|clk[0] ; inst|altpll_component|pll|clk[0] ; 0.000        ; 0.000      ; 0.805      ;
; 0.499 ; SOPC:inst2|SOPC_sdram:sdram|SOPC_sdram_input_efifo_module:the_SOPC_sdram_input_efifo_module|entries[1]                                                                                   ; SOPC:inst2|SOPC_sdram:sdram|SOPC_sdram_input_efifo_module:the_SOPC_sdram_input_efifo_module|entries[1]                                                                                   ; inst|altpll_component|pll|clk[0] ; inst|altpll_component|pll|clk[0] ; 0.000        ; 0.000      ; 0.805      ;
; 0.499 ; SOPC:inst2|SOPC_sdram:sdram|i_next.000                                                                                                                                                   ; SOPC:inst2|SOPC_sdram:sdram|i_next.000                                                                                                                                                   ; inst|altpll_component|pll|clk[0] ; inst|altpll_component|pll|clk[0] ; 0.000        ; 0.000      ; 0.805      ;
; 0.499 ; SOPC:inst2|SOPC_sdram:sdram|i_state.000                                                                                                                                                  ; SOPC:inst2|SOPC_sdram:sdram|i_state.000                                                                                                                                                  ; inst|altpll_component|pll|clk[0] ; inst|altpll_component|pll|clk[0] ; 0.000        ; 0.000      ; 0.805      ;
; 0.499 ; SOPC:inst2|SOPC_sdram:sdram|i_refs[0]                                                                                                                                                    ; SOPC:inst2|SOPC_sdram:sdram|i_refs[0]                                                                                                                                                    ; inst|altpll_component|pll|clk[0] ; inst|altpll_component|pll|clk[0] ; 0.000        ; 0.000      ; 0.805      ;
; 0.499 ; SOPC:inst2|SOPC_sdram:sdram|i_refs[1]                                                                                                                                                    ; SOPC:inst2|SOPC_sdram:sdram|i_refs[1]                                                                                                                                                    ; inst|altpll_component|pll|clk[0] ; inst|altpll_component|pll|clk[0] ; 0.000        ; 0.000      ; 0.805      ;
; 0.499 ; SOPC:inst2|SOPC_sdram:sdram|i_refs[2]                                                                                                                                                    ; SOPC:inst2|SOPC_sdram:sdram|i_refs[2]                                                                                                                                                    ; inst|altpll_component|pll|clk[0] ; inst|altpll_component|pll|clk[0] ; 0.000        ; 0.000      ; 0.805      ;
; 0.499 ; SOPC:inst2|SOPC_sdram:sdram|i_count[0]                                                                                                                                                   ; SOPC:inst2|SOPC_sdram:sdram|i_count[0]                                                                                                                                                   ; inst|altpll_component|pll|clk[0] ; inst|altpll_component|pll|clk[0] ; 0.000        ; 0.000      ; 0.805      ;
; 0.499 ; SOPC:inst2|SOPC_sdram:sdram|i_count[1]                                                                                                                                                   ; SOPC:inst2|SOPC_sdram:sdram|i_count[1]                                                                                                                                                   ; inst|altpll_component|pll|clk[0] ; inst|altpll_component|pll|clk[0] ; 0.000        ; 0.000      ; 0.805      ;
; 0.499 ; SOPC:inst2|SOPC_sdram:sdram|i_count[2]                                                                                                                                                   ; SOPC:inst2|SOPC_sdram:sdram|i_count[2]                                                                                                                                                   ; inst|altpll_component|pll|clk[0] ; inst|altpll_component|pll|clk[0] ; 0.000        ; 0.000      ; 0.805      ;
; 0.499 ; SOPC:inst2|SOPC_sdram:sdram|i_next.101                                                                                                                                                   ; SOPC:inst2|SOPC_sdram:sdram|i_next.101                                                                                                                                                   ; inst|altpll_component|pll|clk[0] ; inst|altpll_component|pll|clk[0] ; 0.000        ; 0.000      ; 0.805      ;
; 0.499 ; SOPC:inst2|SOPC_sdram:sdram|i_state.101                                                                                                                                                  ; SOPC:inst2|SOPC_sdram:sdram|i_state.101                                                                                                                                                  ; inst|altpll_component|pll|clk[0] ; inst|altpll_component|pll|clk[0] ; 0.000        ; 0.000      ; 0.805      ;
; 0.499 ; SOPC:inst2|SOPC_sdram:sdram|init_done                                                                                                                                                    ; SOPC:inst2|SOPC_sdram:sdram|init_done                                                                                                                                                    ; inst|altpll_component|pll|clk[0] ; inst|altpll_component|pll|clk[0] ; 0.000        ; 0.000      ; 0.805      ;
; 0.499 ; SOPC:inst2|SOPC_sdram:sdram|SOPC_sdram_input_efifo_module:the_SOPC_sdram_input_efifo_module|wr_address                                                                                   ; SOPC:inst2|SOPC_sdram:sdram|SOPC_sdram_input_efifo_module:the_SOPC_sdram_input_efifo_module|wr_address                                                                                   ; inst|altpll_component|pll|clk[0] ; inst|altpll_component|pll|clk[0] ; 0.000        ; 0.000      ; 0.805      ;
; 0.499 ; SOPC:inst2|SOPC_cpu:cpu|SOPC_cpu_nios2_oci:the_SOPC_cpu_nios2_oci|SOPC_cpu_nios2_oci_debug:the_SOPC_cpu_nios2_oci_debug|break_on_reset                                                   ; SOPC:inst2|SOPC_cpu:cpu|SOPC_cpu_nios2_oci:the_SOPC_cpu_nios2_oci|SOPC_cpu_nios2_oci_debug:the_SOPC_cpu_nios2_oci_debug|break_on_reset                                                   ; inst|altpll_component|pll|clk[0] ; inst|altpll_component|pll|clk[0] ; 0.000        ; 0.000      ; 0.805      ;
; 0.499 ; SOPC:inst2|SOPC_cpu:cpu|SOPC_cpu_nios2_oci:the_SOPC_cpu_nios2_oci|SOPC_cpu_nios2_oci_debug:the_SOPC_cpu_nios2_oci_debug|jtag_break                                                       ; SOPC:inst2|SOPC_cpu:cpu|SOPC_cpu_nios2_oci:the_SOPC_cpu_nios2_oci|SOPC_cpu_nios2_oci_debug:the_SOPC_cpu_nios2_oci_debug|jtag_break                                                       ; inst|altpll_component|pll|clk[0] ; inst|altpll_component|pll|clk[0] ; 0.000        ; 0.000      ; 0.805      ;
; 0.499 ; SOPC:inst2|altera_merlin_slave_translator:epcs_epcs_control_port_translator|wait_latency_counter[0]                                                                                      ; SOPC:inst2|altera_merlin_slave_translator:epcs_epcs_control_port_translator|wait_latency_counter[0]                                                                                      ; inst|altpll_component|pll|clk[0] ; inst|altpll_component|pll|clk[0] ; 0.000        ; 0.000      ; 0.805      ;
; 0.499 ; SOPC:inst2|SOPC_sdram:sdram|active_cs_n                                                                                                                                                  ; SOPC:inst2|SOPC_sdram:sdram|active_cs_n                                                                                                                                                  ; inst|altpll_component|pll|clk[0] ; inst|altpll_component|pll|clk[0] ; 0.000        ; 0.000      ; 0.805      ;
; 0.499 ; SOPC:inst2|altera_avalon_sc_fifo:cpu_jtag_debug_module_translator_avalon_universal_slave_0_agent_rsp_fifo|mem[1][84]                                                                     ; SOPC:inst2|altera_avalon_sc_fifo:cpu_jtag_debug_module_translator_avalon_universal_slave_0_agent_rsp_fifo|mem[1][84]                                                                     ; inst|altpll_component|pll|clk[0] ; inst|altpll_component|pll|clk[0] ; 0.000        ; 0.000      ; 0.805      ;
; 0.499 ; SOPC:inst2|altera_merlin_width_adapter:width_adapter_001|data_reg[9]                                                                                                                     ; SOPC:inst2|altera_merlin_width_adapter:width_adapter_001|data_reg[9]                                                                                                                     ; inst|altpll_component|pll|clk[0] ; inst|altpll_component|pll|clk[0] ; 0.000        ; 0.000      ; 0.805      ;
; 0.499 ; SOPC:inst2|altera_merlin_width_adapter:width_adapter_001|data_reg[10]                                                                                                                    ; SOPC:inst2|altera_merlin_width_adapter:width_adapter_001|data_reg[10]                                                                                                                    ; inst|altpll_component|pll|clk[0] ; inst|altpll_component|pll|clk[0] ; 0.000        ; 0.000      ; 0.805      ;
; 0.499 ; SOPC:inst2|altera_merlin_slave_translator:spi_touch_spi_control_port_translator|wait_latency_counter[0]                                                                                  ; SOPC:inst2|altera_merlin_slave_translator:spi_touch_spi_control_port_translator|wait_latency_counter[0]                                                                                  ; inst|altpll_component|pll|clk[0] ; inst|altpll_component|pll|clk[0] ; 0.000        ; 0.000      ; 0.805      ;
; 0.499 ; SOPC:inst2|altera_avalon_sc_fifo:spi_touch_spi_control_port_translator_avalon_universal_slave_0_agent_rsp_fifo|mem_used[0]                                                               ; SOPC:inst2|altera_avalon_sc_fifo:spi_touch_spi_control_port_translator_avalon_universal_slave_0_agent_rsp_fifo|mem_used[0]                                                               ; inst|altpll_component|pll|clk[0] ; inst|altpll_component|pll|clk[0] ; 0.000        ; 0.000      ; 0.805      ;
; 0.499 ; SOPC:inst2|altera_avalon_sc_fifo:spi_touch_spi_control_port_translator_avalon_universal_slave_0_agent_rsp_fifo|mem_used[1]                                                               ; SOPC:inst2|altera_avalon_sc_fifo:spi_touch_spi_control_port_translator_avalon_universal_slave_0_agent_rsp_fifo|mem_used[1]                                                               ; inst|altpll_component|pll|clk[0] ; inst|altpll_component|pll|clk[0] ; 0.000        ; 0.000      ; 0.805      ;
; 0.499 ; SOPC:inst2|altera_merlin_slave_translator:spi_touch_spi_control_port_translator|wait_latency_counter[1]                                                                                  ; SOPC:inst2|altera_merlin_slave_translator:spi_touch_spi_control_port_translator|wait_latency_counter[1]                                                                                  ; inst|altpll_component|pll|clk[0] ; inst|altpll_component|pll|clk[0] ; 0.000        ; 0.000      ; 0.805      ;
; 0.499 ; SOPC:inst2|SOPC_spi_touch:spi_touch|wr_strobe                                                                                                                                            ; SOPC:inst2|SOPC_spi_touch:spi_touch|wr_strobe                                                                                                                                            ; inst|altpll_component|pll|clk[0] ; inst|altpll_component|pll|clk[0] ; 0.000        ; 0.000      ; 0.805      ;
; 0.499 ; SOPC:inst2|SOPC_spi_touch:spi_touch|slowcount[0]                                                                                                                                         ; SOPC:inst2|SOPC_spi_touch:spi_touch|slowcount[0]                                                                                                                                         ; inst|altpll_component|pll|clk[0] ; inst|altpll_component|pll|clk[0] ; 0.000        ; 0.000      ; 0.805      ;
; 0.499 ; SOPC:inst2|SOPC_spi_touch:spi_touch|state[4]                                                                                                                                             ; SOPC:inst2|SOPC_spi_touch:spi_touch|state[4]                                                                                                                                             ; inst|altpll_component|pll|clk[0] ; inst|altpll_component|pll|clk[0] ; 0.000        ; 0.000      ; 0.805      ;
; 0.499 ; SOPC:inst2|SOPC_spi_touch:spi_touch|transmitting                                                                                                                                         ; SOPC:inst2|SOPC_spi_touch:spi_touch|transmitting                                                                                                                                         ; inst|altpll_component|pll|clk[0] ; inst|altpll_component|pll|clk[0] ; 0.000        ; 0.000      ; 0.805      ;
; 0.499 ; SOPC:inst2|SOPC_spi_touch:spi_touch|tx_holding_primed                                                                                                                                    ; SOPC:inst2|SOPC_spi_touch:spi_touch|tx_holding_primed                                                                                                                                    ; inst|altpll_component|pll|clk[0] ; inst|altpll_component|pll|clk[0] ; 0.000        ; 0.000      ; 0.805      ;
; 0.499 ; SOPC:inst2|altera_merlin_slave_translator:lcd32_data_s1_translator|wait_latency_counter[1]                                                                                               ; SOPC:inst2|altera_merlin_slave_translator:lcd32_data_s1_translator|wait_latency_counter[1]                                                                                               ; inst|altpll_component|pll|clk[0] ; inst|altpll_component|pll|clk[0] ; 0.000        ; 0.000      ; 0.805      ;
; 0.499 ; SOPC:inst2|altera_merlin_slave_translator:lcd32_data_s1_translator|wait_latency_counter[0]                                                                                               ; SOPC:inst2|altera_merlin_slave_translator:lcd32_data_s1_translator|wait_latency_counter[0]                                                                                               ; inst|altpll_component|pll|clk[0] ; inst|altpll_component|pll|clk[0] ; 0.000        ; 0.000      ; 0.805      ;
; 0.499 ; SOPC:inst2|SOPC_epcs:epcs|SOPC_epcs_sub:the_SOPC_epcs_sub|slowcount[0]                                                                                                                   ; SOPC:inst2|SOPC_epcs:epcs|SOPC_epcs_sub:the_SOPC_epcs_sub|slowcount[0]                                                                                                                   ; inst|altpll_component|pll|clk[0] ; inst|altpll_component|pll|clk[0] ; 0.000        ; 0.000      ; 0.805      ;
; 0.499 ; SOPC:inst2|SOPC_epcs:epcs|SOPC_epcs_sub:the_SOPC_epcs_sub|state[4]                                                                                                                       ; SOPC:inst2|SOPC_epcs:epcs|SOPC_epcs_sub:the_SOPC_epcs_sub|state[4]                                                                                                                       ; inst|altpll_component|pll|clk[0] ; inst|altpll_component|pll|clk[0] ; 0.000        ; 0.000      ; 0.805      ;
; 0.499 ; SOPC:inst2|SOPC_epcs:epcs|SOPC_epcs_sub:the_SOPC_epcs_sub|transmitting                                                                                                                   ; SOPC:inst2|SOPC_epcs:epcs|SOPC_epcs_sub:the_SOPC_epcs_sub|transmitting                                                                                                                   ; inst|altpll_component|pll|clk[0] ; inst|altpll_component|pll|clk[0] ; 0.000        ; 0.000      ; 0.805      ;
; 0.499 ; SOPC:inst2|SOPC_epcs:epcs|SOPC_epcs_sub:the_SOPC_epcs_sub|tx_holding_primed                                                                                                              ; SOPC:inst2|SOPC_epcs:epcs|SOPC_epcs_sub:the_SOPC_epcs_sub|tx_holding_primed                                                                                                              ; inst|altpll_component|pll|clk[0] ; inst|altpll_component|pll|clk[0] ; 0.000        ; 0.000      ; 0.805      ;
; 0.499 ; SOPC:inst2|SOPC_cpu:cpu|ic_fill_line[1]                                                                                                                                                  ; SOPC:inst2|SOPC_cpu:cpu|ic_fill_line[1]                                                                                                                                                  ; inst|altpll_component|pll|clk[0] ; inst|altpll_component|pll|clk[0] ; 0.000        ; 0.000      ; 0.805      ;
; 0.499 ; SOPC:inst2|SOPC_cpu:cpu|ic_fill_line[0]                                                                                                                                                  ; SOPC:inst2|SOPC_cpu:cpu|ic_fill_line[0]                                                                                                                                                  ; inst|altpll_component|pll|clk[0] ; inst|altpll_component|pll|clk[0] ; 0.000        ; 0.000      ; 0.805      ;
; 0.499 ; SOPC:inst2|SOPC_cpu:cpu|ic_fill_line[2]                                                                                                                                                  ; SOPC:inst2|SOPC_cpu:cpu|ic_fill_line[2]                                                                                                                                                  ; inst|altpll_component|pll|clk[0] ; inst|altpll_component|pll|clk[0] ; 0.000        ; 0.000      ; 0.805      ;
; 0.499 ; SOPC:inst2|SOPC_jtag_uart:jtag_uart|av_waitrequest                                                                                                                                       ; SOPC:inst2|SOPC_jtag_uart:jtag_uart|av_waitrequest                                                                                                                                       ; inst|altpll_component|pll|clk[0] ; inst|altpll_component|pll|clk[0] ; 0.000        ; 0.000      ; 0.805      ;
; 0.499 ; SOPC:inst2|SOPC_jtag_uart:jtag_uart|SOPC_jtag_uart_scfifo_r:the_SOPC_jtag_uart_scfifo_r|scfifo:rfifo|scfifo_1n21:auto_generated|a_dpfifo_8t21:dpfifo|a_fefifo_7cf:fifo_state|b_non_empty ; SOPC:inst2|SOPC_jtag_uart:jtag_uart|SOPC_jtag_uart_scfifo_r:the_SOPC_jtag_uart_scfifo_r|scfifo:rfifo|scfifo_1n21:auto_generated|a_dpfifo_8t21:dpfifo|a_fefifo_7cf:fifo_state|b_non_empty ; inst|altpll_component|pll|clk[0] ; inst|altpll_component|pll|clk[0] ; 0.000        ; 0.000      ; 0.805      ;
; 0.499 ; SOPC:inst2|SOPC_jtag_uart:jtag_uart|SOPC_jtag_uart_scfifo_r:the_SOPC_jtag_uart_scfifo_r|scfifo:rfifo|scfifo_1n21:auto_generated|a_dpfifo_8t21:dpfifo|a_fefifo_7cf:fifo_state|b_full      ; SOPC:inst2|SOPC_jtag_uart:jtag_uart|SOPC_jtag_uart_scfifo_r:the_SOPC_jtag_uart_scfifo_r|scfifo:rfifo|scfifo_1n21:auto_generated|a_dpfifo_8t21:dpfifo|a_fefifo_7cf:fifo_state|b_full      ; inst|altpll_component|pll|clk[0] ; inst|altpll_component|pll|clk[0] ; 0.000        ; 0.000      ; 0.805      ;
; 0.499 ; SOPC:inst2|SOPC_jtag_uart:jtag_uart|ac                                                                                                                                                   ; SOPC:inst2|SOPC_jtag_uart:jtag_uart|ac                                                                                                                                                   ; inst|altpll_component|pll|clk[0] ; inst|altpll_component|pll|clk[0] ; 0.000        ; 0.000      ; 0.805      ;
; 0.499 ; SOPC:inst2|altera_merlin_width_adapter:width_adapter_001|data_reg[15]                                                                                                                    ; SOPC:inst2|altera_merlin_width_adapter:width_adapter_001|data_reg[15]                                                                                                                    ; inst|altpll_component|pll|clk[0] ; inst|altpll_component|pll|clk[0] ; 0.000        ; 0.000      ; 0.805      ;
; 0.499 ; SOPC:inst2|SOPC_jtag_uart:jtag_uart|rvalid                                                                                                                                               ; SOPC:inst2|SOPC_jtag_uart:jtag_uart|rvalid                                                                                                                                               ; inst|altpll_component|pll|clk[0] ; inst|altpll_component|pll|clk[0] ; 0.000        ; 0.000      ; 0.805      ;
; 0.499 ; SOPC:inst2|SOPC_jtag_uart:jtag_uart|alt_jtag_atlantic:SOPC_jtag_uart_alt_jtag_atlantic|r_ena1                                                                                            ; SOPC:inst2|SOPC_jtag_uart:jtag_uart|alt_jtag_atlantic:SOPC_jtag_uart_alt_jtag_atlantic|r_ena1                                                                                            ; inst|altpll_component|pll|clk[0] ; inst|altpll_component|pll|clk[0] ; 0.000        ; 0.000      ; 0.805      ;
; 0.499 ; SOPC:inst2|SOPC_jtag_uart:jtag_uart|SOPC_jtag_uart_scfifo_w:the_SOPC_jtag_uart_scfifo_w|scfifo:wfifo|scfifo_1n21:auto_generated|a_dpfifo_8t21:dpfifo|a_fefifo_7cf:fifo_state|b_non_empty ; SOPC:inst2|SOPC_jtag_uart:jtag_uart|SOPC_jtag_uart_scfifo_w:the_SOPC_jtag_uart_scfifo_w|scfifo:wfifo|scfifo_1n21:auto_generated|a_dpfifo_8t21:dpfifo|a_fefifo_7cf:fifo_state|b_non_empty ; inst|altpll_component|pll|clk[0] ; inst|altpll_component|pll|clk[0] ; 0.000        ; 0.000      ; 0.805      ;
; 0.499 ; SOPC:inst2|SOPC_jtag_uart:jtag_uart|SOPC_jtag_uart_scfifo_w:the_SOPC_jtag_uart_scfifo_w|scfifo:wfifo|scfifo_1n21:auto_generated|a_dpfifo_8t21:dpfifo|a_fefifo_7cf:fifo_state|b_full      ; SOPC:inst2|SOPC_jtag_uart:jtag_uart|SOPC_jtag_uart_scfifo_w:the_SOPC_jtag_uart_scfifo_w|scfifo:wfifo|scfifo_1n21:auto_generated|a_dpfifo_8t21:dpfifo|a_fefifo_7cf:fifo_state|b_full      ; inst|altpll_component|pll|clk[0] ; inst|altpll_component|pll|clk[0] ; 0.000        ; 0.000      ; 0.805      ;
; 0.499 ; SOPC:inst2|altera_merlin_width_adapter:width_adapter_001|data_reg[14]                                                                                                                    ; SOPC:inst2|altera_merlin_width_adapter:width_adapter_001|data_reg[14]                                                                                                                    ; inst|altpll_component|pll|clk[0] ; inst|altpll_component|pll|clk[0] ; 0.000        ; 0.000      ; 0.805      ;
; 0.499 ; SOPC:inst2|SOPC_jtag_uart:jtag_uart|woverflow                                                                                                                                            ; SOPC:inst2|SOPC_jtag_uart:jtag_uart|woverflow                                                                                                                                            ; inst|altpll_component|pll|clk[0] ; inst|altpll_component|pll|clk[0] ; 0.000        ; 0.000      ; 0.805      ;
; 0.499 ; SOPC:inst2|altera_merlin_width_adapter:width_adapter_001|data_reg[13]                                                                                                                    ; SOPC:inst2|altera_merlin_width_adapter:width_adapter_001|data_reg[13]                                                                                                                    ; inst|altpll_component|pll|clk[0] ; inst|altpll_component|pll|clk[0] ; 0.000        ; 0.000      ; 0.805      ;
; 0.499 ; SOPC:inst2|altera_merlin_width_adapter:width_adapter_001|data_reg[6]                                                                                                                     ; SOPC:inst2|altera_merlin_width_adapter:width_adapter_001|data_reg[6]                                                                                                                     ; inst|altpll_component|pll|clk[0] ; inst|altpll_component|pll|clk[0] ; 0.000        ; 0.000      ; 0.805      ;
; 0.499 ; SOPC:inst2|SOPC_spi_touch:spi_touch|SCLK_reg                                                                                                                                             ; SOPC:inst2|SOPC_spi_touch:spi_touch|SCLK_reg                                                                                                                                             ; inst|altpll_component|pll|clk[0] ; inst|altpll_component|pll|clk[0] ; 0.000        ; 0.000      ; 0.805      ;
; 0.499 ; SOPC:inst2|SOPC_spi_touch:spi_touch|MISO_reg                                                                                                                                             ; SOPC:inst2|SOPC_spi_touch:spi_touch|MISO_reg                                                                                                                                             ; inst|altpll_component|pll|clk[0] ; inst|altpll_component|pll|clk[0] ; 0.000        ; 0.000      ; 0.805      ;
; 0.499 ; SOPC:inst2|SOPC_epcs:epcs|SOPC_epcs_sub:the_SOPC_epcs_sub|SCLK_reg                                                                                                                       ; SOPC:inst2|SOPC_epcs:epcs|SOPC_epcs_sub:the_SOPC_epcs_sub|SCLK_reg                                                                                                                       ; inst|altpll_component|pll|clk[0] ; inst|altpll_component|pll|clk[0] ; 0.000        ; 0.000      ; 0.805      ;
; 0.499 ; SOPC:inst2|SOPC_epcs:epcs|SOPC_epcs_sub:the_SOPC_epcs_sub|MISO_reg                                                                                                                       ; SOPC:inst2|SOPC_epcs:epcs|SOPC_epcs_sub:the_SOPC_epcs_sub|MISO_reg                                                                                                                       ; inst|altpll_component|pll|clk[0] ; inst|altpll_component|pll|clk[0] ; 0.000        ; 0.000      ; 0.805      ;
; 0.499 ; SOPC:inst2|altera_avalon_sc_fifo:sysid_control_slave_translator_avalon_universal_slave_0_agent_rsp_fifo|mem_used[0]                                                                      ; SOPC:inst2|altera_avalon_sc_fifo:sysid_control_slave_translator_avalon_universal_slave_0_agent_rsp_fifo|mem_used[0]                                                                      ; inst|altpll_component|pll|clk[0] ; inst|altpll_component|pll|clk[0] ; 0.000        ; 0.000      ; 0.805      ;
; 0.499 ; SOPC:inst2|altera_merlin_slave_translator:sysid_control_slave_translator|wait_latency_counter[0]                                                                                         ; SOPC:inst2|altera_merlin_slave_translator:sysid_control_slave_translator|wait_latency_counter[0]                                                                                         ; inst|altpll_component|pll|clk[0] ; inst|altpll_component|pll|clk[0] ; 0.000        ; 0.000      ; 0.805      ;
; 0.499 ; SOPC:inst2|altera_avalon_sc_fifo:sysid_control_slave_translator_avalon_universal_slave_0_agent_rsp_fifo|mem_used[1]                                                                      ; SOPC:inst2|altera_avalon_sc_fifo:sysid_control_slave_translator_avalon_universal_slave_0_agent_rsp_fifo|mem_used[1]                                                                      ; inst|altpll_component|pll|clk[0] ; inst|altpll_component|pll|clk[0] ; 0.000        ; 0.000      ; 0.805      ;
; 0.499 ; SOPC:inst2|altera_merlin_width_adapter:width_adapter_001|data_reg[7]                                                                                                                     ; SOPC:inst2|altera_merlin_width_adapter:width_adapter_001|data_reg[7]                                                                                                                     ; inst|altpll_component|pll|clk[0] ; inst|altpll_component|pll|clk[0] ; 0.000        ; 0.000      ; 0.805      ;
; 0.499 ; SOPC:inst2|SOPC_epcs:epcs|SOPC_epcs_sub:the_SOPC_epcs_sub|rd_strobe                                                                                                                      ; SOPC:inst2|SOPC_epcs:epcs|SOPC_epcs_sub:the_SOPC_epcs_sub|rd_strobe                                                                                                                      ; inst|altpll_component|pll|clk[0] ; inst|altpll_component|pll|clk[0] ; 0.000        ; 0.000      ; 0.805      ;
; 0.499 ; SOPC:inst2|SOPC_epcs:epcs|SOPC_epcs_sub:the_SOPC_epcs_sub|RRDY                                                                                                                           ; SOPC:inst2|SOPC_epcs:epcs|SOPC_epcs_sub:the_SOPC_epcs_sub|RRDY                                                                                                                           ; inst|altpll_component|pll|clk[0] ; inst|altpll_component|pll|clk[0] ; 0.000        ; 0.000      ; 0.805      ;
; 0.499 ; SOPC:inst2|SOPC_spi_touch:spi_touch|rd_strobe                                                                                                                                            ; SOPC:inst2|SOPC_spi_touch:spi_touch|rd_strobe                                                                                                                                            ; inst|altpll_component|pll|clk[0] ; inst|altpll_component|pll|clk[0] ; 0.000        ; 0.000      ; 0.805      ;
; 0.499 ; SOPC:inst2|SOPC_spi_touch:spi_touch|RRDY                                                                                                                                                 ; SOPC:inst2|SOPC_spi_touch:spi_touch|RRDY                                                                                                                                                 ; inst|altpll_component|pll|clk[0] ; inst|altpll_component|pll|clk[0] ; 0.000        ; 0.000      ; 0.805      ;
; 0.499 ; SOPC:inst2|altera_avalon_sc_fifo:lcd32_data_s1_translator_avalon_universal_slave_0_agent_rsp_fifo|mem_used[0]                                                                            ; SOPC:inst2|altera_avalon_sc_fifo:lcd32_data_s1_translator_avalon_universal_slave_0_agent_rsp_fifo|mem_used[0]                                                                            ; inst|altpll_component|pll|clk[0] ; inst|altpll_component|pll|clk[0] ; 0.000        ; 0.000      ; 0.805      ;
; 0.499 ; SOPC:inst2|altera_avalon_sc_fifo:lcd32_data_s1_translator_avalon_universal_slave_0_agent_rsp_fifo|mem_used[1]                                                                            ; SOPC:inst2|altera_avalon_sc_fifo:lcd32_data_s1_translator_avalon_universal_slave_0_agent_rsp_fifo|mem_used[1]                                                                            ; inst|altpll_component|pll|clk[0] ; inst|altpll_component|pll|clk[0] ; 0.000        ; 0.000      ; 0.805      ;
; 0.499 ; SOPC:inst2|SOPC_spi_touch:spi_touch|EOP                                                                                                                                                  ; SOPC:inst2|SOPC_spi_touch:spi_touch|EOP                                                                                                                                                  ; inst|altpll_component|pll|clk[0] ; inst|altpll_component|pll|clk[0] ; 0.000        ; 0.000      ; 0.805      ;
; 0.499 ; SOPC:inst2|SOPC_epcs:epcs|SOPC_epcs_sub:the_SOPC_epcs_sub|EOP                                                                                                                            ; SOPC:inst2|SOPC_epcs:epcs|SOPC_epcs_sub:the_SOPC_epcs_sub|EOP                                                                                                                            ; inst|altpll_component|pll|clk[0] ; inst|altpll_component|pll|clk[0] ; 0.000        ; 0.000      ; 0.805      ;
; 0.499 ; SOPC:inst2|SOPC_spi_touch:spi_touch|TOE                                                                                                                                                  ; SOPC:inst2|SOPC_spi_touch:spi_touch|TOE                                                                                                                                                  ; inst|altpll_component|pll|clk[0] ; inst|altpll_component|pll|clk[0] ; 0.000        ; 0.000      ; 0.805      ;
; 0.499 ; SOPC:inst2|SOPC_spi_touch:spi_touch|ROE                                                                                                                                                  ; SOPC:inst2|SOPC_spi_touch:spi_touch|ROE                                                                                                                                                  ; inst|altpll_component|pll|clk[0] ; inst|altpll_component|pll|clk[0] ; 0.000        ; 0.000      ; 0.805      ;
; 0.499 ; SOPC:inst2|SOPC_jtag_uart:jtag_uart|pause_irq                                                                                                                                            ; SOPC:inst2|SOPC_jtag_uart:jtag_uart|pause_irq                                                                                                                                            ; inst|altpll_component|pll|clk[0] ; inst|altpll_component|pll|clk[0] ; 0.000        ; 0.000      ; 0.805      ;
; 0.499 ; SOPC:inst2|SOPC_epcs:epcs|SOPC_epcs_sub:the_SOPC_epcs_sub|ROE                                                                                                                            ; SOPC:inst2|SOPC_epcs:epcs|SOPC_epcs_sub:the_SOPC_epcs_sub|ROE                                                                                                                            ; inst|altpll_component|pll|clk[0] ; inst|altpll_component|pll|clk[0] ; 0.000        ; 0.000      ; 0.805      ;
; 0.499 ; SOPC:inst2|SOPC_epcs:epcs|SOPC_epcs_sub:the_SOPC_epcs_sub|TOE                                                                                                                            ; SOPC:inst2|SOPC_epcs:epcs|SOPC_epcs_sub:the_SOPC_epcs_sub|TOE                                                                                                                            ; inst|altpll_component|pll|clk[0] ; inst|altpll_component|pll|clk[0] ; 0.000        ; 0.000      ; 0.805      ;
; 0.499 ; SOPC:inst2|altera_merlin_width_adapter:width_adapter_001|data_reg[8]                                                                                                                     ; SOPC:inst2|altera_merlin_width_adapter:width_adapter_001|data_reg[8]                                                                                                                     ; inst|altpll_component|pll|clk[0] ; inst|altpll_component|pll|clk[0] ; 0.000        ; 0.000      ; 0.805      ;
; 0.499 ; SOPC:inst2|altera_merlin_width_adapter:width_adapter_001|data_reg[11]                                                                                                                    ; SOPC:inst2|altera_merlin_width_adapter:width_adapter_001|data_reg[11]                                                                                                                    ; inst|altpll_component|pll|clk[0] ; inst|altpll_component|pll|clk[0] ; 0.000        ; 0.000      ; 0.805      ;
; 0.499 ; SOPC:inst2|altera_avalon_sc_fifo:jtag_uart_avalon_jtag_slave_translator_avalon_universal_slave_0_agent_rsp_fifo|mem_used[1]                                                              ; SOPC:inst2|altera_avalon_sc_fifo:jtag_uart_avalon_jtag_slave_translator_avalon_universal_slave_0_agent_rsp_fifo|mem_used[1]                                                              ; inst|altpll_component|pll|clk[0] ; inst|altpll_component|pll|clk[0] ; 0.000        ; 0.000      ; 0.805      ;
; 0.499 ; SOPC:inst2|altera_merlin_width_adapter:width_adapter_001|data_reg[5]                                                                                                                     ; SOPC:inst2|altera_merlin_width_adapter:width_adapter_001|data_reg[5]                                                                                                                     ; inst|altpll_component|pll|clk[0] ; inst|altpll_component|pll|clk[0] ; 0.000        ; 0.000      ; 0.805      ;
; 0.499 ; SOPC:inst2|altera_merlin_width_adapter:width_adapter_001|data_reg[3]                                                                                                                     ; SOPC:inst2|altera_merlin_width_adapter:width_adapter_001|data_reg[3]                                                                                                                     ; inst|altpll_component|pll|clk[0] ; inst|altpll_component|pll|clk[0] ; 0.000        ; 0.000      ; 0.805      ;
; 0.499 ; SOPC:inst2|altera_avalon_sc_fifo:led_s1_translator_avalon_universal_slave_0_agent_rsp_fifo|mem_used[0]                                                                                   ; SOPC:inst2|altera_avalon_sc_fifo:led_s1_translator_avalon_universal_slave_0_agent_rsp_fifo|mem_used[0]                                                                                   ; inst|altpll_component|pll|clk[0] ; inst|altpll_component|pll|clk[0] ; 0.000        ; 0.000      ; 0.805      ;
; 0.499 ; SOPC:inst2|altera_merlin_slave_translator:led_s1_translator|wait_latency_counter[0]                                                                                                      ; SOPC:inst2|altera_merlin_slave_translator:led_s1_translator|wait_latency_counter[0]                                                                                                      ; inst|altpll_component|pll|clk[0] ; inst|altpll_component|pll|clk[0] ; 0.000        ; 0.000      ; 0.805      ;
; 0.499 ; SOPC:inst2|altera_avalon_sc_fifo:led_s1_translator_avalon_universal_slave_0_agent_rsp_fifo|mem_used[1]                                                                                   ; SOPC:inst2|altera_avalon_sc_fifo:led_s1_translator_avalon_universal_slave_0_agent_rsp_fifo|mem_used[1]                                                                                   ; inst|altpll_component|pll|clk[0] ; inst|altpll_component|pll|clk[0] ; 0.000        ; 0.000      ; 0.805      ;
; 0.499 ; SOPC:inst2|altera_avalon_sc_fifo:buzz_s1_translator_avalon_universal_slave_0_agent_rsp_fifo|mem_used[0]                                                                                  ; SOPC:inst2|altera_avalon_sc_fifo:buzz_s1_translator_avalon_universal_slave_0_agent_rsp_fifo|mem_used[0]                                                                                  ; inst|altpll_component|pll|clk[0] ; inst|altpll_component|pll|clk[0] ; 0.000        ; 0.000      ; 0.805      ;
; 0.499 ; SOPC:inst2|altera_avalon_sc_fifo:buzz_s1_translator_avalon_universal_slave_0_agent_rsp_fifo|mem_used[1]                                                                                  ; SOPC:inst2|altera_avalon_sc_fifo:buzz_s1_translator_avalon_universal_slave_0_agent_rsp_fifo|mem_used[1]                                                                                  ; inst|altpll_component|pll|clk[0] ; inst|altpll_component|pll|clk[0] ; 0.000        ; 0.000      ; 0.805      ;
; 0.499 ; SOPC:inst2|altera_merlin_slave_translator:buzz_s1_translator|wait_latency_counter[0]                                                                                                     ; SOPC:inst2|altera_merlin_slave_translator:buzz_s1_translator|wait_latency_counter[0]                                                                                                     ; inst|altpll_component|pll|clk[0] ; inst|altpll_component|pll|clk[0] ; 0.000        ; 0.000      ; 0.805      ;
; 0.499 ; SOPC:inst2|altera_merlin_width_adapter:width_adapter_001|data_reg[12]                                                                                                                    ; SOPC:inst2|altera_merlin_width_adapter:width_adapter_001|data_reg[12]                                                                                                                    ; inst|altpll_component|pll|clk[0] ; inst|altpll_component|pll|clk[0] ; 0.000        ; 0.000      ; 0.805      ;
; 0.499 ; SOPC:inst2|SOPC_cpu:cpu|ic_fill_ap_cnt[0]                                                                                                                                                ; SOPC:inst2|SOPC_cpu:cpu|ic_fill_ap_cnt[0]                                                                                                                                                ; inst|altpll_component|pll|clk[0] ; inst|altpll_component|pll|clk[0] ; 0.000        ; 0.000      ; 0.805      ;
; 0.499 ; SOPC:inst2|SOPC_cpu:cpu|ic_fill_prevent_refill                                                                                                                                           ; SOPC:inst2|SOPC_cpu:cpu|ic_fill_prevent_refill                                                                                                                                           ; inst|altpll_component|pll|clk[0] ; inst|altpll_component|pll|clk[0] ; 0.000        ; 0.000      ; 0.805      ;
; 0.499 ; SOPC:inst2|SOPC_cpu:cpu|i_read~reg0                                                                                                                                                      ; SOPC:inst2|SOPC_cpu:cpu|i_read~reg0                                                                                                                                                      ; inst|altpll_component|pll|clk[0] ; inst|altpll_component|pll|clk[0] ; 0.000        ; 0.000      ; 0.805      ;
; 0.499 ; SOPC:inst2|altera_avalon_sc_fifo:epcs_epcs_control_port_translator_avalon_universal_slave_0_agent_rsp_fifo|mem[1][105]                                                                   ; SOPC:inst2|altera_avalon_sc_fifo:epcs_epcs_control_port_translator_avalon_universal_slave_0_agent_rsp_fifo|mem[1][105]                                                                   ; inst|altpll_component|pll|clk[0] ; inst|altpll_component|pll|clk[0] ; 0.000        ; 0.000      ; 0.805      ;
; 0.499 ; SOPC:inst2|altera_avalon_sc_fifo:cpu_jtag_debug_module_translator_avalon_universal_slave_0_agent_rsp_fifo|mem[1][105]                                                                    ; SOPC:inst2|altera_avalon_sc_fifo:cpu_jtag_debug_module_translator_avalon_universal_slave_0_agent_rsp_fifo|mem[1][105]                                                                    ; inst|altpll_component|pll|clk[0] ; inst|altpll_component|pll|clk[0] ; 0.000        ; 0.000      ; 0.805      ;
; 0.499 ; SOPC:inst2|altera_merlin_traffic_limiter:limiter|pending_response_count[0]                                                                                                               ; SOPC:inst2|altera_merlin_traffic_limiter:limiter|pending_response_count[0]                                                                                                               ; inst|altpll_component|pll|clk[0] ; inst|altpll_component|pll|clk[0] ; 0.000        ; 0.000      ; 0.805      ;
+-------+------------------------------------------------------------------------------------------------------------------------------------------------------------------------------------------+------------------------------------------------------------------------------------------------------------------------------------------------------------------------------------------+----------------------------------+----------------------------------+--------------+------------+------------+


+------------------------------------------------------------------------------------------------------------------------------------------------------------------------------------------------------------------------------------------------------------------------------------------------------------------------------------------------------------------------------------------------------------------------------------------------------------------------------------------------------------------------------------------------------------------+
; Slow Model Recovery: 'inst|altpll_component|pll|clk[0]'                                                                                                                                                                                                                                                                                                                                                                                                                                                                                                          ;
+-------+--------------------------------------------------------------------------------------------------------------------------------------+----------------------------------------------------------------------------------------------------------------------------------------------------------------------------------------------------------------------------------------------------------------------------------------------------+----------------------------------+----------------------------------+--------------+------------+------------+
; Slack ; From Node                                                                                                                            ; To Node                                                                                                                                                                                                                                                                                            ; Launch Clock                     ; Latch Clock                      ; Relationship ; Clock Skew ; Data Delay ;
+-------+--------------------------------------------------------------------------------------------------------------------------------------+----------------------------------------------------------------------------------------------------------------------------------------------------------------------------------------------------------------------------------------------------------------------------------------------------+----------------------------------+----------------------------------+--------------+------------+------------+
; 1.565 ; SOPC:inst2|altera_reset_controller:rst_controller|altera_reset_synchronizer:alt_rst_sync_uq1|altera_reset_synchronizer_int_chain_out ; SOPC:inst2|SOPC_cpu:cpu|Mn_rot_step2[18]                                                                                                                                                                                                                                                           ; inst|altpll_component|pll|clk[0] ; inst|altpll_component|pll|clk[0] ; 5.000        ; 0.049      ; 3.524      ;
; 1.565 ; SOPC:inst2|altera_reset_controller:rst_controller|altera_reset_synchronizer:alt_rst_sync_uq1|altera_reset_synchronizer_int_chain_out ; SOPC:inst2|SOPC_cpu:cpu|Mn_rot_step2[6]                                                                                                                                                                                                                                                            ; inst|altpll_component|pll|clk[0] ; inst|altpll_component|pll|clk[0] ; 5.000        ; 0.049      ; 3.524      ;
; 1.565 ; SOPC:inst2|altera_reset_controller:rst_controller|altera_reset_synchronizer:alt_rst_sync_uq1|altera_reset_synchronizer_int_chain_out ; SOPC:inst2|SOPC_cpu:cpu|Mn_rot_step2[13]                                                                                                                                                                                                                                                           ; inst|altpll_component|pll|clk[0] ; inst|altpll_component|pll|clk[0] ; 5.000        ; 0.049      ; 3.524      ;
; 1.565 ; SOPC:inst2|altera_reset_controller:rst_controller|altera_reset_synchronizer:alt_rst_sync_uq1|altera_reset_synchronizer_int_chain_out ; SOPC:inst2|SOPC_cpu:cpu|Mn_rot_step2[2]                                                                                                                                                                                                                                                            ; inst|altpll_component|pll|clk[0] ; inst|altpll_component|pll|clk[0] ; 5.000        ; 0.049      ; 3.524      ;
; 1.565 ; SOPC:inst2|altera_reset_controller:rst_controller|altera_reset_synchronizer:alt_rst_sync_uq1|altera_reset_synchronizer_int_chain_out ; SOPC:inst2|SOPC_cpu:cpu|Mn_rot_step2[19]                                                                                                                                                                                                                                                           ; inst|altpll_component|pll|clk[0] ; inst|altpll_component|pll|clk[0] ; 5.000        ; 0.049      ; 3.524      ;
; 1.565 ; SOPC:inst2|altera_reset_controller:rst_controller|altera_reset_synchronizer:alt_rst_sync_uq1|altera_reset_synchronizer_int_chain_out ; SOPC:inst2|SOPC_cpu:cpu|Mn_rot_step2[26]                                                                                                                                                                                                                                                           ; inst|altpll_component|pll|clk[0] ; inst|altpll_component|pll|clk[0] ; 5.000        ; 0.049      ; 3.524      ;
; 1.565 ; SOPC:inst2|altera_reset_controller:rst_controller|altera_reset_synchronizer:alt_rst_sync_uq1|altera_reset_synchronizer_int_chain_out ; SOPC:inst2|SOPC_cpu:cpu|Mn_rot_step2[10]                                                                                                                                                                                                                                                           ; inst|altpll_component|pll|clk[0] ; inst|altpll_component|pll|clk[0] ; 5.000        ; 0.049      ; 3.524      ;
; 1.565 ; SOPC:inst2|altera_reset_controller:rst_controller|altera_reset_synchronizer:alt_rst_sync_uq1|altera_reset_synchronizer_int_chain_out ; SOPC:inst2|SOPC_cpu:cpu|Mn_rot_step2[17]                                                                                                                                                                                                                                                           ; inst|altpll_component|pll|clk[0] ; inst|altpll_component|pll|clk[0] ; 5.000        ; 0.049      ; 3.524      ;
; 1.565 ; SOPC:inst2|altera_reset_controller:rst_controller|altera_reset_synchronizer:alt_rst_sync_uq1|altera_reset_synchronizer_int_chain_out ; SOPC:inst2|SOPC_cpu:cpu|Mn_rot_step2[1]                                                                                                                                                                                                                                                            ; inst|altpll_component|pll|clk[0] ; inst|altpll_component|pll|clk[0] ; 5.000        ; 0.049      ; 3.524      ;
; 1.565 ; SOPC:inst2|altera_reset_controller:rst_controller|altera_reset_synchronizer:alt_rst_sync_uq1|altera_reset_synchronizer_int_chain_out ; SOPC:inst2|SOPC_cpu:cpu|Mn_rot_step2[0]                                                                                                                                                                                                                                                            ; inst|altpll_component|pll|clk[0] ; inst|altpll_component|pll|clk[0] ; 5.000        ; 0.049      ; 3.524      ;
; 1.565 ; SOPC:inst2|altera_reset_controller:rst_controller|altera_reset_synchronizer:alt_rst_sync_uq1|altera_reset_synchronizer_int_chain_out ; SOPC:inst2|SOPC_cpu:cpu|Mn_rot_step2[16]                                                                                                                                                                                                                                                           ; inst|altpll_component|pll|clk[0] ; inst|altpll_component|pll|clk[0] ; 5.000        ; 0.049      ; 3.524      ;
; 1.565 ; SOPC:inst2|altera_reset_controller:rst_controller|altera_reset_synchronizer:alt_rst_sync_uq1|altera_reset_synchronizer_int_chain_out ; SOPC:inst2|SOPC_cpu:cpu|Mn_rot_step2[30]                                                                                                                                                                                                                                                           ; inst|altpll_component|pll|clk[0] ; inst|altpll_component|pll|clk[0] ; 5.000        ; 0.049      ; 3.524      ;
; 1.565 ; SOPC:inst2|altera_reset_controller:rst_controller|altera_reset_synchronizer:alt_rst_sync_uq1|altera_reset_synchronizer_int_chain_out ; SOPC:inst2|SOPC_cpu:cpu|Mn_rot_step2[14]                                                                                                                                                                                                                                                           ; inst|altpll_component|pll|clk[0] ; inst|altpll_component|pll|clk[0] ; 5.000        ; 0.049      ; 3.524      ;
; 1.565 ; SOPC:inst2|altera_reset_controller:rst_controller|altera_reset_synchronizer:alt_rst_sync_uq1|altera_reset_synchronizer_int_chain_out ; SOPC:inst2|SOPC_cpu:cpu|Mn_rot_step2[29]                                                                                                                                                                                                                                                           ; inst|altpll_component|pll|clk[0] ; inst|altpll_component|pll|clk[0] ; 5.000        ; 0.049      ; 3.524      ;
; 1.565 ; SOPC:inst2|altera_reset_controller:rst_controller|altera_reset_synchronizer:alt_rst_sync_uq1|altera_reset_synchronizer_int_chain_out ; SOPC:inst2|SOPC_cpu:cpu|Mn_rot_step2[22]                                                                                                                                                                                                                                                           ; inst|altpll_component|pll|clk[0] ; inst|altpll_component|pll|clk[0] ; 5.000        ; 0.049      ; 3.524      ;
; 1.565 ; SOPC:inst2|altera_reset_controller:rst_controller|altera_reset_synchronizer:alt_rst_sync_uq1|altera_reset_synchronizer_int_chain_out ; SOPC:inst2|SOPC_cpu:cpu|Mn_rot_step2[7]                                                                                                                                                                                                                                                            ; inst|altpll_component|pll|clk[0] ; inst|altpll_component|pll|clk[0] ; 5.000        ; 0.049      ; 3.524      ;
; 1.565 ; SOPC:inst2|altera_reset_controller:rst_controller|altera_reset_synchronizer:alt_rst_sync_uq1|altera_reset_synchronizer_int_chain_out ; SOPC:inst2|SOPC_cpu:cpu|Mn_rot_step2[23]                                                                                                                                                                                                                                                           ; inst|altpll_component|pll|clk[0] ; inst|altpll_component|pll|clk[0] ; 5.000        ; 0.049      ; 3.524      ;
; 1.565 ; SOPC:inst2|altera_reset_controller:rst_controller|altera_reset_synchronizer:alt_rst_sync_uq1|altera_reset_synchronizer_int_chain_out ; SOPC:inst2|SOPC_cpu:cpu|Mn_rot_step2[25]                                                                                                                                                                                                                                                           ; inst|altpll_component|pll|clk[0] ; inst|altpll_component|pll|clk[0] ; 5.000        ; 0.049      ; 3.524      ;
; 1.565 ; SOPC:inst2|altera_reset_controller:rst_controller|altera_reset_synchronizer:alt_rst_sync_uq1|altera_reset_synchronizer_int_chain_out ; SOPC:inst2|SOPC_cpu:cpu|Mn_rot_step2[9]                                                                                                                                                                                                                                                            ; inst|altpll_component|pll|clk[0] ; inst|altpll_component|pll|clk[0] ; 5.000        ; 0.049      ; 3.524      ;
; 1.565 ; SOPC:inst2|altera_reset_controller:rst_controller|altera_reset_synchronizer:alt_rst_sync_uq1|altera_reset_synchronizer_int_chain_out ; SOPC:inst2|SOPC_cpu:cpu|Mn_rot_step2[24]                                                                                                                                                                                                                                                           ; inst|altpll_component|pll|clk[0] ; inst|altpll_component|pll|clk[0] ; 5.000        ; 0.049      ; 3.524      ;
; 1.565 ; SOPC:inst2|altera_reset_controller:rst_controller|altera_reset_synchronizer:alt_rst_sync_uq1|altera_reset_synchronizer_int_chain_out ; SOPC:inst2|SOPC_cpu:cpu|Mn_rot_step2[27]                                                                                                                                                                                                                                                           ; inst|altpll_component|pll|clk[0] ; inst|altpll_component|pll|clk[0] ; 5.000        ; 0.049      ; 3.524      ;
; 1.565 ; SOPC:inst2|altera_reset_controller:rst_controller|altera_reset_synchronizer:alt_rst_sync_uq1|altera_reset_synchronizer_int_chain_out ; SOPC:inst2|SOPC_cpu:cpu|Mn_rot_step2[11]                                                                                                                                                                                                                                                           ; inst|altpll_component|pll|clk[0] ; inst|altpll_component|pll|clk[0] ; 5.000        ; 0.049      ; 3.524      ;
; 1.565 ; SOPC:inst2|altera_reset_controller:rst_controller|altera_reset_synchronizer:alt_rst_sync_uq1|altera_reset_synchronizer_int_chain_out ; SOPC:inst2|SOPC_cpu:cpu|Mn_rot_step2[20]                                                                                                                                                                                                                                                           ; inst|altpll_component|pll|clk[0] ; inst|altpll_component|pll|clk[0] ; 5.000        ; 0.049      ; 3.524      ;
; 1.565 ; SOPC:inst2|altera_reset_controller:rst_controller|altera_reset_synchronizer:alt_rst_sync_uq1|altera_reset_synchronizer_int_chain_out ; SOPC:inst2|SOPC_cpu:cpu|Mn_rot_step2[4]                                                                                                                                                                                                                                                            ; inst|altpll_component|pll|clk[0] ; inst|altpll_component|pll|clk[0] ; 5.000        ; 0.049      ; 3.524      ;
; 1.565 ; SOPC:inst2|altera_reset_controller:rst_controller|altera_reset_synchronizer:alt_rst_sync_uq1|altera_reset_synchronizer_int_chain_out ; SOPC:inst2|SOPC_cpu:cpu|Mn_rot_step2[21]                                                                                                                                                                                                                                                           ; inst|altpll_component|pll|clk[0] ; inst|altpll_component|pll|clk[0] ; 5.000        ; 0.049      ; 3.524      ;
; 1.565 ; SOPC:inst2|altera_reset_controller:rst_controller|altera_reset_synchronizer:alt_rst_sync_uq1|altera_reset_synchronizer_int_chain_out ; SOPC:inst2|SOPC_cpu:cpu|Mn_rot_step2[5]                                                                                                                                                                                                                                                            ; inst|altpll_component|pll|clk[0] ; inst|altpll_component|pll|clk[0] ; 5.000        ; 0.049      ; 3.524      ;
; 1.565 ; SOPC:inst2|altera_reset_controller:rst_controller|altera_reset_synchronizer:alt_rst_sync_uq1|altera_reset_synchronizer_int_chain_out ; SOPC:inst2|SOPC_cpu:cpu|Mn_rot_step2[15]                                                                                                                                                                                                                                                           ; inst|altpll_component|pll|clk[0] ; inst|altpll_component|pll|clk[0] ; 5.000        ; 0.049      ; 3.524      ;
; 1.565 ; SOPC:inst2|altera_reset_controller:rst_controller|altera_reset_synchronizer:alt_rst_sync_uq1|altera_reset_synchronizer_int_chain_out ; SOPC:inst2|SOPC_cpu:cpu|Mn_rot_step2[31]                                                                                                                                                                                                                                                           ; inst|altpll_component|pll|clk[0] ; inst|altpll_component|pll|clk[0] ; 5.000        ; 0.049      ; 3.524      ;
; 1.565 ; SOPC:inst2|altera_reset_controller:rst_controller|altera_reset_synchronizer:alt_rst_sync_uq1|altera_reset_synchronizer_int_chain_out ; SOPC:inst2|SOPC_cpu:cpu|Mn_rot_step2[8]                                                                                                                                                                                                                                                            ; inst|altpll_component|pll|clk[0] ; inst|altpll_component|pll|clk[0] ; 5.000        ; 0.049      ; 3.524      ;
; 1.565 ; SOPC:inst2|altera_reset_controller:rst_controller|altera_reset_synchronizer:alt_rst_sync_uq1|altera_reset_synchronizer_int_chain_out ; SOPC:inst2|SOPC_cpu:cpu|Mn_rot_step2[3]                                                                                                                                                                                                                                                            ; inst|altpll_component|pll|clk[0] ; inst|altpll_component|pll|clk[0] ; 5.000        ; 0.049      ; 3.524      ;
; 1.565 ; SOPC:inst2|altera_reset_controller:rst_controller|altera_reset_synchronizer:alt_rst_sync_uq1|altera_reset_synchronizer_int_chain_out ; SOPC:inst2|SOPC_cpu:cpu|Mn_rot_step2[12]                                                                                                                                                                                                                                                           ; inst|altpll_component|pll|clk[0] ; inst|altpll_component|pll|clk[0] ; 5.000        ; 0.049      ; 3.524      ;
; 1.565 ; SOPC:inst2|altera_reset_controller:rst_controller|altera_reset_synchronizer:alt_rst_sync_uq1|altera_reset_synchronizer_int_chain_out ; SOPC:inst2|SOPC_cpu:cpu|Mn_rot_step2[28]                                                                                                                                                                                                                                                           ; inst|altpll_component|pll|clk[0] ; inst|altpll_component|pll|clk[0] ; 5.000        ; 0.049      ; 3.524      ;
; 5.349 ; SOPC:inst2|altera_reset_controller:rst_controller|altera_reset_synchronizer:alt_rst_sync_uq1|altera_reset_synchronizer_int_chain_out ; SOPC:inst2|SOPC_cpu:cpu|SOPC_cpu_mult_cell:the_SOPC_cpu_mult_cell|altera_mult_add:the_altmult_add_part_1|altera_mult_add_mpt2:auto_generated|altera_mult_add_rtl:altera_mult_add_rtl1|ama_multiplier_function:multiplier_block|ama_register_function:multiplier_register_block_0|data_out_wire[9]  ; inst|altpll_component|pll|clk[0] ; inst|altpll_component|pll|clk[0] ; 10.000       ; 0.442      ; 5.031      ;
; 5.349 ; SOPC:inst2|altera_reset_controller:rst_controller|altera_reset_synchronizer:alt_rst_sync_uq1|altera_reset_synchronizer_int_chain_out ; SOPC:inst2|SOPC_cpu:cpu|SOPC_cpu_mult_cell:the_SOPC_cpu_mult_cell|altera_mult_add:the_altmult_add_part_1|altera_mult_add_mpt2:auto_generated|altera_mult_add_rtl:altera_mult_add_rtl1|ama_multiplier_function:multiplier_block|ama_register_function:multiplier_register_block_0|data_out_wire[0]  ; inst|altpll_component|pll|clk[0] ; inst|altpll_component|pll|clk[0] ; 10.000       ; 0.442      ; 5.031      ;
; 5.349 ; SOPC:inst2|altera_reset_controller:rst_controller|altera_reset_synchronizer:alt_rst_sync_uq1|altera_reset_synchronizer_int_chain_out ; SOPC:inst2|SOPC_cpu:cpu|SOPC_cpu_mult_cell:the_SOPC_cpu_mult_cell|altera_mult_add:the_altmult_add_part_1|altera_mult_add_mpt2:auto_generated|altera_mult_add_rtl:altera_mult_add_rtl1|ama_multiplier_function:multiplier_block|ama_register_function:multiplier_register_block_0|data_out_wire[1]  ; inst|altpll_component|pll|clk[0] ; inst|altpll_component|pll|clk[0] ; 10.000       ; 0.442      ; 5.031      ;
; 5.349 ; SOPC:inst2|altera_reset_controller:rst_controller|altera_reset_synchronizer:alt_rst_sync_uq1|altera_reset_synchronizer_int_chain_out ; SOPC:inst2|SOPC_cpu:cpu|SOPC_cpu_mult_cell:the_SOPC_cpu_mult_cell|altera_mult_add:the_altmult_add_part_1|altera_mult_add_mpt2:auto_generated|altera_mult_add_rtl:altera_mult_add_rtl1|ama_multiplier_function:multiplier_block|ama_register_function:multiplier_register_block_0|data_out_wire[2]  ; inst|altpll_component|pll|clk[0] ; inst|altpll_component|pll|clk[0] ; 10.000       ; 0.442      ; 5.031      ;
; 5.349 ; SOPC:inst2|altera_reset_controller:rst_controller|altera_reset_synchronizer:alt_rst_sync_uq1|altera_reset_synchronizer_int_chain_out ; SOPC:inst2|SOPC_cpu:cpu|SOPC_cpu_mult_cell:the_SOPC_cpu_mult_cell|altera_mult_add:the_altmult_add_part_1|altera_mult_add_mpt2:auto_generated|altera_mult_add_rtl:altera_mult_add_rtl1|ama_multiplier_function:multiplier_block|ama_register_function:multiplier_register_block_0|data_out_wire[3]  ; inst|altpll_component|pll|clk[0] ; inst|altpll_component|pll|clk[0] ; 10.000       ; 0.442      ; 5.031      ;
; 5.349 ; SOPC:inst2|altera_reset_controller:rst_controller|altera_reset_synchronizer:alt_rst_sync_uq1|altera_reset_synchronizer_int_chain_out ; SOPC:inst2|SOPC_cpu:cpu|SOPC_cpu_mult_cell:the_SOPC_cpu_mult_cell|altera_mult_add:the_altmult_add_part_1|altera_mult_add_mpt2:auto_generated|altera_mult_add_rtl:altera_mult_add_rtl1|ama_multiplier_function:multiplier_block|ama_register_function:multiplier_register_block_0|data_out_wire[4]  ; inst|altpll_component|pll|clk[0] ; inst|altpll_component|pll|clk[0] ; 10.000       ; 0.442      ; 5.031      ;
; 5.349 ; SOPC:inst2|altera_reset_controller:rst_controller|altera_reset_synchronizer:alt_rst_sync_uq1|altera_reset_synchronizer_int_chain_out ; SOPC:inst2|SOPC_cpu:cpu|SOPC_cpu_mult_cell:the_SOPC_cpu_mult_cell|altera_mult_add:the_altmult_add_part_1|altera_mult_add_mpt2:auto_generated|altera_mult_add_rtl:altera_mult_add_rtl1|ama_multiplier_function:multiplier_block|ama_register_function:multiplier_register_block_0|data_out_wire[5]  ; inst|altpll_component|pll|clk[0] ; inst|altpll_component|pll|clk[0] ; 10.000       ; 0.442      ; 5.031      ;
; 5.349 ; SOPC:inst2|altera_reset_controller:rst_controller|altera_reset_synchronizer:alt_rst_sync_uq1|altera_reset_synchronizer_int_chain_out ; SOPC:inst2|SOPC_cpu:cpu|SOPC_cpu_mult_cell:the_SOPC_cpu_mult_cell|altera_mult_add:the_altmult_add_part_1|altera_mult_add_mpt2:auto_generated|altera_mult_add_rtl:altera_mult_add_rtl1|ama_multiplier_function:multiplier_block|ama_register_function:multiplier_register_block_0|data_out_wire[6]  ; inst|altpll_component|pll|clk[0] ; inst|altpll_component|pll|clk[0] ; 10.000       ; 0.442      ; 5.031      ;
; 5.349 ; SOPC:inst2|altera_reset_controller:rst_controller|altera_reset_synchronizer:alt_rst_sync_uq1|altera_reset_synchronizer_int_chain_out ; SOPC:inst2|SOPC_cpu:cpu|SOPC_cpu_mult_cell:the_SOPC_cpu_mult_cell|altera_mult_add:the_altmult_add_part_1|altera_mult_add_mpt2:auto_generated|altera_mult_add_rtl:altera_mult_add_rtl1|ama_multiplier_function:multiplier_block|ama_register_function:multiplier_register_block_0|data_out_wire[7]  ; inst|altpll_component|pll|clk[0] ; inst|altpll_component|pll|clk[0] ; 10.000       ; 0.442      ; 5.031      ;
; 5.349 ; SOPC:inst2|altera_reset_controller:rst_controller|altera_reset_synchronizer:alt_rst_sync_uq1|altera_reset_synchronizer_int_chain_out ; SOPC:inst2|SOPC_cpu:cpu|SOPC_cpu_mult_cell:the_SOPC_cpu_mult_cell|altera_mult_add:the_altmult_add_part_1|altera_mult_add_mpt2:auto_generated|altera_mult_add_rtl:altera_mult_add_rtl1|ama_multiplier_function:multiplier_block|ama_register_function:multiplier_register_block_0|data_out_wire[8]  ; inst|altpll_component|pll|clk[0] ; inst|altpll_component|pll|clk[0] ; 10.000       ; 0.442      ; 5.031      ;
; 5.349 ; SOPC:inst2|altera_reset_controller:rst_controller|altera_reset_synchronizer:alt_rst_sync_uq1|altera_reset_synchronizer_int_chain_out ; SOPC:inst2|SOPC_cpu:cpu|SOPC_cpu_mult_cell:the_SOPC_cpu_mult_cell|altera_mult_add:the_altmult_add_part_1|altera_mult_add_mpt2:auto_generated|altera_mult_add_rtl:altera_mult_add_rtl1|ama_multiplier_function:multiplier_block|ama_register_function:multiplier_register_block_0|data_out_wire[19] ; inst|altpll_component|pll|clk[0] ; inst|altpll_component|pll|clk[0] ; 10.000       ; 0.442      ; 5.031      ;
; 5.349 ; SOPC:inst2|altera_reset_controller:rst_controller|altera_reset_synchronizer:alt_rst_sync_uq1|altera_reset_synchronizer_int_chain_out ; SOPC:inst2|SOPC_cpu:cpu|SOPC_cpu_mult_cell:the_SOPC_cpu_mult_cell|altera_mult_add:the_altmult_add_part_1|altera_mult_add_mpt2:auto_generated|altera_mult_add_rtl:altera_mult_add_rtl1|ama_multiplier_function:multiplier_block|ama_register_function:multiplier_register_block_0|data_out_wire[10] ; inst|altpll_component|pll|clk[0] ; inst|altpll_component|pll|clk[0] ; 10.000       ; 0.442      ; 5.031      ;
; 5.349 ; SOPC:inst2|altera_reset_controller:rst_controller|altera_reset_synchronizer:alt_rst_sync_uq1|altera_reset_synchronizer_int_chain_out ; SOPC:inst2|SOPC_cpu:cpu|SOPC_cpu_mult_cell:the_SOPC_cpu_mult_cell|altera_mult_add:the_altmult_add_part_1|altera_mult_add_mpt2:auto_generated|altera_mult_add_rtl:altera_mult_add_rtl1|ama_multiplier_function:multiplier_block|ama_register_function:multiplier_register_block_0|data_out_wire[11] ; inst|altpll_component|pll|clk[0] ; inst|altpll_component|pll|clk[0] ; 10.000       ; 0.442      ; 5.031      ;
; 5.349 ; SOPC:inst2|altera_reset_controller:rst_controller|altera_reset_synchronizer:alt_rst_sync_uq1|altera_reset_synchronizer_int_chain_out ; SOPC:inst2|SOPC_cpu:cpu|SOPC_cpu_mult_cell:the_SOPC_cpu_mult_cell|altera_mult_add:the_altmult_add_part_1|altera_mult_add_mpt2:auto_generated|altera_mult_add_rtl:altera_mult_add_rtl1|ama_multiplier_function:multiplier_block|ama_register_function:multiplier_register_block_0|data_out_wire[13] ; inst|altpll_component|pll|clk[0] ; inst|altpll_component|pll|clk[0] ; 10.000       ; 0.442      ; 5.031      ;
; 5.349 ; SOPC:inst2|altera_reset_controller:rst_controller|altera_reset_synchronizer:alt_rst_sync_uq1|altera_reset_synchronizer_int_chain_out ; SOPC:inst2|SOPC_cpu:cpu|SOPC_cpu_mult_cell:the_SOPC_cpu_mult_cell|altera_mult_add:the_altmult_add_part_1|altera_mult_add_mpt2:auto_generated|altera_mult_add_rtl:altera_mult_add_rtl1|ama_multiplier_function:multiplier_block|ama_register_function:multiplier_register_block_0|data_out_wire[14] ; inst|altpll_component|pll|clk[0] ; inst|altpll_component|pll|clk[0] ; 10.000       ; 0.442      ; 5.031      ;
; 5.349 ; SOPC:inst2|altera_reset_controller:rst_controller|altera_reset_synchronizer:alt_rst_sync_uq1|altera_reset_synchronizer_int_chain_out ; SOPC:inst2|SOPC_cpu:cpu|SOPC_cpu_mult_cell:the_SOPC_cpu_mult_cell|altera_mult_add:the_altmult_add_part_1|altera_mult_add_mpt2:auto_generated|altera_mult_add_rtl:altera_mult_add_rtl1|ama_multiplier_function:multiplier_block|ama_register_function:multiplier_register_block_0|data_out_wire[15] ; inst|altpll_component|pll|clk[0] ; inst|altpll_component|pll|clk[0] ; 10.000       ; 0.442      ; 5.031      ;
; 5.349 ; SOPC:inst2|altera_reset_controller:rst_controller|altera_reset_synchronizer:alt_rst_sync_uq1|altera_reset_synchronizer_int_chain_out ; SOPC:inst2|SOPC_cpu:cpu|SOPC_cpu_mult_cell:the_SOPC_cpu_mult_cell|altera_mult_add:the_altmult_add_part_1|altera_mult_add_mpt2:auto_generated|altera_mult_add_rtl:altera_mult_add_rtl1|ama_multiplier_function:multiplier_block|ama_register_function:multiplier_register_block_0|data_out_wire[17] ; inst|altpll_component|pll|clk[0] ; inst|altpll_component|pll|clk[0] ; 10.000       ; 0.442      ; 5.031      ;
; 5.349 ; SOPC:inst2|altera_reset_controller:rst_controller|altera_reset_synchronizer:alt_rst_sync_uq1|altera_reset_synchronizer_int_chain_out ; SOPC:inst2|SOPC_cpu:cpu|SOPC_cpu_mult_cell:the_SOPC_cpu_mult_cell|altera_mult_add:the_altmult_add_part_1|altera_mult_add_mpt2:auto_generated|altera_mult_add_rtl:altera_mult_add_rtl1|ama_multiplier_function:multiplier_block|ama_register_function:multiplier_register_block_0|data_out_wire[18] ; inst|altpll_component|pll|clk[0] ; inst|altpll_component|pll|clk[0] ; 10.000       ; 0.442      ; 5.031      ;
; 5.349 ; SOPC:inst2|altera_reset_controller:rst_controller|altera_reset_synchronizer:alt_rst_sync_uq1|altera_reset_synchronizer_int_chain_out ; SOPC:inst2|SOPC_cpu:cpu|SOPC_cpu_mult_cell:the_SOPC_cpu_mult_cell|altera_mult_add:the_altmult_add_part_1|altera_mult_add_mpt2:auto_generated|altera_mult_add_rtl:altera_mult_add_rtl1|ama_multiplier_function:multiplier_block|ama_register_function:multiplier_register_block_0|data_out_wire[22] ; inst|altpll_component|pll|clk[0] ; inst|altpll_component|pll|clk[0] ; 10.000       ; 0.442      ; 5.031      ;
; 5.349 ; SOPC:inst2|altera_reset_controller:rst_controller|altera_reset_synchronizer:alt_rst_sync_uq1|altera_reset_synchronizer_int_chain_out ; SOPC:inst2|SOPC_cpu:cpu|SOPC_cpu_mult_cell:the_SOPC_cpu_mult_cell|altera_mult_add:the_altmult_add_part_1|altera_mult_add_mpt2:auto_generated|altera_mult_add_rtl:altera_mult_add_rtl1|ama_multiplier_function:multiplier_block|ama_register_function:multiplier_register_block_0|data_out_wire[20] ; inst|altpll_component|pll|clk[0] ; inst|altpll_component|pll|clk[0] ; 10.000       ; 0.442      ; 5.031      ;
; 5.349 ; SOPC:inst2|altera_reset_controller:rst_controller|altera_reset_synchronizer:alt_rst_sync_uq1|altera_reset_synchronizer_int_chain_out ; SOPC:inst2|SOPC_cpu:cpu|SOPC_cpu_mult_cell:the_SOPC_cpu_mult_cell|altera_mult_add:the_altmult_add_part_1|altera_mult_add_mpt2:auto_generated|altera_mult_add_rtl:altera_mult_add_rtl1|ama_multiplier_function:multiplier_block|ama_register_function:multiplier_register_block_0|data_out_wire[26] ; inst|altpll_component|pll|clk[0] ; inst|altpll_component|pll|clk[0] ; 10.000       ; 0.442      ; 5.031      ;
; 5.349 ; SOPC:inst2|altera_reset_controller:rst_controller|altera_reset_synchronizer:alt_rst_sync_uq1|altera_reset_synchronizer_int_chain_out ; SOPC:inst2|SOPC_cpu:cpu|SOPC_cpu_mult_cell:the_SOPC_cpu_mult_cell|altera_mult_add:the_altmult_add_part_1|altera_mult_add_mpt2:auto_generated|altera_mult_add_rtl:altera_mult_add_rtl1|ama_multiplier_function:multiplier_block|ama_register_function:multiplier_register_block_0|data_out_wire[27] ; inst|altpll_component|pll|clk[0] ; inst|altpll_component|pll|clk[0] ; 10.000       ; 0.442      ; 5.031      ;
; 5.349 ; SOPC:inst2|altera_reset_controller:rst_controller|altera_reset_synchronizer:alt_rst_sync_uq1|altera_reset_synchronizer_int_chain_out ; SOPC:inst2|SOPC_cpu:cpu|SOPC_cpu_mult_cell:the_SOPC_cpu_mult_cell|altera_mult_add:the_altmult_add_part_1|altera_mult_add_mpt2:auto_generated|altera_mult_add_rtl:altera_mult_add_rtl1|ama_multiplier_function:multiplier_block|ama_register_function:multiplier_register_block_0|data_out_wire[28] ; inst|altpll_component|pll|clk[0] ; inst|altpll_component|pll|clk[0] ; 10.000       ; 0.442      ; 5.031      ;
; 5.349 ; SOPC:inst2|altera_reset_controller:rst_controller|altera_reset_synchronizer:alt_rst_sync_uq1|altera_reset_synchronizer_int_chain_out ; SOPC:inst2|SOPC_cpu:cpu|SOPC_cpu_mult_cell:the_SOPC_cpu_mult_cell|altera_mult_add:the_altmult_add_part_1|altera_mult_add_mpt2:auto_generated|altera_mult_add_rtl:altera_mult_add_rtl1|ama_multiplier_function:multiplier_block|ama_register_function:multiplier_register_block_0|data_out_wire[29] ; inst|altpll_component|pll|clk[0] ; inst|altpll_component|pll|clk[0] ; 10.000       ; 0.442      ; 5.031      ;
; 5.349 ; SOPC:inst2|altera_reset_controller:rst_controller|altera_reset_synchronizer:alt_rst_sync_uq1|altera_reset_synchronizer_int_chain_out ; SOPC:inst2|SOPC_cpu:cpu|SOPC_cpu_mult_cell:the_SOPC_cpu_mult_cell|altera_mult_add:the_altmult_add_part_1|altera_mult_add_mpt2:auto_generated|altera_mult_add_rtl:altera_mult_add_rtl1|ama_multiplier_function:multiplier_block|ama_register_function:multiplier_register_block_0|data_out_wire[23] ; inst|altpll_component|pll|clk[0] ; inst|altpll_component|pll|clk[0] ; 10.000       ; 0.442      ; 5.031      ;
; 5.349 ; SOPC:inst2|altera_reset_controller:rst_controller|altera_reset_synchronizer:alt_rst_sync_uq1|altera_reset_synchronizer_int_chain_out ; SOPC:inst2|SOPC_cpu:cpu|SOPC_cpu_mult_cell:the_SOPC_cpu_mult_cell|altera_mult_add:the_altmult_add_part_1|altera_mult_add_mpt2:auto_generated|altera_mult_add_rtl:altera_mult_add_rtl1|ama_multiplier_function:multiplier_block|ama_register_function:multiplier_register_block_0|data_out_wire[24] ; inst|altpll_component|pll|clk[0] ; inst|altpll_component|pll|clk[0] ; 10.000       ; 0.442      ; 5.031      ;
; 5.349 ; SOPC:inst2|altera_reset_controller:rst_controller|altera_reset_synchronizer:alt_rst_sync_uq1|altera_reset_synchronizer_int_chain_out ; SOPC:inst2|SOPC_cpu:cpu|SOPC_cpu_mult_cell:the_SOPC_cpu_mult_cell|altera_mult_add:the_altmult_add_part_1|altera_mult_add_mpt2:auto_generated|altera_mult_add_rtl:altera_mult_add_rtl1|ama_multiplier_function:multiplier_block|ama_register_function:multiplier_register_block_0|data_out_wire[25] ; inst|altpll_component|pll|clk[0] ; inst|altpll_component|pll|clk[0] ; 10.000       ; 0.442      ; 5.031      ;
; 5.349 ; SOPC:inst2|altera_reset_controller:rst_controller|altera_reset_synchronizer:alt_rst_sync_uq1|altera_reset_synchronizer_int_chain_out ; SOPC:inst2|SOPC_cpu:cpu|SOPC_cpu_mult_cell:the_SOPC_cpu_mult_cell|altera_mult_add:the_altmult_add_part_1|altera_mult_add_mpt2:auto_generated|altera_mult_add_rtl:altera_mult_add_rtl1|ama_multiplier_function:multiplier_block|ama_register_function:multiplier_register_block_0|data_out_wire[21] ; inst|altpll_component|pll|clk[0] ; inst|altpll_component|pll|clk[0] ; 10.000       ; 0.442      ; 5.031      ;
; 5.349 ; SOPC:inst2|altera_reset_controller:rst_controller|altera_reset_synchronizer:alt_rst_sync_uq1|altera_reset_synchronizer_int_chain_out ; SOPC:inst2|SOPC_cpu:cpu|SOPC_cpu_mult_cell:the_SOPC_cpu_mult_cell|altera_mult_add:the_altmult_add_part_1|altera_mult_add_mpt2:auto_generated|altera_mult_add_rtl:altera_mult_add_rtl1|ama_multiplier_function:multiplier_block|ama_register_function:multiplier_register_block_0|data_out_wire[16] ; inst|altpll_component|pll|clk[0] ; inst|altpll_component|pll|clk[0] ; 10.000       ; 0.442      ; 5.031      ;
; 5.349 ; SOPC:inst2|altera_reset_controller:rst_controller|altera_reset_synchronizer:alt_rst_sync_uq1|altera_reset_synchronizer_int_chain_out ; SOPC:inst2|SOPC_cpu:cpu|SOPC_cpu_mult_cell:the_SOPC_cpu_mult_cell|altera_mult_add:the_altmult_add_part_1|altera_mult_add_mpt2:auto_generated|altera_mult_add_rtl:altera_mult_add_rtl1|ama_multiplier_function:multiplier_block|ama_register_function:multiplier_register_block_0|data_out_wire[12] ; inst|altpll_component|pll|clk[0] ; inst|altpll_component|pll|clk[0] ; 10.000       ; 0.442      ; 5.031      ;
; 5.349 ; SOPC:inst2|altera_reset_controller:rst_controller|altera_reset_synchronizer:alt_rst_sync_uq1|altera_reset_synchronizer_int_chain_out ; SOPC:inst2|SOPC_cpu:cpu|SOPC_cpu_mult_cell:the_SOPC_cpu_mult_cell|altera_mult_add:the_altmult_add_part_1|altera_mult_add_mpt2:auto_generated|altera_mult_add_rtl:altera_mult_add_rtl1|ama_multiplier_function:multiplier_block|ama_register_function:multiplier_register_block_0|data_out_wire[30] ; inst|altpll_component|pll|clk[0] ; inst|altpll_component|pll|clk[0] ; 10.000       ; 0.442      ; 5.031      ;
; 5.349 ; SOPC:inst2|altera_reset_controller:rst_controller|altera_reset_synchronizer:alt_rst_sync_uq1|altera_reset_synchronizer_int_chain_out ; SOPC:inst2|SOPC_cpu:cpu|SOPC_cpu_mult_cell:the_SOPC_cpu_mult_cell|altera_mult_add:the_altmult_add_part_1|altera_mult_add_mpt2:auto_generated|altera_mult_add_rtl:altera_mult_add_rtl1|ama_multiplier_function:multiplier_block|ama_register_function:multiplier_register_block_0|data_out_wire[31] ; inst|altpll_component|pll|clk[0] ; inst|altpll_component|pll|clk[0] ; 10.000       ; 0.442      ; 5.031      ;
; 5.349 ; SOPC:inst2|altera_reset_controller:rst_controller|altera_reset_synchronizer:alt_rst_sync_uq1|altera_reset_synchronizer_int_chain_out ; SOPC:inst2|SOPC_cpu:cpu|SOPC_cpu_mult_cell:the_SOPC_cpu_mult_cell|altera_mult_add:the_altmult_add_part_2|altera_mult_add_opt2:auto_generated|altera_mult_add_rtl:altera_mult_add_rtl1|ama_multiplier_function:multiplier_block|ama_register_function:multiplier_register_block_0|data_out_wire[3]  ; inst|altpll_component|pll|clk[0] ; inst|altpll_component|pll|clk[0] ; 10.000       ; 0.439      ; 5.028      ;
; 5.349 ; SOPC:inst2|altera_reset_controller:rst_controller|altera_reset_synchronizer:alt_rst_sync_uq1|altera_reset_synchronizer_int_chain_out ; SOPC:inst2|SOPC_cpu:cpu|SOPC_cpu_mult_cell:the_SOPC_cpu_mult_cell|altera_mult_add:the_altmult_add_part_2|altera_mult_add_opt2:auto_generated|altera_mult_add_rtl:altera_mult_add_rtl1|ama_multiplier_function:multiplier_block|ama_register_function:multiplier_register_block_0|data_out_wire[0]  ; inst|altpll_component|pll|clk[0] ; inst|altpll_component|pll|clk[0] ; 10.000       ; 0.439      ; 5.028      ;
; 5.349 ; SOPC:inst2|altera_reset_controller:rst_controller|altera_reset_synchronizer:alt_rst_sync_uq1|altera_reset_synchronizer_int_chain_out ; SOPC:inst2|SOPC_cpu:cpu|SOPC_cpu_mult_cell:the_SOPC_cpu_mult_cell|altera_mult_add:the_altmult_add_part_2|altera_mult_add_opt2:auto_generated|altera_mult_add_rtl:altera_mult_add_rtl1|ama_multiplier_function:multiplier_block|ama_register_function:multiplier_register_block_0|data_out_wire[1]  ; inst|altpll_component|pll|clk[0] ; inst|altpll_component|pll|clk[0] ; 10.000       ; 0.439      ; 5.028      ;
; 5.349 ; SOPC:inst2|altera_reset_controller:rst_controller|altera_reset_synchronizer:alt_rst_sync_uq1|altera_reset_synchronizer_int_chain_out ; SOPC:inst2|SOPC_cpu:cpu|SOPC_cpu_mult_cell:the_SOPC_cpu_mult_cell|altera_mult_add:the_altmult_add_part_2|altera_mult_add_opt2:auto_generated|altera_mult_add_rtl:altera_mult_add_rtl1|ama_multiplier_function:multiplier_block|ama_register_function:multiplier_register_block_0|data_out_wire[2]  ; inst|altpll_component|pll|clk[0] ; inst|altpll_component|pll|clk[0] ; 10.000       ; 0.439      ; 5.028      ;
; 5.349 ; SOPC:inst2|altera_reset_controller:rst_controller|altera_reset_synchronizer:alt_rst_sync_uq1|altera_reset_synchronizer_int_chain_out ; SOPC:inst2|SOPC_cpu:cpu|SOPC_cpu_mult_cell:the_SOPC_cpu_mult_cell|altera_mult_add:the_altmult_add_part_2|altera_mult_add_opt2:auto_generated|altera_mult_add_rtl:altera_mult_add_rtl1|ama_multiplier_function:multiplier_block|ama_register_function:multiplier_register_block_0|data_out_wire[6]  ; inst|altpll_component|pll|clk[0] ; inst|altpll_component|pll|clk[0] ; 10.000       ; 0.439      ; 5.028      ;
; 5.349 ; SOPC:inst2|altera_reset_controller:rst_controller|altera_reset_synchronizer:alt_rst_sync_uq1|altera_reset_synchronizer_int_chain_out ; SOPC:inst2|SOPC_cpu:cpu|SOPC_cpu_mult_cell:the_SOPC_cpu_mult_cell|altera_mult_add:the_altmult_add_part_2|altera_mult_add_opt2:auto_generated|altera_mult_add_rtl:altera_mult_add_rtl1|ama_multiplier_function:multiplier_block|ama_register_function:multiplier_register_block_0|data_out_wire[4]  ; inst|altpll_component|pll|clk[0] ; inst|altpll_component|pll|clk[0] ; 10.000       ; 0.439      ; 5.028      ;
; 5.349 ; SOPC:inst2|altera_reset_controller:rst_controller|altera_reset_synchronizer:alt_rst_sync_uq1|altera_reset_synchronizer_int_chain_out ; SOPC:inst2|SOPC_cpu:cpu|SOPC_cpu_mult_cell:the_SOPC_cpu_mult_cell|altera_mult_add:the_altmult_add_part_2|altera_mult_add_opt2:auto_generated|altera_mult_add_rtl:altera_mult_add_rtl1|ama_multiplier_function:multiplier_block|ama_register_function:multiplier_register_block_0|data_out_wire[10] ; inst|altpll_component|pll|clk[0] ; inst|altpll_component|pll|clk[0] ; 10.000       ; 0.439      ; 5.028      ;
; 5.349 ; SOPC:inst2|altera_reset_controller:rst_controller|altera_reset_synchronizer:alt_rst_sync_uq1|altera_reset_synchronizer_int_chain_out ; SOPC:inst2|SOPC_cpu:cpu|SOPC_cpu_mult_cell:the_SOPC_cpu_mult_cell|altera_mult_add:the_altmult_add_part_2|altera_mult_add_opt2:auto_generated|altera_mult_add_rtl:altera_mult_add_rtl1|ama_multiplier_function:multiplier_block|ama_register_function:multiplier_register_block_0|data_out_wire[11] ; inst|altpll_component|pll|clk[0] ; inst|altpll_component|pll|clk[0] ; 10.000       ; 0.439      ; 5.028      ;
; 5.349 ; SOPC:inst2|altera_reset_controller:rst_controller|altera_reset_synchronizer:alt_rst_sync_uq1|altera_reset_synchronizer_int_chain_out ; SOPC:inst2|SOPC_cpu:cpu|SOPC_cpu_mult_cell:the_SOPC_cpu_mult_cell|altera_mult_add:the_altmult_add_part_2|altera_mult_add_opt2:auto_generated|altera_mult_add_rtl:altera_mult_add_rtl1|ama_multiplier_function:multiplier_block|ama_register_function:multiplier_register_block_0|data_out_wire[12] ; inst|altpll_component|pll|clk[0] ; inst|altpll_component|pll|clk[0] ; 10.000       ; 0.439      ; 5.028      ;
; 5.349 ; SOPC:inst2|altera_reset_controller:rst_controller|altera_reset_synchronizer:alt_rst_sync_uq1|altera_reset_synchronizer_int_chain_out ; SOPC:inst2|SOPC_cpu:cpu|SOPC_cpu_mult_cell:the_SOPC_cpu_mult_cell|altera_mult_add:the_altmult_add_part_2|altera_mult_add_opt2:auto_generated|altera_mult_add_rtl:altera_mult_add_rtl1|ama_multiplier_function:multiplier_block|ama_register_function:multiplier_register_block_0|data_out_wire[13] ; inst|altpll_component|pll|clk[0] ; inst|altpll_component|pll|clk[0] ; 10.000       ; 0.439      ; 5.028      ;
; 5.349 ; SOPC:inst2|altera_reset_controller:rst_controller|altera_reset_synchronizer:alt_rst_sync_uq1|altera_reset_synchronizer_int_chain_out ; SOPC:inst2|SOPC_cpu:cpu|SOPC_cpu_mult_cell:the_SOPC_cpu_mult_cell|altera_mult_add:the_altmult_add_part_2|altera_mult_add_opt2:auto_generated|altera_mult_add_rtl:altera_mult_add_rtl1|ama_multiplier_function:multiplier_block|ama_register_function:multiplier_register_block_0|data_out_wire[7]  ; inst|altpll_component|pll|clk[0] ; inst|altpll_component|pll|clk[0] ; 10.000       ; 0.439      ; 5.028      ;
; 5.349 ; SOPC:inst2|altera_reset_controller:rst_controller|altera_reset_synchronizer:alt_rst_sync_uq1|altera_reset_synchronizer_int_chain_out ; SOPC:inst2|SOPC_cpu:cpu|SOPC_cpu_mult_cell:the_SOPC_cpu_mult_cell|altera_mult_add:the_altmult_add_part_2|altera_mult_add_opt2:auto_generated|altera_mult_add_rtl:altera_mult_add_rtl1|ama_multiplier_function:multiplier_block|ama_register_function:multiplier_register_block_0|data_out_wire[8]  ; inst|altpll_component|pll|clk[0] ; inst|altpll_component|pll|clk[0] ; 10.000       ; 0.439      ; 5.028      ;
; 5.349 ; SOPC:inst2|altera_reset_controller:rst_controller|altera_reset_synchronizer:alt_rst_sync_uq1|altera_reset_synchronizer_int_chain_out ; SOPC:inst2|SOPC_cpu:cpu|SOPC_cpu_mult_cell:the_SOPC_cpu_mult_cell|altera_mult_add:the_altmult_add_part_2|altera_mult_add_opt2:auto_generated|altera_mult_add_rtl:altera_mult_add_rtl1|ama_multiplier_function:multiplier_block|ama_register_function:multiplier_register_block_0|data_out_wire[9]  ; inst|altpll_component|pll|clk[0] ; inst|altpll_component|pll|clk[0] ; 10.000       ; 0.439      ; 5.028      ;
; 5.349 ; SOPC:inst2|altera_reset_controller:rst_controller|altera_reset_synchronizer:alt_rst_sync_uq1|altera_reset_synchronizer_int_chain_out ; SOPC:inst2|SOPC_cpu:cpu|SOPC_cpu_mult_cell:the_SOPC_cpu_mult_cell|altera_mult_add:the_altmult_add_part_2|altera_mult_add_opt2:auto_generated|altera_mult_add_rtl:altera_mult_add_rtl1|ama_multiplier_function:multiplier_block|ama_register_function:multiplier_register_block_0|data_out_wire[5]  ; inst|altpll_component|pll|clk[0] ; inst|altpll_component|pll|clk[0] ; 10.000       ; 0.439      ; 5.028      ;
; 5.349 ; SOPC:inst2|altera_reset_controller:rst_controller|altera_reset_synchronizer:alt_rst_sync_uq1|altera_reset_synchronizer_int_chain_out ; SOPC:inst2|SOPC_cpu:cpu|SOPC_cpu_mult_cell:the_SOPC_cpu_mult_cell|altera_mult_add:the_altmult_add_part_2|altera_mult_add_opt2:auto_generated|altera_mult_add_rtl:altera_mult_add_rtl1|ama_multiplier_function:multiplier_block|ama_register_function:multiplier_register_block_0|data_out_wire[14] ; inst|altpll_component|pll|clk[0] ; inst|altpll_component|pll|clk[0] ; 10.000       ; 0.439      ; 5.028      ;
; 5.349 ; SOPC:inst2|altera_reset_controller:rst_controller|altera_reset_synchronizer:alt_rst_sync_uq1|altera_reset_synchronizer_int_chain_out ; SOPC:inst2|SOPC_cpu:cpu|SOPC_cpu_mult_cell:the_SOPC_cpu_mult_cell|altera_mult_add:the_altmult_add_part_2|altera_mult_add_opt2:auto_generated|altera_mult_add_rtl:altera_mult_add_rtl1|ama_multiplier_function:multiplier_block|ama_register_function:multiplier_register_block_0|data_out_wire[15] ; inst|altpll_component|pll|clk[0] ; inst|altpll_component|pll|clk[0] ; 10.000       ; 0.439      ; 5.028      ;
; 5.682 ; SOPC:inst2|altera_reset_controller:rst_controller|altera_reset_synchronizer:alt_rst_sync_uq1|altera_reset_synchronizer_int_chain_out ; SOPC:inst2|SOPC_cpu:cpu|A_mul_src1[0]                                                                                                                                                                                                                                                              ; inst|altpll_component|pll|clk[0] ; inst|altpll_component|pll|clk[0] ; 10.000       ; 0.440      ; 4.696      ;
; 5.682 ; SOPC:inst2|altera_reset_controller:rst_controller|altera_reset_synchronizer:alt_rst_sync_uq1|altera_reset_synchronizer_int_chain_out ; SOPC:inst2|SOPC_cpu:cpu|A_mul_src1[1]                                                                                                                                                                                                                                                              ; inst|altpll_component|pll|clk[0] ; inst|altpll_component|pll|clk[0] ; 10.000       ; 0.440      ; 4.696      ;
; 5.682 ; SOPC:inst2|altera_reset_controller:rst_controller|altera_reset_synchronizer:alt_rst_sync_uq1|altera_reset_synchronizer_int_chain_out ; SOPC:inst2|SOPC_cpu:cpu|A_mul_src1[2]                                                                                                                                                                                                                                                              ; inst|altpll_component|pll|clk[0] ; inst|altpll_component|pll|clk[0] ; 10.000       ; 0.440      ; 4.696      ;
; 5.682 ; SOPC:inst2|altera_reset_controller:rst_controller|altera_reset_synchronizer:alt_rst_sync_uq1|altera_reset_synchronizer_int_chain_out ; SOPC:inst2|SOPC_cpu:cpu|A_mul_src1[3]                                                                                                                                                                                                                                                              ; inst|altpll_component|pll|clk[0] ; inst|altpll_component|pll|clk[0] ; 10.000       ; 0.440      ; 4.696      ;
; 5.682 ; SOPC:inst2|altera_reset_controller:rst_controller|altera_reset_synchronizer:alt_rst_sync_uq1|altera_reset_synchronizer_int_chain_out ; SOPC:inst2|SOPC_cpu:cpu|A_mul_src1[4]                                                                                                                                                                                                                                                              ; inst|altpll_component|pll|clk[0] ; inst|altpll_component|pll|clk[0] ; 10.000       ; 0.440      ; 4.696      ;
; 5.682 ; SOPC:inst2|altera_reset_controller:rst_controller|altera_reset_synchronizer:alt_rst_sync_uq1|altera_reset_synchronizer_int_chain_out ; SOPC:inst2|SOPC_cpu:cpu|A_mul_src1[5]                                                                                                                                                                                                                                                              ; inst|altpll_component|pll|clk[0] ; inst|altpll_component|pll|clk[0] ; 10.000       ; 0.440      ; 4.696      ;
; 5.682 ; SOPC:inst2|altera_reset_controller:rst_controller|altera_reset_synchronizer:alt_rst_sync_uq1|altera_reset_synchronizer_int_chain_out ; SOPC:inst2|SOPC_cpu:cpu|A_mul_src1[6]                                                                                                                                                                                                                                                              ; inst|altpll_component|pll|clk[0] ; inst|altpll_component|pll|clk[0] ; 10.000       ; 0.440      ; 4.696      ;
; 5.682 ; SOPC:inst2|altera_reset_controller:rst_controller|altera_reset_synchronizer:alt_rst_sync_uq1|altera_reset_synchronizer_int_chain_out ; SOPC:inst2|SOPC_cpu:cpu|A_mul_src1[7]                                                                                                                                                                                                                                                              ; inst|altpll_component|pll|clk[0] ; inst|altpll_component|pll|clk[0] ; 10.000       ; 0.440      ; 4.696      ;
; 5.682 ; SOPC:inst2|altera_reset_controller:rst_controller|altera_reset_synchronizer:alt_rst_sync_uq1|altera_reset_synchronizer_int_chain_out ; SOPC:inst2|SOPC_cpu:cpu|A_mul_src1[8]                                                                                                                                                                                                                                                              ; inst|altpll_component|pll|clk[0] ; inst|altpll_component|pll|clk[0] ; 10.000       ; 0.440      ; 4.696      ;
; 5.682 ; SOPC:inst2|altera_reset_controller:rst_controller|altera_reset_synchronizer:alt_rst_sync_uq1|altera_reset_synchronizer_int_chain_out ; SOPC:inst2|SOPC_cpu:cpu|A_mul_src1[9]                                                                                                                                                                                                                                                              ; inst|altpll_component|pll|clk[0] ; inst|altpll_component|pll|clk[0] ; 10.000       ; 0.440      ; 4.696      ;
; 5.682 ; SOPC:inst2|altera_reset_controller:rst_controller|altera_reset_synchronizer:alt_rst_sync_uq1|altera_reset_synchronizer_int_chain_out ; SOPC:inst2|SOPC_cpu:cpu|A_mul_src1[10]                                                                                                                                                                                                                                                             ; inst|altpll_component|pll|clk[0] ; inst|altpll_component|pll|clk[0] ; 10.000       ; 0.440      ; 4.696      ;
; 5.682 ; SOPC:inst2|altera_reset_controller:rst_controller|altera_reset_synchronizer:alt_rst_sync_uq1|altera_reset_synchronizer_int_chain_out ; SOPC:inst2|SOPC_cpu:cpu|A_mul_src1[11]                                                                                                                                                                                                                                                             ; inst|altpll_component|pll|clk[0] ; inst|altpll_component|pll|clk[0] ; 10.000       ; 0.440      ; 4.696      ;
; 5.682 ; SOPC:inst2|altera_reset_controller:rst_controller|altera_reset_synchronizer:alt_rst_sync_uq1|altera_reset_synchronizer_int_chain_out ; SOPC:inst2|SOPC_cpu:cpu|A_mul_src1[12]                                                                                                                                                                                                                                                             ; inst|altpll_component|pll|clk[0] ; inst|altpll_component|pll|clk[0] ; 10.000       ; 0.440      ; 4.696      ;
; 5.682 ; SOPC:inst2|altera_reset_controller:rst_controller|altera_reset_synchronizer:alt_rst_sync_uq1|altera_reset_synchronizer_int_chain_out ; SOPC:inst2|SOPC_cpu:cpu|A_mul_src1[13]                                                                                                                                                                                                                                                             ; inst|altpll_component|pll|clk[0] ; inst|altpll_component|pll|clk[0] ; 10.000       ; 0.440      ; 4.696      ;
; 5.682 ; SOPC:inst2|altera_reset_controller:rst_controller|altera_reset_synchronizer:alt_rst_sync_uq1|altera_reset_synchronizer_int_chain_out ; SOPC:inst2|SOPC_cpu:cpu|A_mul_src1[14]                                                                                                                                                                                                                                                             ; inst|altpll_component|pll|clk[0] ; inst|altpll_component|pll|clk[0] ; 10.000       ; 0.440      ; 4.696      ;
; 5.682 ; SOPC:inst2|altera_reset_controller:rst_controller|altera_reset_synchronizer:alt_rst_sync_uq1|altera_reset_synchronizer_int_chain_out ; SOPC:inst2|SOPC_cpu:cpu|A_mul_src1[15]                                                                                                                                                                                                                                                             ; inst|altpll_component|pll|clk[0] ; inst|altpll_component|pll|clk[0] ; 10.000       ; 0.440      ; 4.696      ;
; 5.682 ; SOPC:inst2|altera_reset_controller:rst_controller|altera_reset_synchronizer:alt_rst_sync_uq1|altera_reset_synchronizer_int_chain_out ; SOPC:inst2|SOPC_cpu:cpu|A_mul_src1[16]                                                                                                                                                                                                                                                             ; inst|altpll_component|pll|clk[0] ; inst|altpll_component|pll|clk[0] ; 10.000       ; 0.437      ; 4.693      ;
; 5.682 ; SOPC:inst2|altera_reset_controller:rst_controller|altera_reset_synchronizer:alt_rst_sync_uq1|altera_reset_synchronizer_int_chain_out ; SOPC:inst2|SOPC_cpu:cpu|A_mul_src1[17]                                                                                                                                                                                                                                                             ; inst|altpll_component|pll|clk[0] ; inst|altpll_component|pll|clk[0] ; 10.000       ; 0.437      ; 4.693      ;
; 5.682 ; SOPC:inst2|altera_reset_controller:rst_controller|altera_reset_synchronizer:alt_rst_sync_uq1|altera_reset_synchronizer_int_chain_out ; SOPC:inst2|SOPC_cpu:cpu|A_mul_src1[18]                                                                                                                                                                                                                                                             ; inst|altpll_component|pll|clk[0] ; inst|altpll_component|pll|clk[0] ; 10.000       ; 0.437      ; 4.693      ;
; 5.682 ; SOPC:inst2|altera_reset_controller:rst_controller|altera_reset_synchronizer:alt_rst_sync_uq1|altera_reset_synchronizer_int_chain_out ; SOPC:inst2|SOPC_cpu:cpu|A_mul_src1[19]                                                                                                                                                                                                                                                             ; inst|altpll_component|pll|clk[0] ; inst|altpll_component|pll|clk[0] ; 10.000       ; 0.437      ; 4.693      ;
+-------+--------------------------------------------------------------------------------------------------------------------------------------+----------------------------------------------------------------------------------------------------------------------------------------------------------------------------------------------------------------------------------------------------------------------------------------------------+----------------------------------+----------------------------------+--------------+------------+------------+


+------------------------------------------------------------------------------------------------------------------------------------------------------------------------------------------------------------------------------------------------------------------------------------------------------------------------------------------------------------------------------------------+
; Slow Model Removal: 'inst|altpll_component|pll|clk[0]'                                                                                                                                                                                                                                                                                                                                   ;
+-------+--------------------------------------------------------------------------------------------------------------------------------------+----------------------------------------------------------------------------------------------------------------------------+----------------------------------+----------------------------------+--------------+------------+------------+
; Slack ; From Node                                                                                                                            ; To Node                                                                                                                    ; Launch Clock                     ; Latch Clock                      ; Relationship ; Clock Skew ; Data Delay ;
+-------+--------------------------------------------------------------------------------------------------------------------------------------+----------------------------------------------------------------------------------------------------------------------------+----------------------------------+----------------------------------+--------------+------------+------------+
; 2.575 ; SOPC:inst2|altera_reset_controller:rst_controller|altera_reset_synchronizer:alt_rst_sync_uq1|altera_reset_synchronizer_int_chain_out ; SOPC:inst2|altera_merlin_width_adapter:width_adapter|use_reg                                                               ; inst|altpll_component|pll|clk[0] ; inst|altpll_component|pll|clk[0] ; 0.000        ; 0.023      ; 2.904      ;
; 2.575 ; SOPC:inst2|altera_reset_controller:rst_controller|altera_reset_synchronizer:alt_rst_sync_uq1|altera_reset_synchronizer_int_chain_out ; SOPC:inst2|altera_merlin_width_adapter:width_adapter|byteen_reg[0]                                                         ; inst|altpll_component|pll|clk[0] ; inst|altpll_component|pll|clk[0] ; 0.000        ; 0.007      ; 2.888      ;
; 2.575 ; SOPC:inst2|altera_reset_controller:rst_controller|altera_reset_synchronizer:alt_rst_sync_uq1|altera_reset_synchronizer_int_chain_out ; SOPC:inst2|altera_avalon_sc_fifo:sdram_s1_translator_avalon_universal_slave_0_agent_rdata_fifo|rd_ptr[1]                   ; inst|altpll_component|pll|clk[0] ; inst|altpll_component|pll|clk[0] ; 0.000        ; 0.031      ; 2.912      ;
; 2.575 ; SOPC:inst2|altera_reset_controller:rst_controller|altera_reset_synchronizer:alt_rst_sync_uq1|altera_reset_synchronizer_int_chain_out ; SOPC:inst2|altera_avalon_sc_fifo:sdram_s1_translator_avalon_universal_slave_0_agent_rdata_fifo|rd_ptr[0]                   ; inst|altpll_component|pll|clk[0] ; inst|altpll_component|pll|clk[0] ; 0.000        ; 0.031      ; 2.912      ;
; 2.575 ; SOPC:inst2|altera_reset_controller:rst_controller|altera_reset_synchronizer:alt_rst_sync_uq1|altera_reset_synchronizer_int_chain_out ; SOPC:inst2|altera_avalon_sc_fifo:sdram_s1_translator_avalon_universal_slave_0_agent_rdata_fifo|wr_ptr[2]                   ; inst|altpll_component|pll|clk[0] ; inst|altpll_component|pll|clk[0] ; 0.000        ; 0.021      ; 2.902      ;
; 2.575 ; SOPC:inst2|altera_reset_controller:rst_controller|altera_reset_synchronizer:alt_rst_sync_uq1|altera_reset_synchronizer_int_chain_out ; SOPC:inst2|SOPC_sdram:sdram|SOPC_sdram_input_efifo_module:the_SOPC_sdram_input_efifo_module|entries[0]                     ; inst|altpll_component|pll|clk[0] ; inst|altpll_component|pll|clk[0] ; 0.000        ; 0.018      ; 2.899      ;
; 2.575 ; SOPC:inst2|altera_reset_controller:rst_controller|altera_reset_synchronizer:alt_rst_sync_uq1|altera_reset_synchronizer_int_chain_out ; SOPC:inst2|altera_avalon_sc_fifo:sdram_s1_translator_avalon_universal_slave_0_agent_rsp_fifo|mem_used[1]                   ; inst|altpll_component|pll|clk[0] ; inst|altpll_component|pll|clk[0] ; 0.000        ; 0.024      ; 2.905      ;
; 2.575 ; SOPC:inst2|altera_reset_controller:rst_controller|altera_reset_synchronizer:alt_rst_sync_uq1|altera_reset_synchronizer_int_chain_out ; SOPC:inst2|altera_avalon_sc_fifo:sdram_s1_translator_avalon_universal_slave_0_agent_rsp_fifo|mem_used[2]                   ; inst|altpll_component|pll|clk[0] ; inst|altpll_component|pll|clk[0] ; 0.000        ; 0.024      ; 2.905      ;
; 2.575 ; SOPC:inst2|altera_reset_controller:rst_controller|altera_reset_synchronizer:alt_rst_sync_uq1|altera_reset_synchronizer_int_chain_out ; SOPC:inst2|altera_avalon_sc_fifo:sdram_s1_translator_avalon_universal_slave_0_agent_rsp_fifo|mem_used[3]                   ; inst|altpll_component|pll|clk[0] ; inst|altpll_component|pll|clk[0] ; 0.000        ; 0.024      ; 2.905      ;
; 2.575 ; SOPC:inst2|altera_reset_controller:rst_controller|altera_reset_synchronizer:alt_rst_sync_uq1|altera_reset_synchronizer_int_chain_out ; SOPC:inst2|altera_avalon_sc_fifo:sdram_s1_translator_avalon_universal_slave_0_agent_rsp_fifo|mem_used[4]                   ; inst|altpll_component|pll|clk[0] ; inst|altpll_component|pll|clk[0] ; 0.000        ; 0.024      ; 2.905      ;
; 2.575 ; SOPC:inst2|altera_reset_controller:rst_controller|altera_reset_synchronizer:alt_rst_sync_uq1|altera_reset_synchronizer_int_chain_out ; SOPC:inst2|altera_avalon_sc_fifo:sdram_s1_translator_avalon_universal_slave_0_agent_rsp_fifo|mem_used[5]                   ; inst|altpll_component|pll|clk[0] ; inst|altpll_component|pll|clk[0] ; 0.000        ; 0.024      ; 2.905      ;
; 2.575 ; SOPC:inst2|altera_reset_controller:rst_controller|altera_reset_synchronizer:alt_rst_sync_uq1|altera_reset_synchronizer_int_chain_out ; SOPC:inst2|altera_avalon_sc_fifo:sdram_s1_translator_avalon_universal_slave_0_agent_rsp_fifo|mem_used[6]                   ; inst|altpll_component|pll|clk[0] ; inst|altpll_component|pll|clk[0] ; 0.000        ; 0.024      ; 2.905      ;
; 2.575 ; SOPC:inst2|altera_reset_controller:rst_controller|altera_reset_synchronizer:alt_rst_sync_uq1|altera_reset_synchronizer_int_chain_out ; SOPC:inst2|altera_avalon_sc_fifo:sdram_s1_translator_avalon_universal_slave_0_agent_rsp_fifo|mem_used[7]                   ; inst|altpll_component|pll|clk[0] ; inst|altpll_component|pll|clk[0] ; 0.000        ; 0.024      ; 2.905      ;
; 2.575 ; SOPC:inst2|altera_reset_controller:rst_controller|altera_reset_synchronizer:alt_rst_sync_uq1|altera_reset_synchronizer_int_chain_out ; SOPC:inst2|SOPC_sdram:sdram|SOPC_sdram_input_efifo_module:the_SOPC_sdram_input_efifo_module|entries[1]                     ; inst|altpll_component|pll|clk[0] ; inst|altpll_component|pll|clk[0] ; 0.000        ; 0.018      ; 2.899      ;
; 2.575 ; SOPC:inst2|altera_reset_controller:rst_controller|altera_reset_synchronizer:alt_rst_sync_uq1|altera_reset_synchronizer_int_chain_out ; SOPC:inst2|SOPC_sdram:sdram|refresh_counter[0]                                                                             ; inst|altpll_component|pll|clk[0] ; inst|altpll_component|pll|clk[0] ; 0.000        ; 0.020      ; 2.901      ;
; 2.575 ; SOPC:inst2|altera_reset_controller:rst_controller|altera_reset_synchronizer:alt_rst_sync_uq1|altera_reset_synchronizer_int_chain_out ; SOPC:inst2|SOPC_sdram:sdram|refresh_counter[1]                                                                             ; inst|altpll_component|pll|clk[0] ; inst|altpll_component|pll|clk[0] ; 0.000        ; 0.022      ; 2.903      ;
; 2.575 ; SOPC:inst2|altera_reset_controller:rst_controller|altera_reset_synchronizer:alt_rst_sync_uq1|altera_reset_synchronizer_int_chain_out ; SOPC:inst2|SOPC_sdram:sdram|refresh_counter[2]                                                                             ; inst|altpll_component|pll|clk[0] ; inst|altpll_component|pll|clk[0] ; 0.000        ; 0.020      ; 2.901      ;
; 2.575 ; SOPC:inst2|altera_reset_controller:rst_controller|altera_reset_synchronizer:alt_rst_sync_uq1|altera_reset_synchronizer_int_chain_out ; SOPC:inst2|SOPC_sdram:sdram|refresh_counter[3]                                                                             ; inst|altpll_component|pll|clk[0] ; inst|altpll_component|pll|clk[0] ; 0.000        ; 0.015      ; 2.896      ;
; 2.575 ; SOPC:inst2|altera_reset_controller:rst_controller|altera_reset_synchronizer:alt_rst_sync_uq1|altera_reset_synchronizer_int_chain_out ; SOPC:inst2|SOPC_sdram:sdram|refresh_counter[4]                                                                             ; inst|altpll_component|pll|clk[0] ; inst|altpll_component|pll|clk[0] ; 0.000        ; 0.022      ; 2.903      ;
; 2.575 ; SOPC:inst2|altera_reset_controller:rst_controller|altera_reset_synchronizer:alt_rst_sync_uq1|altera_reset_synchronizer_int_chain_out ; SOPC:inst2|SOPC_sdram:sdram|refresh_counter[5]                                                                             ; inst|altpll_component|pll|clk[0] ; inst|altpll_component|pll|clk[0] ; 0.000        ; 0.022      ; 2.903      ;
; 2.575 ; SOPC:inst2|altera_reset_controller:rst_controller|altera_reset_synchronizer:alt_rst_sync_uq1|altera_reset_synchronizer_int_chain_out ; SOPC:inst2|SOPC_sdram:sdram|refresh_counter[6]                                                                             ; inst|altpll_component|pll|clk[0] ; inst|altpll_component|pll|clk[0] ; 0.000        ; 0.022      ; 2.903      ;
; 2.575 ; SOPC:inst2|altera_reset_controller:rst_controller|altera_reset_synchronizer:alt_rst_sync_uq1|altera_reset_synchronizer_int_chain_out ; SOPC:inst2|SOPC_sdram:sdram|refresh_counter[7]                                                                             ; inst|altpll_component|pll|clk[0] ; inst|altpll_component|pll|clk[0] ; 0.000        ; 0.022      ; 2.903      ;
; 2.575 ; SOPC:inst2|altera_reset_controller:rst_controller|altera_reset_synchronizer:alt_rst_sync_uq1|altera_reset_synchronizer_int_chain_out ; SOPC:inst2|SOPC_sdram:sdram|refresh_counter[8]                                                                             ; inst|altpll_component|pll|clk[0] ; inst|altpll_component|pll|clk[0] ; 0.000        ; 0.022      ; 2.903      ;
; 2.575 ; SOPC:inst2|altera_reset_controller:rst_controller|altera_reset_synchronizer:alt_rst_sync_uq1|altera_reset_synchronizer_int_chain_out ; SOPC:inst2|SOPC_sdram:sdram|refresh_counter[9]                                                                             ; inst|altpll_component|pll|clk[0] ; inst|altpll_component|pll|clk[0] ; 0.000        ; 0.015      ; 2.896      ;
; 2.575 ; SOPC:inst2|altera_reset_controller:rst_controller|altera_reset_synchronizer:alt_rst_sync_uq1|altera_reset_synchronizer_int_chain_out ; SOPC:inst2|SOPC_sdram:sdram|refresh_counter[10]                                                                            ; inst|altpll_component|pll|clk[0] ; inst|altpll_component|pll|clk[0] ; 0.000        ; 0.022      ; 2.903      ;
; 2.575 ; SOPC:inst2|altera_reset_controller:rst_controller|altera_reset_synchronizer:alt_rst_sync_uq1|altera_reset_synchronizer_int_chain_out ; SOPC:inst2|SOPC_sdram:sdram|refresh_counter[11]                                                                            ; inst|altpll_component|pll|clk[0] ; inst|altpll_component|pll|clk[0] ; 0.000        ; 0.022      ; 2.903      ;
; 2.575 ; SOPC:inst2|altera_reset_controller:rst_controller|altera_reset_synchronizer:alt_rst_sync_uq1|altera_reset_synchronizer_int_chain_out ; SOPC:inst2|SOPC_sdram:sdram|refresh_counter[12]                                                                            ; inst|altpll_component|pll|clk[0] ; inst|altpll_component|pll|clk[0] ; 0.000        ; 0.022      ; 2.903      ;
; 2.575 ; SOPC:inst2|altera_reset_controller:rst_controller|altera_reset_synchronizer:alt_rst_sync_uq1|altera_reset_synchronizer_int_chain_out ; SOPC:inst2|SOPC_sdram:sdram|i_next.000                                                                                     ; inst|altpll_component|pll|clk[0] ; inst|altpll_component|pll|clk[0] ; 0.000        ; 0.032      ; 2.913      ;
; 2.575 ; SOPC:inst2|altera_reset_controller:rst_controller|altera_reset_synchronizer:alt_rst_sync_uq1|altera_reset_synchronizer_int_chain_out ; SOPC:inst2|SOPC_sdram:sdram|i_state.000                                                                                    ; inst|altpll_component|pll|clk[0] ; inst|altpll_component|pll|clk[0] ; 0.000        ; 0.032      ; 2.913      ;
; 2.575 ; SOPC:inst2|altera_reset_controller:rst_controller|altera_reset_synchronizer:alt_rst_sync_uq1|altera_reset_synchronizer_int_chain_out ; SOPC:inst2|SOPC_sdram:sdram|i_state.001                                                                                    ; inst|altpll_component|pll|clk[0] ; inst|altpll_component|pll|clk[0] ; 0.000        ; 0.032      ; 2.913      ;
; 2.575 ; SOPC:inst2|altera_reset_controller:rst_controller|altera_reset_synchronizer:alt_rst_sync_uq1|altera_reset_synchronizer_int_chain_out ; SOPC:inst2|SOPC_sdram:sdram|i_next.010                                                                                     ; inst|altpll_component|pll|clk[0] ; inst|altpll_component|pll|clk[0] ; 0.000        ; 0.032      ; 2.913      ;
; 2.575 ; SOPC:inst2|altera_reset_controller:rst_controller|altera_reset_synchronizer:alt_rst_sync_uq1|altera_reset_synchronizer_int_chain_out ; SOPC:inst2|SOPC_sdram:sdram|i_state.010                                                                                    ; inst|altpll_component|pll|clk[0] ; inst|altpll_component|pll|clk[0] ; 0.000        ; 0.032      ; 2.913      ;
; 2.575 ; SOPC:inst2|altera_reset_controller:rst_controller|altera_reset_synchronizer:alt_rst_sync_uq1|altera_reset_synchronizer_int_chain_out ; SOPC:inst2|SOPC_sdram:sdram|i_count[0]                                                                                     ; inst|altpll_component|pll|clk[0] ; inst|altpll_component|pll|clk[0] ; 0.000        ; 0.032      ; 2.913      ;
; 2.575 ; SOPC:inst2|altera_reset_controller:rst_controller|altera_reset_synchronizer:alt_rst_sync_uq1|altera_reset_synchronizer_int_chain_out ; SOPC:inst2|SOPC_sdram:sdram|i_count[1]                                                                                     ; inst|altpll_component|pll|clk[0] ; inst|altpll_component|pll|clk[0] ; 0.000        ; 0.032      ; 2.913      ;
; 2.575 ; SOPC:inst2|altera_reset_controller:rst_controller|altera_reset_synchronizer:alt_rst_sync_uq1|altera_reset_synchronizer_int_chain_out ; SOPC:inst2|SOPC_sdram:sdram|i_next.111                                                                                     ; inst|altpll_component|pll|clk[0] ; inst|altpll_component|pll|clk[0] ; 0.000        ; 0.032      ; 2.913      ;
; 2.575 ; SOPC:inst2|altera_reset_controller:rst_controller|altera_reset_synchronizer:alt_rst_sync_uq1|altera_reset_synchronizer_int_chain_out ; SOPC:inst2|SOPC_sdram:sdram|i_state.111                                                                                    ; inst|altpll_component|pll|clk[0] ; inst|altpll_component|pll|clk[0] ; 0.000        ; 0.032      ; 2.913      ;
; 2.575 ; SOPC:inst2|altera_reset_controller:rst_controller|altera_reset_synchronizer:alt_rst_sync_uq1|altera_reset_synchronizer_int_chain_out ; SOPC:inst2|SOPC_sdram:sdram|i_count[2]                                                                                     ; inst|altpll_component|pll|clk[0] ; inst|altpll_component|pll|clk[0] ; 0.000        ; 0.032      ; 2.913      ;
; 2.575 ; SOPC:inst2|altera_reset_controller:rst_controller|altera_reset_synchronizer:alt_rst_sync_uq1|altera_reset_synchronizer_int_chain_out ; SOPC:inst2|SOPC_sdram:sdram|i_state.011                                                                                    ; inst|altpll_component|pll|clk[0] ; inst|altpll_component|pll|clk[0] ; 0.000        ; 0.032      ; 2.913      ;
; 2.575 ; SOPC:inst2|altera_reset_controller:rst_controller|altera_reset_synchronizer:alt_rst_sync_uq1|altera_reset_synchronizer_int_chain_out ; SOPC:inst2|SOPC_sdram:sdram|i_next.101                                                                                     ; inst|altpll_component|pll|clk[0] ; inst|altpll_component|pll|clk[0] ; 0.000        ; 0.032      ; 2.913      ;
; 2.575 ; SOPC:inst2|altera_reset_controller:rst_controller|altera_reset_synchronizer:alt_rst_sync_uq1|altera_reset_synchronizer_int_chain_out ; SOPC:inst2|SOPC_sdram:sdram|i_state.101                                                                                    ; inst|altpll_component|pll|clk[0] ; inst|altpll_component|pll|clk[0] ; 0.000        ; 0.032      ; 2.913      ;
; 2.575 ; SOPC:inst2|altera_reset_controller:rst_controller|altera_reset_synchronizer:alt_rst_sync_uq1|altera_reset_synchronizer_int_chain_out ; SOPC:inst2|SOPC_sdram:sdram|init_done                                                                                      ; inst|altpll_component|pll|clk[0] ; inst|altpll_component|pll|clk[0] ; 0.000        ; 0.035      ; 2.916      ;
; 2.575 ; SOPC:inst2|altera_reset_controller:rst_controller|altera_reset_synchronizer:alt_rst_sync_uq1|altera_reset_synchronizer_int_chain_out ; SOPC:inst2|SOPC_sdram:sdram|SOPC_sdram_input_efifo_module:the_SOPC_sdram_input_efifo_module|wr_address                     ; inst|altpll_component|pll|clk[0] ; inst|altpll_component|pll|clk[0] ; 0.000        ; 0.005      ; 2.886      ;
; 2.575 ; SOPC:inst2|altera_reset_controller:rst_controller|altera_reset_synchronizer:alt_rst_sync_uq1|altera_reset_synchronizer_int_chain_out ; SOPC:inst2|altera_merlin_master_agent:cpu_data_master_translator_avalon_universal_master_0_agent|hold_waitrequest          ; inst|altpll_component|pll|clk[0] ; inst|altpll_component|pll|clk[0] ; 0.000        ; 0.038      ; 2.919      ;
; 2.575 ; SOPC:inst2|altera_reset_controller:rst_controller|altera_reset_synchronizer:alt_rst_sync_uq1|altera_reset_synchronizer_int_chain_out ; SOPC:inst2|altera_merlin_slave_translator:epcs_epcs_control_port_translator|wait_latency_counter[0]                        ; inst|altpll_component|pll|clk[0] ; inst|altpll_component|pll|clk[0] ; 0.000        ; 0.020      ; 2.901      ;
; 2.575 ; SOPC:inst2|altera_reset_controller:rst_controller|altera_reset_synchronizer:alt_rst_sync_uq1|altera_reset_synchronizer_int_chain_out ; SOPC:inst2|SOPC_sdram:sdram|m_state.100000000                                                                              ; inst|altpll_component|pll|clk[0] ; inst|altpll_component|pll|clk[0] ; 0.000        ; 0.034      ; 2.915      ;
; 2.575 ; SOPC:inst2|altera_reset_controller:rst_controller|altera_reset_synchronizer:alt_rst_sync_uq1|altera_reset_synchronizer_int_chain_out ; SOPC:inst2|altera_merlin_slave_translator:cpu_jtag_debug_module_translator|read_latency_shift_reg[0]                       ; inst|altpll_component|pll|clk[0] ; inst|altpll_component|pll|clk[0] ; 0.000        ; 0.020      ; 2.901      ;
; 2.575 ; SOPC:inst2|altera_reset_controller:rst_controller|altera_reset_synchronizer:alt_rst_sync_uq1|altera_reset_synchronizer_int_chain_out ; SOPC:inst2|altera_avalon_sc_fifo:cpu_jtag_debug_module_translator_avalon_universal_slave_0_agent_rsp_fifo|mem_used[0]      ; inst|altpll_component|pll|clk[0] ; inst|altpll_component|pll|clk[0] ; 0.000        ; 0.020      ; 2.901      ;
; 2.575 ; SOPC:inst2|altera_reset_controller:rst_controller|altera_reset_synchronizer:alt_rst_sync_uq1|altera_reset_synchronizer_int_chain_out ; SOPC:inst2|altera_avalon_sc_fifo:cpu_jtag_debug_module_translator_avalon_universal_slave_0_agent_rsp_fifo|mem[1][84]       ; inst|altpll_component|pll|clk[0] ; inst|altpll_component|pll|clk[0] ; 0.000        ; 0.027      ; 2.908      ;
; 2.575 ; SOPC:inst2|altera_reset_controller:rst_controller|altera_reset_synchronizer:alt_rst_sync_uq1|altera_reset_synchronizer_int_chain_out ; SOPC:inst2|altera_avalon_sc_fifo:cpu_jtag_debug_module_translator_avalon_universal_slave_0_agent_rsp_fifo|mem[0][84]       ; inst|altpll_component|pll|clk[0] ; inst|altpll_component|pll|clk[0] ; 0.000        ; 0.027      ; 2.908      ;
; 2.575 ; SOPC:inst2|altera_reset_controller:rst_controller|altera_reset_synchronizer:alt_rst_sync_uq1|altera_reset_synchronizer_int_chain_out ; SOPC:inst2|altera_merlin_width_adapter:width_adapter|data_reg[9]                                                           ; inst|altpll_component|pll|clk[0] ; inst|altpll_component|pll|clk[0] ; 0.000        ; 0.021      ; 2.902      ;
; 2.575 ; SOPC:inst2|altera_reset_controller:rst_controller|altera_reset_synchronizer:alt_rst_sync_uq1|altera_reset_synchronizer_int_chain_out ; SOPC:inst2|SOPC_sdram:sdram|m_state.000000010                                                                              ; inst|altpll_component|pll|clk[0] ; inst|altpll_component|pll|clk[0] ; 0.000        ; 0.018      ; 2.899      ;
; 2.575 ; SOPC:inst2|altera_reset_controller:rst_controller|altera_reset_synchronizer:alt_rst_sync_uq1|altera_reset_synchronizer_int_chain_out ; SOPC:inst2|SOPC_sdram:sdram|m_data[9]~_Duplicate_1                                                                         ; inst|altpll_component|pll|clk[0] ; inst|altpll_component|pll|clk[0] ; 0.000        ; 0.023      ; 2.904      ;
; 2.575 ; SOPC:inst2|altera_reset_controller:rst_controller|altera_reset_synchronizer:alt_rst_sync_uq1|altera_reset_synchronizer_int_chain_out ; SOPC:inst2|altera_avalon_sc_fifo:sdram_s1_translator_avalon_universal_slave_0_agent_rdata_fifo|rd_ptr[2]                   ; inst|altpll_component|pll|clk[0] ; inst|altpll_component|pll|clk[0] ; 0.000        ; 0.031      ; 2.912      ;
; 2.575 ; SOPC:inst2|altera_reset_controller:rst_controller|altera_reset_synchronizer:alt_rst_sync_uq1|altera_reset_synchronizer_int_chain_out ; SOPC:inst2|altera_merlin_width_adapter:width_adapter|data_reg[10]                                                          ; inst|altpll_component|pll|clk[0] ; inst|altpll_component|pll|clk[0] ; 0.000        ; 0.007      ; 2.888      ;
; 2.575 ; SOPC:inst2|altera_reset_controller:rst_controller|altera_reset_synchronizer:alt_rst_sync_uq1|altera_reset_synchronizer_int_chain_out ; SOPC:inst2|SOPC_spi_touch:spi_touch|SSO_reg                                                                                ; inst|altpll_component|pll|clk[0] ; inst|altpll_component|pll|clk[0] ; 0.000        ; 0.031      ; 2.912      ;
; 2.575 ; SOPC:inst2|altera_reset_controller:rst_controller|altera_reset_synchronizer:alt_rst_sync_uq1|altera_reset_synchronizer_int_chain_out ; SOPC:inst2|altera_merlin_slave_translator:spi_touch_spi_control_port_translator|wait_latency_counter[0]                    ; inst|altpll_component|pll|clk[0] ; inst|altpll_component|pll|clk[0] ; 0.000        ; 0.038      ; 2.919      ;
; 2.575 ; SOPC:inst2|altera_reset_controller:rst_controller|altera_reset_synchronizer:alt_rst_sync_uq1|altera_reset_synchronizer_int_chain_out ; SOPC:inst2|altera_merlin_slave_translator:spi_touch_spi_control_port_translator|read_latency_shift_reg[0]                  ; inst|altpll_component|pll|clk[0] ; inst|altpll_component|pll|clk[0] ; 0.000        ; 0.031      ; 2.912      ;
; 2.575 ; SOPC:inst2|altera_reset_controller:rst_controller|altera_reset_synchronizer:alt_rst_sync_uq1|altera_reset_synchronizer_int_chain_out ; SOPC:inst2|altera_avalon_sc_fifo:spi_touch_spi_control_port_translator_avalon_universal_slave_0_agent_rsp_fifo|mem_used[0] ; inst|altpll_component|pll|clk[0] ; inst|altpll_component|pll|clk[0] ; 0.000        ; 0.031      ; 2.912      ;
; 2.575 ; SOPC:inst2|altera_reset_controller:rst_controller|altera_reset_synchronizer:alt_rst_sync_uq1|altera_reset_synchronizer_int_chain_out ; SOPC:inst2|altera_avalon_sc_fifo:spi_touch_spi_control_port_translator_avalon_universal_slave_0_agent_rsp_fifo|mem_used[1] ; inst|altpll_component|pll|clk[0] ; inst|altpll_component|pll|clk[0] ; 0.000        ; 0.031      ; 2.912      ;
; 2.575 ; SOPC:inst2|altera_reset_controller:rst_controller|altera_reset_synchronizer:alt_rst_sync_uq1|altera_reset_synchronizer_int_chain_out ; SOPC:inst2|altera_merlin_slave_translator:spi_touch_spi_control_port_translator|wait_latency_counter[1]                    ; inst|altpll_component|pll|clk[0] ; inst|altpll_component|pll|clk[0] ; 0.000        ; 0.038      ; 2.919      ;
; 2.575 ; SOPC:inst2|altera_reset_controller:rst_controller|altera_reset_synchronizer:alt_rst_sync_uq1|altera_reset_synchronizer_int_chain_out ; SOPC:inst2|SOPC_spi_touch:spi_touch|wr_strobe                                                                              ; inst|altpll_component|pll|clk[0] ; inst|altpll_component|pll|clk[0] ; 0.000        ; 0.038      ; 2.919      ;
; 2.575 ; SOPC:inst2|altera_reset_controller:rst_controller|altera_reset_synchronizer:alt_rst_sync_uq1|altera_reset_synchronizer_int_chain_out ; SOPC:inst2|SOPC_spi_touch:spi_touch|endofpacketvalue_reg[10]                                                               ; inst|altpll_component|pll|clk[0] ; inst|altpll_component|pll|clk[0] ; 0.000        ; 0.035      ; 2.916      ;
; 2.575 ; SOPC:inst2|altera_reset_controller:rst_controller|altera_reset_synchronizer:alt_rst_sync_uq1|altera_reset_synchronizer_int_chain_out ; SOPC:inst2|SOPC_spi_touch:spi_touch|data_wr_strobe                                                                         ; inst|altpll_component|pll|clk[0] ; inst|altpll_component|pll|clk[0] ; 0.000        ; 0.038      ; 2.919      ;
; 2.575 ; SOPC:inst2|altera_reset_controller:rst_controller|altera_reset_synchronizer:alt_rst_sync_uq1|altera_reset_synchronizer_int_chain_out ; SOPC:inst2|SOPC_spi_touch:spi_touch|slowcount[0]                                                                           ; inst|altpll_component|pll|clk[0] ; inst|altpll_component|pll|clk[0] ; 0.000        ; 0.032      ; 2.913      ;
; 2.575 ; SOPC:inst2|altera_reset_controller:rst_controller|altera_reset_synchronizer:alt_rst_sync_uq1|altera_reset_synchronizer_int_chain_out ; SOPC:inst2|SOPC_spi_touch:spi_touch|slowcount[2]                                                                           ; inst|altpll_component|pll|clk[0] ; inst|altpll_component|pll|clk[0] ; 0.000        ; 0.033      ; 2.914      ;
; 2.575 ; SOPC:inst2|altera_reset_controller:rst_controller|altera_reset_synchronizer:alt_rst_sync_uq1|altera_reset_synchronizer_int_chain_out ; SOPC:inst2|SOPC_spi_touch:spi_touch|slowcount[3]                                                                           ; inst|altpll_component|pll|clk[0] ; inst|altpll_component|pll|clk[0] ; 0.000        ; 0.033      ; 2.914      ;
; 2.575 ; SOPC:inst2|altera_reset_controller:rst_controller|altera_reset_synchronizer:alt_rst_sync_uq1|altera_reset_synchronizer_int_chain_out ; SOPC:inst2|SOPC_spi_touch:spi_touch|slowcount[4]                                                                           ; inst|altpll_component|pll|clk[0] ; inst|altpll_component|pll|clk[0] ; 0.000        ; 0.033      ; 2.914      ;
; 2.575 ; SOPC:inst2|altera_reset_controller:rst_controller|altera_reset_synchronizer:alt_rst_sync_uq1|altera_reset_synchronizer_int_chain_out ; SOPC:inst2|SOPC_spi_touch:spi_touch|slowcount[1]                                                                           ; inst|altpll_component|pll|clk[0] ; inst|altpll_component|pll|clk[0] ; 0.000        ; 0.033      ; 2.914      ;
; 2.575 ; SOPC:inst2|altera_reset_controller:rst_controller|altera_reset_synchronizer:alt_rst_sync_uq1|altera_reset_synchronizer_int_chain_out ; SOPC:inst2|SOPC_spi_touch:spi_touch|state[0]                                                                               ; inst|altpll_component|pll|clk[0] ; inst|altpll_component|pll|clk[0] ; 0.000        ; 0.033      ; 2.914      ;
; 2.575 ; SOPC:inst2|altera_reset_controller:rst_controller|altera_reset_synchronizer:alt_rst_sync_uq1|altera_reset_synchronizer_int_chain_out ; SOPC:inst2|SOPC_spi_touch:spi_touch|state[2]                                                                               ; inst|altpll_component|pll|clk[0] ; inst|altpll_component|pll|clk[0] ; 0.000        ; 0.033      ; 2.914      ;
; 2.575 ; SOPC:inst2|altera_reset_controller:rst_controller|altera_reset_synchronizer:alt_rst_sync_uq1|altera_reset_synchronizer_int_chain_out ; SOPC:inst2|SOPC_spi_touch:spi_touch|state[3]                                                                               ; inst|altpll_component|pll|clk[0] ; inst|altpll_component|pll|clk[0] ; 0.000        ; 0.033      ; 2.914      ;
; 2.575 ; SOPC:inst2|altera_reset_controller:rst_controller|altera_reset_synchronizer:alt_rst_sync_uq1|altera_reset_synchronizer_int_chain_out ; SOPC:inst2|SOPC_spi_touch:spi_touch|state[1]                                                                               ; inst|altpll_component|pll|clk[0] ; inst|altpll_component|pll|clk[0] ; 0.000        ; 0.033      ; 2.914      ;
; 2.575 ; SOPC:inst2|altera_reset_controller:rst_controller|altera_reset_synchronizer:alt_rst_sync_uq1|altera_reset_synchronizer_int_chain_out ; SOPC:inst2|SOPC_spi_touch:spi_touch|state[4]                                                                               ; inst|altpll_component|pll|clk[0] ; inst|altpll_component|pll|clk[0] ; 0.000        ; 0.033      ; 2.914      ;
; 2.575 ; SOPC:inst2|altera_reset_controller:rst_controller|altera_reset_synchronizer:alt_rst_sync_uq1|altera_reset_synchronizer_int_chain_out ; SOPC:inst2|SOPC_spi_touch:spi_touch|transmitting                                                                           ; inst|altpll_component|pll|clk[0] ; inst|altpll_component|pll|clk[0] ; 0.000        ; 0.033      ; 2.914      ;
; 2.575 ; SOPC:inst2|altera_reset_controller:rst_controller|altera_reset_synchronizer:alt_rst_sync_uq1|altera_reset_synchronizer_int_chain_out ; SOPC:inst2|SOPC_spi_touch:spi_touch|tx_holding_primed                                                                      ; inst|altpll_component|pll|clk[0] ; inst|altpll_component|pll|clk[0] ; 0.000        ; 0.031      ; 2.912      ;
; 2.575 ; SOPC:inst2|altera_reset_controller:rst_controller|altera_reset_synchronizer:alt_rst_sync_uq1|altera_reset_synchronizer_int_chain_out ; SOPC:inst2|SOPC_spi_touch:spi_touch|spi_slave_select_holding_reg[10]                                                       ; inst|altpll_component|pll|clk[0] ; inst|altpll_component|pll|clk[0] ; 0.000        ; 0.033      ; 2.914      ;
; 2.575 ; SOPC:inst2|altera_reset_controller:rst_controller|altera_reset_synchronizer:alt_rst_sync_uq1|altera_reset_synchronizer_int_chain_out ; SOPC:inst2|SOPC_spi_touch:spi_touch|spi_slave_select_reg[10]                                                               ; inst|altpll_component|pll|clk[0] ; inst|altpll_component|pll|clk[0] ; 0.000        ; 0.032      ; 2.913      ;
; 2.575 ; SOPC:inst2|altera_reset_controller:rst_controller|altera_reset_synchronizer:alt_rst_sync_uq1|altera_reset_synchronizer_int_chain_out ; SOPC:inst2|SOPC_spi_touch:spi_touch|data_to_cpu[10]                                                                        ; inst|altpll_component|pll|clk[0] ; inst|altpll_component|pll|clk[0] ; 0.000        ; 0.031      ; 2.912      ;
; 2.575 ; SOPC:inst2|altera_reset_controller:rst_controller|altera_reset_synchronizer:alt_rst_sync_uq1|altera_reset_synchronizer_int_chain_out ; SOPC:inst2|altera_merlin_slave_translator:spi_touch_spi_control_port_translator|av_readdata_pre[10]                        ; inst|altpll_component|pll|clk[0] ; inst|altpll_component|pll|clk[0] ; 0.000        ; 0.037      ; 2.918      ;
; 2.575 ; SOPC:inst2|altera_reset_controller:rst_controller|altera_reset_synchronizer:alt_rst_sync_uq1|altera_reset_synchronizer_int_chain_out ; SOPC:inst2|altera_merlin_slave_translator:lcd32_data_s1_translator|wait_latency_counter[1]                                 ; inst|altpll_component|pll|clk[0] ; inst|altpll_component|pll|clk[0] ; 0.000        ; 0.031      ; 2.912      ;
; 2.575 ; SOPC:inst2|altera_reset_controller:rst_controller|altera_reset_synchronizer:alt_rst_sync_uq1|altera_reset_synchronizer_int_chain_out ; SOPC:inst2|altera_merlin_slave_translator:lcd32_data_s1_translator|wait_latency_counter[0]                                 ; inst|altpll_component|pll|clk[0] ; inst|altpll_component|pll|clk[0] ; 0.000        ; 0.031      ; 2.912      ;
; 2.575 ; SOPC:inst2|altera_reset_controller:rst_controller|altera_reset_synchronizer:alt_rst_sync_uq1|altera_reset_synchronizer_int_chain_out ; SOPC:inst2|SOPC_lcd32_data:lcd32_data|data_out[10]                                                                         ; inst|altpll_component|pll|clk[0] ; inst|altpll_component|pll|clk[0] ; 0.000        ; 0.043      ; 2.924      ;
; 2.575 ; SOPC:inst2|altera_reset_controller:rst_controller|altera_reset_synchronizer:alt_rst_sync_uq1|altera_reset_synchronizer_int_chain_out ; SOPC:inst2|SOPC_lcd32_data:lcd32_data|data_dir[10]                                                                         ; inst|altpll_component|pll|clk[0] ; inst|altpll_component|pll|clk[0] ; 0.000        ; 0.043      ; 2.924      ;
; 2.575 ; SOPC:inst2|altera_reset_controller:rst_controller|altera_reset_synchronizer:alt_rst_sync_uq1|altera_reset_synchronizer_int_chain_out ; SOPC:inst2|SOPC_lcd32_data:lcd32_data|readdata[10]                                                                         ; inst|altpll_component|pll|clk[0] ; inst|altpll_component|pll|clk[0] ; 0.000        ; 0.044      ; 2.925      ;
; 2.575 ; SOPC:inst2|altera_reset_controller:rst_controller|altera_reset_synchronizer:alt_rst_sync_uq1|altera_reset_synchronizer_int_chain_out ; SOPC:inst2|altera_merlin_slave_translator:lcd32_data_s1_translator|av_readdata_pre[10]                                     ; inst|altpll_component|pll|clk[0] ; inst|altpll_component|pll|clk[0] ; 0.000        ; 0.041      ; 2.922      ;
; 2.575 ; SOPC:inst2|altera_reset_controller:rst_controller|altera_reset_synchronizer:alt_rst_sync_uq1|altera_reset_synchronizer_int_chain_out ; SOPC:inst2|SOPC_epcs:epcs|SOPC_epcs_sub:the_SOPC_epcs_sub|state[0]                                                         ; inst|altpll_component|pll|clk[0] ; inst|altpll_component|pll|clk[0] ; 0.000        ; 0.017      ; 2.898      ;
; 2.575 ; SOPC:inst2|altera_reset_controller:rst_controller|altera_reset_synchronizer:alt_rst_sync_uq1|altera_reset_synchronizer_int_chain_out ; SOPC:inst2|SOPC_epcs:epcs|SOPC_epcs_sub:the_SOPC_epcs_sub|state[3]                                                         ; inst|altpll_component|pll|clk[0] ; inst|altpll_component|pll|clk[0] ; 0.000        ; 0.017      ; 2.898      ;
; 2.575 ; SOPC:inst2|altera_reset_controller:rst_controller|altera_reset_synchronizer:alt_rst_sync_uq1|altera_reset_synchronizer_int_chain_out ; SOPC:inst2|SOPC_epcs:epcs|SOPC_epcs_sub:the_SOPC_epcs_sub|state[4]                                                         ; inst|altpll_component|pll|clk[0] ; inst|altpll_component|pll|clk[0] ; 0.000        ; 0.017      ; 2.898      ;
; 2.575 ; SOPC:inst2|altera_reset_controller:rst_controller|altera_reset_synchronizer:alt_rst_sync_uq1|altera_reset_synchronizer_int_chain_out ; SOPC:inst2|SOPC_epcs:epcs|SOPC_epcs_sub:the_SOPC_epcs_sub|state[1]                                                         ; inst|altpll_component|pll|clk[0] ; inst|altpll_component|pll|clk[0] ; 0.000        ; 0.017      ; 2.898      ;
; 2.575 ; SOPC:inst2|altera_reset_controller:rst_controller|altera_reset_synchronizer:alt_rst_sync_uq1|altera_reset_synchronizer_int_chain_out ; SOPC:inst2|SOPC_epcs:epcs|SOPC_epcs_sub:the_SOPC_epcs_sub|state[2]                                                         ; inst|altpll_component|pll|clk[0] ; inst|altpll_component|pll|clk[0] ; 0.000        ; 0.017      ; 2.898      ;
; 2.575 ; SOPC:inst2|altera_reset_controller:rst_controller|altera_reset_synchronizer:alt_rst_sync_uq1|altera_reset_synchronizer_int_chain_out ; SOPC:inst2|SOPC_epcs:epcs|SOPC_epcs_sub:the_SOPC_epcs_sub|transmitting                                                     ; inst|altpll_component|pll|clk[0] ; inst|altpll_component|pll|clk[0] ; 0.000        ; 0.041      ; 2.922      ;
; 2.575 ; SOPC:inst2|altera_reset_controller:rst_controller|altera_reset_synchronizer:alt_rst_sync_uq1|altera_reset_synchronizer_int_chain_out ; SOPC:inst2|SOPC_epcs:epcs|SOPC_epcs_sub:the_SOPC_epcs_sub|tx_holding_primed                                                ; inst|altpll_component|pll|clk[0] ; inst|altpll_component|pll|clk[0] ; 0.000        ; 0.028      ; 2.909      ;
; 2.575 ; SOPC:inst2|altera_reset_controller:rst_controller|altera_reset_synchronizer:alt_rst_sync_uq1|altera_reset_synchronizer_int_chain_out ; SOPC:inst2|SOPC_epcs:epcs|SOPC_epcs_sub:the_SOPC_epcs_sub|epcs_slave_select_holding_reg[10]                                ; inst|altpll_component|pll|clk[0] ; inst|altpll_component|pll|clk[0] ; 0.000        ; 0.041      ; 2.922      ;
; 2.575 ; SOPC:inst2|altera_reset_controller:rst_controller|altera_reset_synchronizer:alt_rst_sync_uq1|altera_reset_synchronizer_int_chain_out ; SOPC:inst2|SOPC_epcs:epcs|SOPC_epcs_sub:the_SOPC_epcs_sub|epcs_slave_select_reg[10]                                        ; inst|altpll_component|pll|clk[0] ; inst|altpll_component|pll|clk[0] ; 0.000        ; 0.041      ; 2.922      ;
; 2.575 ; SOPC:inst2|altera_reset_controller:rst_controller|altera_reset_synchronizer:alt_rst_sync_uq1|altera_reset_synchronizer_int_chain_out ; SOPC:inst2|SOPC_epcs:epcs|SOPC_epcs_sub:the_SOPC_epcs_sub|endofpacketvalue_reg[10]                                         ; inst|altpll_component|pll|clk[0] ; inst|altpll_component|pll|clk[0] ; 0.000        ; 0.033      ; 2.914      ;
; 2.575 ; SOPC:inst2|altera_reset_controller:rst_controller|altera_reset_synchronizer:alt_rst_sync_uq1|altera_reset_synchronizer_int_chain_out ; SOPC:inst2|altera_merlin_slave_translator:epcs_epcs_control_port_translator|av_readdata_pre[10]                            ; inst|altpll_component|pll|clk[0] ; inst|altpll_component|pll|clk[0] ; 0.000        ; 0.020      ; 2.901      ;
; 2.575 ; SOPC:inst2|altera_reset_controller:rst_controller|altera_reset_synchronizer:alt_rst_sync_uq1|altera_reset_synchronizer_int_chain_out ; SOPC:inst2|altera_merlin_slave_translator:cpu_jtag_debug_module_translator|av_readdata_pre[10]                             ; inst|altpll_component|pll|clk[0] ; inst|altpll_component|pll|clk[0] ; 0.000        ; -0.004     ; 2.877      ;
; 2.575 ; SOPC:inst2|altera_reset_controller:rst_controller|altera_reset_synchronizer:alt_rst_sync_uq1|altera_reset_synchronizer_int_chain_out ; SOPC:inst2|SOPC_jtag_uart:jtag_uart|av_waitrequest                                                                         ; inst|altpll_component|pll|clk[0] ; inst|altpll_component|pll|clk[0] ; 0.000        ; 0.023      ; 2.904      ;
; 2.575 ; SOPC:inst2|altera_reset_controller:rst_controller|altera_reset_synchronizer:alt_rst_sync_uq1|altera_reset_synchronizer_int_chain_out ; SOPC:inst2|SOPC_jtag_uart:jtag_uart|alt_jtag_atlantic:SOPC_jtag_uart_alt_jtag_atlantic|rst2                                ; inst|altpll_component|pll|clk[0] ; inst|altpll_component|pll|clk[0] ; 0.000        ; 0.037      ; 2.918      ;
; 2.575 ; SOPC:inst2|altera_reset_controller:rst_controller|altera_reset_synchronizer:alt_rst_sync_uq1|altera_reset_synchronizer_int_chain_out ; SOPC:inst2|SOPC_jtag_uart:jtag_uart|alt_jtag_atlantic:SOPC_jtag_uart_alt_jtag_atlantic|write1                              ; inst|altpll_component|pll|clk[0] ; inst|altpll_component|pll|clk[0] ; 0.000        ; 0.032      ; 2.913      ;
+-------+--------------------------------------------------------------------------------------------------------------------------------------+----------------------------------------------------------------------------------------------------------------------------+----------------------------------+----------------------------------+--------------+------------+------------+


+----------------------------------------------------------------------------------------------------------------------------------------------------------------------------------------------------------------------------------------------------------------------+
; Slow Model Minimum Pulse Width: 'inst|altpll_component|pll|clk[0]'                                                                                                                                                                                                   ;
+-------+--------------+----------------+------------------+----------------------------------+------------+-----------------------------------------------------------------------------------------------------------------------------------------------------------+
; Slack ; Actual Width ; Required Width ; Type             ; Clock                            ; Clock Edge ; Target                                                                                                                                                    ;
+-------+--------------+----------------+------------------+----------------------------------+------------+-----------------------------------------------------------------------------------------------------------------------------------------------------------+
; 1.933 ; 5.000        ; 3.067          ; High Pulse Width ; inst|altpll_component|pll|clk[0] ; Rise       ; SOPC:inst2|SOPC_cpu:cpu|D_bht_data[0]                                                                                                                     ;
; 1.933 ; 5.000        ; 3.067          ; Low Pulse Width  ; inst|altpll_component|pll|clk[0] ; Rise       ; SOPC:inst2|SOPC_cpu:cpu|D_bht_data[0]                                                                                                                     ;
; 1.933 ; 5.000        ; 3.067          ; High Pulse Width ; inst|altpll_component|pll|clk[0] ; Rise       ; SOPC:inst2|SOPC_cpu:cpu|D_bht_data[1]                                                                                                                     ;
; 1.933 ; 5.000        ; 3.067          ; Low Pulse Width  ; inst|altpll_component|pll|clk[0] ; Rise       ; SOPC:inst2|SOPC_cpu:cpu|D_bht_data[1]                                                                                                                     ;
; 1.933 ; 5.000        ; 3.067          ; High Pulse Width ; inst|altpll_component|pll|clk[0] ; Rise       ; SOPC:inst2|SOPC_cpu:cpu|SOPC_cpu_bht_module:SOPC_cpu_bht|altsyncram:the_altsyncram|altsyncram_d5g1:auto_generated|ram_block1a0~porta_address_reg0         ;
; 1.933 ; 5.000        ; 3.067          ; Low Pulse Width  ; inst|altpll_component|pll|clk[0] ; Rise       ; SOPC:inst2|SOPC_cpu:cpu|SOPC_cpu_bht_module:SOPC_cpu_bht|altsyncram:the_altsyncram|altsyncram_d5g1:auto_generated|ram_block1a0~porta_address_reg0         ;
; 1.933 ; 5.000        ; 3.067          ; High Pulse Width ; inst|altpll_component|pll|clk[0] ; Rise       ; SOPC:inst2|SOPC_cpu:cpu|SOPC_cpu_bht_module:SOPC_cpu_bht|altsyncram:the_altsyncram|altsyncram_d5g1:auto_generated|ram_block1a0~porta_address_reg1         ;
; 1.933 ; 5.000        ; 3.067          ; Low Pulse Width  ; inst|altpll_component|pll|clk[0] ; Rise       ; SOPC:inst2|SOPC_cpu:cpu|SOPC_cpu_bht_module:SOPC_cpu_bht|altsyncram:the_altsyncram|altsyncram_d5g1:auto_generated|ram_block1a0~porta_address_reg1         ;
; 1.933 ; 5.000        ; 3.067          ; High Pulse Width ; inst|altpll_component|pll|clk[0] ; Rise       ; SOPC:inst2|SOPC_cpu:cpu|SOPC_cpu_bht_module:SOPC_cpu_bht|altsyncram:the_altsyncram|altsyncram_d5g1:auto_generated|ram_block1a0~porta_address_reg2         ;
; 1.933 ; 5.000        ; 3.067          ; Low Pulse Width  ; inst|altpll_component|pll|clk[0] ; Rise       ; SOPC:inst2|SOPC_cpu:cpu|SOPC_cpu_bht_module:SOPC_cpu_bht|altsyncram:the_altsyncram|altsyncram_d5g1:auto_generated|ram_block1a0~porta_address_reg2         ;
; 1.933 ; 5.000        ; 3.067          ; High Pulse Width ; inst|altpll_component|pll|clk[0] ; Rise       ; SOPC:inst2|SOPC_cpu:cpu|SOPC_cpu_bht_module:SOPC_cpu_bht|altsyncram:the_altsyncram|altsyncram_d5g1:auto_generated|ram_block1a0~porta_address_reg3         ;
; 1.933 ; 5.000        ; 3.067          ; Low Pulse Width  ; inst|altpll_component|pll|clk[0] ; Rise       ; SOPC:inst2|SOPC_cpu:cpu|SOPC_cpu_bht_module:SOPC_cpu_bht|altsyncram:the_altsyncram|altsyncram_d5g1:auto_generated|ram_block1a0~porta_address_reg3         ;
; 1.933 ; 5.000        ; 3.067          ; High Pulse Width ; inst|altpll_component|pll|clk[0] ; Rise       ; SOPC:inst2|SOPC_cpu:cpu|SOPC_cpu_bht_module:SOPC_cpu_bht|altsyncram:the_altsyncram|altsyncram_d5g1:auto_generated|ram_block1a0~porta_address_reg4         ;
; 1.933 ; 5.000        ; 3.067          ; Low Pulse Width  ; inst|altpll_component|pll|clk[0] ; Rise       ; SOPC:inst2|SOPC_cpu:cpu|SOPC_cpu_bht_module:SOPC_cpu_bht|altsyncram:the_altsyncram|altsyncram_d5g1:auto_generated|ram_block1a0~porta_address_reg4         ;
; 1.933 ; 5.000        ; 3.067          ; High Pulse Width ; inst|altpll_component|pll|clk[0] ; Rise       ; SOPC:inst2|SOPC_cpu:cpu|SOPC_cpu_bht_module:SOPC_cpu_bht|altsyncram:the_altsyncram|altsyncram_d5g1:auto_generated|ram_block1a0~porta_address_reg5         ;
; 1.933 ; 5.000        ; 3.067          ; Low Pulse Width  ; inst|altpll_component|pll|clk[0] ; Rise       ; SOPC:inst2|SOPC_cpu:cpu|SOPC_cpu_bht_module:SOPC_cpu_bht|altsyncram:the_altsyncram|altsyncram_d5g1:auto_generated|ram_block1a0~porta_address_reg5         ;
; 1.933 ; 5.000        ; 3.067          ; High Pulse Width ; inst|altpll_component|pll|clk[0] ; Rise       ; SOPC:inst2|SOPC_cpu:cpu|SOPC_cpu_bht_module:SOPC_cpu_bht|altsyncram:the_altsyncram|altsyncram_d5g1:auto_generated|ram_block1a0~porta_address_reg6         ;
; 1.933 ; 5.000        ; 3.067          ; Low Pulse Width  ; inst|altpll_component|pll|clk[0] ; Rise       ; SOPC:inst2|SOPC_cpu:cpu|SOPC_cpu_bht_module:SOPC_cpu_bht|altsyncram:the_altsyncram|altsyncram_d5g1:auto_generated|ram_block1a0~porta_address_reg6         ;
; 1.933 ; 5.000        ; 3.067          ; High Pulse Width ; inst|altpll_component|pll|clk[0] ; Rise       ; SOPC:inst2|SOPC_cpu:cpu|SOPC_cpu_bht_module:SOPC_cpu_bht|altsyncram:the_altsyncram|altsyncram_d5g1:auto_generated|ram_block1a0~porta_address_reg7         ;
; 1.933 ; 5.000        ; 3.067          ; Low Pulse Width  ; inst|altpll_component|pll|clk[0] ; Rise       ; SOPC:inst2|SOPC_cpu:cpu|SOPC_cpu_bht_module:SOPC_cpu_bht|altsyncram:the_altsyncram|altsyncram_d5g1:auto_generated|ram_block1a0~porta_address_reg7         ;
; 1.933 ; 5.000        ; 3.067          ; High Pulse Width ; inst|altpll_component|pll|clk[0] ; Rise       ; SOPC:inst2|SOPC_cpu:cpu|SOPC_cpu_bht_module:SOPC_cpu_bht|altsyncram:the_altsyncram|altsyncram_d5g1:auto_generated|ram_block1a0~porta_datain_reg0          ;
; 1.933 ; 5.000        ; 3.067          ; Low Pulse Width  ; inst|altpll_component|pll|clk[0] ; Rise       ; SOPC:inst2|SOPC_cpu:cpu|SOPC_cpu_bht_module:SOPC_cpu_bht|altsyncram:the_altsyncram|altsyncram_d5g1:auto_generated|ram_block1a0~porta_datain_reg0          ;
; 1.933 ; 5.000        ; 3.067          ; High Pulse Width ; inst|altpll_component|pll|clk[0] ; Rise       ; SOPC:inst2|SOPC_cpu:cpu|SOPC_cpu_bht_module:SOPC_cpu_bht|altsyncram:the_altsyncram|altsyncram_d5g1:auto_generated|ram_block1a0~porta_datain_reg1          ;
; 1.933 ; 5.000        ; 3.067          ; Low Pulse Width  ; inst|altpll_component|pll|clk[0] ; Rise       ; SOPC:inst2|SOPC_cpu:cpu|SOPC_cpu_bht_module:SOPC_cpu_bht|altsyncram:the_altsyncram|altsyncram_d5g1:auto_generated|ram_block1a0~porta_datain_reg1          ;
; 1.933 ; 5.000        ; 3.067          ; High Pulse Width ; inst|altpll_component|pll|clk[0] ; Rise       ; SOPC:inst2|SOPC_cpu:cpu|SOPC_cpu_bht_module:SOPC_cpu_bht|altsyncram:the_altsyncram|altsyncram_d5g1:auto_generated|ram_block1a0~porta_memory_reg0          ;
; 1.933 ; 5.000        ; 3.067          ; Low Pulse Width  ; inst|altpll_component|pll|clk[0] ; Rise       ; SOPC:inst2|SOPC_cpu:cpu|SOPC_cpu_bht_module:SOPC_cpu_bht|altsyncram:the_altsyncram|altsyncram_d5g1:auto_generated|ram_block1a0~porta_memory_reg0          ;
; 1.933 ; 5.000        ; 3.067          ; High Pulse Width ; inst|altpll_component|pll|clk[0] ; Rise       ; SOPC:inst2|SOPC_cpu:cpu|SOPC_cpu_bht_module:SOPC_cpu_bht|altsyncram:the_altsyncram|altsyncram_d5g1:auto_generated|ram_block1a0~porta_we_reg               ;
; 1.933 ; 5.000        ; 3.067          ; Low Pulse Width  ; inst|altpll_component|pll|clk[0] ; Rise       ; SOPC:inst2|SOPC_cpu:cpu|SOPC_cpu_bht_module:SOPC_cpu_bht|altsyncram:the_altsyncram|altsyncram_d5g1:auto_generated|ram_block1a0~porta_we_reg               ;
; 1.933 ; 5.000        ; 3.067          ; High Pulse Width ; inst|altpll_component|pll|clk[0] ; Rise       ; SOPC:inst2|SOPC_cpu:cpu|SOPC_cpu_bht_module:SOPC_cpu_bht|altsyncram:the_altsyncram|altsyncram_d5g1:auto_generated|ram_block1a0~portb_address_reg0         ;
; 1.933 ; 5.000        ; 3.067          ; Low Pulse Width  ; inst|altpll_component|pll|clk[0] ; Rise       ; SOPC:inst2|SOPC_cpu:cpu|SOPC_cpu_bht_module:SOPC_cpu_bht|altsyncram:the_altsyncram|altsyncram_d5g1:auto_generated|ram_block1a0~portb_address_reg0         ;
; 1.933 ; 5.000        ; 3.067          ; High Pulse Width ; inst|altpll_component|pll|clk[0] ; Rise       ; SOPC:inst2|SOPC_cpu:cpu|SOPC_cpu_bht_module:SOPC_cpu_bht|altsyncram:the_altsyncram|altsyncram_d5g1:auto_generated|ram_block1a0~portb_address_reg1         ;
; 1.933 ; 5.000        ; 3.067          ; Low Pulse Width  ; inst|altpll_component|pll|clk[0] ; Rise       ; SOPC:inst2|SOPC_cpu:cpu|SOPC_cpu_bht_module:SOPC_cpu_bht|altsyncram:the_altsyncram|altsyncram_d5g1:auto_generated|ram_block1a0~portb_address_reg1         ;
; 1.933 ; 5.000        ; 3.067          ; High Pulse Width ; inst|altpll_component|pll|clk[0] ; Rise       ; SOPC:inst2|SOPC_cpu:cpu|SOPC_cpu_bht_module:SOPC_cpu_bht|altsyncram:the_altsyncram|altsyncram_d5g1:auto_generated|ram_block1a0~portb_address_reg2         ;
; 1.933 ; 5.000        ; 3.067          ; Low Pulse Width  ; inst|altpll_component|pll|clk[0] ; Rise       ; SOPC:inst2|SOPC_cpu:cpu|SOPC_cpu_bht_module:SOPC_cpu_bht|altsyncram:the_altsyncram|altsyncram_d5g1:auto_generated|ram_block1a0~portb_address_reg2         ;
; 1.933 ; 5.000        ; 3.067          ; High Pulse Width ; inst|altpll_component|pll|clk[0] ; Rise       ; SOPC:inst2|SOPC_cpu:cpu|SOPC_cpu_bht_module:SOPC_cpu_bht|altsyncram:the_altsyncram|altsyncram_d5g1:auto_generated|ram_block1a0~portb_address_reg3         ;
; 1.933 ; 5.000        ; 3.067          ; Low Pulse Width  ; inst|altpll_component|pll|clk[0] ; Rise       ; SOPC:inst2|SOPC_cpu:cpu|SOPC_cpu_bht_module:SOPC_cpu_bht|altsyncram:the_altsyncram|altsyncram_d5g1:auto_generated|ram_block1a0~portb_address_reg3         ;
; 1.933 ; 5.000        ; 3.067          ; High Pulse Width ; inst|altpll_component|pll|clk[0] ; Rise       ; SOPC:inst2|SOPC_cpu:cpu|SOPC_cpu_bht_module:SOPC_cpu_bht|altsyncram:the_altsyncram|altsyncram_d5g1:auto_generated|ram_block1a0~portb_address_reg4         ;
; 1.933 ; 5.000        ; 3.067          ; Low Pulse Width  ; inst|altpll_component|pll|clk[0] ; Rise       ; SOPC:inst2|SOPC_cpu:cpu|SOPC_cpu_bht_module:SOPC_cpu_bht|altsyncram:the_altsyncram|altsyncram_d5g1:auto_generated|ram_block1a0~portb_address_reg4         ;
; 1.933 ; 5.000        ; 3.067          ; High Pulse Width ; inst|altpll_component|pll|clk[0] ; Rise       ; SOPC:inst2|SOPC_cpu:cpu|SOPC_cpu_bht_module:SOPC_cpu_bht|altsyncram:the_altsyncram|altsyncram_d5g1:auto_generated|ram_block1a0~portb_address_reg5         ;
; 1.933 ; 5.000        ; 3.067          ; Low Pulse Width  ; inst|altpll_component|pll|clk[0] ; Rise       ; SOPC:inst2|SOPC_cpu:cpu|SOPC_cpu_bht_module:SOPC_cpu_bht|altsyncram:the_altsyncram|altsyncram_d5g1:auto_generated|ram_block1a0~portb_address_reg5         ;
; 1.933 ; 5.000        ; 3.067          ; High Pulse Width ; inst|altpll_component|pll|clk[0] ; Rise       ; SOPC:inst2|SOPC_cpu:cpu|SOPC_cpu_bht_module:SOPC_cpu_bht|altsyncram:the_altsyncram|altsyncram_d5g1:auto_generated|ram_block1a0~portb_address_reg6         ;
; 1.933 ; 5.000        ; 3.067          ; Low Pulse Width  ; inst|altpll_component|pll|clk[0] ; Rise       ; SOPC:inst2|SOPC_cpu:cpu|SOPC_cpu_bht_module:SOPC_cpu_bht|altsyncram:the_altsyncram|altsyncram_d5g1:auto_generated|ram_block1a0~portb_address_reg6         ;
; 1.933 ; 5.000        ; 3.067          ; High Pulse Width ; inst|altpll_component|pll|clk[0] ; Rise       ; SOPC:inst2|SOPC_cpu:cpu|SOPC_cpu_bht_module:SOPC_cpu_bht|altsyncram:the_altsyncram|altsyncram_d5g1:auto_generated|ram_block1a0~portb_address_reg7         ;
; 1.933 ; 5.000        ; 3.067          ; Low Pulse Width  ; inst|altpll_component|pll|clk[0] ; Rise       ; SOPC:inst2|SOPC_cpu:cpu|SOPC_cpu_bht_module:SOPC_cpu_bht|altsyncram:the_altsyncram|altsyncram_d5g1:auto_generated|ram_block1a0~portb_address_reg7         ;
; 1.933 ; 5.000        ; 3.067          ; High Pulse Width ; inst|altpll_component|pll|clk[0] ; Rise       ; SOPC:inst2|SOPC_cpu:cpu|SOPC_cpu_bht_module:SOPC_cpu_bht|altsyncram:the_altsyncram|altsyncram_d5g1:auto_generated|ram_block1a0~portb_re_reg               ;
; 1.933 ; 5.000        ; 3.067          ; Low Pulse Width  ; inst|altpll_component|pll|clk[0] ; Rise       ; SOPC:inst2|SOPC_cpu:cpu|SOPC_cpu_bht_module:SOPC_cpu_bht|altsyncram:the_altsyncram|altsyncram_d5g1:auto_generated|ram_block1a0~portb_re_reg               ;
; 1.933 ; 5.000        ; 3.067          ; High Pulse Width ; inst|altpll_component|pll|clk[0] ; Rise       ; SOPC:inst2|SOPC_cpu:cpu|SOPC_cpu_bht_module:SOPC_cpu_bht|altsyncram:the_altsyncram|altsyncram_d5g1:auto_generated|ram_block1a1~porta_memory_reg0          ;
; 1.933 ; 5.000        ; 3.067          ; Low Pulse Width  ; inst|altpll_component|pll|clk[0] ; Rise       ; SOPC:inst2|SOPC_cpu:cpu|SOPC_cpu_bht_module:SOPC_cpu_bht|altsyncram:the_altsyncram|altsyncram_d5g1:auto_generated|ram_block1a1~porta_memory_reg0          ;
; 1.933 ; 5.000        ; 3.067          ; High Pulse Width ; inst|altpll_component|pll|clk[0] ; Rise       ; SOPC:inst2|SOPC_cpu:cpu|SOPC_cpu_ic_data_module:SOPC_cpu_ic_data|altsyncram:the_altsyncram|altsyncram_c9d1:auto_generated|ram_block1a0~porta_address_reg0 ;
; 1.933 ; 5.000        ; 3.067          ; Low Pulse Width  ; inst|altpll_component|pll|clk[0] ; Rise       ; SOPC:inst2|SOPC_cpu:cpu|SOPC_cpu_ic_data_module:SOPC_cpu_ic_data|altsyncram:the_altsyncram|altsyncram_c9d1:auto_generated|ram_block1a0~porta_address_reg0 ;
; 1.933 ; 5.000        ; 3.067          ; High Pulse Width ; inst|altpll_component|pll|clk[0] ; Rise       ; SOPC:inst2|SOPC_cpu:cpu|SOPC_cpu_ic_data_module:SOPC_cpu_ic_data|altsyncram:the_altsyncram|altsyncram_c9d1:auto_generated|ram_block1a0~porta_address_reg1 ;
; 1.933 ; 5.000        ; 3.067          ; Low Pulse Width  ; inst|altpll_component|pll|clk[0] ; Rise       ; SOPC:inst2|SOPC_cpu:cpu|SOPC_cpu_ic_data_module:SOPC_cpu_ic_data|altsyncram:the_altsyncram|altsyncram_c9d1:auto_generated|ram_block1a0~porta_address_reg1 ;
; 1.933 ; 5.000        ; 3.067          ; High Pulse Width ; inst|altpll_component|pll|clk[0] ; Rise       ; SOPC:inst2|SOPC_cpu:cpu|SOPC_cpu_ic_data_module:SOPC_cpu_ic_data|altsyncram:the_altsyncram|altsyncram_c9d1:auto_generated|ram_block1a0~porta_address_reg2 ;
; 1.933 ; 5.000        ; 3.067          ; Low Pulse Width  ; inst|altpll_component|pll|clk[0] ; Rise       ; SOPC:inst2|SOPC_cpu:cpu|SOPC_cpu_ic_data_module:SOPC_cpu_ic_data|altsyncram:the_altsyncram|altsyncram_c9d1:auto_generated|ram_block1a0~porta_address_reg2 ;
; 1.933 ; 5.000        ; 3.067          ; High Pulse Width ; inst|altpll_component|pll|clk[0] ; Rise       ; SOPC:inst2|SOPC_cpu:cpu|SOPC_cpu_ic_data_module:SOPC_cpu_ic_data|altsyncram:the_altsyncram|altsyncram_c9d1:auto_generated|ram_block1a0~porta_address_reg3 ;
; 1.933 ; 5.000        ; 3.067          ; Low Pulse Width  ; inst|altpll_component|pll|clk[0] ; Rise       ; SOPC:inst2|SOPC_cpu:cpu|SOPC_cpu_ic_data_module:SOPC_cpu_ic_data|altsyncram:the_altsyncram|altsyncram_c9d1:auto_generated|ram_block1a0~porta_address_reg3 ;
; 1.933 ; 5.000        ; 3.067          ; High Pulse Width ; inst|altpll_component|pll|clk[0] ; Rise       ; SOPC:inst2|SOPC_cpu:cpu|SOPC_cpu_ic_data_module:SOPC_cpu_ic_data|altsyncram:the_altsyncram|altsyncram_c9d1:auto_generated|ram_block1a0~porta_address_reg4 ;
; 1.933 ; 5.000        ; 3.067          ; Low Pulse Width  ; inst|altpll_component|pll|clk[0] ; Rise       ; SOPC:inst2|SOPC_cpu:cpu|SOPC_cpu_ic_data_module:SOPC_cpu_ic_data|altsyncram:the_altsyncram|altsyncram_c9d1:auto_generated|ram_block1a0~porta_address_reg4 ;
; 1.933 ; 5.000        ; 3.067          ; High Pulse Width ; inst|altpll_component|pll|clk[0] ; Rise       ; SOPC:inst2|SOPC_cpu:cpu|SOPC_cpu_ic_data_module:SOPC_cpu_ic_data|altsyncram:the_altsyncram|altsyncram_c9d1:auto_generated|ram_block1a0~porta_address_reg5 ;
; 1.933 ; 5.000        ; 3.067          ; Low Pulse Width  ; inst|altpll_component|pll|clk[0] ; Rise       ; SOPC:inst2|SOPC_cpu:cpu|SOPC_cpu_ic_data_module:SOPC_cpu_ic_data|altsyncram:the_altsyncram|altsyncram_c9d1:auto_generated|ram_block1a0~porta_address_reg5 ;
; 1.933 ; 5.000        ; 3.067          ; High Pulse Width ; inst|altpll_component|pll|clk[0] ; Rise       ; SOPC:inst2|SOPC_cpu:cpu|SOPC_cpu_ic_data_module:SOPC_cpu_ic_data|altsyncram:the_altsyncram|altsyncram_c9d1:auto_generated|ram_block1a0~porta_address_reg6 ;
; 1.933 ; 5.000        ; 3.067          ; Low Pulse Width  ; inst|altpll_component|pll|clk[0] ; Rise       ; SOPC:inst2|SOPC_cpu:cpu|SOPC_cpu_ic_data_module:SOPC_cpu_ic_data|altsyncram:the_altsyncram|altsyncram_c9d1:auto_generated|ram_block1a0~porta_address_reg6 ;
; 1.933 ; 5.000        ; 3.067          ; High Pulse Width ; inst|altpll_component|pll|clk[0] ; Rise       ; SOPC:inst2|SOPC_cpu:cpu|SOPC_cpu_ic_data_module:SOPC_cpu_ic_data|altsyncram:the_altsyncram|altsyncram_c9d1:auto_generated|ram_block1a0~porta_address_reg7 ;
; 1.933 ; 5.000        ; 3.067          ; Low Pulse Width  ; inst|altpll_component|pll|clk[0] ; Rise       ; SOPC:inst2|SOPC_cpu:cpu|SOPC_cpu_ic_data_module:SOPC_cpu_ic_data|altsyncram:the_altsyncram|altsyncram_c9d1:auto_generated|ram_block1a0~porta_address_reg7 ;
; 1.933 ; 5.000        ; 3.067          ; High Pulse Width ; inst|altpll_component|pll|clk[0] ; Rise       ; SOPC:inst2|SOPC_cpu:cpu|SOPC_cpu_ic_data_module:SOPC_cpu_ic_data|altsyncram:the_altsyncram|altsyncram_c9d1:auto_generated|ram_block1a0~porta_address_reg8 ;
; 1.933 ; 5.000        ; 3.067          ; Low Pulse Width  ; inst|altpll_component|pll|clk[0] ; Rise       ; SOPC:inst2|SOPC_cpu:cpu|SOPC_cpu_ic_data_module:SOPC_cpu_ic_data|altsyncram:the_altsyncram|altsyncram_c9d1:auto_generated|ram_block1a0~porta_address_reg8 ;
; 1.933 ; 5.000        ; 3.067          ; High Pulse Width ; inst|altpll_component|pll|clk[0] ; Rise       ; SOPC:inst2|SOPC_cpu:cpu|SOPC_cpu_ic_data_module:SOPC_cpu_ic_data|altsyncram:the_altsyncram|altsyncram_c9d1:auto_generated|ram_block1a0~porta_datain_reg0  ;
; 1.933 ; 5.000        ; 3.067          ; Low Pulse Width  ; inst|altpll_component|pll|clk[0] ; Rise       ; SOPC:inst2|SOPC_cpu:cpu|SOPC_cpu_ic_data_module:SOPC_cpu_ic_data|altsyncram:the_altsyncram|altsyncram_c9d1:auto_generated|ram_block1a0~porta_datain_reg0  ;
; 1.933 ; 5.000        ; 3.067          ; High Pulse Width ; inst|altpll_component|pll|clk[0] ; Rise       ; SOPC:inst2|SOPC_cpu:cpu|SOPC_cpu_ic_data_module:SOPC_cpu_ic_data|altsyncram:the_altsyncram|altsyncram_c9d1:auto_generated|ram_block1a0~porta_datain_reg1  ;
; 1.933 ; 5.000        ; 3.067          ; Low Pulse Width  ; inst|altpll_component|pll|clk[0] ; Rise       ; SOPC:inst2|SOPC_cpu:cpu|SOPC_cpu_ic_data_module:SOPC_cpu_ic_data|altsyncram:the_altsyncram|altsyncram_c9d1:auto_generated|ram_block1a0~porta_datain_reg1  ;
; 1.933 ; 5.000        ; 3.067          ; High Pulse Width ; inst|altpll_component|pll|clk[0] ; Rise       ; SOPC:inst2|SOPC_cpu:cpu|SOPC_cpu_ic_data_module:SOPC_cpu_ic_data|altsyncram:the_altsyncram|altsyncram_c9d1:auto_generated|ram_block1a0~porta_datain_reg2  ;
; 1.933 ; 5.000        ; 3.067          ; Low Pulse Width  ; inst|altpll_component|pll|clk[0] ; Rise       ; SOPC:inst2|SOPC_cpu:cpu|SOPC_cpu_ic_data_module:SOPC_cpu_ic_data|altsyncram:the_altsyncram|altsyncram_c9d1:auto_generated|ram_block1a0~porta_datain_reg2  ;
; 1.933 ; 5.000        ; 3.067          ; High Pulse Width ; inst|altpll_component|pll|clk[0] ; Rise       ; SOPC:inst2|SOPC_cpu:cpu|SOPC_cpu_ic_data_module:SOPC_cpu_ic_data|altsyncram:the_altsyncram|altsyncram_c9d1:auto_generated|ram_block1a0~porta_datain_reg3  ;
; 1.933 ; 5.000        ; 3.067          ; Low Pulse Width  ; inst|altpll_component|pll|clk[0] ; Rise       ; SOPC:inst2|SOPC_cpu:cpu|SOPC_cpu_ic_data_module:SOPC_cpu_ic_data|altsyncram:the_altsyncram|altsyncram_c9d1:auto_generated|ram_block1a0~porta_datain_reg3  ;
; 1.933 ; 5.000        ; 3.067          ; High Pulse Width ; inst|altpll_component|pll|clk[0] ; Rise       ; SOPC:inst2|SOPC_cpu:cpu|SOPC_cpu_ic_data_module:SOPC_cpu_ic_data|altsyncram:the_altsyncram|altsyncram_c9d1:auto_generated|ram_block1a0~porta_datain_reg4  ;
; 1.933 ; 5.000        ; 3.067          ; Low Pulse Width  ; inst|altpll_component|pll|clk[0] ; Rise       ; SOPC:inst2|SOPC_cpu:cpu|SOPC_cpu_ic_data_module:SOPC_cpu_ic_data|altsyncram:the_altsyncram|altsyncram_c9d1:auto_generated|ram_block1a0~porta_datain_reg4  ;
; 1.933 ; 5.000        ; 3.067          ; High Pulse Width ; inst|altpll_component|pll|clk[0] ; Rise       ; SOPC:inst2|SOPC_cpu:cpu|SOPC_cpu_ic_data_module:SOPC_cpu_ic_data|altsyncram:the_altsyncram|altsyncram_c9d1:auto_generated|ram_block1a0~porta_datain_reg5  ;
; 1.933 ; 5.000        ; 3.067          ; Low Pulse Width  ; inst|altpll_component|pll|clk[0] ; Rise       ; SOPC:inst2|SOPC_cpu:cpu|SOPC_cpu_ic_data_module:SOPC_cpu_ic_data|altsyncram:the_altsyncram|altsyncram_c9d1:auto_generated|ram_block1a0~porta_datain_reg5  ;
; 1.933 ; 5.000        ; 3.067          ; High Pulse Width ; inst|altpll_component|pll|clk[0] ; Rise       ; SOPC:inst2|SOPC_cpu:cpu|SOPC_cpu_ic_data_module:SOPC_cpu_ic_data|altsyncram:the_altsyncram|altsyncram_c9d1:auto_generated|ram_block1a0~porta_datain_reg6  ;
; 1.933 ; 5.000        ; 3.067          ; Low Pulse Width  ; inst|altpll_component|pll|clk[0] ; Rise       ; SOPC:inst2|SOPC_cpu:cpu|SOPC_cpu_ic_data_module:SOPC_cpu_ic_data|altsyncram:the_altsyncram|altsyncram_c9d1:auto_generated|ram_block1a0~porta_datain_reg6  ;
; 1.933 ; 5.000        ; 3.067          ; High Pulse Width ; inst|altpll_component|pll|clk[0] ; Rise       ; SOPC:inst2|SOPC_cpu:cpu|SOPC_cpu_ic_data_module:SOPC_cpu_ic_data|altsyncram:the_altsyncram|altsyncram_c9d1:auto_generated|ram_block1a0~porta_datain_reg7  ;
; 1.933 ; 5.000        ; 3.067          ; Low Pulse Width  ; inst|altpll_component|pll|clk[0] ; Rise       ; SOPC:inst2|SOPC_cpu:cpu|SOPC_cpu_ic_data_module:SOPC_cpu_ic_data|altsyncram:the_altsyncram|altsyncram_c9d1:auto_generated|ram_block1a0~porta_datain_reg7  ;
; 1.933 ; 5.000        ; 3.067          ; High Pulse Width ; inst|altpll_component|pll|clk[0] ; Rise       ; SOPC:inst2|SOPC_cpu:cpu|SOPC_cpu_ic_data_module:SOPC_cpu_ic_data|altsyncram:the_altsyncram|altsyncram_c9d1:auto_generated|ram_block1a0~porta_datain_reg8  ;
; 1.933 ; 5.000        ; 3.067          ; Low Pulse Width  ; inst|altpll_component|pll|clk[0] ; Rise       ; SOPC:inst2|SOPC_cpu:cpu|SOPC_cpu_ic_data_module:SOPC_cpu_ic_data|altsyncram:the_altsyncram|altsyncram_c9d1:auto_generated|ram_block1a0~porta_datain_reg8  ;
; 1.933 ; 5.000        ; 3.067          ; High Pulse Width ; inst|altpll_component|pll|clk[0] ; Rise       ; SOPC:inst2|SOPC_cpu:cpu|SOPC_cpu_ic_data_module:SOPC_cpu_ic_data|altsyncram:the_altsyncram|altsyncram_c9d1:auto_generated|ram_block1a0~porta_memory_reg0  ;
; 1.933 ; 5.000        ; 3.067          ; Low Pulse Width  ; inst|altpll_component|pll|clk[0] ; Rise       ; SOPC:inst2|SOPC_cpu:cpu|SOPC_cpu_ic_data_module:SOPC_cpu_ic_data|altsyncram:the_altsyncram|altsyncram_c9d1:auto_generated|ram_block1a0~porta_memory_reg0  ;
; 1.933 ; 5.000        ; 3.067          ; High Pulse Width ; inst|altpll_component|pll|clk[0] ; Rise       ; SOPC:inst2|SOPC_cpu:cpu|SOPC_cpu_ic_data_module:SOPC_cpu_ic_data|altsyncram:the_altsyncram|altsyncram_c9d1:auto_generated|ram_block1a0~porta_we_reg       ;
; 1.933 ; 5.000        ; 3.067          ; Low Pulse Width  ; inst|altpll_component|pll|clk[0] ; Rise       ; SOPC:inst2|SOPC_cpu:cpu|SOPC_cpu_ic_data_module:SOPC_cpu_ic_data|altsyncram:the_altsyncram|altsyncram_c9d1:auto_generated|ram_block1a0~porta_we_reg       ;
; 1.933 ; 5.000        ; 3.067          ; High Pulse Width ; inst|altpll_component|pll|clk[0] ; Rise       ; SOPC:inst2|SOPC_cpu:cpu|SOPC_cpu_ic_data_module:SOPC_cpu_ic_data|altsyncram:the_altsyncram|altsyncram_c9d1:auto_generated|ram_block1a0~portb_address_reg0 ;
; 1.933 ; 5.000        ; 3.067          ; Low Pulse Width  ; inst|altpll_component|pll|clk[0] ; Rise       ; SOPC:inst2|SOPC_cpu:cpu|SOPC_cpu_ic_data_module:SOPC_cpu_ic_data|altsyncram:the_altsyncram|altsyncram_c9d1:auto_generated|ram_block1a0~portb_address_reg0 ;
; 1.933 ; 5.000        ; 3.067          ; High Pulse Width ; inst|altpll_component|pll|clk[0] ; Rise       ; SOPC:inst2|SOPC_cpu:cpu|SOPC_cpu_ic_data_module:SOPC_cpu_ic_data|altsyncram:the_altsyncram|altsyncram_c9d1:auto_generated|ram_block1a0~portb_address_reg1 ;
; 1.933 ; 5.000        ; 3.067          ; Low Pulse Width  ; inst|altpll_component|pll|clk[0] ; Rise       ; SOPC:inst2|SOPC_cpu:cpu|SOPC_cpu_ic_data_module:SOPC_cpu_ic_data|altsyncram:the_altsyncram|altsyncram_c9d1:auto_generated|ram_block1a0~portb_address_reg1 ;
; 1.933 ; 5.000        ; 3.067          ; High Pulse Width ; inst|altpll_component|pll|clk[0] ; Rise       ; SOPC:inst2|SOPC_cpu:cpu|SOPC_cpu_ic_data_module:SOPC_cpu_ic_data|altsyncram:the_altsyncram|altsyncram_c9d1:auto_generated|ram_block1a0~portb_address_reg2 ;
; 1.933 ; 5.000        ; 3.067          ; Low Pulse Width  ; inst|altpll_component|pll|clk[0] ; Rise       ; SOPC:inst2|SOPC_cpu:cpu|SOPC_cpu_ic_data_module:SOPC_cpu_ic_data|altsyncram:the_altsyncram|altsyncram_c9d1:auto_generated|ram_block1a0~portb_address_reg2 ;
; 1.933 ; 5.000        ; 3.067          ; High Pulse Width ; inst|altpll_component|pll|clk[0] ; Rise       ; SOPC:inst2|SOPC_cpu:cpu|SOPC_cpu_ic_data_module:SOPC_cpu_ic_data|altsyncram:the_altsyncram|altsyncram_c9d1:auto_generated|ram_block1a0~portb_address_reg3 ;
; 1.933 ; 5.000        ; 3.067          ; Low Pulse Width  ; inst|altpll_component|pll|clk[0] ; Rise       ; SOPC:inst2|SOPC_cpu:cpu|SOPC_cpu_ic_data_module:SOPC_cpu_ic_data|altsyncram:the_altsyncram|altsyncram_c9d1:auto_generated|ram_block1a0~portb_address_reg3 ;
; 1.933 ; 5.000        ; 3.067          ; High Pulse Width ; inst|altpll_component|pll|clk[0] ; Rise       ; SOPC:inst2|SOPC_cpu:cpu|SOPC_cpu_ic_data_module:SOPC_cpu_ic_data|altsyncram:the_altsyncram|altsyncram_c9d1:auto_generated|ram_block1a0~portb_address_reg4 ;
; 1.933 ; 5.000        ; 3.067          ; Low Pulse Width  ; inst|altpll_component|pll|clk[0] ; Rise       ; SOPC:inst2|SOPC_cpu:cpu|SOPC_cpu_ic_data_module:SOPC_cpu_ic_data|altsyncram:the_altsyncram|altsyncram_c9d1:auto_generated|ram_block1a0~portb_address_reg4 ;
; 1.933 ; 5.000        ; 3.067          ; High Pulse Width ; inst|altpll_component|pll|clk[0] ; Rise       ; SOPC:inst2|SOPC_cpu:cpu|SOPC_cpu_ic_data_module:SOPC_cpu_ic_data|altsyncram:the_altsyncram|altsyncram_c9d1:auto_generated|ram_block1a0~portb_address_reg5 ;
; 1.933 ; 5.000        ; 3.067          ; Low Pulse Width  ; inst|altpll_component|pll|clk[0] ; Rise       ; SOPC:inst2|SOPC_cpu:cpu|SOPC_cpu_ic_data_module:SOPC_cpu_ic_data|altsyncram:the_altsyncram|altsyncram_c9d1:auto_generated|ram_block1a0~portb_address_reg5 ;
+-------+--------------+----------------+------------------+----------------------------------+------------+-----------------------------------------------------------------------------------------------------------------------------------------------------------+


+---------------------------------------------------------------------------------------------------------------------+
; Slow Model Minimum Pulse Width: 'clk_in'                                                                            ;
+-------+--------------+----------------+------------------+--------+------------+------------------------------------+
; Slack ; Actual Width ; Required Width ; Type             ; Clock  ; Clock Edge ; Target                             ;
+-------+--------------+----------------+------------------+--------+------------+------------------------------------+
; 5.000 ; 5.000        ; 0.000          ; High Pulse Width ; clk_in ; Rise       ; CLK|combout                        ;
; 5.000 ; 5.000        ; 0.000          ; Low Pulse Width  ; clk_in ; Rise       ; CLK|combout                        ;
; 5.000 ; 5.000        ; 0.000          ; High Pulse Width ; clk_in ; Rise       ; inst|altpll_component|pll|clk[0]   ;
; 5.000 ; 5.000        ; 0.000          ; Low Pulse Width  ; clk_in ; Rise       ; inst|altpll_component|pll|clk[0]   ;
; 5.000 ; 5.000        ; 0.000          ; High Pulse Width ; clk_in ; Rise       ; inst|altpll_component|pll|clk[1]   ;
; 5.000 ; 5.000        ; 0.000          ; Low Pulse Width  ; clk_in ; Rise       ; inst|altpll_component|pll|clk[1]   ;
; 5.000 ; 5.000        ; 0.000          ; High Pulse Width ; clk_in ; Rise       ; inst|altpll_component|pll|inclk[0] ;
; 5.000 ; 5.000        ; 0.000          ; Low Pulse Width  ; clk_in ; Rise       ; inst|altpll_component|pll|inclk[0] ;
; 7.059 ; 10.000       ; 2.941          ; Port Rate        ; clk_in ; Rise       ; CLK                                ;
+-------+--------------+----------------+------------------+--------+------------+------------------------------------+


+-------------------------------------------------------------------------------------------------------------+
; Slow Model Minimum Pulse Width: 'altera_reserved_tck'                                                       ;
+--------+--------------+----------------+-----------+---------------------+------------+---------------------+
; Slack  ; Actual Width ; Required Width ; Type      ; Clock               ; Clock Edge ; Target              ;
+--------+--------------+----------------+-----------+---------------------+------------+---------------------+
; 97.223 ; 100.000      ; 2.777          ; Port Rate ; altera_reserved_tck ; Rise       ; altera_reserved_tck ;
+--------+--------------+----------------+-----------+---------------------+------------+---------------------+


+-------------------------------------------------------------------------------------------------------------------------+
; Setup Times                                                                                                             ;
+--------------------------------------------+------------+-------+-------+------------+----------------------------------+
; Data Port                                  ; Clock Port ; Rise  ; Fall  ; Clock Edge ; Clock Reference                  ;
+--------------------------------------------+------------+-------+-------+------------+----------------------------------+
; DQ[*]                                      ; clk_in     ; 1.573 ; 1.573 ; Rise       ; inst|altpll_component|pll|clk[0] ;
;  DQ[0]                                     ; clk_in     ; 1.573 ; 1.573 ; Rise       ; inst|altpll_component|pll|clk[0] ;
;  DQ[1]                                     ; clk_in     ; 1.573 ; 1.573 ; Rise       ; inst|altpll_component|pll|clk[0] ;
;  DQ[2]                                     ; clk_in     ; 1.562 ; 1.562 ; Rise       ; inst|altpll_component|pll|clk[0] ;
;  DQ[3]                                     ; clk_in     ; 1.568 ; 1.568 ; Rise       ; inst|altpll_component|pll|clk[0] ;
;  DQ[4]                                     ; clk_in     ; 1.552 ; 1.552 ; Rise       ; inst|altpll_component|pll|clk[0] ;
;  DQ[5]                                     ; clk_in     ; 1.552 ; 1.552 ; Rise       ; inst|altpll_component|pll|clk[0] ;
;  DQ[6]                                     ; clk_in     ; 1.454 ; 1.454 ; Rise       ; inst|altpll_component|pll|clk[0] ;
;  DQ[7]                                     ; clk_in     ; 1.444 ; 1.444 ; Rise       ; inst|altpll_component|pll|clk[0] ;
;  DQ[8]                                     ; clk_in     ; 1.546 ; 1.546 ; Rise       ; inst|altpll_component|pll|clk[0] ;
;  DQ[9]                                     ; clk_in     ; 1.548 ; 1.548 ; Rise       ; inst|altpll_component|pll|clk[0] ;
;  DQ[10]                                    ; clk_in     ; 1.558 ; 1.558 ; Rise       ; inst|altpll_component|pll|clk[0] ;
;  DQ[11]                                    ; clk_in     ; 1.548 ; 1.548 ; Rise       ; inst|altpll_component|pll|clk[0] ;
;  DQ[12]                                    ; clk_in     ; 1.548 ; 1.548 ; Rise       ; inst|altpll_component|pll|clk[0] ;
;  DQ[13]                                    ; clk_in     ; 1.560 ; 1.560 ; Rise       ; inst|altpll_component|pll|clk[0] ;
;  DQ[14]                                    ; clk_in     ; 1.548 ; 1.548 ; Rise       ; inst|altpll_component|pll|clk[0] ;
;  DQ[15]                                    ; clk_in     ; 1.544 ; 1.544 ; Rise       ; inst|altpll_component|pll|clk[0] ;
; MISO_to_the_spi_touch                      ; clk_in     ; 6.815 ; 6.815 ; Rise       ; inst|altpll_component|pll|clk[0] ;
; bidir_port_to_and_from_the_lcd32_data[*]   ; clk_in     ; 8.090 ; 8.090 ; Rise       ; inst|altpll_component|pll|clk[0] ;
;  bidir_port_to_and_from_the_lcd32_data[0]  ; clk_in     ; 7.746 ; 7.746 ; Rise       ; inst|altpll_component|pll|clk[0] ;
;  bidir_port_to_and_from_the_lcd32_data[1]  ; clk_in     ; 7.407 ; 7.407 ; Rise       ; inst|altpll_component|pll|clk[0] ;
;  bidir_port_to_and_from_the_lcd32_data[2]  ; clk_in     ; 7.721 ; 7.721 ; Rise       ; inst|altpll_component|pll|clk[0] ;
;  bidir_port_to_and_from_the_lcd32_data[3]  ; clk_in     ; 7.901 ; 7.901 ; Rise       ; inst|altpll_component|pll|clk[0] ;
;  bidir_port_to_and_from_the_lcd32_data[4]  ; clk_in     ; 7.802 ; 7.802 ; Rise       ; inst|altpll_component|pll|clk[0] ;
;  bidir_port_to_and_from_the_lcd32_data[5]  ; clk_in     ; 7.268 ; 7.268 ; Rise       ; inst|altpll_component|pll|clk[0] ;
;  bidir_port_to_and_from_the_lcd32_data[6]  ; clk_in     ; 7.332 ; 7.332 ; Rise       ; inst|altpll_component|pll|clk[0] ;
;  bidir_port_to_and_from_the_lcd32_data[7]  ; clk_in     ; 7.330 ; 7.330 ; Rise       ; inst|altpll_component|pll|clk[0] ;
;  bidir_port_to_and_from_the_lcd32_data[8]  ; clk_in     ; 7.506 ; 7.506 ; Rise       ; inst|altpll_component|pll|clk[0] ;
;  bidir_port_to_and_from_the_lcd32_data[9]  ; clk_in     ; 7.725 ; 7.725 ; Rise       ; inst|altpll_component|pll|clk[0] ;
;  bidir_port_to_and_from_the_lcd32_data[10] ; clk_in     ; 8.090 ; 8.090 ; Rise       ; inst|altpll_component|pll|clk[0] ;
;  bidir_port_to_and_from_the_lcd32_data[11] ; clk_in     ; 7.569 ; 7.569 ; Rise       ; inst|altpll_component|pll|clk[0] ;
;  bidir_port_to_and_from_the_lcd32_data[12] ; clk_in     ; 7.200 ; 7.200 ; Rise       ; inst|altpll_component|pll|clk[0] ;
;  bidir_port_to_and_from_the_lcd32_data[13] ; clk_in     ; 7.256 ; 7.256 ; Rise       ; inst|altpll_component|pll|clk[0] ;
;  bidir_port_to_and_from_the_lcd32_data[14] ; clk_in     ; 6.819 ; 6.819 ; Rise       ; inst|altpll_component|pll|clk[0] ;
;  bidir_port_to_and_from_the_lcd32_data[15] ; clk_in     ; 6.831 ; 6.831 ; Rise       ; inst|altpll_component|pll|clk[0] ;
+--------------------------------------------+------------+-------+-------+------------+----------------------------------+


+---------------------------------------------------------------------------------------------------------------------------+
; Hold Times                                                                                                                ;
+--------------------------------------------+------------+--------+--------+------------+----------------------------------+
; Data Port                                  ; Clock Port ; Rise   ; Fall   ; Clock Edge ; Clock Reference                  ;
+--------------------------------------------+------------+--------+--------+------------+----------------------------------+
; DQ[*]                                      ; clk_in     ; -1.217 ; -1.217 ; Rise       ; inst|altpll_component|pll|clk[0] ;
;  DQ[0]                                     ; clk_in     ; -1.366 ; -1.366 ; Rise       ; inst|altpll_component|pll|clk[0] ;
;  DQ[1]                                     ; clk_in     ; -1.366 ; -1.366 ; Rise       ; inst|altpll_component|pll|clk[0] ;
;  DQ[2]                                     ; clk_in     ; -1.355 ; -1.355 ; Rise       ; inst|altpll_component|pll|clk[0] ;
;  DQ[3]                                     ; clk_in     ; -1.361 ; -1.361 ; Rise       ; inst|altpll_component|pll|clk[0] ;
;  DQ[4]                                     ; clk_in     ; -1.345 ; -1.345 ; Rise       ; inst|altpll_component|pll|clk[0] ;
;  DQ[5]                                     ; clk_in     ; -1.345 ; -1.345 ; Rise       ; inst|altpll_component|pll|clk[0] ;
;  DQ[6]                                     ; clk_in     ; -1.227 ; -1.227 ; Rise       ; inst|altpll_component|pll|clk[0] ;
;  DQ[7]                                     ; clk_in     ; -1.217 ; -1.217 ; Rise       ; inst|altpll_component|pll|clk[0] ;
;  DQ[8]                                     ; clk_in     ; -1.339 ; -1.339 ; Rise       ; inst|altpll_component|pll|clk[0] ;
;  DQ[9]                                     ; clk_in     ; -1.341 ; -1.341 ; Rise       ; inst|altpll_component|pll|clk[0] ;
;  DQ[10]                                    ; clk_in     ; -1.351 ; -1.351 ; Rise       ; inst|altpll_component|pll|clk[0] ;
;  DQ[11]                                    ; clk_in     ; -1.341 ; -1.341 ; Rise       ; inst|altpll_component|pll|clk[0] ;
;  DQ[12]                                    ; clk_in     ; -1.341 ; -1.341 ; Rise       ; inst|altpll_component|pll|clk[0] ;
;  DQ[13]                                    ; clk_in     ; -1.353 ; -1.353 ; Rise       ; inst|altpll_component|pll|clk[0] ;
;  DQ[14]                                    ; clk_in     ; -1.341 ; -1.341 ; Rise       ; inst|altpll_component|pll|clk[0] ;
;  DQ[15]                                    ; clk_in     ; -1.337 ; -1.337 ; Rise       ; inst|altpll_component|pll|clk[0] ;
; MISO_to_the_spi_touch                      ; clk_in     ; -6.549 ; -6.549 ; Rise       ; inst|altpll_component|pll|clk[0] ;
; bidir_port_to_and_from_the_lcd32_data[*]   ; clk_in     ; -6.553 ; -6.553 ; Rise       ; inst|altpll_component|pll|clk[0] ;
;  bidir_port_to_and_from_the_lcd32_data[0]  ; clk_in     ; -7.480 ; -7.480 ; Rise       ; inst|altpll_component|pll|clk[0] ;
;  bidir_port_to_and_from_the_lcd32_data[1]  ; clk_in     ; -7.141 ; -7.141 ; Rise       ; inst|altpll_component|pll|clk[0] ;
;  bidir_port_to_and_from_the_lcd32_data[2]  ; clk_in     ; -7.455 ; -7.455 ; Rise       ; inst|altpll_component|pll|clk[0] ;
;  bidir_port_to_and_from_the_lcd32_data[3]  ; clk_in     ; -7.635 ; -7.635 ; Rise       ; inst|altpll_component|pll|clk[0] ;
;  bidir_port_to_and_from_the_lcd32_data[4]  ; clk_in     ; -7.536 ; -7.536 ; Rise       ; inst|altpll_component|pll|clk[0] ;
;  bidir_port_to_and_from_the_lcd32_data[5]  ; clk_in     ; -7.002 ; -7.002 ; Rise       ; inst|altpll_component|pll|clk[0] ;
;  bidir_port_to_and_from_the_lcd32_data[6]  ; clk_in     ; -7.066 ; -7.066 ; Rise       ; inst|altpll_component|pll|clk[0] ;
;  bidir_port_to_and_from_the_lcd32_data[7]  ; clk_in     ; -7.064 ; -7.064 ; Rise       ; inst|altpll_component|pll|clk[0] ;
;  bidir_port_to_and_from_the_lcd32_data[8]  ; clk_in     ; -7.240 ; -7.240 ; Rise       ; inst|altpll_component|pll|clk[0] ;
;  bidir_port_to_and_from_the_lcd32_data[9]  ; clk_in     ; -7.459 ; -7.459 ; Rise       ; inst|altpll_component|pll|clk[0] ;
;  bidir_port_to_and_from_the_lcd32_data[10] ; clk_in     ; -7.824 ; -7.824 ; Rise       ; inst|altpll_component|pll|clk[0] ;
;  bidir_port_to_and_from_the_lcd32_data[11] ; clk_in     ; -7.303 ; -7.303 ; Rise       ; inst|altpll_component|pll|clk[0] ;
;  bidir_port_to_and_from_the_lcd32_data[12] ; clk_in     ; -6.934 ; -6.934 ; Rise       ; inst|altpll_component|pll|clk[0] ;
;  bidir_port_to_and_from_the_lcd32_data[13] ; clk_in     ; -6.990 ; -6.990 ; Rise       ; inst|altpll_component|pll|clk[0] ;
;  bidir_port_to_and_from_the_lcd32_data[14] ; clk_in     ; -6.553 ; -6.553 ; Rise       ; inst|altpll_component|pll|clk[0] ;
;  bidir_port_to_and_from_the_lcd32_data[15] ; clk_in     ; -6.565 ; -6.565 ; Rise       ; inst|altpll_component|pll|clk[0] ;
+--------------------------------------------+------------+--------+--------+------------+----------------------------------+


+-------------------------------------------------------------------------------------------------------------------------+
; Clock to Output Times                                                                                                   ;
+--------------------------------------------+------------+-------+-------+------------+----------------------------------+
; Data Port                                  ; Clock Port ; Rise  ; Fall  ; Clock Edge ; Clock Reference                  ;
+--------------------------------------------+------------+-------+-------+------------+----------------------------------+
; BA[*]                                      ; clk_in     ; 3.166 ; 3.166 ; Rise       ; inst|altpll_component|pll|clk[0] ;
;  BA[0]                                     ; clk_in     ; 3.166 ; 3.166 ; Rise       ; inst|altpll_component|pll|clk[0] ;
;  BA[1]                                     ; clk_in     ; 3.154 ; 3.154 ; Rise       ; inst|altpll_component|pll|clk[0] ;
; CAS                                        ; clk_in     ; 3.167 ; 3.167 ; Rise       ; inst|altpll_component|pll|clk[0] ;
; CS                                         ; clk_in     ; 3.156 ; 3.156 ; Rise       ; inst|altpll_component|pll|clk[0] ;
; DQ[*]                                      ; clk_in     ; 3.167 ; 3.167 ; Rise       ; inst|altpll_component|pll|clk[0] ;
;  DQ[0]                                     ; clk_in     ; 2.752 ; 2.752 ; Rise       ; inst|altpll_component|pll|clk[0] ;
;  DQ[1]                                     ; clk_in     ; 2.752 ; 2.752 ; Rise       ; inst|altpll_component|pll|clk[0] ;
;  DQ[2]                                     ; clk_in     ; 2.763 ; 2.763 ; Rise       ; inst|altpll_component|pll|clk[0] ;
;  DQ[3]                                     ; clk_in     ; 2.757 ; 2.757 ; Rise       ; inst|altpll_component|pll|clk[0] ;
;  DQ[4]                                     ; clk_in     ; 2.753 ; 2.753 ; Rise       ; inst|altpll_component|pll|clk[0] ;
;  DQ[5]                                     ; clk_in     ; 2.753 ; 2.753 ; Rise       ; inst|altpll_component|pll|clk[0] ;
;  DQ[6]                                     ; clk_in     ; 3.167 ; 3.167 ; Rise       ; inst|altpll_component|pll|clk[0] ;
;  DQ[7]                                     ; clk_in     ; 3.157 ; 3.157 ; Rise       ; inst|altpll_component|pll|clk[0] ;
;  DQ[8]                                     ; clk_in     ; 2.779 ; 2.779 ; Rise       ; inst|altpll_component|pll|clk[0] ;
;  DQ[9]                                     ; clk_in     ; 2.777 ; 2.777 ; Rise       ; inst|altpll_component|pll|clk[0] ;
;  DQ[10]                                    ; clk_in     ; 2.787 ; 2.787 ; Rise       ; inst|altpll_component|pll|clk[0] ;
;  DQ[11]                                    ; clk_in     ; 2.757 ; 2.757 ; Rise       ; inst|altpll_component|pll|clk[0] ;
;  DQ[12]                                    ; clk_in     ; 2.757 ; 2.757 ; Rise       ; inst|altpll_component|pll|clk[0] ;
;  DQ[13]                                    ; clk_in     ; 2.745 ; 2.745 ; Rise       ; inst|altpll_component|pll|clk[0] ;
;  DQ[14]                                    ; clk_in     ; 2.757 ; 2.757 ; Rise       ; inst|altpll_component|pll|clk[0] ;
;  DQ[15]                                    ; clk_in     ; 2.761 ; 2.761 ; Rise       ; inst|altpll_component|pll|clk[0] ;
; MOSI_from_the_spi_touch                    ; clk_in     ; 4.563 ; 4.563 ; Rise       ; inst|altpll_component|pll|clk[0] ;
; RA[*]                                      ; clk_in     ; 3.178 ; 3.178 ; Rise       ; inst|altpll_component|pll|clk[0] ;
;  RA[0]                                     ; clk_in     ; 3.132 ; 3.132 ; Rise       ; inst|altpll_component|pll|clk[0] ;
;  RA[1]                                     ; clk_in     ; 3.152 ; 3.152 ; Rise       ; inst|altpll_component|pll|clk[0] ;
;  RA[2]                                     ; clk_in     ; 3.133 ; 3.133 ; Rise       ; inst|altpll_component|pll|clk[0] ;
;  RA[3]                                     ; clk_in     ; 3.133 ; 3.133 ; Rise       ; inst|altpll_component|pll|clk[0] ;
;  RA[4]                                     ; clk_in     ; 3.153 ; 3.153 ; Rise       ; inst|altpll_component|pll|clk[0] ;
;  RA[5]                                     ; clk_in     ; 3.153 ; 3.153 ; Rise       ; inst|altpll_component|pll|clk[0] ;
;  RA[6]                                     ; clk_in     ; 3.163 ; 3.163 ; Rise       ; inst|altpll_component|pll|clk[0] ;
;  RA[7]                                     ; clk_in     ; 3.161 ; 3.161 ; Rise       ; inst|altpll_component|pll|clk[0] ;
;  RA[8]                                     ; clk_in     ; 3.157 ; 3.157 ; Rise       ; inst|altpll_component|pll|clk[0] ;
;  RA[9]                                     ; clk_in     ; 3.163 ; 3.163 ; Rise       ; inst|altpll_component|pll|clk[0] ;
;  RA[10]                                    ; clk_in     ; 3.154 ; 3.154 ; Rise       ; inst|altpll_component|pll|clk[0] ;
;  RA[11]                                    ; clk_in     ; 3.178 ; 3.178 ; Rise       ; inst|altpll_component|pll|clk[0] ;
;  RA[12]                                    ; clk_in     ; 3.168 ; 3.168 ; Rise       ; inst|altpll_component|pll|clk[0] ;
; RAS                                        ; clk_in     ; 3.167 ; 3.167 ; Rise       ; inst|altpll_component|pll|clk[0] ;
; SCLK_from_the_spi_touch                    ; clk_in     ; 5.260 ; 5.260 ; Rise       ; inst|altpll_component|pll|clk[0] ;
; SS_n_from_the_spi_touch                    ; clk_in     ; 6.256 ; 6.256 ; Rise       ; inst|altpll_component|pll|clk[0] ;
; S_DQM[*]                                   ; clk_in     ; 3.167 ; 3.167 ; Rise       ; inst|altpll_component|pll|clk[0] ;
;  S_DQM[0]                                  ; clk_in     ; 3.167 ; 3.167 ; Rise       ; inst|altpll_component|pll|clk[0] ;
;  S_DQM[1]                                  ; clk_in     ; 2.789 ; 2.789 ; Rise       ; inst|altpll_component|pll|clk[0] ;
; WE                                         ; clk_in     ; 3.167 ; 3.167 ; Rise       ; inst|altpll_component|pll|clk[0] ;
; bidir_port_to_and_from_the_lcd32_data[*]   ; clk_in     ; 5.850 ; 5.850 ; Rise       ; inst|altpll_component|pll|clk[0] ;
;  bidir_port_to_and_from_the_lcd32_data[0]  ; clk_in     ; 5.850 ; 5.850 ; Rise       ; inst|altpll_component|pll|clk[0] ;
;  bidir_port_to_and_from_the_lcd32_data[1]  ; clk_in     ; 5.686 ; 5.686 ; Rise       ; inst|altpll_component|pll|clk[0] ;
;  bidir_port_to_and_from_the_lcd32_data[2]  ; clk_in     ; 5.661 ; 5.661 ; Rise       ; inst|altpll_component|pll|clk[0] ;
;  bidir_port_to_and_from_the_lcd32_data[3]  ; clk_in     ; 5.649 ; 5.649 ; Rise       ; inst|altpll_component|pll|clk[0] ;
;  bidir_port_to_and_from_the_lcd32_data[4]  ; clk_in     ; 5.587 ; 5.587 ; Rise       ; inst|altpll_component|pll|clk[0] ;
;  bidir_port_to_and_from_the_lcd32_data[5]  ; clk_in     ; 5.734 ; 5.734 ; Rise       ; inst|altpll_component|pll|clk[0] ;
;  bidir_port_to_and_from_the_lcd32_data[6]  ; clk_in     ; 5.680 ; 5.680 ; Rise       ; inst|altpll_component|pll|clk[0] ;
;  bidir_port_to_and_from_the_lcd32_data[7]  ; clk_in     ; 5.837 ; 5.837 ; Rise       ; inst|altpll_component|pll|clk[0] ;
;  bidir_port_to_and_from_the_lcd32_data[8]  ; clk_in     ; 5.377 ; 5.377 ; Rise       ; inst|altpll_component|pll|clk[0] ;
;  bidir_port_to_and_from_the_lcd32_data[9]  ; clk_in     ; 5.292 ; 5.292 ; Rise       ; inst|altpll_component|pll|clk[0] ;
;  bidir_port_to_and_from_the_lcd32_data[10] ; clk_in     ; 5.294 ; 5.294 ; Rise       ; inst|altpll_component|pll|clk[0] ;
;  bidir_port_to_and_from_the_lcd32_data[11] ; clk_in     ; 5.322 ; 5.322 ; Rise       ; inst|altpll_component|pll|clk[0] ;
;  bidir_port_to_and_from_the_lcd32_data[12] ; clk_in     ; 5.294 ; 5.294 ; Rise       ; inst|altpll_component|pll|clk[0] ;
;  bidir_port_to_and_from_the_lcd32_data[13] ; clk_in     ; 4.901 ; 4.901 ; Rise       ; inst|altpll_component|pll|clk[0] ;
;  bidir_port_to_and_from_the_lcd32_data[14] ; clk_in     ; 4.913 ; 4.913 ; Rise       ; inst|altpll_component|pll|clk[0] ;
;  bidir_port_to_and_from_the_lcd32_data[15] ; clk_in     ; 4.575 ; 4.575 ; Rise       ; inst|altpll_component|pll|clk[0] ;
; buzz[*]                                    ; clk_in     ; 5.725 ; 5.725 ; Rise       ; inst|altpll_component|pll|clk[0] ;
;  buzz[0]                                   ; clk_in     ; 5.279 ; 5.279 ; Rise       ; inst|altpll_component|pll|clk[0] ;
;  buzz[1]                                   ; clk_in     ; 5.670 ; 5.670 ; Rise       ; inst|altpll_component|pll|clk[0] ;
;  buzz[2]                                   ; clk_in     ; 5.725 ; 5.725 ; Rise       ; inst|altpll_component|pll|clk[0] ;
;  buzz[3]                                   ; clk_in     ; 5.416 ; 5.416 ; Rise       ; inst|altpll_component|pll|clk[0] ;
; led[*]                                     ; clk_in     ; 6.006 ; 6.006 ; Rise       ; inst|altpll_component|pll|clk[0] ;
;  led[0]                                    ; clk_in     ; 4.869 ; 4.869 ; Rise       ; inst|altpll_component|pll|clk[0] ;
;  led[1]                                    ; clk_in     ; 5.259 ; 5.259 ; Rise       ; inst|altpll_component|pll|clk[0] ;
;  led[2]                                    ; clk_in     ; 5.594 ; 5.594 ; Rise       ; inst|altpll_component|pll|clk[0] ;
;  led[3]                                    ; clk_in     ; 6.006 ; 6.006 ; Rise       ; inst|altpll_component|pll|clk[0] ;
; out_port_from_the_bl_n                     ; clk_in     ; 5.588 ; 5.588 ; Rise       ; inst|altpll_component|pll|clk[0] ;
; out_port_from_the_bl_p                     ; clk_in     ; 5.323 ; 5.323 ; Rise       ; inst|altpll_component|pll|clk[0] ;
; out_port_from_the_lcd_cs                   ; clk_in     ; 5.393 ; 5.393 ; Rise       ; inst|altpll_component|pll|clk[0] ;
; out_port_from_the_lcd_rd                   ; clk_in     ; 5.357 ; 5.357 ; Rise       ; inst|altpll_component|pll|clk[0] ;
; out_port_from_the_lcd_rs                   ; clk_in     ; 5.272 ; 5.272 ; Rise       ; inst|altpll_component|pll|clk[0] ;
; out_port_from_the_lcd_wr                   ; clk_in     ; 5.335 ; 5.335 ; Rise       ; inst|altpll_component|pll|clk[0] ;
; out_port_from_the_reset                    ; clk_in     ; 4.570 ; 4.570 ; Rise       ; inst|altpll_component|pll|clk[0] ;
; out_port_from_the_touch_cs                 ; clk_in     ; 4.916 ; 4.916 ; Rise       ; inst|altpll_component|pll|clk[0] ;
; S_CLK                                      ; clk_in     ; 0.471 ;       ; Rise       ; inst|altpll_component|pll|clk[1] ;
; S_CLK                                      ; clk_in     ;       ; 0.471 ; Fall       ; inst|altpll_component|pll|clk[1] ;
+--------------------------------------------+------------+-------+-------+------------+----------------------------------+


+-------------------------------------------------------------------------------------------------------------------------+
; Minimum Clock to Output Times                                                                                           ;
+--------------------------------------------+------------+-------+-------+------------+----------------------------------+
; Data Port                                  ; Clock Port ; Rise  ; Fall  ; Clock Edge ; Clock Reference                  ;
+--------------------------------------------+------------+-------+-------+------------+----------------------------------+
; BA[*]                                      ; clk_in     ; 3.154 ; 3.154 ; Rise       ; inst|altpll_component|pll|clk[0] ;
;  BA[0]                                     ; clk_in     ; 3.166 ; 3.166 ; Rise       ; inst|altpll_component|pll|clk[0] ;
;  BA[1]                                     ; clk_in     ; 3.154 ; 3.154 ; Rise       ; inst|altpll_component|pll|clk[0] ;
; CAS                                        ; clk_in     ; 3.167 ; 3.167 ; Rise       ; inst|altpll_component|pll|clk[0] ;
; CS                                         ; clk_in     ; 3.156 ; 3.156 ; Rise       ; inst|altpll_component|pll|clk[0] ;
; DQ[*]                                      ; clk_in     ; 2.733 ; 2.733 ; Rise       ; inst|altpll_component|pll|clk[0] ;
;  DQ[0]                                     ; clk_in     ; 2.740 ; 2.740 ; Rise       ; inst|altpll_component|pll|clk[0] ;
;  DQ[1]                                     ; clk_in     ; 2.740 ; 2.740 ; Rise       ; inst|altpll_component|pll|clk[0] ;
;  DQ[2]                                     ; clk_in     ; 2.751 ; 2.751 ; Rise       ; inst|altpll_component|pll|clk[0] ;
;  DQ[3]                                     ; clk_in     ; 2.745 ; 2.745 ; Rise       ; inst|altpll_component|pll|clk[0] ;
;  DQ[4]                                     ; clk_in     ; 2.741 ; 2.741 ; Rise       ; inst|altpll_component|pll|clk[0] ;
;  DQ[5]                                     ; clk_in     ; 2.741 ; 2.741 ; Rise       ; inst|altpll_component|pll|clk[0] ;
;  DQ[6]                                     ; clk_in     ; 3.141 ; 3.141 ; Rise       ; inst|altpll_component|pll|clk[0] ;
;  DQ[7]                                     ; clk_in     ; 3.131 ; 3.131 ; Rise       ; inst|altpll_component|pll|clk[0] ;
;  DQ[8]                                     ; clk_in     ; 2.767 ; 2.767 ; Rise       ; inst|altpll_component|pll|clk[0] ;
;  DQ[9]                                     ; clk_in     ; 2.765 ; 2.765 ; Rise       ; inst|altpll_component|pll|clk[0] ;
;  DQ[10]                                    ; clk_in     ; 2.775 ; 2.775 ; Rise       ; inst|altpll_component|pll|clk[0] ;
;  DQ[11]                                    ; clk_in     ; 2.745 ; 2.745 ; Rise       ; inst|altpll_component|pll|clk[0] ;
;  DQ[12]                                    ; clk_in     ; 2.745 ; 2.745 ; Rise       ; inst|altpll_component|pll|clk[0] ;
;  DQ[13]                                    ; clk_in     ; 2.733 ; 2.733 ; Rise       ; inst|altpll_component|pll|clk[0] ;
;  DQ[14]                                    ; clk_in     ; 2.745 ; 2.745 ; Rise       ; inst|altpll_component|pll|clk[0] ;
;  DQ[15]                                    ; clk_in     ; 2.749 ; 2.749 ; Rise       ; inst|altpll_component|pll|clk[0] ;
; MOSI_from_the_spi_touch                    ; clk_in     ; 4.563 ; 4.563 ; Rise       ; inst|altpll_component|pll|clk[0] ;
; RA[*]                                      ; clk_in     ; 3.132 ; 3.132 ; Rise       ; inst|altpll_component|pll|clk[0] ;
;  RA[0]                                     ; clk_in     ; 3.132 ; 3.132 ; Rise       ; inst|altpll_component|pll|clk[0] ;
;  RA[1]                                     ; clk_in     ; 3.152 ; 3.152 ; Rise       ; inst|altpll_component|pll|clk[0] ;
;  RA[2]                                     ; clk_in     ; 3.133 ; 3.133 ; Rise       ; inst|altpll_component|pll|clk[0] ;
;  RA[3]                                     ; clk_in     ; 3.133 ; 3.133 ; Rise       ; inst|altpll_component|pll|clk[0] ;
;  RA[4]                                     ; clk_in     ; 3.153 ; 3.153 ; Rise       ; inst|altpll_component|pll|clk[0] ;
;  RA[5]                                     ; clk_in     ; 3.153 ; 3.153 ; Rise       ; inst|altpll_component|pll|clk[0] ;
;  RA[6]                                     ; clk_in     ; 3.163 ; 3.163 ; Rise       ; inst|altpll_component|pll|clk[0] ;
;  RA[7]                                     ; clk_in     ; 3.161 ; 3.161 ; Rise       ; inst|altpll_component|pll|clk[0] ;
;  RA[8]                                     ; clk_in     ; 3.157 ; 3.157 ; Rise       ; inst|altpll_component|pll|clk[0] ;
;  RA[9]                                     ; clk_in     ; 3.163 ; 3.163 ; Rise       ; inst|altpll_component|pll|clk[0] ;
;  RA[10]                                    ; clk_in     ; 3.154 ; 3.154 ; Rise       ; inst|altpll_component|pll|clk[0] ;
;  RA[11]                                    ; clk_in     ; 3.178 ; 3.178 ; Rise       ; inst|altpll_component|pll|clk[0] ;
;  RA[12]                                    ; clk_in     ; 3.168 ; 3.168 ; Rise       ; inst|altpll_component|pll|clk[0] ;
; RAS                                        ; clk_in     ; 3.167 ; 3.167 ; Rise       ; inst|altpll_component|pll|clk[0] ;
; SCLK_from_the_spi_touch                    ; clk_in     ; 5.260 ; 5.260 ; Rise       ; inst|altpll_component|pll|clk[0] ;
; SS_n_from_the_spi_touch                    ; clk_in     ; 5.244 ; 5.244 ; Rise       ; inst|altpll_component|pll|clk[0] ;
; S_DQM[*]                                   ; clk_in     ; 2.789 ; 2.789 ; Rise       ; inst|altpll_component|pll|clk[0] ;
;  S_DQM[0]                                  ; clk_in     ; 3.167 ; 3.167 ; Rise       ; inst|altpll_component|pll|clk[0] ;
;  S_DQM[1]                                  ; clk_in     ; 2.789 ; 2.789 ; Rise       ; inst|altpll_component|pll|clk[0] ;
; WE                                         ; clk_in     ; 3.167 ; 3.167 ; Rise       ; inst|altpll_component|pll|clk[0] ;
; bidir_port_to_and_from_the_lcd32_data[*]   ; clk_in     ; 4.575 ; 4.575 ; Rise       ; inst|altpll_component|pll|clk[0] ;
;  bidir_port_to_and_from_the_lcd32_data[0]  ; clk_in     ; 5.850 ; 5.850 ; Rise       ; inst|altpll_component|pll|clk[0] ;
;  bidir_port_to_and_from_the_lcd32_data[1]  ; clk_in     ; 5.686 ; 5.686 ; Rise       ; inst|altpll_component|pll|clk[0] ;
;  bidir_port_to_and_from_the_lcd32_data[2]  ; clk_in     ; 5.661 ; 5.661 ; Rise       ; inst|altpll_component|pll|clk[0] ;
;  bidir_port_to_and_from_the_lcd32_data[3]  ; clk_in     ; 5.649 ; 5.649 ; Rise       ; inst|altpll_component|pll|clk[0] ;
;  bidir_port_to_and_from_the_lcd32_data[4]  ; clk_in     ; 5.587 ; 5.587 ; Rise       ; inst|altpll_component|pll|clk[0] ;
;  bidir_port_to_and_from_the_lcd32_data[5]  ; clk_in     ; 5.734 ; 5.734 ; Rise       ; inst|altpll_component|pll|clk[0] ;
;  bidir_port_to_and_from_the_lcd32_data[6]  ; clk_in     ; 5.680 ; 5.680 ; Rise       ; inst|altpll_component|pll|clk[0] ;
;  bidir_port_to_and_from_the_lcd32_data[7]  ; clk_in     ; 5.837 ; 5.837 ; Rise       ; inst|altpll_component|pll|clk[0] ;
;  bidir_port_to_and_from_the_lcd32_data[8]  ; clk_in     ; 5.377 ; 5.377 ; Rise       ; inst|altpll_component|pll|clk[0] ;
;  bidir_port_to_and_from_the_lcd32_data[9]  ; clk_in     ; 5.292 ; 5.292 ; Rise       ; inst|altpll_component|pll|clk[0] ;
;  bidir_port_to_and_from_the_lcd32_data[10] ; clk_in     ; 5.294 ; 5.294 ; Rise       ; inst|altpll_component|pll|clk[0] ;
;  bidir_port_to_and_from_the_lcd32_data[11] ; clk_in     ; 5.322 ; 5.322 ; Rise       ; inst|altpll_component|pll|clk[0] ;
;  bidir_port_to_and_from_the_lcd32_data[12] ; clk_in     ; 5.294 ; 5.294 ; Rise       ; inst|altpll_component|pll|clk[0] ;
;  bidir_port_to_and_from_the_lcd32_data[13] ; clk_in     ; 4.901 ; 4.901 ; Rise       ; inst|altpll_component|pll|clk[0] ;
;  bidir_port_to_and_from_the_lcd32_data[14] ; clk_in     ; 4.913 ; 4.913 ; Rise       ; inst|altpll_component|pll|clk[0] ;
;  bidir_port_to_and_from_the_lcd32_data[15] ; clk_in     ; 4.575 ; 4.575 ; Rise       ; inst|altpll_component|pll|clk[0] ;
; buzz[*]                                    ; clk_in     ; 5.279 ; 5.279 ; Rise       ; inst|altpll_component|pll|clk[0] ;
;  buzz[0]                                   ; clk_in     ; 5.279 ; 5.279 ; Rise       ; inst|altpll_component|pll|clk[0] ;
;  buzz[1]                                   ; clk_in     ; 5.670 ; 5.670 ; Rise       ; inst|altpll_component|pll|clk[0] ;
;  buzz[2]                                   ; clk_in     ; 5.725 ; 5.725 ; Rise       ; inst|altpll_component|pll|clk[0] ;
;  buzz[3]                                   ; clk_in     ; 5.416 ; 5.416 ; Rise       ; inst|altpll_component|pll|clk[0] ;
; led[*]                                     ; clk_in     ; 4.869 ; 4.869 ; Rise       ; inst|altpll_component|pll|clk[0] ;
;  led[0]                                    ; clk_in     ; 4.869 ; 4.869 ; Rise       ; inst|altpll_component|pll|clk[0] ;
;  led[1]                                    ; clk_in     ; 5.259 ; 5.259 ; Rise       ; inst|altpll_component|pll|clk[0] ;
;  led[2]                                    ; clk_in     ; 5.594 ; 5.594 ; Rise       ; inst|altpll_component|pll|clk[0] ;
;  led[3]                                    ; clk_in     ; 6.006 ; 6.006 ; Rise       ; inst|altpll_component|pll|clk[0] ;
; out_port_from_the_bl_n                     ; clk_in     ; 5.588 ; 5.588 ; Rise       ; inst|altpll_component|pll|clk[0] ;
; out_port_from_the_bl_p                     ; clk_in     ; 5.323 ; 5.323 ; Rise       ; inst|altpll_component|pll|clk[0] ;
; out_port_from_the_lcd_cs                   ; clk_in     ; 5.393 ; 5.393 ; Rise       ; inst|altpll_component|pll|clk[0] ;
; out_port_from_the_lcd_rd                   ; clk_in     ; 5.357 ; 5.357 ; Rise       ; inst|altpll_component|pll|clk[0] ;
; out_port_from_the_lcd_rs                   ; clk_in     ; 5.272 ; 5.272 ; Rise       ; inst|altpll_component|pll|clk[0] ;
; out_port_from_the_lcd_wr                   ; clk_in     ; 5.335 ; 5.335 ; Rise       ; inst|altpll_component|pll|clk[0] ;
; out_port_from_the_reset                    ; clk_in     ; 4.570 ; 4.570 ; Rise       ; inst|altpll_component|pll|clk[0] ;
; out_port_from_the_touch_cs                 ; clk_in     ; 4.916 ; 4.916 ; Rise       ; inst|altpll_component|pll|clk[0] ;
; S_CLK                                      ; clk_in     ; 0.471 ;       ; Rise       ; inst|altpll_component|pll|clk[1] ;
; S_CLK                                      ; clk_in     ;       ; 0.471 ; Fall       ; inst|altpll_component|pll|clk[1] ;
+--------------------------------------------+------------+-------+-------+------------+----------------------------------+


+------------------------------------------------------------------------------------------------------------------------+
; Output Enable Times                                                                                                    ;
+--------------------------------------------+------------+-------+------+------------+----------------------------------+
; Data Port                                  ; Clock Port ; Rise  ; Fall ; Clock Edge ; Clock Reference                  ;
+--------------------------------------------+------------+-------+------+------------+----------------------------------+
; bidir_port_to_and_from_the_lcd32_data[*]   ; clk_in     ; 4.508 ;      ; Rise       ; inst|altpll_component|pll|clk[0] ;
;  bidir_port_to_and_from_the_lcd32_data[0]  ; clk_in     ; 6.004 ;      ; Rise       ; inst|altpll_component|pll|clk[0] ;
;  bidir_port_to_and_from_the_lcd32_data[1]  ; clk_in     ; 5.979 ;      ; Rise       ; inst|altpll_component|pll|clk[0] ;
;  bidir_port_to_and_from_the_lcd32_data[2]  ; clk_in     ; 5.838 ;      ; Rise       ; inst|altpll_component|pll|clk[0] ;
;  bidir_port_to_and_from_the_lcd32_data[3]  ; clk_in     ; 5.820 ;      ; Rise       ; inst|altpll_component|pll|clk[0] ;
;  bidir_port_to_and_from_the_lcd32_data[4]  ; clk_in     ; 5.510 ;      ; Rise       ; inst|altpll_component|pll|clk[0] ;
;  bidir_port_to_and_from_the_lcd32_data[5]  ; clk_in     ; 5.589 ;      ; Rise       ; inst|altpll_component|pll|clk[0] ;
;  bidir_port_to_and_from_the_lcd32_data[6]  ; clk_in     ; 5.633 ;      ; Rise       ; inst|altpll_component|pll|clk[0] ;
;  bidir_port_to_and_from_the_lcd32_data[7]  ; clk_in     ; 5.566 ;      ; Rise       ; inst|altpll_component|pll|clk[0] ;
;  bidir_port_to_and_from_the_lcd32_data[8]  ; clk_in     ; 5.514 ;      ; Rise       ; inst|altpll_component|pll|clk[0] ;
;  bidir_port_to_and_from_the_lcd32_data[9]  ; clk_in     ; 5.249 ;      ; Rise       ; inst|altpll_component|pll|clk[0] ;
;  bidir_port_to_and_from_the_lcd32_data[10] ; clk_in     ; 5.233 ;      ; Rise       ; inst|altpll_component|pll|clk[0] ;
;  bidir_port_to_and_from_the_lcd32_data[11] ; clk_in     ; 5.315 ;      ; Rise       ; inst|altpll_component|pll|clk[0] ;
;  bidir_port_to_and_from_the_lcd32_data[12] ; clk_in     ; 5.239 ;      ; Rise       ; inst|altpll_component|pll|clk[0] ;
;  bidir_port_to_and_from_the_lcd32_data[13] ; clk_in     ; 4.868 ;      ; Rise       ; inst|altpll_component|pll|clk[0] ;
;  bidir_port_to_and_from_the_lcd32_data[14] ; clk_in     ; 4.863 ;      ; Rise       ; inst|altpll_component|pll|clk[0] ;
;  bidir_port_to_and_from_the_lcd32_data[15] ; clk_in     ; 4.508 ;      ; Rise       ; inst|altpll_component|pll|clk[0] ;
+--------------------------------------------+------------+-------+------+------------+----------------------------------+


+------------------------------------------------------------------------------------------------------------------------+
; Minimum Output Enable Times                                                                                            ;
+--------------------------------------------+------------+-------+------+------------+----------------------------------+
; Data Port                                  ; Clock Port ; Rise  ; Fall ; Clock Edge ; Clock Reference                  ;
+--------------------------------------------+------------+-------+------+------------+----------------------------------+
; bidir_port_to_and_from_the_lcd32_data[*]   ; clk_in     ; 4.508 ;      ; Rise       ; inst|altpll_component|pll|clk[0] ;
;  bidir_port_to_and_from_the_lcd32_data[0]  ; clk_in     ; 6.004 ;      ; Rise       ; inst|altpll_component|pll|clk[0] ;
;  bidir_port_to_and_from_the_lcd32_data[1]  ; clk_in     ; 5.979 ;      ; Rise       ; inst|altpll_component|pll|clk[0] ;
;  bidir_port_to_and_from_the_lcd32_data[2]  ; clk_in     ; 5.838 ;      ; Rise       ; inst|altpll_component|pll|clk[0] ;
;  bidir_port_to_and_from_the_lcd32_data[3]  ; clk_in     ; 5.820 ;      ; Rise       ; inst|altpll_component|pll|clk[0] ;
;  bidir_port_to_and_from_the_lcd32_data[4]  ; clk_in     ; 5.510 ;      ; Rise       ; inst|altpll_component|pll|clk[0] ;
;  bidir_port_to_and_from_the_lcd32_data[5]  ; clk_in     ; 5.589 ;      ; Rise       ; inst|altpll_component|pll|clk[0] ;
;  bidir_port_to_and_from_the_lcd32_data[6]  ; clk_in     ; 5.633 ;      ; Rise       ; inst|altpll_component|pll|clk[0] ;
;  bidir_port_to_and_from_the_lcd32_data[7]  ; clk_in     ; 5.566 ;      ; Rise       ; inst|altpll_component|pll|clk[0] ;
;  bidir_port_to_and_from_the_lcd32_data[8]  ; clk_in     ; 5.514 ;      ; Rise       ; inst|altpll_component|pll|clk[0] ;
;  bidir_port_to_and_from_the_lcd32_data[9]  ; clk_in     ; 5.249 ;      ; Rise       ; inst|altpll_component|pll|clk[0] ;
;  bidir_port_to_and_from_the_lcd32_data[10] ; clk_in     ; 5.233 ;      ; Rise       ; inst|altpll_component|pll|clk[0] ;
;  bidir_port_to_and_from_the_lcd32_data[11] ; clk_in     ; 5.315 ;      ; Rise       ; inst|altpll_component|pll|clk[0] ;
;  bidir_port_to_and_from_the_lcd32_data[12] ; clk_in     ; 5.239 ;      ; Rise       ; inst|altpll_component|pll|clk[0] ;
;  bidir_port_to_and_from_the_lcd32_data[13] ; clk_in     ; 4.868 ;      ; Rise       ; inst|altpll_component|pll|clk[0] ;
;  bidir_port_to_and_from_the_lcd32_data[14] ; clk_in     ; 4.863 ;      ; Rise       ; inst|altpll_component|pll|clk[0] ;
;  bidir_port_to_and_from_the_lcd32_data[15] ; clk_in     ; 4.508 ;      ; Rise       ; inst|altpll_component|pll|clk[0] ;
+--------------------------------------------+------------+-------+------+------------+----------------------------------+


+---------------------------------------------------------------------------------------------------------------------------------+
; Output Disable Times                                                                                                            ;
+--------------------------------------------+------------+-----------+-----------+------------+----------------------------------+
; Data Port                                  ; Clock Port ; 0 to Hi-Z ; 1 to Hi-Z ; Clock Edge ; Clock Reference                  ;
+--------------------------------------------+------------+-----------+-----------+------------+----------------------------------+
; bidir_port_to_and_from_the_lcd32_data[*]   ; clk_in     ; 4.508     ;           ; Rise       ; inst|altpll_component|pll|clk[0] ;
;  bidir_port_to_and_from_the_lcd32_data[0]  ; clk_in     ; 6.004     ;           ; Rise       ; inst|altpll_component|pll|clk[0] ;
;  bidir_port_to_and_from_the_lcd32_data[1]  ; clk_in     ; 5.979     ;           ; Rise       ; inst|altpll_component|pll|clk[0] ;
;  bidir_port_to_and_from_the_lcd32_data[2]  ; clk_in     ; 5.838     ;           ; Rise       ; inst|altpll_component|pll|clk[0] ;
;  bidir_port_to_and_from_the_lcd32_data[3]  ; clk_in     ; 5.820     ;           ; Rise       ; inst|altpll_component|pll|clk[0] ;
;  bidir_port_to_and_from_the_lcd32_data[4]  ; clk_in     ; 5.510     ;           ; Rise       ; inst|altpll_component|pll|clk[0] ;
;  bidir_port_to_and_from_the_lcd32_data[5]  ; clk_in     ; 5.589     ;           ; Rise       ; inst|altpll_component|pll|clk[0] ;
;  bidir_port_to_and_from_the_lcd32_data[6]  ; clk_in     ; 5.633     ;           ; Rise       ; inst|altpll_component|pll|clk[0] ;
;  bidir_port_to_and_from_the_lcd32_data[7]  ; clk_in     ; 5.566     ;           ; Rise       ; inst|altpll_component|pll|clk[0] ;
;  bidir_port_to_and_from_the_lcd32_data[8]  ; clk_in     ; 5.514     ;           ; Rise       ; inst|altpll_component|pll|clk[0] ;
;  bidir_port_to_and_from_the_lcd32_data[9]  ; clk_in     ; 5.249     ;           ; Rise       ; inst|altpll_component|pll|clk[0] ;
;  bidir_port_to_and_from_the_lcd32_data[10] ; clk_in     ; 5.233     ;           ; Rise       ; inst|altpll_component|pll|clk[0] ;
;  bidir_port_to_and_from_the_lcd32_data[11] ; clk_in     ; 5.315     ;           ; Rise       ; inst|altpll_component|pll|clk[0] ;
;  bidir_port_to_and_from_the_lcd32_data[12] ; clk_in     ; 5.239     ;           ; Rise       ; inst|altpll_component|pll|clk[0] ;
;  bidir_port_to_and_from_the_lcd32_data[13] ; clk_in     ; 4.868     ;           ; Rise       ; inst|altpll_component|pll|clk[0] ;
;  bidir_port_to_and_from_the_lcd32_data[14] ; clk_in     ; 4.863     ;           ; Rise       ; inst|altpll_component|pll|clk[0] ;
;  bidir_port_to_and_from_the_lcd32_data[15] ; clk_in     ; 4.508     ;           ; Rise       ; inst|altpll_component|pll|clk[0] ;
+--------------------------------------------+------------+-----------+-----------+------------+----------------------------------+


+---------------------------------------------------------------------------------------------------------------------------------+
; Minimum Output Disable Times                                                                                                    ;
+--------------------------------------------+------------+-----------+-----------+------------+----------------------------------+
; Data Port                                  ; Clock Port ; 0 to Hi-Z ; 1 to Hi-Z ; Clock Edge ; Clock Reference                  ;
+--------------------------------------------+------------+-----------+-----------+------------+----------------------------------+
; bidir_port_to_and_from_the_lcd32_data[*]   ; clk_in     ; 4.508     ;           ; Rise       ; inst|altpll_component|pll|clk[0] ;
;  bidir_port_to_and_from_the_lcd32_data[0]  ; clk_in     ; 6.004     ;           ; Rise       ; inst|altpll_component|pll|clk[0] ;
;  bidir_port_to_and_from_the_lcd32_data[1]  ; clk_in     ; 5.979     ;           ; Rise       ; inst|altpll_component|pll|clk[0] ;
;  bidir_port_to_and_from_the_lcd32_data[2]  ; clk_in     ; 5.838     ;           ; Rise       ; inst|altpll_component|pll|clk[0] ;
;  bidir_port_to_and_from_the_lcd32_data[3]  ; clk_in     ; 5.820     ;           ; Rise       ; inst|altpll_component|pll|clk[0] ;
;  bidir_port_to_and_from_the_lcd32_data[4]  ; clk_in     ; 5.510     ;           ; Rise       ; inst|altpll_component|pll|clk[0] ;
;  bidir_port_to_and_from_the_lcd32_data[5]  ; clk_in     ; 5.589     ;           ; Rise       ; inst|altpll_component|pll|clk[0] ;
;  bidir_port_to_and_from_the_lcd32_data[6]  ; clk_in     ; 5.633     ;           ; Rise       ; inst|altpll_component|pll|clk[0] ;
;  bidir_port_to_and_from_the_lcd32_data[7]  ; clk_in     ; 5.566     ;           ; Rise       ; inst|altpll_component|pll|clk[0] ;
;  bidir_port_to_and_from_the_lcd32_data[8]  ; clk_in     ; 5.514     ;           ; Rise       ; inst|altpll_component|pll|clk[0] ;
;  bidir_port_to_and_from_the_lcd32_data[9]  ; clk_in     ; 5.249     ;           ; Rise       ; inst|altpll_component|pll|clk[0] ;
;  bidir_port_to_and_from_the_lcd32_data[10] ; clk_in     ; 5.233     ;           ; Rise       ; inst|altpll_component|pll|clk[0] ;
;  bidir_port_to_and_from_the_lcd32_data[11] ; clk_in     ; 5.315     ;           ; Rise       ; inst|altpll_component|pll|clk[0] ;
;  bidir_port_to_and_from_the_lcd32_data[12] ; clk_in     ; 5.239     ;           ; Rise       ; inst|altpll_component|pll|clk[0] ;
;  bidir_port_to_and_from_the_lcd32_data[13] ; clk_in     ; 4.868     ;           ; Rise       ; inst|altpll_component|pll|clk[0] ;
;  bidir_port_to_and_from_the_lcd32_data[14] ; clk_in     ; 4.863     ;           ; Rise       ; inst|altpll_component|pll|clk[0] ;
;  bidir_port_to_and_from_the_lcd32_data[15] ; clk_in     ; 4.508     ;           ; Rise       ; inst|altpll_component|pll|clk[0] ;
+--------------------------------------------+------------+-----------+-----------+------------+----------------------------------+


+----------------------------------------------------------+
; Fast Model Setup Summary                                 ;
+----------------------------------+-------+---------------+
; Clock                            ; Slack ; End Point TNS ;
+----------------------------------+-------+---------------+
; inst|altpll_component|pll|clk[0] ; 3.706 ; 0.000         ;
+----------------------------------+-------+---------------+


+----------------------------------------------------------+
; Fast Model Hold Summary                                  ;
+----------------------------------+-------+---------------+
; Clock                            ; Slack ; End Point TNS ;
+----------------------------------+-------+---------------+
; inst|altpll_component|pll|clk[0] ; 0.215 ; 0.000         ;
+----------------------------------+-------+---------------+


+----------------------------------------------------------+
; Fast Model Recovery Summary                              ;
+----------------------------------+-------+---------------+
; Clock                            ; Slack ; End Point TNS ;
+----------------------------------+-------+---------------+
; inst|altpll_component|pll|clk[0] ; 3.439 ; 0.000         ;
+----------------------------------+-------+---------------+


+----------------------------------------------------------+
; Fast Model Removal Summary                               ;
+----------------------------------+-------+---------------+
; Clock                            ; Slack ; End Point TNS ;
+----------------------------------+-------+---------------+
; inst|altpll_component|pll|clk[0] ; 1.244 ; 0.000         ;
+----------------------------------+-------+---------------+


+-----------------------------------------------------------+
; Fast Model Minimum Pulse Width Summary                    ;
+----------------------------------+--------+---------------+
; Clock                            ; Slack  ; End Point TNS ;
+----------------------------------+--------+---------------+
; inst|altpll_component|pll|clk[0] ; 2.873  ; 0.000         ;
; clk_in                           ; 5.000  ; 0.000         ;
; altera_reserved_tck              ; 97.778 ; 0.000         ;
+----------------------------------+--------+---------------+


+-----------------------------------------------------------------------------------------------------------------------------------------------------------------------------------------------------------+
; Fast Model Setup: 'inst|altpll_component|pll|clk[0]'                                                                                                                                                      ;
+-------+-----------------------------------------+------------------------------------------+----------------------------------+----------------------------------+--------------+------------+------------+
; Slack ; From Node                               ; To Node                                  ; Launch Clock                     ; Latch Clock                      ; Relationship ; Clock Skew ; Data Delay ;
+-------+-----------------------------------------+------------------------------------------+----------------------------------+----------------------------------+--------------+------------+------------+
; 3.706 ; SOPC:inst2|SOPC_cpu:cpu|M_rot_step1[6]  ; SOPC:inst2|SOPC_cpu:cpu|Mn_rot_step2[14] ; inst|altpll_component|pll|clk[0] ; inst|altpll_component|pll|clk[0] ; 5.000        ; 0.012      ; 1.338      ;
; 3.723 ; SOPC:inst2|SOPC_cpu:cpu|M_rot_rn[2]     ; SOPC:inst2|SOPC_cpu:cpu|Mn_rot_step2[14] ; inst|altpll_component|pll|clk[0] ; inst|altpll_component|pll|clk[0] ; 5.000        ; 0.013      ; 1.322      ;
; 3.727 ; SOPC:inst2|SOPC_cpu:cpu|M_rot_step1[11] ; SOPC:inst2|SOPC_cpu:cpu|Mn_rot_step2[19] ; inst|altpll_component|pll|clk[0] ; inst|altpll_component|pll|clk[0] ; 5.000        ; 0.012      ; 1.317      ;
; 3.733 ; SOPC:inst2|SOPC_cpu:cpu|M_rot_rn[2]     ; SOPC:inst2|SOPC_cpu:cpu|Mn_rot_step2[10] ; inst|altpll_component|pll|clk[0] ; inst|altpll_component|pll|clk[0] ; 5.000        ; 0.013      ; 1.312      ;
; 3.750 ; SOPC:inst2|SOPC_cpu:cpu|M_rot_step1[11] ; SOPC:inst2|SOPC_cpu:cpu|Mn_rot_step2[23] ; inst|altpll_component|pll|clk[0] ; inst|altpll_component|pll|clk[0] ; 5.000        ; 0.012      ; 1.294      ;
; 3.754 ; SOPC:inst2|SOPC_cpu:cpu|M_rot_step1[9]  ; SOPC:inst2|SOPC_cpu:cpu|Mn_rot_step2[17] ; inst|altpll_component|pll|clk[0] ; inst|altpll_component|pll|clk[0] ; 5.000        ; 0.012      ; 1.290      ;
; 3.763 ; SOPC:inst2|SOPC_cpu:cpu|M_rot_step1[9]  ; SOPC:inst2|SOPC_cpu:cpu|Mn_rot_step2[21] ; inst|altpll_component|pll|clk[0] ; inst|altpll_component|pll|clk[0] ; 5.000        ; 0.012      ; 1.281      ;
; 3.764 ; SOPC:inst2|SOPC_cpu:cpu|M_rot_rn[2]     ; SOPC:inst2|SOPC_cpu:cpu|Mn_rot_step2[22] ; inst|altpll_component|pll|clk[0] ; inst|altpll_component|pll|clk[0] ; 5.000        ; 0.013      ; 1.281      ;
; 3.770 ; SOPC:inst2|SOPC_cpu:cpu|M_rot_rn[2]     ; SOPC:inst2|SOPC_cpu:cpu|Mn_rot_step2[30] ; inst|altpll_component|pll|clk[0] ; inst|altpll_component|pll|clk[0] ; 5.000        ; 0.013      ; 1.275      ;
; 3.772 ; SOPC:inst2|SOPC_cpu:cpu|M_rot_rn[2]     ; SOPC:inst2|SOPC_cpu:cpu|Mn_rot_step2[26] ; inst|altpll_component|pll|clk[0] ; inst|altpll_component|pll|clk[0] ; 5.000        ; 0.013      ; 1.273      ;
; 3.774 ; SOPC:inst2|SOPC_cpu:cpu|M_rot_rn[2]     ; SOPC:inst2|SOPC_cpu:cpu|Mn_rot_step2[1]  ; inst|altpll_component|pll|clk[0] ; inst|altpll_component|pll|clk[0] ; 5.000        ; 0.013      ; 1.271      ;
; 3.774 ; SOPC:inst2|SOPC_cpu:cpu|M_rot_rn[2]     ; SOPC:inst2|SOPC_cpu:cpu|Mn_rot_step2[17] ; inst|altpll_component|pll|clk[0] ; inst|altpll_component|pll|clk[0] ; 5.000        ; 0.013      ; 1.271      ;
; 3.783 ; SOPC:inst2|SOPC_cpu:cpu|M_rot_rn[2]     ; SOPC:inst2|SOPC_cpu:cpu|Mn_rot_step2[21] ; inst|altpll_component|pll|clk[0] ; inst|altpll_component|pll|clk[0] ; 5.000        ; 0.013      ; 1.262      ;
; 3.791 ; SOPC:inst2|SOPC_cpu:cpu|M_rot_step1[23] ; SOPC:inst2|SOPC_cpu:cpu|Mn_rot_step2[3]  ; inst|altpll_component|pll|clk[0] ; inst|altpll_component|pll|clk[0] ; 5.000        ; 0.013      ; 1.254      ;
; 3.801 ; SOPC:inst2|SOPC_cpu:cpu|M_rot_rn[2]     ; SOPC:inst2|SOPC_cpu:cpu|Mn_rot_step2[20] ; inst|altpll_component|pll|clk[0] ; inst|altpll_component|pll|clk[0] ; 5.000        ; 0.014      ; 1.245      ;
; 3.811 ; SOPC:inst2|SOPC_cpu:cpu|M_rot_rn[2]     ; SOPC:inst2|SOPC_cpu:cpu|Mn_rot_step2[6]  ; inst|altpll_component|pll|clk[0] ; inst|altpll_component|pll|clk[0] ; 5.000        ; 0.013      ; 1.234      ;
; 3.811 ; SOPC:inst2|SOPC_cpu:cpu|M_rot_rn[2]     ; SOPC:inst2|SOPC_cpu:cpu|Mn_rot_step2[8]  ; inst|altpll_component|pll|clk[0] ; inst|altpll_component|pll|clk[0] ; 5.000        ; 0.014      ; 1.235      ;
; 3.818 ; SOPC:inst2|SOPC_cpu:cpu|M_rot_step1[25] ; SOPC:inst2|SOPC_cpu:cpu|Mn_rot_step2[1]  ; inst|altpll_component|pll|clk[0] ; inst|altpll_component|pll|clk[0] ; 5.000        ; 0.013      ; 1.227      ;
; 3.821 ; SOPC:inst2|SOPC_cpu:cpu|M_rot_step1[23] ; SOPC:inst2|SOPC_cpu:cpu|Mn_rot_step2[23] ; inst|altpll_component|pll|clk[0] ; inst|altpll_component|pll|clk[0] ; 5.000        ; 0.013      ; 1.224      ;
; 3.831 ; SOPC:inst2|SOPC_cpu:cpu|M_rot_step1[26] ; SOPC:inst2|SOPC_cpu:cpu|Mn_rot_step2[2]  ; inst|altpll_component|pll|clk[0] ; inst|altpll_component|pll|clk[0] ; 5.000        ; 0.013      ; 1.214      ;
; 3.835 ; SOPC:inst2|SOPC_cpu:cpu|M_rot_step1[10] ; SOPC:inst2|SOPC_cpu:cpu|Mn_rot_step2[22] ; inst|altpll_component|pll|clk[0] ; inst|altpll_component|pll|clk[0] ; 5.000        ; 0.012      ; 1.209      ;
; 3.841 ; SOPC:inst2|SOPC_cpu:cpu|M_rot_step1[14] ; SOPC:inst2|SOPC_cpu:cpu|Mn_rot_step2[26] ; inst|altpll_component|pll|clk[0] ; inst|altpll_component|pll|clk[0] ; 5.000        ; 0.012      ; 1.203      ;
; 3.844 ; SOPC:inst2|SOPC_cpu:cpu|M_rot_step1[15] ; SOPC:inst2|SOPC_cpu:cpu|Mn_rot_step2[27] ; inst|altpll_component|pll|clk[0] ; inst|altpll_component|pll|clk[0] ; 5.000        ; 0.012      ; 1.200      ;
; 3.848 ; SOPC:inst2|SOPC_cpu:cpu|M_rot_step1[16] ; SOPC:inst2|SOPC_cpu:cpu|Mn_rot_step2[28] ; inst|altpll_component|pll|clk[0] ; inst|altpll_component|pll|clk[0] ; 5.000        ; 0.013      ; 1.197      ;
; 3.850 ; SOPC:inst2|SOPC_cpu:cpu|M_rot_rn[2]     ; SOPC:inst2|SOPC_cpu:cpu|Mn_rot_step2[13] ; inst|altpll_component|pll|clk[0] ; inst|altpll_component|pll|clk[0] ; 5.000        ; 0.013      ; 1.195      ;
; 3.854 ; SOPC:inst2|SOPC_cpu:cpu|M_rot_rn[2]     ; SOPC:inst2|SOPC_cpu:cpu|Mn_rot_step2[18] ; inst|altpll_component|pll|clk[0] ; inst|altpll_component|pll|clk[0] ; 5.000        ; 0.013      ; 1.191      ;
; 3.856 ; SOPC:inst2|SOPC_cpu:cpu|M_rot_step1[23] ; SOPC:inst2|SOPC_cpu:cpu|Mn_rot_step2[31] ; inst|altpll_component|pll|clk[0] ; inst|altpll_component|pll|clk[0] ; 5.000        ; 0.013      ; 1.189      ;
; 3.866 ; SOPC:inst2|SOPC_cpu:cpu|M_rot_rn[3]     ; SOPC:inst2|SOPC_cpu:cpu|Mn_rot_step2[0]  ; inst|altpll_component|pll|clk[0] ; inst|altpll_component|pll|clk[0] ; 5.000        ; 0.014      ; 1.180      ;
; 3.866 ; SOPC:inst2|SOPC_cpu:cpu|M_rot_rn[3]     ; SOPC:inst2|SOPC_cpu:cpu|Mn_rot_step2[16] ; inst|altpll_component|pll|clk[0] ; inst|altpll_component|pll|clk[0] ; 5.000        ; 0.014      ; 1.180      ;
; 3.866 ; SOPC:inst2|SOPC_cpu:cpu|M_rot_rn[3]     ; SOPC:inst2|SOPC_cpu:cpu|Mn_rot_step2[24] ; inst|altpll_component|pll|clk[0] ; inst|altpll_component|pll|clk[0] ; 5.000        ; 0.014      ; 1.180      ;
; 3.866 ; SOPC:inst2|SOPC_cpu:cpu|M_rot_rn[3]     ; SOPC:inst2|SOPC_cpu:cpu|Mn_rot_step2[20] ; inst|altpll_component|pll|clk[0] ; inst|altpll_component|pll|clk[0] ; 5.000        ; 0.014      ; 1.180      ;
; 3.866 ; SOPC:inst2|SOPC_cpu:cpu|M_rot_rn[3]     ; SOPC:inst2|SOPC_cpu:cpu|Mn_rot_step2[4]  ; inst|altpll_component|pll|clk[0] ; inst|altpll_component|pll|clk[0] ; 5.000        ; 0.014      ; 1.180      ;
; 3.866 ; SOPC:inst2|SOPC_cpu:cpu|M_rot_rn[3]     ; SOPC:inst2|SOPC_cpu:cpu|Mn_rot_step2[8]  ; inst|altpll_component|pll|clk[0] ; inst|altpll_component|pll|clk[0] ; 5.000        ; 0.014      ; 1.180      ;
; 3.866 ; SOPC:inst2|SOPC_cpu:cpu|M_rot_rn[3]     ; SOPC:inst2|SOPC_cpu:cpu|Mn_rot_step2[12] ; inst|altpll_component|pll|clk[0] ; inst|altpll_component|pll|clk[0] ; 5.000        ; 0.014      ; 1.180      ;
; 3.866 ; SOPC:inst2|SOPC_cpu:cpu|M_rot_rn[3]     ; SOPC:inst2|SOPC_cpu:cpu|Mn_rot_step2[28] ; inst|altpll_component|pll|clk[0] ; inst|altpll_component|pll|clk[0] ; 5.000        ; 0.014      ; 1.180      ;
; 3.867 ; SOPC:inst2|SOPC_cpu:cpu|M_rot_step1[12] ; SOPC:inst2|SOPC_cpu:cpu|Mn_rot_step2[20] ; inst|altpll_component|pll|clk[0] ; inst|altpll_component|pll|clk[0] ; 5.000        ; 0.013      ; 1.178      ;
; 3.886 ; SOPC:inst2|SOPC_cpu:cpu|M_rot_rn[2]     ; SOPC:inst2|SOPC_cpu:cpu|Mn_rot_step2[2]  ; inst|altpll_component|pll|clk[0] ; inst|altpll_component|pll|clk[0] ; 5.000        ; 0.013      ; 1.159      ;
; 3.889 ; SOPC:inst2|SOPC_cpu:cpu|M_rot_rn[2]     ; SOPC:inst2|SOPC_cpu:cpu|Mn_rot_step2[27] ; inst|altpll_component|pll|clk[0] ; inst|altpll_component|pll|clk[0] ; 5.000        ; 0.013      ; 1.156      ;
; 3.890 ; SOPC:inst2|SOPC_cpu:cpu|M_rot_rn[2]     ; SOPC:inst2|SOPC_cpu:cpu|Mn_rot_step2[19] ; inst|altpll_component|pll|clk[0] ; inst|altpll_component|pll|clk[0] ; 5.000        ; 0.013      ; 1.155      ;
; 3.891 ; SOPC:inst2|SOPC_cpu:cpu|M_rot_step1[25] ; SOPC:inst2|SOPC_cpu:cpu|Mn_rot_step2[5]  ; inst|altpll_component|pll|clk[0] ; inst|altpll_component|pll|clk[0] ; 5.000        ; 0.013      ; 1.154      ;
; 3.892 ; SOPC:inst2|SOPC_cpu:cpu|M_rot_step1[3]  ; SOPC:inst2|SOPC_cpu:cpu|Mn_rot_step2[3]  ; inst|altpll_component|pll|clk[0] ; inst|altpll_component|pll|clk[0] ; 5.000        ; 0.012      ; 1.152      ;
; 3.893 ; SOPC:inst2|SOPC_cpu:cpu|M_rot_rn[2]     ; SOPC:inst2|SOPC_cpu:cpu|Mn_rot_step2[25] ; inst|altpll_component|pll|clk[0] ; inst|altpll_component|pll|clk[0] ; 5.000        ; 0.013      ; 1.152      ;
; 3.895 ; SOPC:inst2|SOPC_cpu:cpu|M_rot_rn[2]     ; SOPC:inst2|SOPC_cpu:cpu|Mn_rot_step2[16] ; inst|altpll_component|pll|clk[0] ; inst|altpll_component|pll|clk[0] ; 5.000        ; 0.014      ; 1.151      ;
; 3.895 ; SOPC:inst2|SOPC_cpu:cpu|M_rot_rn[2]     ; SOPC:inst2|SOPC_cpu:cpu|Mn_rot_step2[24] ; inst|altpll_component|pll|clk[0] ; inst|altpll_component|pll|clk[0] ; 5.000        ; 0.014      ; 1.151      ;
; 3.900 ; SOPC:inst2|SOPC_cpu:cpu|M_rot_step1[3]  ; SOPC:inst2|SOPC_cpu:cpu|Mn_rot_step2[7]  ; inst|altpll_component|pll|clk[0] ; inst|altpll_component|pll|clk[0] ; 5.000        ; 0.012      ; 1.144      ;
; 3.900 ; SOPC:inst2|SOPC_cpu:cpu|M_rot_rn[2]     ; SOPC:inst2|SOPC_cpu:cpu|Mn_rot_step2[12] ; inst|altpll_component|pll|clk[0] ; inst|altpll_component|pll|clk[0] ; 5.000        ; 0.014      ; 1.146      ;
; 3.910 ; SOPC:inst2|SOPC_cpu:cpu|M_rot_rn[2]     ; SOPC:inst2|SOPC_cpu:cpu|Mn_rot_step2[23] ; inst|altpll_component|pll|clk[0] ; inst|altpll_component|pll|clk[0] ; 5.000        ; 0.013      ; 1.135      ;
; 3.918 ; SOPC:inst2|SOPC_cpu:cpu|M_rot_step1[6]  ; SOPC:inst2|SOPC_cpu:cpu|Mn_rot_step2[18] ; inst|altpll_component|pll|clk[0] ; inst|altpll_component|pll|clk[0] ; 5.000        ; 0.012      ; 1.126      ;
; 3.921 ; SOPC:inst2|SOPC_cpu:cpu|M_rot_rn[2]     ; SOPC:inst2|SOPC_cpu:cpu|Mn_rot_step2[4]  ; inst|altpll_component|pll|clk[0] ; inst|altpll_component|pll|clk[0] ; 5.000        ; 0.014      ; 1.125      ;
; 3.922 ; SOPC:inst2|SOPC_cpu:cpu|M_rot_rn[2]     ; SOPC:inst2|SOPC_cpu:cpu|Mn_rot_step2[0]  ; inst|altpll_component|pll|clk[0] ; inst|altpll_component|pll|clk[0] ; 5.000        ; 0.014      ; 1.124      ;
; 3.924 ; SOPC:inst2|SOPC_cpu:cpu|M_rot_step1[22] ; SOPC:inst2|SOPC_cpu:cpu|Mn_rot_step2[2]  ; inst|altpll_component|pll|clk[0] ; inst|altpll_component|pll|clk[0] ; 5.000        ; 0.013      ; 1.121      ;
; 3.925 ; SOPC:inst2|SOPC_cpu:cpu|M_rot_step1[10] ; SOPC:inst2|SOPC_cpu:cpu|Mn_rot_step2[18] ; inst|altpll_component|pll|clk[0] ; inst|altpll_component|pll|clk[0] ; 5.000        ; 0.012      ; 1.119      ;
; 3.926 ; SOPC:inst2|SOPC_cpu:cpu|M_rot_step1[13] ; SOPC:inst2|SOPC_cpu:cpu|Mn_rot_step2[25] ; inst|altpll_component|pll|clk[0] ; inst|altpll_component|pll|clk[0] ; 5.000        ; 0.012      ; 1.118      ;
; 3.928 ; SOPC:inst2|SOPC_cpu:cpu|M_rot_step1[8]  ; SOPC:inst2|SOPC_cpu:cpu|Mn_rot_step2[20] ; inst|altpll_component|pll|clk[0] ; inst|altpll_component|pll|clk[0] ; 5.000        ; 0.013      ; 1.117      ;
; 3.930 ; SOPC:inst2|SOPC_cpu:cpu|M_rot_step1[21] ; SOPC:inst2|SOPC_cpu:cpu|Mn_rot_step2[29] ; inst|altpll_component|pll|clk[0] ; inst|altpll_component|pll|clk[0] ; 5.000        ; 0.012      ; 1.114      ;
; 3.931 ; SOPC:inst2|SOPC_cpu:cpu|M_rot_step1[27] ; SOPC:inst2|SOPC_cpu:cpu|Mn_rot_step2[7]  ; inst|altpll_component|pll|clk[0] ; inst|altpll_component|pll|clk[0] ; 5.000        ; 0.013      ; 1.114      ;
; 3.935 ; SOPC:inst2|SOPC_cpu:cpu|M_rot_step1[22] ; SOPC:inst2|SOPC_cpu:cpu|Mn_rot_step2[30] ; inst|altpll_component|pll|clk[0] ; inst|altpll_component|pll|clk[0] ; 5.000        ; 0.013      ; 1.110      ;
; 3.936 ; SOPC:inst2|SOPC_cpu:cpu|M_rot_rn[2]     ; SOPC:inst2|SOPC_cpu:cpu|Mn_rot_step2[28] ; inst|altpll_component|pll|clk[0] ; inst|altpll_component|pll|clk[0] ; 5.000        ; 0.014      ; 1.110      ;
; 3.937 ; SOPC:inst2|SOPC_cpu:cpu|M_rot_step1[30] ; SOPC:inst2|SOPC_cpu:cpu|Mn_rot_step2[10] ; inst|altpll_component|pll|clk[0] ; inst|altpll_component|pll|clk[0] ; 5.000        ; 0.013      ; 1.108      ;
; 3.939 ; SOPC:inst2|SOPC_cpu:cpu|M_rot_step1[28] ; SOPC:inst2|SOPC_cpu:cpu|Mn_rot_step2[4]  ; inst|altpll_component|pll|clk[0] ; inst|altpll_component|pll|clk[0] ; 5.000        ; 0.014      ; 1.107      ;
; 3.940 ; SOPC:inst2|SOPC_cpu:cpu|M_rot_step1[16] ; SOPC:inst2|SOPC_cpu:cpu|Mn_rot_step2[24] ; inst|altpll_component|pll|clk[0] ; inst|altpll_component|pll|clk[0] ; 5.000        ; 0.013      ; 1.105      ;
; 3.943 ; SOPC:inst2|SOPC_cpu:cpu|M_rot_step1[3]  ; SOPC:inst2|SOPC_cpu:cpu|Mn_rot_step2[15] ; inst|altpll_component|pll|clk[0] ; inst|altpll_component|pll|clk[0] ; 5.000        ; 0.012      ; 1.101      ;
; 3.944 ; SOPC:inst2|SOPC_cpu:cpu|M_rot_step1[3]  ; SOPC:inst2|SOPC_cpu:cpu|Mn_rot_step2[11] ; inst|altpll_component|pll|clk[0] ; inst|altpll_component|pll|clk[0] ; 5.000        ; 0.012      ; 1.100      ;
; 3.951 ; SOPC:inst2|SOPC_cpu:cpu|M_rot_step1[0]  ; SOPC:inst2|SOPC_cpu:cpu|Mn_rot_step2[8]  ; inst|altpll_component|pll|clk[0] ; inst|altpll_component|pll|clk[0] ; 5.000        ; 0.014      ; 1.095      ;
; 3.953 ; SOPC:inst2|SOPC_cpu:cpu|M_rot_step1[14] ; SOPC:inst2|SOPC_cpu:cpu|Mn_rot_step2[22] ; inst|altpll_component|pll|clk[0] ; inst|altpll_component|pll|clk[0] ; 5.000        ; 0.012      ; 1.091      ;
; 3.954 ; SOPC:inst2|SOPC_cpu:cpu|M_rot_step1[1]  ; SOPC:inst2|SOPC_cpu:cpu|Mn_rot_step2[9]  ; inst|altpll_component|pll|clk[0] ; inst|altpll_component|pll|clk[0] ; 5.000        ; 0.013      ; 1.091      ;
; 3.956 ; SOPC:inst2|SOPC_cpu:cpu|M_rot_step1[17] ; SOPC:inst2|SOPC_cpu:cpu|Mn_rot_step2[25] ; inst|altpll_component|pll|clk[0] ; inst|altpll_component|pll|clk[0] ; 5.000        ; 0.012      ; 1.088      ;
; 3.957 ; SOPC:inst2|SOPC_cpu:cpu|M_rot_step1[19] ; SOPC:inst2|SOPC_cpu:cpu|Mn_rot_step2[27] ; inst|altpll_component|pll|clk[0] ; inst|altpll_component|pll|clk[0] ; 5.000        ; 0.012      ; 1.087      ;
; 3.960 ; SOPC:inst2|SOPC_cpu:cpu|M_rot_step1[18] ; SOPC:inst2|SOPC_cpu:cpu|Mn_rot_step2[30] ; inst|altpll_component|pll|clk[0] ; inst|altpll_component|pll|clk[0] ; 5.000        ; 0.012      ; 1.084      ;
; 3.961 ; SOPC:inst2|SOPC_cpu:cpu|M_rot_step1[18] ; SOPC:inst2|SOPC_cpu:cpu|Mn_rot_step2[26] ; inst|altpll_component|pll|clk[0] ; inst|altpll_component|pll|clk[0] ; 5.000        ; 0.012      ; 1.083      ;
; 3.962 ; SOPC:inst2|SOPC_cpu:cpu|M_rot_step1[20] ; SOPC:inst2|SOPC_cpu:cpu|Mn_rot_step2[28] ; inst|altpll_component|pll|clk[0] ; inst|altpll_component|pll|clk[0] ; 5.000        ; 0.013      ; 1.083      ;
; 3.967 ; SOPC:inst2|SOPC_cpu:cpu|M_rot_step1[12] ; SOPC:inst2|SOPC_cpu:cpu|Mn_rot_step2[24] ; inst|altpll_component|pll|clk[0] ; inst|altpll_component|pll|clk[0] ; 5.000        ; 0.013      ; 1.078      ;
; 3.972 ; SOPC:inst2|SOPC_cpu:cpu|M_rot_rn[2]     ; SOPC:inst2|SOPC_cpu:cpu|Mn_rot_step2[5]  ; inst|altpll_component|pll|clk[0] ; inst|altpll_component|pll|clk[0] ; 5.000        ; 0.013      ; 1.073      ;
; 3.973 ; SOPC:inst2|SOPC_cpu:cpu|M_rot_rn[2]     ; SOPC:inst2|SOPC_cpu:cpu|Mn_rot_step2[29] ; inst|altpll_component|pll|clk[0] ; inst|altpll_component|pll|clk[0] ; 5.000        ; 0.013      ; 1.072      ;
; 3.974 ; SOPC:inst2|SOPC_cpu:cpu|M_rot_step1[21] ; SOPC:inst2|SOPC_cpu:cpu|Mn_rot_step2[1]  ; inst|altpll_component|pll|clk[0] ; inst|altpll_component|pll|clk[0] ; 5.000        ; 0.012      ; 1.070      ;
; 3.975 ; SOPC:inst2|SOPC_cpu:cpu|M_rot_rn[2]     ; SOPC:inst2|SOPC_cpu:cpu|Mn_rot_step2[9]  ; inst|altpll_component|pll|clk[0] ; inst|altpll_component|pll|clk[0] ; 5.000        ; 0.013      ; 1.070      ;
; 3.976 ; SOPC:inst2|SOPC_cpu:cpu|M_rot_step1[28] ; SOPC:inst2|SOPC_cpu:cpu|Mn_rot_step2[8]  ; inst|altpll_component|pll|clk[0] ; inst|altpll_component|pll|clk[0] ; 5.000        ; 0.014      ; 1.070      ;
; 3.977 ; SOPC:inst2|SOPC_cpu:cpu|M_rot_step1[1]  ; SOPC:inst2|SOPC_cpu:cpu|Mn_rot_step2[13] ; inst|altpll_component|pll|clk[0] ; inst|altpll_component|pll|clk[0] ; 5.000        ; 0.013      ; 1.068      ;
; 3.981 ; SOPC:inst2|SOPC_cpu:cpu|M_rot_step1[2]  ; SOPC:inst2|SOPC_cpu:cpu|Mn_rot_step2[14] ; inst|altpll_component|pll|clk[0] ; inst|altpll_component|pll|clk[0] ; 5.000        ; 0.012      ; 1.063      ;
; 3.981 ; SOPC:inst2|SOPC_cpu:cpu|M_rot_rn[2]     ; SOPC:inst2|SOPC_cpu:cpu|Mn_rot_step2[31] ; inst|altpll_component|pll|clk[0] ; inst|altpll_component|pll|clk[0] ; 5.000        ; 0.013      ; 1.064      ;
; 3.982 ; SOPC:inst2|SOPC_cpu:cpu|M_rot_rn[2]     ; SOPC:inst2|SOPC_cpu:cpu|Mn_rot_step2[3]  ; inst|altpll_component|pll|clk[0] ; inst|altpll_component|pll|clk[0] ; 5.000        ; 0.013      ; 1.063      ;
; 3.983 ; SOPC:inst2|SOPC_cpu:cpu|M_rot_step1[4]  ; SOPC:inst2|SOPC_cpu:cpu|Mn_rot_step2[16] ; inst|altpll_component|pll|clk[0] ; inst|altpll_component|pll|clk[0] ; 5.000        ; 0.013      ; 1.062      ;
; 3.984 ; SOPC:inst2|SOPC_cpu:cpu|M_rot_step1[15] ; SOPC:inst2|SOPC_cpu:cpu|Mn_rot_step2[23] ; inst|altpll_component|pll|clk[0] ; inst|altpll_component|pll|clk[0] ; 5.000        ; 0.012      ; 1.060      ;
; 3.985 ; SOPC:inst2|SOPC_cpu:cpu|M_rot_step1[4]  ; SOPC:inst2|SOPC_cpu:cpu|Mn_rot_step2[12] ; inst|altpll_component|pll|clk[0] ; inst|altpll_component|pll|clk[0] ; 5.000        ; 0.013      ; 1.060      ;
; 3.990 ; SOPC:inst2|SOPC_cpu:cpu|M_rot_step1[2]  ; SOPC:inst2|SOPC_cpu:cpu|Mn_rot_step2[10] ; inst|altpll_component|pll|clk[0] ; inst|altpll_component|pll|clk[0] ; 5.000        ; 0.012      ; 1.054      ;
; 3.992 ; SOPC:inst2|SOPC_cpu:cpu|M_rot_rn[2]     ; SOPC:inst2|SOPC_cpu:cpu|Mn_rot_step2[7]  ; inst|altpll_component|pll|clk[0] ; inst|altpll_component|pll|clk[0] ; 5.000        ; 0.013      ; 1.053      ;
; 4.013 ; SOPC:inst2|SOPC_cpu:cpu|M_rot_step1[30] ; SOPC:inst2|SOPC_cpu:cpu|Mn_rot_step2[6]  ; inst|altpll_component|pll|clk[0] ; inst|altpll_component|pll|clk[0] ; 5.000        ; 0.013      ; 1.032      ;
; 4.015 ; SOPC:inst2|SOPC_cpu:cpu|M_rot_step1[19] ; SOPC:inst2|SOPC_cpu:cpu|Mn_rot_step2[23] ; inst|altpll_component|pll|clk[0] ; inst|altpll_component|pll|clk[0] ; 5.000        ; 0.012      ; 1.029      ;
; 4.024 ; SOPC:inst2|SOPC_cpu:cpu|M_rot_step1[8]  ; SOPC:inst2|SOPC_cpu:cpu|Mn_rot_step2[16] ; inst|altpll_component|pll|clk[0] ; inst|altpll_component|pll|clk[0] ; 5.000        ; 0.013      ; 1.021      ;
; 4.025 ; SOPC:inst2|SOPC_cpu:cpu|Mn_rot_step2[2] ; SOPC:inst2|SOPC_cpu:cpu|A_rot[18]        ; inst|altpll_component|pll|clk[0] ; inst|altpll_component|pll|clk[0] ; 5.000        ; -0.036     ; 0.971      ;
; 4.027 ; SOPC:inst2|SOPC_cpu:cpu|Mn_rot_step2[2] ; SOPC:inst2|SOPC_cpu:cpu|A_rot[2]         ; inst|altpll_component|pll|clk[0] ; inst|altpll_component|pll|clk[0] ; 5.000        ; -0.036     ; 0.969      ;
; 4.033 ; SOPC:inst2|SOPC_cpu:cpu|M_rot_step1[5]  ; SOPC:inst2|SOPC_cpu:cpu|Mn_rot_step2[13] ; inst|altpll_component|pll|clk[0] ; inst|altpll_component|pll|clk[0] ; 5.000        ; 0.012      ; 1.011      ;
; 4.033 ; SOPC:inst2|SOPC_cpu:cpu|M_rot_step1[0]  ; SOPC:inst2|SOPC_cpu:cpu|Mn_rot_step2[12] ; inst|altpll_component|pll|clk[0] ; inst|altpll_component|pll|clk[0] ; 5.000        ; 0.014      ; 1.013      ;
; 4.037 ; SOPC:inst2|SOPC_cpu:cpu|M_rot_step1[29] ; SOPC:inst2|SOPC_cpu:cpu|Mn_rot_step2[5]  ; inst|altpll_component|pll|clk[0] ; inst|altpll_component|pll|clk[0] ; 5.000        ; 0.013      ; 1.008      ;
; 4.038 ; SOPC:inst2|SOPC_cpu:cpu|M_rot_step1[17] ; SOPC:inst2|SOPC_cpu:cpu|Mn_rot_step2[29] ; inst|altpll_component|pll|clk[0] ; inst|altpll_component|pll|clk[0] ; 5.000        ; 0.012      ; 1.006      ;
; 4.039 ; SOPC:inst2|SOPC_cpu:cpu|M_rot_step1[26] ; SOPC:inst2|SOPC_cpu:cpu|Mn_rot_step2[6]  ; inst|altpll_component|pll|clk[0] ; inst|altpll_component|pll|clk[0] ; 5.000        ; 0.013      ; 1.006      ;
; 4.041 ; SOPC:inst2|SOPC_cpu:cpu|M_rot_step1[29] ; SOPC:inst2|SOPC_cpu:cpu|Mn_rot_step2[9]  ; inst|altpll_component|pll|clk[0] ; inst|altpll_component|pll|clk[0] ; 5.000        ; 0.013      ; 1.004      ;
; 4.042 ; SOPC:inst2|SOPC_cpu:cpu|M_rot_step1[27] ; SOPC:inst2|SOPC_cpu:cpu|Mn_rot_step2[3]  ; inst|altpll_component|pll|clk[0] ; inst|altpll_component|pll|clk[0] ; 5.000        ; 0.013      ; 1.003      ;
; 4.044 ; SOPC:inst2|SOPC_cpu:cpu|M_rot_step1[6]  ; SOPC:inst2|SOPC_cpu:cpu|Mn_rot_step2[6]  ; inst|altpll_component|pll|clk[0] ; inst|altpll_component|pll|clk[0] ; 5.000        ; 0.012      ; 1.000      ;
; 4.048 ; SOPC:inst2|SOPC_cpu:cpu|M_rot_step1[20] ; SOPC:inst2|SOPC_cpu:cpu|Mn_rot_step2[0]  ; inst|altpll_component|pll|clk[0] ; inst|altpll_component|pll|clk[0] ; 5.000        ; 0.013      ; 0.997      ;
+-------+-----------------------------------------+------------------------------------------+----------------------------------+----------------------------------+--------------+------------+------------+


+------------------------------------------------------------------------------------------------------------------------------------------------------------------------------------------------------------------------------------------------------------------------------------------------------------------------------------------------------------------------------------------------------------------------------------------------------------------------------------------------------------+
; Fast Model Hold: 'inst|altpll_component|pll|clk[0]'                                                                                                                                                                                                                                                                                                                                                                                                                                                        ;
+-------+------------------------------------------------------------------------------------------------------------------------------------------------------------------------------------------+------------------------------------------------------------------------------------------------------------------------------------------------------------------------------------------+----------------------------------+----------------------------------+--------------+------------+------------+
; Slack ; From Node                                                                                                                                                                                ; To Node                                                                                                                                                                                  ; Launch Clock                     ; Latch Clock                      ; Relationship ; Clock Skew ; Data Delay ;
+-------+------------------------------------------------------------------------------------------------------------------------------------------------------------------------------------------+------------------------------------------------------------------------------------------------------------------------------------------------------------------------------------------+----------------------------------+----------------------------------+--------------+------------+------------+
; 0.215 ; SOPC:inst2|SOPC_cpu:cpu|SOPC_cpu_nios2_oci:the_SOPC_cpu_nios2_oci|SOPC_cpu_nios2_ocimem:the_SOPC_cpu_nios2_ocimem|jtag_rd                                                                ; SOPC:inst2|SOPC_cpu:cpu|SOPC_cpu_nios2_oci:the_SOPC_cpu_nios2_oci|SOPC_cpu_nios2_ocimem:the_SOPC_cpu_nios2_ocimem|jtag_rd                                                                ; inst|altpll_component|pll|clk[0] ; inst|altpll_component|pll|clk[0] ; 0.000        ; 0.000      ; 0.367      ;
; 0.215 ; SOPC:inst2|SOPC_cpu:cpu|A_mul_cnt[0]                                                                                                                                                     ; SOPC:inst2|SOPC_cpu:cpu|A_mul_cnt[0]                                                                                                                                                     ; inst|altpll_component|pll|clk[0] ; inst|altpll_component|pll|clk[0] ; 0.000        ; 0.000      ; 0.367      ;
; 0.215 ; SOPC:inst2|SOPC_cpu:cpu|A_mul_cnt[1]                                                                                                                                                     ; SOPC:inst2|SOPC_cpu:cpu|A_mul_cnt[1]                                                                                                                                                     ; inst|altpll_component|pll|clk[0] ; inst|altpll_component|pll|clk[0] ; 0.000        ; 0.000      ; 0.367      ;
; 0.215 ; SOPC:inst2|SOPC_cpu:cpu|A_mul_cnt[2]                                                                                                                                                     ; SOPC:inst2|SOPC_cpu:cpu|A_mul_cnt[2]                                                                                                                                                     ; inst|altpll_component|pll|clk[0] ; inst|altpll_component|pll|clk[0] ; 0.000        ; 0.000      ; 0.367      ;
; 0.215 ; SOPC:inst2|SOPC_cpu:cpu|A_mul_stall                                                                                                                                                      ; SOPC:inst2|SOPC_cpu:cpu|A_mul_stall                                                                                                                                                      ; inst|altpll_component|pll|clk[0] ; inst|altpll_component|pll|clk[0] ; 0.000        ; 0.000      ; 0.367      ;
; 0.215 ; SOPC:inst2|altera_merlin_width_adapter:width_adapter|use_reg                                                                                                                             ; SOPC:inst2|altera_merlin_width_adapter:width_adapter|use_reg                                                                                                                             ; inst|altpll_component|pll|clk[0] ; inst|altpll_component|pll|clk[0] ; 0.000        ; 0.000      ; 0.367      ;
; 0.215 ; SOPC:inst2|altera_avalon_sc_fifo:sdram_s1_translator_avalon_universal_slave_0_agent_rdata_fifo|rd_ptr[1]                                                                                 ; SOPC:inst2|altera_avalon_sc_fifo:sdram_s1_translator_avalon_universal_slave_0_agent_rdata_fifo|rd_ptr[1]                                                                                 ; inst|altpll_component|pll|clk[0] ; inst|altpll_component|pll|clk[0] ; 0.000        ; 0.000      ; 0.367      ;
; 0.215 ; SOPC:inst2|SOPC_cpu:cpu|d_write~reg0                                                                                                                                                     ; SOPC:inst2|SOPC_cpu:cpu|d_write~reg0                                                                                                                                                     ; inst|altpll_component|pll|clk[0] ; inst|altpll_component|pll|clk[0] ; 0.000        ; 0.000      ; 0.367      ;
; 0.215 ; SOPC:inst2|SOPC_sdram:sdram|SOPC_sdram_input_efifo_module:the_SOPC_sdram_input_efifo_module|entries[0]                                                                                   ; SOPC:inst2|SOPC_sdram:sdram|SOPC_sdram_input_efifo_module:the_SOPC_sdram_input_efifo_module|entries[0]                                                                                   ; inst|altpll_component|pll|clk[0] ; inst|altpll_component|pll|clk[0] ; 0.000        ; 0.000      ; 0.367      ;
; 0.215 ; SOPC:inst2|altera_avalon_sc_fifo:sdram_s1_translator_avalon_universal_slave_0_agent_rsp_fifo|mem_used[7]                                                                                 ; SOPC:inst2|altera_avalon_sc_fifo:sdram_s1_translator_avalon_universal_slave_0_agent_rsp_fifo|mem_used[7]                                                                                 ; inst|altpll_component|pll|clk[0] ; inst|altpll_component|pll|clk[0] ; 0.000        ; 0.000      ; 0.367      ;
; 0.215 ; SOPC:inst2|SOPC_sdram:sdram|SOPC_sdram_input_efifo_module:the_SOPC_sdram_input_efifo_module|entries[1]                                                                                   ; SOPC:inst2|SOPC_sdram:sdram|SOPC_sdram_input_efifo_module:the_SOPC_sdram_input_efifo_module|entries[1]                                                                                   ; inst|altpll_component|pll|clk[0] ; inst|altpll_component|pll|clk[0] ; 0.000        ; 0.000      ; 0.367      ;
; 0.215 ; SOPC:inst2|SOPC_sdram:sdram|i_next.000                                                                                                                                                   ; SOPC:inst2|SOPC_sdram:sdram|i_next.000                                                                                                                                                   ; inst|altpll_component|pll|clk[0] ; inst|altpll_component|pll|clk[0] ; 0.000        ; 0.000      ; 0.367      ;
; 0.215 ; SOPC:inst2|SOPC_sdram:sdram|i_state.000                                                                                                                                                  ; SOPC:inst2|SOPC_sdram:sdram|i_state.000                                                                                                                                                  ; inst|altpll_component|pll|clk[0] ; inst|altpll_component|pll|clk[0] ; 0.000        ; 0.000      ; 0.367      ;
; 0.215 ; SOPC:inst2|SOPC_sdram:sdram|i_refs[0]                                                                                                                                                    ; SOPC:inst2|SOPC_sdram:sdram|i_refs[0]                                                                                                                                                    ; inst|altpll_component|pll|clk[0] ; inst|altpll_component|pll|clk[0] ; 0.000        ; 0.000      ; 0.367      ;
; 0.215 ; SOPC:inst2|SOPC_sdram:sdram|i_refs[1]                                                                                                                                                    ; SOPC:inst2|SOPC_sdram:sdram|i_refs[1]                                                                                                                                                    ; inst|altpll_component|pll|clk[0] ; inst|altpll_component|pll|clk[0] ; 0.000        ; 0.000      ; 0.367      ;
; 0.215 ; SOPC:inst2|SOPC_sdram:sdram|i_refs[2]                                                                                                                                                    ; SOPC:inst2|SOPC_sdram:sdram|i_refs[2]                                                                                                                                                    ; inst|altpll_component|pll|clk[0] ; inst|altpll_component|pll|clk[0] ; 0.000        ; 0.000      ; 0.367      ;
; 0.215 ; SOPC:inst2|SOPC_sdram:sdram|i_count[0]                                                                                                                                                   ; SOPC:inst2|SOPC_sdram:sdram|i_count[0]                                                                                                                                                   ; inst|altpll_component|pll|clk[0] ; inst|altpll_component|pll|clk[0] ; 0.000        ; 0.000      ; 0.367      ;
; 0.215 ; SOPC:inst2|SOPC_sdram:sdram|i_count[1]                                                                                                                                                   ; SOPC:inst2|SOPC_sdram:sdram|i_count[1]                                                                                                                                                   ; inst|altpll_component|pll|clk[0] ; inst|altpll_component|pll|clk[0] ; 0.000        ; 0.000      ; 0.367      ;
; 0.215 ; SOPC:inst2|SOPC_sdram:sdram|i_count[2]                                                                                                                                                   ; SOPC:inst2|SOPC_sdram:sdram|i_count[2]                                                                                                                                                   ; inst|altpll_component|pll|clk[0] ; inst|altpll_component|pll|clk[0] ; 0.000        ; 0.000      ; 0.367      ;
; 0.215 ; SOPC:inst2|SOPC_sdram:sdram|i_next.101                                                                                                                                                   ; SOPC:inst2|SOPC_sdram:sdram|i_next.101                                                                                                                                                   ; inst|altpll_component|pll|clk[0] ; inst|altpll_component|pll|clk[0] ; 0.000        ; 0.000      ; 0.367      ;
; 0.215 ; SOPC:inst2|SOPC_sdram:sdram|i_state.101                                                                                                                                                  ; SOPC:inst2|SOPC_sdram:sdram|i_state.101                                                                                                                                                  ; inst|altpll_component|pll|clk[0] ; inst|altpll_component|pll|clk[0] ; 0.000        ; 0.000      ; 0.367      ;
; 0.215 ; SOPC:inst2|SOPC_sdram:sdram|init_done                                                                                                                                                    ; SOPC:inst2|SOPC_sdram:sdram|init_done                                                                                                                                                    ; inst|altpll_component|pll|clk[0] ; inst|altpll_component|pll|clk[0] ; 0.000        ; 0.000      ; 0.367      ;
; 0.215 ; SOPC:inst2|SOPC_sdram:sdram|SOPC_sdram_input_efifo_module:the_SOPC_sdram_input_efifo_module|wr_address                                                                                   ; SOPC:inst2|SOPC_sdram:sdram|SOPC_sdram_input_efifo_module:the_SOPC_sdram_input_efifo_module|wr_address                                                                                   ; inst|altpll_component|pll|clk[0] ; inst|altpll_component|pll|clk[0] ; 0.000        ; 0.000      ; 0.367      ;
; 0.215 ; SOPC:inst2|SOPC_cpu:cpu|SOPC_cpu_nios2_oci:the_SOPC_cpu_nios2_oci|SOPC_cpu_nios2_oci_debug:the_SOPC_cpu_nios2_oci_debug|break_on_reset                                                   ; SOPC:inst2|SOPC_cpu:cpu|SOPC_cpu_nios2_oci:the_SOPC_cpu_nios2_oci|SOPC_cpu_nios2_oci_debug:the_SOPC_cpu_nios2_oci_debug|break_on_reset                                                   ; inst|altpll_component|pll|clk[0] ; inst|altpll_component|pll|clk[0] ; 0.000        ; 0.000      ; 0.367      ;
; 0.215 ; SOPC:inst2|SOPC_cpu:cpu|SOPC_cpu_nios2_oci:the_SOPC_cpu_nios2_oci|SOPC_cpu_nios2_oci_debug:the_SOPC_cpu_nios2_oci_debug|jtag_break                                                       ; SOPC:inst2|SOPC_cpu:cpu|SOPC_cpu_nios2_oci:the_SOPC_cpu_nios2_oci|SOPC_cpu_nios2_oci_debug:the_SOPC_cpu_nios2_oci_debug|jtag_break                                                       ; inst|altpll_component|pll|clk[0] ; inst|altpll_component|pll|clk[0] ; 0.000        ; 0.000      ; 0.367      ;
; 0.215 ; SOPC:inst2|altera_merlin_slave_translator:epcs_epcs_control_port_translator|wait_latency_counter[0]                                                                                      ; SOPC:inst2|altera_merlin_slave_translator:epcs_epcs_control_port_translator|wait_latency_counter[0]                                                                                      ; inst|altpll_component|pll|clk[0] ; inst|altpll_component|pll|clk[0] ; 0.000        ; 0.000      ; 0.367      ;
; 0.215 ; SOPC:inst2|SOPC_sdram:sdram|active_cs_n                                                                                                                                                  ; SOPC:inst2|SOPC_sdram:sdram|active_cs_n                                                                                                                                                  ; inst|altpll_component|pll|clk[0] ; inst|altpll_component|pll|clk[0] ; 0.000        ; 0.000      ; 0.367      ;
; 0.215 ; SOPC:inst2|altera_avalon_sc_fifo:cpu_jtag_debug_module_translator_avalon_universal_slave_0_agent_rsp_fifo|mem[1][84]                                                                     ; SOPC:inst2|altera_avalon_sc_fifo:cpu_jtag_debug_module_translator_avalon_universal_slave_0_agent_rsp_fifo|mem[1][84]                                                                     ; inst|altpll_component|pll|clk[0] ; inst|altpll_component|pll|clk[0] ; 0.000        ; 0.000      ; 0.367      ;
; 0.215 ; SOPC:inst2|altera_merlin_width_adapter:width_adapter_001|data_reg[9]                                                                                                                     ; SOPC:inst2|altera_merlin_width_adapter:width_adapter_001|data_reg[9]                                                                                                                     ; inst|altpll_component|pll|clk[0] ; inst|altpll_component|pll|clk[0] ; 0.000        ; 0.000      ; 0.367      ;
; 0.215 ; SOPC:inst2|altera_merlin_width_adapter:width_adapter_001|data_reg[10]                                                                                                                    ; SOPC:inst2|altera_merlin_width_adapter:width_adapter_001|data_reg[10]                                                                                                                    ; inst|altpll_component|pll|clk[0] ; inst|altpll_component|pll|clk[0] ; 0.000        ; 0.000      ; 0.367      ;
; 0.215 ; SOPC:inst2|altera_merlin_slave_translator:spi_touch_spi_control_port_translator|wait_latency_counter[0]                                                                                  ; SOPC:inst2|altera_merlin_slave_translator:spi_touch_spi_control_port_translator|wait_latency_counter[0]                                                                                  ; inst|altpll_component|pll|clk[0] ; inst|altpll_component|pll|clk[0] ; 0.000        ; 0.000      ; 0.367      ;
; 0.215 ; SOPC:inst2|altera_avalon_sc_fifo:spi_touch_spi_control_port_translator_avalon_universal_slave_0_agent_rsp_fifo|mem_used[0]                                                               ; SOPC:inst2|altera_avalon_sc_fifo:spi_touch_spi_control_port_translator_avalon_universal_slave_0_agent_rsp_fifo|mem_used[0]                                                               ; inst|altpll_component|pll|clk[0] ; inst|altpll_component|pll|clk[0] ; 0.000        ; 0.000      ; 0.367      ;
; 0.215 ; SOPC:inst2|altera_avalon_sc_fifo:spi_touch_spi_control_port_translator_avalon_universal_slave_0_agent_rsp_fifo|mem_used[1]                                                               ; SOPC:inst2|altera_avalon_sc_fifo:spi_touch_spi_control_port_translator_avalon_universal_slave_0_agent_rsp_fifo|mem_used[1]                                                               ; inst|altpll_component|pll|clk[0] ; inst|altpll_component|pll|clk[0] ; 0.000        ; 0.000      ; 0.367      ;
; 0.215 ; SOPC:inst2|altera_merlin_slave_translator:spi_touch_spi_control_port_translator|wait_latency_counter[1]                                                                                  ; SOPC:inst2|altera_merlin_slave_translator:spi_touch_spi_control_port_translator|wait_latency_counter[1]                                                                                  ; inst|altpll_component|pll|clk[0] ; inst|altpll_component|pll|clk[0] ; 0.000        ; 0.000      ; 0.367      ;
; 0.215 ; SOPC:inst2|SOPC_spi_touch:spi_touch|wr_strobe                                                                                                                                            ; SOPC:inst2|SOPC_spi_touch:spi_touch|wr_strobe                                                                                                                                            ; inst|altpll_component|pll|clk[0] ; inst|altpll_component|pll|clk[0] ; 0.000        ; 0.000      ; 0.367      ;
; 0.215 ; SOPC:inst2|SOPC_spi_touch:spi_touch|slowcount[0]                                                                                                                                         ; SOPC:inst2|SOPC_spi_touch:spi_touch|slowcount[0]                                                                                                                                         ; inst|altpll_component|pll|clk[0] ; inst|altpll_component|pll|clk[0] ; 0.000        ; 0.000      ; 0.367      ;
; 0.215 ; SOPC:inst2|SOPC_spi_touch:spi_touch|state[4]                                                                                                                                             ; SOPC:inst2|SOPC_spi_touch:spi_touch|state[4]                                                                                                                                             ; inst|altpll_component|pll|clk[0] ; inst|altpll_component|pll|clk[0] ; 0.000        ; 0.000      ; 0.367      ;
; 0.215 ; SOPC:inst2|SOPC_spi_touch:spi_touch|transmitting                                                                                                                                         ; SOPC:inst2|SOPC_spi_touch:spi_touch|transmitting                                                                                                                                         ; inst|altpll_component|pll|clk[0] ; inst|altpll_component|pll|clk[0] ; 0.000        ; 0.000      ; 0.367      ;
; 0.215 ; SOPC:inst2|SOPC_spi_touch:spi_touch|tx_holding_primed                                                                                                                                    ; SOPC:inst2|SOPC_spi_touch:spi_touch|tx_holding_primed                                                                                                                                    ; inst|altpll_component|pll|clk[0] ; inst|altpll_component|pll|clk[0] ; 0.000        ; 0.000      ; 0.367      ;
; 0.215 ; SOPC:inst2|altera_merlin_slave_translator:lcd32_data_s1_translator|wait_latency_counter[1]                                                                                               ; SOPC:inst2|altera_merlin_slave_translator:lcd32_data_s1_translator|wait_latency_counter[1]                                                                                               ; inst|altpll_component|pll|clk[0] ; inst|altpll_component|pll|clk[0] ; 0.000        ; 0.000      ; 0.367      ;
; 0.215 ; SOPC:inst2|altera_merlin_slave_translator:lcd32_data_s1_translator|wait_latency_counter[0]                                                                                               ; SOPC:inst2|altera_merlin_slave_translator:lcd32_data_s1_translator|wait_latency_counter[0]                                                                                               ; inst|altpll_component|pll|clk[0] ; inst|altpll_component|pll|clk[0] ; 0.000        ; 0.000      ; 0.367      ;
; 0.215 ; SOPC:inst2|SOPC_epcs:epcs|SOPC_epcs_sub:the_SOPC_epcs_sub|slowcount[0]                                                                                                                   ; SOPC:inst2|SOPC_epcs:epcs|SOPC_epcs_sub:the_SOPC_epcs_sub|slowcount[0]                                                                                                                   ; inst|altpll_component|pll|clk[0] ; inst|altpll_component|pll|clk[0] ; 0.000        ; 0.000      ; 0.367      ;
; 0.215 ; SOPC:inst2|SOPC_epcs:epcs|SOPC_epcs_sub:the_SOPC_epcs_sub|state[4]                                                                                                                       ; SOPC:inst2|SOPC_epcs:epcs|SOPC_epcs_sub:the_SOPC_epcs_sub|state[4]                                                                                                                       ; inst|altpll_component|pll|clk[0] ; inst|altpll_component|pll|clk[0] ; 0.000        ; 0.000      ; 0.367      ;
; 0.215 ; SOPC:inst2|SOPC_epcs:epcs|SOPC_epcs_sub:the_SOPC_epcs_sub|transmitting                                                                                                                   ; SOPC:inst2|SOPC_epcs:epcs|SOPC_epcs_sub:the_SOPC_epcs_sub|transmitting                                                                                                                   ; inst|altpll_component|pll|clk[0] ; inst|altpll_component|pll|clk[0] ; 0.000        ; 0.000      ; 0.367      ;
; 0.215 ; SOPC:inst2|SOPC_epcs:epcs|SOPC_epcs_sub:the_SOPC_epcs_sub|tx_holding_primed                                                                                                              ; SOPC:inst2|SOPC_epcs:epcs|SOPC_epcs_sub:the_SOPC_epcs_sub|tx_holding_primed                                                                                                              ; inst|altpll_component|pll|clk[0] ; inst|altpll_component|pll|clk[0] ; 0.000        ; 0.000      ; 0.367      ;
; 0.215 ; SOPC:inst2|SOPC_cpu:cpu|ic_fill_line[1]                                                                                                                                                  ; SOPC:inst2|SOPC_cpu:cpu|ic_fill_line[1]                                                                                                                                                  ; inst|altpll_component|pll|clk[0] ; inst|altpll_component|pll|clk[0] ; 0.000        ; 0.000      ; 0.367      ;
; 0.215 ; SOPC:inst2|SOPC_cpu:cpu|ic_fill_line[0]                                                                                                                                                  ; SOPC:inst2|SOPC_cpu:cpu|ic_fill_line[0]                                                                                                                                                  ; inst|altpll_component|pll|clk[0] ; inst|altpll_component|pll|clk[0] ; 0.000        ; 0.000      ; 0.367      ;
; 0.215 ; SOPC:inst2|SOPC_cpu:cpu|ic_fill_line[2]                                                                                                                                                  ; SOPC:inst2|SOPC_cpu:cpu|ic_fill_line[2]                                                                                                                                                  ; inst|altpll_component|pll|clk[0] ; inst|altpll_component|pll|clk[0] ; 0.000        ; 0.000      ; 0.367      ;
; 0.215 ; SOPC:inst2|SOPC_jtag_uart:jtag_uart|av_waitrequest                                                                                                                                       ; SOPC:inst2|SOPC_jtag_uart:jtag_uart|av_waitrequest                                                                                                                                       ; inst|altpll_component|pll|clk[0] ; inst|altpll_component|pll|clk[0] ; 0.000        ; 0.000      ; 0.367      ;
; 0.215 ; SOPC:inst2|SOPC_jtag_uart:jtag_uart|SOPC_jtag_uart_scfifo_r:the_SOPC_jtag_uart_scfifo_r|scfifo:rfifo|scfifo_1n21:auto_generated|a_dpfifo_8t21:dpfifo|a_fefifo_7cf:fifo_state|b_non_empty ; SOPC:inst2|SOPC_jtag_uart:jtag_uart|SOPC_jtag_uart_scfifo_r:the_SOPC_jtag_uart_scfifo_r|scfifo:rfifo|scfifo_1n21:auto_generated|a_dpfifo_8t21:dpfifo|a_fefifo_7cf:fifo_state|b_non_empty ; inst|altpll_component|pll|clk[0] ; inst|altpll_component|pll|clk[0] ; 0.000        ; 0.000      ; 0.367      ;
; 0.215 ; SOPC:inst2|SOPC_jtag_uart:jtag_uart|SOPC_jtag_uart_scfifo_r:the_SOPC_jtag_uart_scfifo_r|scfifo:rfifo|scfifo_1n21:auto_generated|a_dpfifo_8t21:dpfifo|a_fefifo_7cf:fifo_state|b_full      ; SOPC:inst2|SOPC_jtag_uart:jtag_uart|SOPC_jtag_uart_scfifo_r:the_SOPC_jtag_uart_scfifo_r|scfifo:rfifo|scfifo_1n21:auto_generated|a_dpfifo_8t21:dpfifo|a_fefifo_7cf:fifo_state|b_full      ; inst|altpll_component|pll|clk[0] ; inst|altpll_component|pll|clk[0] ; 0.000        ; 0.000      ; 0.367      ;
; 0.215 ; SOPC:inst2|SOPC_jtag_uart:jtag_uart|ac                                                                                                                                                   ; SOPC:inst2|SOPC_jtag_uart:jtag_uart|ac                                                                                                                                                   ; inst|altpll_component|pll|clk[0] ; inst|altpll_component|pll|clk[0] ; 0.000        ; 0.000      ; 0.367      ;
; 0.215 ; SOPC:inst2|altera_merlin_width_adapter:width_adapter_001|data_reg[15]                                                                                                                    ; SOPC:inst2|altera_merlin_width_adapter:width_adapter_001|data_reg[15]                                                                                                                    ; inst|altpll_component|pll|clk[0] ; inst|altpll_component|pll|clk[0] ; 0.000        ; 0.000      ; 0.367      ;
; 0.215 ; SOPC:inst2|SOPC_jtag_uart:jtag_uart|rvalid                                                                                                                                               ; SOPC:inst2|SOPC_jtag_uart:jtag_uart|rvalid                                                                                                                                               ; inst|altpll_component|pll|clk[0] ; inst|altpll_component|pll|clk[0] ; 0.000        ; 0.000      ; 0.367      ;
; 0.215 ; SOPC:inst2|SOPC_jtag_uart:jtag_uart|alt_jtag_atlantic:SOPC_jtag_uart_alt_jtag_atlantic|r_ena1                                                                                            ; SOPC:inst2|SOPC_jtag_uart:jtag_uart|alt_jtag_atlantic:SOPC_jtag_uart_alt_jtag_atlantic|r_ena1                                                                                            ; inst|altpll_component|pll|clk[0] ; inst|altpll_component|pll|clk[0] ; 0.000        ; 0.000      ; 0.367      ;
; 0.215 ; SOPC:inst2|SOPC_jtag_uart:jtag_uart|SOPC_jtag_uart_scfifo_w:the_SOPC_jtag_uart_scfifo_w|scfifo:wfifo|scfifo_1n21:auto_generated|a_dpfifo_8t21:dpfifo|a_fefifo_7cf:fifo_state|b_non_empty ; SOPC:inst2|SOPC_jtag_uart:jtag_uart|SOPC_jtag_uart_scfifo_w:the_SOPC_jtag_uart_scfifo_w|scfifo:wfifo|scfifo_1n21:auto_generated|a_dpfifo_8t21:dpfifo|a_fefifo_7cf:fifo_state|b_non_empty ; inst|altpll_component|pll|clk[0] ; inst|altpll_component|pll|clk[0] ; 0.000        ; 0.000      ; 0.367      ;
; 0.215 ; SOPC:inst2|SOPC_jtag_uart:jtag_uart|SOPC_jtag_uart_scfifo_w:the_SOPC_jtag_uart_scfifo_w|scfifo:wfifo|scfifo_1n21:auto_generated|a_dpfifo_8t21:dpfifo|a_fefifo_7cf:fifo_state|b_full      ; SOPC:inst2|SOPC_jtag_uart:jtag_uart|SOPC_jtag_uart_scfifo_w:the_SOPC_jtag_uart_scfifo_w|scfifo:wfifo|scfifo_1n21:auto_generated|a_dpfifo_8t21:dpfifo|a_fefifo_7cf:fifo_state|b_full      ; inst|altpll_component|pll|clk[0] ; inst|altpll_component|pll|clk[0] ; 0.000        ; 0.000      ; 0.367      ;
; 0.215 ; SOPC:inst2|altera_merlin_width_adapter:width_adapter_001|data_reg[14]                                                                                                                    ; SOPC:inst2|altera_merlin_width_adapter:width_adapter_001|data_reg[14]                                                                                                                    ; inst|altpll_component|pll|clk[0] ; inst|altpll_component|pll|clk[0] ; 0.000        ; 0.000      ; 0.367      ;
; 0.215 ; SOPC:inst2|SOPC_jtag_uart:jtag_uart|woverflow                                                                                                                                            ; SOPC:inst2|SOPC_jtag_uart:jtag_uart|woverflow                                                                                                                                            ; inst|altpll_component|pll|clk[0] ; inst|altpll_component|pll|clk[0] ; 0.000        ; 0.000      ; 0.367      ;
; 0.215 ; SOPC:inst2|altera_merlin_width_adapter:width_adapter_001|data_reg[13]                                                                                                                    ; SOPC:inst2|altera_merlin_width_adapter:width_adapter_001|data_reg[13]                                                                                                                    ; inst|altpll_component|pll|clk[0] ; inst|altpll_component|pll|clk[0] ; 0.000        ; 0.000      ; 0.367      ;
; 0.215 ; SOPC:inst2|altera_merlin_width_adapter:width_adapter_001|data_reg[6]                                                                                                                     ; SOPC:inst2|altera_merlin_width_adapter:width_adapter_001|data_reg[6]                                                                                                                     ; inst|altpll_component|pll|clk[0] ; inst|altpll_component|pll|clk[0] ; 0.000        ; 0.000      ; 0.367      ;
; 0.215 ; SOPC:inst2|SOPC_spi_touch:spi_touch|SCLK_reg                                                                                                                                             ; SOPC:inst2|SOPC_spi_touch:spi_touch|SCLK_reg                                                                                                                                             ; inst|altpll_component|pll|clk[0] ; inst|altpll_component|pll|clk[0] ; 0.000        ; 0.000      ; 0.367      ;
; 0.215 ; SOPC:inst2|SOPC_spi_touch:spi_touch|MISO_reg                                                                                                                                             ; SOPC:inst2|SOPC_spi_touch:spi_touch|MISO_reg                                                                                                                                             ; inst|altpll_component|pll|clk[0] ; inst|altpll_component|pll|clk[0] ; 0.000        ; 0.000      ; 0.367      ;
; 0.215 ; SOPC:inst2|SOPC_epcs:epcs|SOPC_epcs_sub:the_SOPC_epcs_sub|SCLK_reg                                                                                                                       ; SOPC:inst2|SOPC_epcs:epcs|SOPC_epcs_sub:the_SOPC_epcs_sub|SCLK_reg                                                                                                                       ; inst|altpll_component|pll|clk[0] ; inst|altpll_component|pll|clk[0] ; 0.000        ; 0.000      ; 0.367      ;
; 0.215 ; SOPC:inst2|SOPC_epcs:epcs|SOPC_epcs_sub:the_SOPC_epcs_sub|MISO_reg                                                                                                                       ; SOPC:inst2|SOPC_epcs:epcs|SOPC_epcs_sub:the_SOPC_epcs_sub|MISO_reg                                                                                                                       ; inst|altpll_component|pll|clk[0] ; inst|altpll_component|pll|clk[0] ; 0.000        ; 0.000      ; 0.367      ;
; 0.215 ; SOPC:inst2|altera_avalon_sc_fifo:sysid_control_slave_translator_avalon_universal_slave_0_agent_rsp_fifo|mem_used[0]                                                                      ; SOPC:inst2|altera_avalon_sc_fifo:sysid_control_slave_translator_avalon_universal_slave_0_agent_rsp_fifo|mem_used[0]                                                                      ; inst|altpll_component|pll|clk[0] ; inst|altpll_component|pll|clk[0] ; 0.000        ; 0.000      ; 0.367      ;
; 0.215 ; SOPC:inst2|altera_merlin_slave_translator:sysid_control_slave_translator|wait_latency_counter[0]                                                                                         ; SOPC:inst2|altera_merlin_slave_translator:sysid_control_slave_translator|wait_latency_counter[0]                                                                                         ; inst|altpll_component|pll|clk[0] ; inst|altpll_component|pll|clk[0] ; 0.000        ; 0.000      ; 0.367      ;
; 0.215 ; SOPC:inst2|altera_avalon_sc_fifo:sysid_control_slave_translator_avalon_universal_slave_0_agent_rsp_fifo|mem_used[1]                                                                      ; SOPC:inst2|altera_avalon_sc_fifo:sysid_control_slave_translator_avalon_universal_slave_0_agent_rsp_fifo|mem_used[1]                                                                      ; inst|altpll_component|pll|clk[0] ; inst|altpll_component|pll|clk[0] ; 0.000        ; 0.000      ; 0.367      ;
; 0.215 ; SOPC:inst2|altera_merlin_width_adapter:width_adapter_001|data_reg[7]                                                                                                                     ; SOPC:inst2|altera_merlin_width_adapter:width_adapter_001|data_reg[7]                                                                                                                     ; inst|altpll_component|pll|clk[0] ; inst|altpll_component|pll|clk[0] ; 0.000        ; 0.000      ; 0.367      ;
; 0.215 ; SOPC:inst2|SOPC_epcs:epcs|SOPC_epcs_sub:the_SOPC_epcs_sub|rd_strobe                                                                                                                      ; SOPC:inst2|SOPC_epcs:epcs|SOPC_epcs_sub:the_SOPC_epcs_sub|rd_strobe                                                                                                                      ; inst|altpll_component|pll|clk[0] ; inst|altpll_component|pll|clk[0] ; 0.000        ; 0.000      ; 0.367      ;
; 0.215 ; SOPC:inst2|SOPC_epcs:epcs|SOPC_epcs_sub:the_SOPC_epcs_sub|RRDY                                                                                                                           ; SOPC:inst2|SOPC_epcs:epcs|SOPC_epcs_sub:the_SOPC_epcs_sub|RRDY                                                                                                                           ; inst|altpll_component|pll|clk[0] ; inst|altpll_component|pll|clk[0] ; 0.000        ; 0.000      ; 0.367      ;
; 0.215 ; SOPC:inst2|SOPC_spi_touch:spi_touch|rd_strobe                                                                                                                                            ; SOPC:inst2|SOPC_spi_touch:spi_touch|rd_strobe                                                                                                                                            ; inst|altpll_component|pll|clk[0] ; inst|altpll_component|pll|clk[0] ; 0.000        ; 0.000      ; 0.367      ;
; 0.215 ; SOPC:inst2|SOPC_spi_touch:spi_touch|RRDY                                                                                                                                                 ; SOPC:inst2|SOPC_spi_touch:spi_touch|RRDY                                                                                                                                                 ; inst|altpll_component|pll|clk[0] ; inst|altpll_component|pll|clk[0] ; 0.000        ; 0.000      ; 0.367      ;
; 0.215 ; SOPC:inst2|altera_avalon_sc_fifo:lcd32_data_s1_translator_avalon_universal_slave_0_agent_rsp_fifo|mem_used[0]                                                                            ; SOPC:inst2|altera_avalon_sc_fifo:lcd32_data_s1_translator_avalon_universal_slave_0_agent_rsp_fifo|mem_used[0]                                                                            ; inst|altpll_component|pll|clk[0] ; inst|altpll_component|pll|clk[0] ; 0.000        ; 0.000      ; 0.367      ;
; 0.215 ; SOPC:inst2|altera_avalon_sc_fifo:lcd32_data_s1_translator_avalon_universal_slave_0_agent_rsp_fifo|mem_used[1]                                                                            ; SOPC:inst2|altera_avalon_sc_fifo:lcd32_data_s1_translator_avalon_universal_slave_0_agent_rsp_fifo|mem_used[1]                                                                            ; inst|altpll_component|pll|clk[0] ; inst|altpll_component|pll|clk[0] ; 0.000        ; 0.000      ; 0.367      ;
; 0.215 ; SOPC:inst2|SOPC_spi_touch:spi_touch|EOP                                                                                                                                                  ; SOPC:inst2|SOPC_spi_touch:spi_touch|EOP                                                                                                                                                  ; inst|altpll_component|pll|clk[0] ; inst|altpll_component|pll|clk[0] ; 0.000        ; 0.000      ; 0.367      ;
; 0.215 ; SOPC:inst2|SOPC_epcs:epcs|SOPC_epcs_sub:the_SOPC_epcs_sub|EOP                                                                                                                            ; SOPC:inst2|SOPC_epcs:epcs|SOPC_epcs_sub:the_SOPC_epcs_sub|EOP                                                                                                                            ; inst|altpll_component|pll|clk[0] ; inst|altpll_component|pll|clk[0] ; 0.000        ; 0.000      ; 0.367      ;
; 0.215 ; SOPC:inst2|SOPC_spi_touch:spi_touch|TOE                                                                                                                                                  ; SOPC:inst2|SOPC_spi_touch:spi_touch|TOE                                                                                                                                                  ; inst|altpll_component|pll|clk[0] ; inst|altpll_component|pll|clk[0] ; 0.000        ; 0.000      ; 0.367      ;
; 0.215 ; SOPC:inst2|SOPC_spi_touch:spi_touch|ROE                                                                                                                                                  ; SOPC:inst2|SOPC_spi_touch:spi_touch|ROE                                                                                                                                                  ; inst|altpll_component|pll|clk[0] ; inst|altpll_component|pll|clk[0] ; 0.000        ; 0.000      ; 0.367      ;
; 0.215 ; SOPC:inst2|SOPC_jtag_uart:jtag_uart|pause_irq                                                                                                                                            ; SOPC:inst2|SOPC_jtag_uart:jtag_uart|pause_irq                                                                                                                                            ; inst|altpll_component|pll|clk[0] ; inst|altpll_component|pll|clk[0] ; 0.000        ; 0.000      ; 0.367      ;
; 0.215 ; SOPC:inst2|SOPC_epcs:epcs|SOPC_epcs_sub:the_SOPC_epcs_sub|ROE                                                                                                                            ; SOPC:inst2|SOPC_epcs:epcs|SOPC_epcs_sub:the_SOPC_epcs_sub|ROE                                                                                                                            ; inst|altpll_component|pll|clk[0] ; inst|altpll_component|pll|clk[0] ; 0.000        ; 0.000      ; 0.367      ;
; 0.215 ; SOPC:inst2|SOPC_epcs:epcs|SOPC_epcs_sub:the_SOPC_epcs_sub|TOE                                                                                                                            ; SOPC:inst2|SOPC_epcs:epcs|SOPC_epcs_sub:the_SOPC_epcs_sub|TOE                                                                                                                            ; inst|altpll_component|pll|clk[0] ; inst|altpll_component|pll|clk[0] ; 0.000        ; 0.000      ; 0.367      ;
; 0.215 ; SOPC:inst2|altera_merlin_width_adapter:width_adapter_001|data_reg[8]                                                                                                                     ; SOPC:inst2|altera_merlin_width_adapter:width_adapter_001|data_reg[8]                                                                                                                     ; inst|altpll_component|pll|clk[0] ; inst|altpll_component|pll|clk[0] ; 0.000        ; 0.000      ; 0.367      ;
; 0.215 ; SOPC:inst2|altera_merlin_width_adapter:width_adapter_001|data_reg[11]                                                                                                                    ; SOPC:inst2|altera_merlin_width_adapter:width_adapter_001|data_reg[11]                                                                                                                    ; inst|altpll_component|pll|clk[0] ; inst|altpll_component|pll|clk[0] ; 0.000        ; 0.000      ; 0.367      ;
; 0.215 ; SOPC:inst2|altera_avalon_sc_fifo:jtag_uart_avalon_jtag_slave_translator_avalon_universal_slave_0_agent_rsp_fifo|mem_used[1]                                                              ; SOPC:inst2|altera_avalon_sc_fifo:jtag_uart_avalon_jtag_slave_translator_avalon_universal_slave_0_agent_rsp_fifo|mem_used[1]                                                              ; inst|altpll_component|pll|clk[0] ; inst|altpll_component|pll|clk[0] ; 0.000        ; 0.000      ; 0.367      ;
; 0.215 ; SOPC:inst2|altera_merlin_width_adapter:width_adapter_001|data_reg[5]                                                                                                                     ; SOPC:inst2|altera_merlin_width_adapter:width_adapter_001|data_reg[5]                                                                                                                     ; inst|altpll_component|pll|clk[0] ; inst|altpll_component|pll|clk[0] ; 0.000        ; 0.000      ; 0.367      ;
; 0.215 ; SOPC:inst2|altera_merlin_width_adapter:width_adapter_001|data_reg[3]                                                                                                                     ; SOPC:inst2|altera_merlin_width_adapter:width_adapter_001|data_reg[3]                                                                                                                     ; inst|altpll_component|pll|clk[0] ; inst|altpll_component|pll|clk[0] ; 0.000        ; 0.000      ; 0.367      ;
; 0.215 ; SOPC:inst2|altera_avalon_sc_fifo:led_s1_translator_avalon_universal_slave_0_agent_rsp_fifo|mem_used[0]                                                                                   ; SOPC:inst2|altera_avalon_sc_fifo:led_s1_translator_avalon_universal_slave_0_agent_rsp_fifo|mem_used[0]                                                                                   ; inst|altpll_component|pll|clk[0] ; inst|altpll_component|pll|clk[0] ; 0.000        ; 0.000      ; 0.367      ;
; 0.215 ; SOPC:inst2|altera_merlin_slave_translator:led_s1_translator|wait_latency_counter[0]                                                                                                      ; SOPC:inst2|altera_merlin_slave_translator:led_s1_translator|wait_latency_counter[0]                                                                                                      ; inst|altpll_component|pll|clk[0] ; inst|altpll_component|pll|clk[0] ; 0.000        ; 0.000      ; 0.367      ;
; 0.215 ; SOPC:inst2|altera_avalon_sc_fifo:led_s1_translator_avalon_universal_slave_0_agent_rsp_fifo|mem_used[1]                                                                                   ; SOPC:inst2|altera_avalon_sc_fifo:led_s1_translator_avalon_universal_slave_0_agent_rsp_fifo|mem_used[1]                                                                                   ; inst|altpll_component|pll|clk[0] ; inst|altpll_component|pll|clk[0] ; 0.000        ; 0.000      ; 0.367      ;
; 0.215 ; SOPC:inst2|altera_avalon_sc_fifo:buzz_s1_translator_avalon_universal_slave_0_agent_rsp_fifo|mem_used[0]                                                                                  ; SOPC:inst2|altera_avalon_sc_fifo:buzz_s1_translator_avalon_universal_slave_0_agent_rsp_fifo|mem_used[0]                                                                                  ; inst|altpll_component|pll|clk[0] ; inst|altpll_component|pll|clk[0] ; 0.000        ; 0.000      ; 0.367      ;
; 0.215 ; SOPC:inst2|altera_avalon_sc_fifo:buzz_s1_translator_avalon_universal_slave_0_agent_rsp_fifo|mem_used[1]                                                                                  ; SOPC:inst2|altera_avalon_sc_fifo:buzz_s1_translator_avalon_universal_slave_0_agent_rsp_fifo|mem_used[1]                                                                                  ; inst|altpll_component|pll|clk[0] ; inst|altpll_component|pll|clk[0] ; 0.000        ; 0.000      ; 0.367      ;
; 0.215 ; SOPC:inst2|altera_merlin_slave_translator:buzz_s1_translator|wait_latency_counter[0]                                                                                                     ; SOPC:inst2|altera_merlin_slave_translator:buzz_s1_translator|wait_latency_counter[0]                                                                                                     ; inst|altpll_component|pll|clk[0] ; inst|altpll_component|pll|clk[0] ; 0.000        ; 0.000      ; 0.367      ;
; 0.215 ; SOPC:inst2|altera_merlin_width_adapter:width_adapter_001|data_reg[12]                                                                                                                    ; SOPC:inst2|altera_merlin_width_adapter:width_adapter_001|data_reg[12]                                                                                                                    ; inst|altpll_component|pll|clk[0] ; inst|altpll_component|pll|clk[0] ; 0.000        ; 0.000      ; 0.367      ;
; 0.215 ; SOPC:inst2|SOPC_cpu:cpu|ic_fill_ap_cnt[0]                                                                                                                                                ; SOPC:inst2|SOPC_cpu:cpu|ic_fill_ap_cnt[0]                                                                                                                                                ; inst|altpll_component|pll|clk[0] ; inst|altpll_component|pll|clk[0] ; 0.000        ; 0.000      ; 0.367      ;
; 0.215 ; SOPC:inst2|SOPC_cpu:cpu|ic_fill_prevent_refill                                                                                                                                           ; SOPC:inst2|SOPC_cpu:cpu|ic_fill_prevent_refill                                                                                                                                           ; inst|altpll_component|pll|clk[0] ; inst|altpll_component|pll|clk[0] ; 0.000        ; 0.000      ; 0.367      ;
; 0.215 ; SOPC:inst2|SOPC_cpu:cpu|i_read~reg0                                                                                                                                                      ; SOPC:inst2|SOPC_cpu:cpu|i_read~reg0                                                                                                                                                      ; inst|altpll_component|pll|clk[0] ; inst|altpll_component|pll|clk[0] ; 0.000        ; 0.000      ; 0.367      ;
; 0.215 ; SOPC:inst2|altera_avalon_sc_fifo:epcs_epcs_control_port_translator_avalon_universal_slave_0_agent_rsp_fifo|mem[1][105]                                                                   ; SOPC:inst2|altera_avalon_sc_fifo:epcs_epcs_control_port_translator_avalon_universal_slave_0_agent_rsp_fifo|mem[1][105]                                                                   ; inst|altpll_component|pll|clk[0] ; inst|altpll_component|pll|clk[0] ; 0.000        ; 0.000      ; 0.367      ;
; 0.215 ; SOPC:inst2|altera_avalon_sc_fifo:cpu_jtag_debug_module_translator_avalon_universal_slave_0_agent_rsp_fifo|mem[1][105]                                                                    ; SOPC:inst2|altera_avalon_sc_fifo:cpu_jtag_debug_module_translator_avalon_universal_slave_0_agent_rsp_fifo|mem[1][105]                                                                    ; inst|altpll_component|pll|clk[0] ; inst|altpll_component|pll|clk[0] ; 0.000        ; 0.000      ; 0.367      ;
; 0.215 ; SOPC:inst2|altera_merlin_traffic_limiter:limiter|pending_response_count[0]                                                                                                               ; SOPC:inst2|altera_merlin_traffic_limiter:limiter|pending_response_count[0]                                                                                                               ; inst|altpll_component|pll|clk[0] ; inst|altpll_component|pll|clk[0] ; 0.000        ; 0.000      ; 0.367      ;
+-------+------------------------------------------------------------------------------------------------------------------------------------------------------------------------------------------+------------------------------------------------------------------------------------------------------------------------------------------------------------------------------------------+----------------------------------+----------------------------------+--------------+------------+------------+


+------------------------------------------------------------------------------------------------------------------------------------------------------------------------------------------------------------------------------------------------------------------------------------------------------------------------------------------------------------------------------------------------------------------------------------------------------------------------------------------------------------------------------------------------------------------+
; Fast Model Recovery: 'inst|altpll_component|pll|clk[0]'                                                                                                                                                                                                                                                                                                                                                                                                                                                                                                          ;
+-------+--------------------------------------------------------------------------------------------------------------------------------------+----------------------------------------------------------------------------------------------------------------------------------------------------------------------------------------------------------------------------------------------------------------------------------------------------+----------------------------------+----------------------------------+--------------+------------+------------+
; Slack ; From Node                                                                                                                            ; To Node                                                                                                                                                                                                                                                                                            ; Launch Clock                     ; Latch Clock                      ; Relationship ; Clock Skew ; Data Delay ;
+-------+--------------------------------------------------------------------------------------------------------------------------------------+----------------------------------------------------------------------------------------------------------------------------------------------------------------------------------------------------------------------------------------------------------------------------------------------------+----------------------------------+----------------------------------+--------------+------------+------------+
; 3.439 ; SOPC:inst2|altera_reset_controller:rst_controller|altera_reset_synchronizer:alt_rst_sync_uq1|altera_reset_synchronizer_int_chain_out ; SOPC:inst2|SOPC_cpu:cpu|Mn_rot_step2[18]                                                                                                                                                                                                                                                           ; inst|altpll_component|pll|clk[0] ; inst|altpll_component|pll|clk[0] ; 5.000        ; 0.046      ; 1.639      ;
; 3.439 ; SOPC:inst2|altera_reset_controller:rst_controller|altera_reset_synchronizer:alt_rst_sync_uq1|altera_reset_synchronizer_int_chain_out ; SOPC:inst2|SOPC_cpu:cpu|Mn_rot_step2[6]                                                                                                                                                                                                                                                            ; inst|altpll_component|pll|clk[0] ; inst|altpll_component|pll|clk[0] ; 5.000        ; 0.046      ; 1.639      ;
; 3.439 ; SOPC:inst2|altera_reset_controller:rst_controller|altera_reset_synchronizer:alt_rst_sync_uq1|altera_reset_synchronizer_int_chain_out ; SOPC:inst2|SOPC_cpu:cpu|Mn_rot_step2[13]                                                                                                                                                                                                                                                           ; inst|altpll_component|pll|clk[0] ; inst|altpll_component|pll|clk[0] ; 5.000        ; 0.046      ; 1.639      ;
; 3.439 ; SOPC:inst2|altera_reset_controller:rst_controller|altera_reset_synchronizer:alt_rst_sync_uq1|altera_reset_synchronizer_int_chain_out ; SOPC:inst2|SOPC_cpu:cpu|Mn_rot_step2[2]                                                                                                                                                                                                                                                            ; inst|altpll_component|pll|clk[0] ; inst|altpll_component|pll|clk[0] ; 5.000        ; 0.046      ; 1.639      ;
; 3.439 ; SOPC:inst2|altera_reset_controller:rst_controller|altera_reset_synchronizer:alt_rst_sync_uq1|altera_reset_synchronizer_int_chain_out ; SOPC:inst2|SOPC_cpu:cpu|Mn_rot_step2[19]                                                                                                                                                                                                                                                           ; inst|altpll_component|pll|clk[0] ; inst|altpll_component|pll|clk[0] ; 5.000        ; 0.046      ; 1.639      ;
; 3.439 ; SOPC:inst2|altera_reset_controller:rst_controller|altera_reset_synchronizer:alt_rst_sync_uq1|altera_reset_synchronizer_int_chain_out ; SOPC:inst2|SOPC_cpu:cpu|Mn_rot_step2[26]                                                                                                                                                                                                                                                           ; inst|altpll_component|pll|clk[0] ; inst|altpll_component|pll|clk[0] ; 5.000        ; 0.046      ; 1.639      ;
; 3.439 ; SOPC:inst2|altera_reset_controller:rst_controller|altera_reset_synchronizer:alt_rst_sync_uq1|altera_reset_synchronizer_int_chain_out ; SOPC:inst2|SOPC_cpu:cpu|Mn_rot_step2[10]                                                                                                                                                                                                                                                           ; inst|altpll_component|pll|clk[0] ; inst|altpll_component|pll|clk[0] ; 5.000        ; 0.046      ; 1.639      ;
; 3.439 ; SOPC:inst2|altera_reset_controller:rst_controller|altera_reset_synchronizer:alt_rst_sync_uq1|altera_reset_synchronizer_int_chain_out ; SOPC:inst2|SOPC_cpu:cpu|Mn_rot_step2[17]                                                                                                                                                                                                                                                           ; inst|altpll_component|pll|clk[0] ; inst|altpll_component|pll|clk[0] ; 5.000        ; 0.046      ; 1.639      ;
; 3.439 ; SOPC:inst2|altera_reset_controller:rst_controller|altera_reset_synchronizer:alt_rst_sync_uq1|altera_reset_synchronizer_int_chain_out ; SOPC:inst2|SOPC_cpu:cpu|Mn_rot_step2[1]                                                                                                                                                                                                                                                            ; inst|altpll_component|pll|clk[0] ; inst|altpll_component|pll|clk[0] ; 5.000        ; 0.046      ; 1.639      ;
; 3.439 ; SOPC:inst2|altera_reset_controller:rst_controller|altera_reset_synchronizer:alt_rst_sync_uq1|altera_reset_synchronizer_int_chain_out ; SOPC:inst2|SOPC_cpu:cpu|Mn_rot_step2[0]                                                                                                                                                                                                                                                            ; inst|altpll_component|pll|clk[0] ; inst|altpll_component|pll|clk[0] ; 5.000        ; 0.047      ; 1.640      ;
; 3.439 ; SOPC:inst2|altera_reset_controller:rst_controller|altera_reset_synchronizer:alt_rst_sync_uq1|altera_reset_synchronizer_int_chain_out ; SOPC:inst2|SOPC_cpu:cpu|Mn_rot_step2[16]                                                                                                                                                                                                                                                           ; inst|altpll_component|pll|clk[0] ; inst|altpll_component|pll|clk[0] ; 5.000        ; 0.047      ; 1.640      ;
; 3.439 ; SOPC:inst2|altera_reset_controller:rst_controller|altera_reset_synchronizer:alt_rst_sync_uq1|altera_reset_synchronizer_int_chain_out ; SOPC:inst2|SOPC_cpu:cpu|Mn_rot_step2[30]                                                                                                                                                                                                                                                           ; inst|altpll_component|pll|clk[0] ; inst|altpll_component|pll|clk[0] ; 5.000        ; 0.046      ; 1.639      ;
; 3.439 ; SOPC:inst2|altera_reset_controller:rst_controller|altera_reset_synchronizer:alt_rst_sync_uq1|altera_reset_synchronizer_int_chain_out ; SOPC:inst2|SOPC_cpu:cpu|Mn_rot_step2[14]                                                                                                                                                                                                                                                           ; inst|altpll_component|pll|clk[0] ; inst|altpll_component|pll|clk[0] ; 5.000        ; 0.046      ; 1.639      ;
; 3.439 ; SOPC:inst2|altera_reset_controller:rst_controller|altera_reset_synchronizer:alt_rst_sync_uq1|altera_reset_synchronizer_int_chain_out ; SOPC:inst2|SOPC_cpu:cpu|Mn_rot_step2[29]                                                                                                                                                                                                                                                           ; inst|altpll_component|pll|clk[0] ; inst|altpll_component|pll|clk[0] ; 5.000        ; 0.046      ; 1.639      ;
; 3.439 ; SOPC:inst2|altera_reset_controller:rst_controller|altera_reset_synchronizer:alt_rst_sync_uq1|altera_reset_synchronizer_int_chain_out ; SOPC:inst2|SOPC_cpu:cpu|Mn_rot_step2[22]                                                                                                                                                                                                                                                           ; inst|altpll_component|pll|clk[0] ; inst|altpll_component|pll|clk[0] ; 5.000        ; 0.046      ; 1.639      ;
; 3.439 ; SOPC:inst2|altera_reset_controller:rst_controller|altera_reset_synchronizer:alt_rst_sync_uq1|altera_reset_synchronizer_int_chain_out ; SOPC:inst2|SOPC_cpu:cpu|Mn_rot_step2[7]                                                                                                                                                                                                                                                            ; inst|altpll_component|pll|clk[0] ; inst|altpll_component|pll|clk[0] ; 5.000        ; 0.046      ; 1.639      ;
; 3.439 ; SOPC:inst2|altera_reset_controller:rst_controller|altera_reset_synchronizer:alt_rst_sync_uq1|altera_reset_synchronizer_int_chain_out ; SOPC:inst2|SOPC_cpu:cpu|Mn_rot_step2[23]                                                                                                                                                                                                                                                           ; inst|altpll_component|pll|clk[0] ; inst|altpll_component|pll|clk[0] ; 5.000        ; 0.046      ; 1.639      ;
; 3.439 ; SOPC:inst2|altera_reset_controller:rst_controller|altera_reset_synchronizer:alt_rst_sync_uq1|altera_reset_synchronizer_int_chain_out ; SOPC:inst2|SOPC_cpu:cpu|Mn_rot_step2[25]                                                                                                                                                                                                                                                           ; inst|altpll_component|pll|clk[0] ; inst|altpll_component|pll|clk[0] ; 5.000        ; 0.046      ; 1.639      ;
; 3.439 ; SOPC:inst2|altera_reset_controller:rst_controller|altera_reset_synchronizer:alt_rst_sync_uq1|altera_reset_synchronizer_int_chain_out ; SOPC:inst2|SOPC_cpu:cpu|Mn_rot_step2[9]                                                                                                                                                                                                                                                            ; inst|altpll_component|pll|clk[0] ; inst|altpll_component|pll|clk[0] ; 5.000        ; 0.046      ; 1.639      ;
; 3.439 ; SOPC:inst2|altera_reset_controller:rst_controller|altera_reset_synchronizer:alt_rst_sync_uq1|altera_reset_synchronizer_int_chain_out ; SOPC:inst2|SOPC_cpu:cpu|Mn_rot_step2[24]                                                                                                                                                                                                                                                           ; inst|altpll_component|pll|clk[0] ; inst|altpll_component|pll|clk[0] ; 5.000        ; 0.047      ; 1.640      ;
; 3.439 ; SOPC:inst2|altera_reset_controller:rst_controller|altera_reset_synchronizer:alt_rst_sync_uq1|altera_reset_synchronizer_int_chain_out ; SOPC:inst2|SOPC_cpu:cpu|Mn_rot_step2[27]                                                                                                                                                                                                                                                           ; inst|altpll_component|pll|clk[0] ; inst|altpll_component|pll|clk[0] ; 5.000        ; 0.046      ; 1.639      ;
; 3.439 ; SOPC:inst2|altera_reset_controller:rst_controller|altera_reset_synchronizer:alt_rst_sync_uq1|altera_reset_synchronizer_int_chain_out ; SOPC:inst2|SOPC_cpu:cpu|Mn_rot_step2[11]                                                                                                                                                                                                                                                           ; inst|altpll_component|pll|clk[0] ; inst|altpll_component|pll|clk[0] ; 5.000        ; 0.046      ; 1.639      ;
; 3.439 ; SOPC:inst2|altera_reset_controller:rst_controller|altera_reset_synchronizer:alt_rst_sync_uq1|altera_reset_synchronizer_int_chain_out ; SOPC:inst2|SOPC_cpu:cpu|Mn_rot_step2[20]                                                                                                                                                                                                                                                           ; inst|altpll_component|pll|clk[0] ; inst|altpll_component|pll|clk[0] ; 5.000        ; 0.047      ; 1.640      ;
; 3.439 ; SOPC:inst2|altera_reset_controller:rst_controller|altera_reset_synchronizer:alt_rst_sync_uq1|altera_reset_synchronizer_int_chain_out ; SOPC:inst2|SOPC_cpu:cpu|Mn_rot_step2[4]                                                                                                                                                                                                                                                            ; inst|altpll_component|pll|clk[0] ; inst|altpll_component|pll|clk[0] ; 5.000        ; 0.047      ; 1.640      ;
; 3.439 ; SOPC:inst2|altera_reset_controller:rst_controller|altera_reset_synchronizer:alt_rst_sync_uq1|altera_reset_synchronizer_int_chain_out ; SOPC:inst2|SOPC_cpu:cpu|Mn_rot_step2[21]                                                                                                                                                                                                                                                           ; inst|altpll_component|pll|clk[0] ; inst|altpll_component|pll|clk[0] ; 5.000        ; 0.046      ; 1.639      ;
; 3.439 ; SOPC:inst2|altera_reset_controller:rst_controller|altera_reset_synchronizer:alt_rst_sync_uq1|altera_reset_synchronizer_int_chain_out ; SOPC:inst2|SOPC_cpu:cpu|Mn_rot_step2[5]                                                                                                                                                                                                                                                            ; inst|altpll_component|pll|clk[0] ; inst|altpll_component|pll|clk[0] ; 5.000        ; 0.046      ; 1.639      ;
; 3.439 ; SOPC:inst2|altera_reset_controller:rst_controller|altera_reset_synchronizer:alt_rst_sync_uq1|altera_reset_synchronizer_int_chain_out ; SOPC:inst2|SOPC_cpu:cpu|Mn_rot_step2[15]                                                                                                                                                                                                                                                           ; inst|altpll_component|pll|clk[0] ; inst|altpll_component|pll|clk[0] ; 5.000        ; 0.046      ; 1.639      ;
; 3.439 ; SOPC:inst2|altera_reset_controller:rst_controller|altera_reset_synchronizer:alt_rst_sync_uq1|altera_reset_synchronizer_int_chain_out ; SOPC:inst2|SOPC_cpu:cpu|Mn_rot_step2[31]                                                                                                                                                                                                                                                           ; inst|altpll_component|pll|clk[0] ; inst|altpll_component|pll|clk[0] ; 5.000        ; 0.046      ; 1.639      ;
; 3.439 ; SOPC:inst2|altera_reset_controller:rst_controller|altera_reset_synchronizer:alt_rst_sync_uq1|altera_reset_synchronizer_int_chain_out ; SOPC:inst2|SOPC_cpu:cpu|Mn_rot_step2[8]                                                                                                                                                                                                                                                            ; inst|altpll_component|pll|clk[0] ; inst|altpll_component|pll|clk[0] ; 5.000        ; 0.047      ; 1.640      ;
; 3.439 ; SOPC:inst2|altera_reset_controller:rst_controller|altera_reset_synchronizer:alt_rst_sync_uq1|altera_reset_synchronizer_int_chain_out ; SOPC:inst2|SOPC_cpu:cpu|Mn_rot_step2[3]                                                                                                                                                                                                                                                            ; inst|altpll_component|pll|clk[0] ; inst|altpll_component|pll|clk[0] ; 5.000        ; 0.046      ; 1.639      ;
; 3.439 ; SOPC:inst2|altera_reset_controller:rst_controller|altera_reset_synchronizer:alt_rst_sync_uq1|altera_reset_synchronizer_int_chain_out ; SOPC:inst2|SOPC_cpu:cpu|Mn_rot_step2[12]                                                                                                                                                                                                                                                           ; inst|altpll_component|pll|clk[0] ; inst|altpll_component|pll|clk[0] ; 5.000        ; 0.047      ; 1.640      ;
; 3.439 ; SOPC:inst2|altera_reset_controller:rst_controller|altera_reset_synchronizer:alt_rst_sync_uq1|altera_reset_synchronizer_int_chain_out ; SOPC:inst2|SOPC_cpu:cpu|Mn_rot_step2[28]                                                                                                                                                                                                                                                           ; inst|altpll_component|pll|clk[0] ; inst|altpll_component|pll|clk[0] ; 5.000        ; 0.047      ; 1.640      ;
; 8.169 ; SOPC:inst2|altera_reset_controller:rst_controller|altera_reset_synchronizer:alt_rst_sync_uq1|altera_reset_synchronizer_int_chain_out ; SOPC:inst2|SOPC_cpu:cpu|D_bht_data[1]                                                                                                                                                                                                                                                              ; inst|altpll_component|pll|clk[0] ; inst|altpll_component|pll|clk[0] ; 10.000       ; 0.078      ; 1.908      ;
; 8.169 ; SOPC:inst2|altera_reset_controller:rst_controller|altera_reset_synchronizer:alt_rst_sync_uq1|altera_reset_synchronizer_int_chain_out ; SOPC:inst2|SOPC_cpu:cpu|D_bht_data[0]                                                                                                                                                                                                                                                              ; inst|altpll_component|pll|clk[0] ; inst|altpll_component|pll|clk[0] ; 10.000       ; 0.078      ; 1.908      ;
; 8.209 ; SOPC:inst2|altera_reset_controller:rst_controller|altera_reset_synchronizer:alt_rst_sync_uq1|altera_reset_synchronizer_int_chain_out ; SOPC:inst2|SOPC_cpu:cpu|A_mul_src1[0]                                                                                                                                                                                                                                                              ; inst|altpll_component|pll|clk[0] ; inst|altpll_component|pll|clk[0] ; 10.000       ; 0.076      ; 1.842      ;
; 8.209 ; SOPC:inst2|altera_reset_controller:rst_controller|altera_reset_synchronizer:alt_rst_sync_uq1|altera_reset_synchronizer_int_chain_out ; SOPC:inst2|SOPC_cpu:cpu|A_mul_src1[1]                                                                                                                                                                                                                                                              ; inst|altpll_component|pll|clk[0] ; inst|altpll_component|pll|clk[0] ; 10.000       ; 0.076      ; 1.842      ;
; 8.209 ; SOPC:inst2|altera_reset_controller:rst_controller|altera_reset_synchronizer:alt_rst_sync_uq1|altera_reset_synchronizer_int_chain_out ; SOPC:inst2|SOPC_cpu:cpu|A_mul_src1[2]                                                                                                                                                                                                                                                              ; inst|altpll_component|pll|clk[0] ; inst|altpll_component|pll|clk[0] ; 10.000       ; 0.076      ; 1.842      ;
; 8.209 ; SOPC:inst2|altera_reset_controller:rst_controller|altera_reset_synchronizer:alt_rst_sync_uq1|altera_reset_synchronizer_int_chain_out ; SOPC:inst2|SOPC_cpu:cpu|A_mul_src1[3]                                                                                                                                                                                                                                                              ; inst|altpll_component|pll|clk[0] ; inst|altpll_component|pll|clk[0] ; 10.000       ; 0.076      ; 1.842      ;
; 8.209 ; SOPC:inst2|altera_reset_controller:rst_controller|altera_reset_synchronizer:alt_rst_sync_uq1|altera_reset_synchronizer_int_chain_out ; SOPC:inst2|SOPC_cpu:cpu|A_mul_src1[4]                                                                                                                                                                                                                                                              ; inst|altpll_component|pll|clk[0] ; inst|altpll_component|pll|clk[0] ; 10.000       ; 0.076      ; 1.842      ;
; 8.209 ; SOPC:inst2|altera_reset_controller:rst_controller|altera_reset_synchronizer:alt_rst_sync_uq1|altera_reset_synchronizer_int_chain_out ; SOPC:inst2|SOPC_cpu:cpu|A_mul_src1[5]                                                                                                                                                                                                                                                              ; inst|altpll_component|pll|clk[0] ; inst|altpll_component|pll|clk[0] ; 10.000       ; 0.076      ; 1.842      ;
; 8.209 ; SOPC:inst2|altera_reset_controller:rst_controller|altera_reset_synchronizer:alt_rst_sync_uq1|altera_reset_synchronizer_int_chain_out ; SOPC:inst2|SOPC_cpu:cpu|A_mul_src1[6]                                                                                                                                                                                                                                                              ; inst|altpll_component|pll|clk[0] ; inst|altpll_component|pll|clk[0] ; 10.000       ; 0.076      ; 1.842      ;
; 8.209 ; SOPC:inst2|altera_reset_controller:rst_controller|altera_reset_synchronizer:alt_rst_sync_uq1|altera_reset_synchronizer_int_chain_out ; SOPC:inst2|SOPC_cpu:cpu|A_mul_src1[7]                                                                                                                                                                                                                                                              ; inst|altpll_component|pll|clk[0] ; inst|altpll_component|pll|clk[0] ; 10.000       ; 0.076      ; 1.842      ;
; 8.209 ; SOPC:inst2|altera_reset_controller:rst_controller|altera_reset_synchronizer:alt_rst_sync_uq1|altera_reset_synchronizer_int_chain_out ; SOPC:inst2|SOPC_cpu:cpu|A_mul_src1[8]                                                                                                                                                                                                                                                              ; inst|altpll_component|pll|clk[0] ; inst|altpll_component|pll|clk[0] ; 10.000       ; 0.076      ; 1.842      ;
; 8.209 ; SOPC:inst2|altera_reset_controller:rst_controller|altera_reset_synchronizer:alt_rst_sync_uq1|altera_reset_synchronizer_int_chain_out ; SOPC:inst2|SOPC_cpu:cpu|A_mul_src1[9]                                                                                                                                                                                                                                                              ; inst|altpll_component|pll|clk[0] ; inst|altpll_component|pll|clk[0] ; 10.000       ; 0.076      ; 1.842      ;
; 8.209 ; SOPC:inst2|altera_reset_controller:rst_controller|altera_reset_synchronizer:alt_rst_sync_uq1|altera_reset_synchronizer_int_chain_out ; SOPC:inst2|SOPC_cpu:cpu|A_mul_src1[10]                                                                                                                                                                                                                                                             ; inst|altpll_component|pll|clk[0] ; inst|altpll_component|pll|clk[0] ; 10.000       ; 0.076      ; 1.842      ;
; 8.209 ; SOPC:inst2|altera_reset_controller:rst_controller|altera_reset_synchronizer:alt_rst_sync_uq1|altera_reset_synchronizer_int_chain_out ; SOPC:inst2|SOPC_cpu:cpu|A_mul_src1[11]                                                                                                                                                                                                                                                             ; inst|altpll_component|pll|clk[0] ; inst|altpll_component|pll|clk[0] ; 10.000       ; 0.076      ; 1.842      ;
; 8.209 ; SOPC:inst2|altera_reset_controller:rst_controller|altera_reset_synchronizer:alt_rst_sync_uq1|altera_reset_synchronizer_int_chain_out ; SOPC:inst2|SOPC_cpu:cpu|A_mul_src1[12]                                                                                                                                                                                                                                                             ; inst|altpll_component|pll|clk[0] ; inst|altpll_component|pll|clk[0] ; 10.000       ; 0.076      ; 1.842      ;
; 8.209 ; SOPC:inst2|altera_reset_controller:rst_controller|altera_reset_synchronizer:alt_rst_sync_uq1|altera_reset_synchronizer_int_chain_out ; SOPC:inst2|SOPC_cpu:cpu|A_mul_src1[13]                                                                                                                                                                                                                                                             ; inst|altpll_component|pll|clk[0] ; inst|altpll_component|pll|clk[0] ; 10.000       ; 0.076      ; 1.842      ;
; 8.209 ; SOPC:inst2|altera_reset_controller:rst_controller|altera_reset_synchronizer:alt_rst_sync_uq1|altera_reset_synchronizer_int_chain_out ; SOPC:inst2|SOPC_cpu:cpu|A_mul_src1[14]                                                                                                                                                                                                                                                             ; inst|altpll_component|pll|clk[0] ; inst|altpll_component|pll|clk[0] ; 10.000       ; 0.076      ; 1.842      ;
; 8.209 ; SOPC:inst2|altera_reset_controller:rst_controller|altera_reset_synchronizer:alt_rst_sync_uq1|altera_reset_synchronizer_int_chain_out ; SOPC:inst2|SOPC_cpu:cpu|A_mul_src1[15]                                                                                                                                                                                                                                                             ; inst|altpll_component|pll|clk[0] ; inst|altpll_component|pll|clk[0] ; 10.000       ; 0.076      ; 1.842      ;
; 8.209 ; SOPC:inst2|altera_reset_controller:rst_controller|altera_reset_synchronizer:alt_rst_sync_uq1|altera_reset_synchronizer_int_chain_out ; SOPC:inst2|SOPC_cpu:cpu|A_mul_src1[16]                                                                                                                                                                                                                                                             ; inst|altpll_component|pll|clk[0] ; inst|altpll_component|pll|clk[0] ; 10.000       ; 0.072      ; 1.838      ;
; 8.209 ; SOPC:inst2|altera_reset_controller:rst_controller|altera_reset_synchronizer:alt_rst_sync_uq1|altera_reset_synchronizer_int_chain_out ; SOPC:inst2|SOPC_cpu:cpu|A_mul_src1[17]                                                                                                                                                                                                                                                             ; inst|altpll_component|pll|clk[0] ; inst|altpll_component|pll|clk[0] ; 10.000       ; 0.072      ; 1.838      ;
; 8.209 ; SOPC:inst2|altera_reset_controller:rst_controller|altera_reset_synchronizer:alt_rst_sync_uq1|altera_reset_synchronizer_int_chain_out ; SOPC:inst2|SOPC_cpu:cpu|A_mul_src1[18]                                                                                                                                                                                                                                                             ; inst|altpll_component|pll|clk[0] ; inst|altpll_component|pll|clk[0] ; 10.000       ; 0.072      ; 1.838      ;
; 8.209 ; SOPC:inst2|altera_reset_controller:rst_controller|altera_reset_synchronizer:alt_rst_sync_uq1|altera_reset_synchronizer_int_chain_out ; SOPC:inst2|SOPC_cpu:cpu|A_mul_src1[19]                                                                                                                                                                                                                                                             ; inst|altpll_component|pll|clk[0] ; inst|altpll_component|pll|clk[0] ; 10.000       ; 0.072      ; 1.838      ;
; 8.209 ; SOPC:inst2|altera_reset_controller:rst_controller|altera_reset_synchronizer:alt_rst_sync_uq1|altera_reset_synchronizer_int_chain_out ; SOPC:inst2|SOPC_cpu:cpu|A_mul_src1[20]                                                                                                                                                                                                                                                             ; inst|altpll_component|pll|clk[0] ; inst|altpll_component|pll|clk[0] ; 10.000       ; 0.072      ; 1.838      ;
; 8.209 ; SOPC:inst2|altera_reset_controller:rst_controller|altera_reset_synchronizer:alt_rst_sync_uq1|altera_reset_synchronizer_int_chain_out ; SOPC:inst2|SOPC_cpu:cpu|A_mul_src1[21]                                                                                                                                                                                                                                                             ; inst|altpll_component|pll|clk[0] ; inst|altpll_component|pll|clk[0] ; 10.000       ; 0.072      ; 1.838      ;
; 8.209 ; SOPC:inst2|altera_reset_controller:rst_controller|altera_reset_synchronizer:alt_rst_sync_uq1|altera_reset_synchronizer_int_chain_out ; SOPC:inst2|SOPC_cpu:cpu|A_mul_src1[22]                                                                                                                                                                                                                                                             ; inst|altpll_component|pll|clk[0] ; inst|altpll_component|pll|clk[0] ; 10.000       ; 0.072      ; 1.838      ;
; 8.209 ; SOPC:inst2|altera_reset_controller:rst_controller|altera_reset_synchronizer:alt_rst_sync_uq1|altera_reset_synchronizer_int_chain_out ; SOPC:inst2|SOPC_cpu:cpu|A_mul_src1[23]                                                                                                                                                                                                                                                             ; inst|altpll_component|pll|clk[0] ; inst|altpll_component|pll|clk[0] ; 10.000       ; 0.072      ; 1.838      ;
; 8.209 ; SOPC:inst2|altera_reset_controller:rst_controller|altera_reset_synchronizer:alt_rst_sync_uq1|altera_reset_synchronizer_int_chain_out ; SOPC:inst2|SOPC_cpu:cpu|A_mul_src1[24]                                                                                                                                                                                                                                                             ; inst|altpll_component|pll|clk[0] ; inst|altpll_component|pll|clk[0] ; 10.000       ; 0.072      ; 1.838      ;
; 8.209 ; SOPC:inst2|altera_reset_controller:rst_controller|altera_reset_synchronizer:alt_rst_sync_uq1|altera_reset_synchronizer_int_chain_out ; SOPC:inst2|SOPC_cpu:cpu|A_mul_src1[25]                                                                                                                                                                                                                                                             ; inst|altpll_component|pll|clk[0] ; inst|altpll_component|pll|clk[0] ; 10.000       ; 0.072      ; 1.838      ;
; 8.209 ; SOPC:inst2|altera_reset_controller:rst_controller|altera_reset_synchronizer:alt_rst_sync_uq1|altera_reset_synchronizer_int_chain_out ; SOPC:inst2|SOPC_cpu:cpu|A_mul_src1[26]                                                                                                                                                                                                                                                             ; inst|altpll_component|pll|clk[0] ; inst|altpll_component|pll|clk[0] ; 10.000       ; 0.072      ; 1.838      ;
; 8.209 ; SOPC:inst2|altera_reset_controller:rst_controller|altera_reset_synchronizer:alt_rst_sync_uq1|altera_reset_synchronizer_int_chain_out ; SOPC:inst2|SOPC_cpu:cpu|A_mul_src1[27]                                                                                                                                                                                                                                                             ; inst|altpll_component|pll|clk[0] ; inst|altpll_component|pll|clk[0] ; 10.000       ; 0.072      ; 1.838      ;
; 8.209 ; SOPC:inst2|altera_reset_controller:rst_controller|altera_reset_synchronizer:alt_rst_sync_uq1|altera_reset_synchronizer_int_chain_out ; SOPC:inst2|SOPC_cpu:cpu|A_mul_src1[28]                                                                                                                                                                                                                                                             ; inst|altpll_component|pll|clk[0] ; inst|altpll_component|pll|clk[0] ; 10.000       ; 0.072      ; 1.838      ;
; 8.209 ; SOPC:inst2|altera_reset_controller:rst_controller|altera_reset_synchronizer:alt_rst_sync_uq1|altera_reset_synchronizer_int_chain_out ; SOPC:inst2|SOPC_cpu:cpu|A_mul_src1[29]                                                                                                                                                                                                                                                             ; inst|altpll_component|pll|clk[0] ; inst|altpll_component|pll|clk[0] ; 10.000       ; 0.072      ; 1.838      ;
; 8.209 ; SOPC:inst2|altera_reset_controller:rst_controller|altera_reset_synchronizer:alt_rst_sync_uq1|altera_reset_synchronizer_int_chain_out ; SOPC:inst2|SOPC_cpu:cpu|A_mul_src1[30]                                                                                                                                                                                                                                                             ; inst|altpll_component|pll|clk[0] ; inst|altpll_component|pll|clk[0] ; 10.000       ; 0.072      ; 1.838      ;
; 8.209 ; SOPC:inst2|altera_reset_controller:rst_controller|altera_reset_synchronizer:alt_rst_sync_uq1|altera_reset_synchronizer_int_chain_out ; SOPC:inst2|SOPC_cpu:cpu|A_mul_src1[31]                                                                                                                                                                                                                                                             ; inst|altpll_component|pll|clk[0] ; inst|altpll_component|pll|clk[0] ; 10.000       ; 0.072      ; 1.838      ;
; 8.216 ; SOPC:inst2|altera_reset_controller:rst_controller|altera_reset_synchronizer:alt_rst_sync_uq1|altera_reset_synchronizer_int_chain_out ; SOPC:inst2|SOPC_cpu:cpu|SOPC_cpu_mult_cell:the_SOPC_cpu_mult_cell|altera_mult_add:the_altmult_add_part_1|altera_mult_add_mpt2:auto_generated|altera_mult_add_rtl:altera_mult_add_rtl1|ama_multiplier_function:multiplier_block|ama_register_function:multiplier_register_block_0|data_out_wire[9]  ; inst|altpll_component|pll|clk[0] ; inst|altpll_component|pll|clk[0] ; 10.000       ; 0.076      ; 1.835      ;
; 8.216 ; SOPC:inst2|altera_reset_controller:rst_controller|altera_reset_synchronizer:alt_rst_sync_uq1|altera_reset_synchronizer_int_chain_out ; SOPC:inst2|SOPC_cpu:cpu|SOPC_cpu_mult_cell:the_SOPC_cpu_mult_cell|altera_mult_add:the_altmult_add_part_1|altera_mult_add_mpt2:auto_generated|altera_mult_add_rtl:altera_mult_add_rtl1|ama_multiplier_function:multiplier_block|ama_register_function:multiplier_register_block_0|data_out_wire[0]  ; inst|altpll_component|pll|clk[0] ; inst|altpll_component|pll|clk[0] ; 10.000       ; 0.076      ; 1.835      ;
; 8.216 ; SOPC:inst2|altera_reset_controller:rst_controller|altera_reset_synchronizer:alt_rst_sync_uq1|altera_reset_synchronizer_int_chain_out ; SOPC:inst2|SOPC_cpu:cpu|SOPC_cpu_mult_cell:the_SOPC_cpu_mult_cell|altera_mult_add:the_altmult_add_part_1|altera_mult_add_mpt2:auto_generated|altera_mult_add_rtl:altera_mult_add_rtl1|ama_multiplier_function:multiplier_block|ama_register_function:multiplier_register_block_0|data_out_wire[1]  ; inst|altpll_component|pll|clk[0] ; inst|altpll_component|pll|clk[0] ; 10.000       ; 0.076      ; 1.835      ;
; 8.216 ; SOPC:inst2|altera_reset_controller:rst_controller|altera_reset_synchronizer:alt_rst_sync_uq1|altera_reset_synchronizer_int_chain_out ; SOPC:inst2|SOPC_cpu:cpu|SOPC_cpu_mult_cell:the_SOPC_cpu_mult_cell|altera_mult_add:the_altmult_add_part_1|altera_mult_add_mpt2:auto_generated|altera_mult_add_rtl:altera_mult_add_rtl1|ama_multiplier_function:multiplier_block|ama_register_function:multiplier_register_block_0|data_out_wire[2]  ; inst|altpll_component|pll|clk[0] ; inst|altpll_component|pll|clk[0] ; 10.000       ; 0.076      ; 1.835      ;
; 8.216 ; SOPC:inst2|altera_reset_controller:rst_controller|altera_reset_synchronizer:alt_rst_sync_uq1|altera_reset_synchronizer_int_chain_out ; SOPC:inst2|SOPC_cpu:cpu|SOPC_cpu_mult_cell:the_SOPC_cpu_mult_cell|altera_mult_add:the_altmult_add_part_1|altera_mult_add_mpt2:auto_generated|altera_mult_add_rtl:altera_mult_add_rtl1|ama_multiplier_function:multiplier_block|ama_register_function:multiplier_register_block_0|data_out_wire[3]  ; inst|altpll_component|pll|clk[0] ; inst|altpll_component|pll|clk[0] ; 10.000       ; 0.076      ; 1.835      ;
; 8.216 ; SOPC:inst2|altera_reset_controller:rst_controller|altera_reset_synchronizer:alt_rst_sync_uq1|altera_reset_synchronizer_int_chain_out ; SOPC:inst2|SOPC_cpu:cpu|SOPC_cpu_mult_cell:the_SOPC_cpu_mult_cell|altera_mult_add:the_altmult_add_part_1|altera_mult_add_mpt2:auto_generated|altera_mult_add_rtl:altera_mult_add_rtl1|ama_multiplier_function:multiplier_block|ama_register_function:multiplier_register_block_0|data_out_wire[4]  ; inst|altpll_component|pll|clk[0] ; inst|altpll_component|pll|clk[0] ; 10.000       ; 0.076      ; 1.835      ;
; 8.216 ; SOPC:inst2|altera_reset_controller:rst_controller|altera_reset_synchronizer:alt_rst_sync_uq1|altera_reset_synchronizer_int_chain_out ; SOPC:inst2|SOPC_cpu:cpu|SOPC_cpu_mult_cell:the_SOPC_cpu_mult_cell|altera_mult_add:the_altmult_add_part_1|altera_mult_add_mpt2:auto_generated|altera_mult_add_rtl:altera_mult_add_rtl1|ama_multiplier_function:multiplier_block|ama_register_function:multiplier_register_block_0|data_out_wire[5]  ; inst|altpll_component|pll|clk[0] ; inst|altpll_component|pll|clk[0] ; 10.000       ; 0.076      ; 1.835      ;
; 8.216 ; SOPC:inst2|altera_reset_controller:rst_controller|altera_reset_synchronizer:alt_rst_sync_uq1|altera_reset_synchronizer_int_chain_out ; SOPC:inst2|SOPC_cpu:cpu|SOPC_cpu_mult_cell:the_SOPC_cpu_mult_cell|altera_mult_add:the_altmult_add_part_1|altera_mult_add_mpt2:auto_generated|altera_mult_add_rtl:altera_mult_add_rtl1|ama_multiplier_function:multiplier_block|ama_register_function:multiplier_register_block_0|data_out_wire[6]  ; inst|altpll_component|pll|clk[0] ; inst|altpll_component|pll|clk[0] ; 10.000       ; 0.076      ; 1.835      ;
; 8.216 ; SOPC:inst2|altera_reset_controller:rst_controller|altera_reset_synchronizer:alt_rst_sync_uq1|altera_reset_synchronizer_int_chain_out ; SOPC:inst2|SOPC_cpu:cpu|SOPC_cpu_mult_cell:the_SOPC_cpu_mult_cell|altera_mult_add:the_altmult_add_part_1|altera_mult_add_mpt2:auto_generated|altera_mult_add_rtl:altera_mult_add_rtl1|ama_multiplier_function:multiplier_block|ama_register_function:multiplier_register_block_0|data_out_wire[7]  ; inst|altpll_component|pll|clk[0] ; inst|altpll_component|pll|clk[0] ; 10.000       ; 0.076      ; 1.835      ;
; 8.216 ; SOPC:inst2|altera_reset_controller:rst_controller|altera_reset_synchronizer:alt_rst_sync_uq1|altera_reset_synchronizer_int_chain_out ; SOPC:inst2|SOPC_cpu:cpu|SOPC_cpu_mult_cell:the_SOPC_cpu_mult_cell|altera_mult_add:the_altmult_add_part_1|altera_mult_add_mpt2:auto_generated|altera_mult_add_rtl:altera_mult_add_rtl1|ama_multiplier_function:multiplier_block|ama_register_function:multiplier_register_block_0|data_out_wire[8]  ; inst|altpll_component|pll|clk[0] ; inst|altpll_component|pll|clk[0] ; 10.000       ; 0.076      ; 1.835      ;
; 8.216 ; SOPC:inst2|altera_reset_controller:rst_controller|altera_reset_synchronizer:alt_rst_sync_uq1|altera_reset_synchronizer_int_chain_out ; SOPC:inst2|SOPC_cpu:cpu|SOPC_cpu_mult_cell:the_SOPC_cpu_mult_cell|altera_mult_add:the_altmult_add_part_1|altera_mult_add_mpt2:auto_generated|altera_mult_add_rtl:altera_mult_add_rtl1|ama_multiplier_function:multiplier_block|ama_register_function:multiplier_register_block_0|data_out_wire[19] ; inst|altpll_component|pll|clk[0] ; inst|altpll_component|pll|clk[0] ; 10.000       ; 0.076      ; 1.835      ;
; 8.216 ; SOPC:inst2|altera_reset_controller:rst_controller|altera_reset_synchronizer:alt_rst_sync_uq1|altera_reset_synchronizer_int_chain_out ; SOPC:inst2|SOPC_cpu:cpu|SOPC_cpu_mult_cell:the_SOPC_cpu_mult_cell|altera_mult_add:the_altmult_add_part_1|altera_mult_add_mpt2:auto_generated|altera_mult_add_rtl:altera_mult_add_rtl1|ama_multiplier_function:multiplier_block|ama_register_function:multiplier_register_block_0|data_out_wire[10] ; inst|altpll_component|pll|clk[0] ; inst|altpll_component|pll|clk[0] ; 10.000       ; 0.076      ; 1.835      ;
; 8.216 ; SOPC:inst2|altera_reset_controller:rst_controller|altera_reset_synchronizer:alt_rst_sync_uq1|altera_reset_synchronizer_int_chain_out ; SOPC:inst2|SOPC_cpu:cpu|SOPC_cpu_mult_cell:the_SOPC_cpu_mult_cell|altera_mult_add:the_altmult_add_part_1|altera_mult_add_mpt2:auto_generated|altera_mult_add_rtl:altera_mult_add_rtl1|ama_multiplier_function:multiplier_block|ama_register_function:multiplier_register_block_0|data_out_wire[11] ; inst|altpll_component|pll|clk[0] ; inst|altpll_component|pll|clk[0] ; 10.000       ; 0.076      ; 1.835      ;
; 8.216 ; SOPC:inst2|altera_reset_controller:rst_controller|altera_reset_synchronizer:alt_rst_sync_uq1|altera_reset_synchronizer_int_chain_out ; SOPC:inst2|SOPC_cpu:cpu|SOPC_cpu_mult_cell:the_SOPC_cpu_mult_cell|altera_mult_add:the_altmult_add_part_1|altera_mult_add_mpt2:auto_generated|altera_mult_add_rtl:altera_mult_add_rtl1|ama_multiplier_function:multiplier_block|ama_register_function:multiplier_register_block_0|data_out_wire[13] ; inst|altpll_component|pll|clk[0] ; inst|altpll_component|pll|clk[0] ; 10.000       ; 0.076      ; 1.835      ;
; 8.216 ; SOPC:inst2|altera_reset_controller:rst_controller|altera_reset_synchronizer:alt_rst_sync_uq1|altera_reset_synchronizer_int_chain_out ; SOPC:inst2|SOPC_cpu:cpu|SOPC_cpu_mult_cell:the_SOPC_cpu_mult_cell|altera_mult_add:the_altmult_add_part_1|altera_mult_add_mpt2:auto_generated|altera_mult_add_rtl:altera_mult_add_rtl1|ama_multiplier_function:multiplier_block|ama_register_function:multiplier_register_block_0|data_out_wire[14] ; inst|altpll_component|pll|clk[0] ; inst|altpll_component|pll|clk[0] ; 10.000       ; 0.076      ; 1.835      ;
; 8.216 ; SOPC:inst2|altera_reset_controller:rst_controller|altera_reset_synchronizer:alt_rst_sync_uq1|altera_reset_synchronizer_int_chain_out ; SOPC:inst2|SOPC_cpu:cpu|SOPC_cpu_mult_cell:the_SOPC_cpu_mult_cell|altera_mult_add:the_altmult_add_part_1|altera_mult_add_mpt2:auto_generated|altera_mult_add_rtl:altera_mult_add_rtl1|ama_multiplier_function:multiplier_block|ama_register_function:multiplier_register_block_0|data_out_wire[15] ; inst|altpll_component|pll|clk[0] ; inst|altpll_component|pll|clk[0] ; 10.000       ; 0.076      ; 1.835      ;
; 8.216 ; SOPC:inst2|altera_reset_controller:rst_controller|altera_reset_synchronizer:alt_rst_sync_uq1|altera_reset_synchronizer_int_chain_out ; SOPC:inst2|SOPC_cpu:cpu|SOPC_cpu_mult_cell:the_SOPC_cpu_mult_cell|altera_mult_add:the_altmult_add_part_1|altera_mult_add_mpt2:auto_generated|altera_mult_add_rtl:altera_mult_add_rtl1|ama_multiplier_function:multiplier_block|ama_register_function:multiplier_register_block_0|data_out_wire[17] ; inst|altpll_component|pll|clk[0] ; inst|altpll_component|pll|clk[0] ; 10.000       ; 0.076      ; 1.835      ;
; 8.216 ; SOPC:inst2|altera_reset_controller:rst_controller|altera_reset_synchronizer:alt_rst_sync_uq1|altera_reset_synchronizer_int_chain_out ; SOPC:inst2|SOPC_cpu:cpu|SOPC_cpu_mult_cell:the_SOPC_cpu_mult_cell|altera_mult_add:the_altmult_add_part_1|altera_mult_add_mpt2:auto_generated|altera_mult_add_rtl:altera_mult_add_rtl1|ama_multiplier_function:multiplier_block|ama_register_function:multiplier_register_block_0|data_out_wire[18] ; inst|altpll_component|pll|clk[0] ; inst|altpll_component|pll|clk[0] ; 10.000       ; 0.076      ; 1.835      ;
; 8.216 ; SOPC:inst2|altera_reset_controller:rst_controller|altera_reset_synchronizer:alt_rst_sync_uq1|altera_reset_synchronizer_int_chain_out ; SOPC:inst2|SOPC_cpu:cpu|SOPC_cpu_mult_cell:the_SOPC_cpu_mult_cell|altera_mult_add:the_altmult_add_part_1|altera_mult_add_mpt2:auto_generated|altera_mult_add_rtl:altera_mult_add_rtl1|ama_multiplier_function:multiplier_block|ama_register_function:multiplier_register_block_0|data_out_wire[22] ; inst|altpll_component|pll|clk[0] ; inst|altpll_component|pll|clk[0] ; 10.000       ; 0.076      ; 1.835      ;
; 8.216 ; SOPC:inst2|altera_reset_controller:rst_controller|altera_reset_synchronizer:alt_rst_sync_uq1|altera_reset_synchronizer_int_chain_out ; SOPC:inst2|SOPC_cpu:cpu|SOPC_cpu_mult_cell:the_SOPC_cpu_mult_cell|altera_mult_add:the_altmult_add_part_1|altera_mult_add_mpt2:auto_generated|altera_mult_add_rtl:altera_mult_add_rtl1|ama_multiplier_function:multiplier_block|ama_register_function:multiplier_register_block_0|data_out_wire[20] ; inst|altpll_component|pll|clk[0] ; inst|altpll_component|pll|clk[0] ; 10.000       ; 0.076      ; 1.835      ;
; 8.216 ; SOPC:inst2|altera_reset_controller:rst_controller|altera_reset_synchronizer:alt_rst_sync_uq1|altera_reset_synchronizer_int_chain_out ; SOPC:inst2|SOPC_cpu:cpu|SOPC_cpu_mult_cell:the_SOPC_cpu_mult_cell|altera_mult_add:the_altmult_add_part_1|altera_mult_add_mpt2:auto_generated|altera_mult_add_rtl:altera_mult_add_rtl1|ama_multiplier_function:multiplier_block|ama_register_function:multiplier_register_block_0|data_out_wire[26] ; inst|altpll_component|pll|clk[0] ; inst|altpll_component|pll|clk[0] ; 10.000       ; 0.076      ; 1.835      ;
; 8.216 ; SOPC:inst2|altera_reset_controller:rst_controller|altera_reset_synchronizer:alt_rst_sync_uq1|altera_reset_synchronizer_int_chain_out ; SOPC:inst2|SOPC_cpu:cpu|SOPC_cpu_mult_cell:the_SOPC_cpu_mult_cell|altera_mult_add:the_altmult_add_part_1|altera_mult_add_mpt2:auto_generated|altera_mult_add_rtl:altera_mult_add_rtl1|ama_multiplier_function:multiplier_block|ama_register_function:multiplier_register_block_0|data_out_wire[27] ; inst|altpll_component|pll|clk[0] ; inst|altpll_component|pll|clk[0] ; 10.000       ; 0.076      ; 1.835      ;
; 8.216 ; SOPC:inst2|altera_reset_controller:rst_controller|altera_reset_synchronizer:alt_rst_sync_uq1|altera_reset_synchronizer_int_chain_out ; SOPC:inst2|SOPC_cpu:cpu|SOPC_cpu_mult_cell:the_SOPC_cpu_mult_cell|altera_mult_add:the_altmult_add_part_1|altera_mult_add_mpt2:auto_generated|altera_mult_add_rtl:altera_mult_add_rtl1|ama_multiplier_function:multiplier_block|ama_register_function:multiplier_register_block_0|data_out_wire[28] ; inst|altpll_component|pll|clk[0] ; inst|altpll_component|pll|clk[0] ; 10.000       ; 0.076      ; 1.835      ;
; 8.216 ; SOPC:inst2|altera_reset_controller:rst_controller|altera_reset_synchronizer:alt_rst_sync_uq1|altera_reset_synchronizer_int_chain_out ; SOPC:inst2|SOPC_cpu:cpu|SOPC_cpu_mult_cell:the_SOPC_cpu_mult_cell|altera_mult_add:the_altmult_add_part_1|altera_mult_add_mpt2:auto_generated|altera_mult_add_rtl:altera_mult_add_rtl1|ama_multiplier_function:multiplier_block|ama_register_function:multiplier_register_block_0|data_out_wire[29] ; inst|altpll_component|pll|clk[0] ; inst|altpll_component|pll|clk[0] ; 10.000       ; 0.076      ; 1.835      ;
; 8.216 ; SOPC:inst2|altera_reset_controller:rst_controller|altera_reset_synchronizer:alt_rst_sync_uq1|altera_reset_synchronizer_int_chain_out ; SOPC:inst2|SOPC_cpu:cpu|SOPC_cpu_mult_cell:the_SOPC_cpu_mult_cell|altera_mult_add:the_altmult_add_part_1|altera_mult_add_mpt2:auto_generated|altera_mult_add_rtl:altera_mult_add_rtl1|ama_multiplier_function:multiplier_block|ama_register_function:multiplier_register_block_0|data_out_wire[23] ; inst|altpll_component|pll|clk[0] ; inst|altpll_component|pll|clk[0] ; 10.000       ; 0.076      ; 1.835      ;
; 8.216 ; SOPC:inst2|altera_reset_controller:rst_controller|altera_reset_synchronizer:alt_rst_sync_uq1|altera_reset_synchronizer_int_chain_out ; SOPC:inst2|SOPC_cpu:cpu|SOPC_cpu_mult_cell:the_SOPC_cpu_mult_cell|altera_mult_add:the_altmult_add_part_1|altera_mult_add_mpt2:auto_generated|altera_mult_add_rtl:altera_mult_add_rtl1|ama_multiplier_function:multiplier_block|ama_register_function:multiplier_register_block_0|data_out_wire[24] ; inst|altpll_component|pll|clk[0] ; inst|altpll_component|pll|clk[0] ; 10.000       ; 0.076      ; 1.835      ;
; 8.216 ; SOPC:inst2|altera_reset_controller:rst_controller|altera_reset_synchronizer:alt_rst_sync_uq1|altera_reset_synchronizer_int_chain_out ; SOPC:inst2|SOPC_cpu:cpu|SOPC_cpu_mult_cell:the_SOPC_cpu_mult_cell|altera_mult_add:the_altmult_add_part_1|altera_mult_add_mpt2:auto_generated|altera_mult_add_rtl:altera_mult_add_rtl1|ama_multiplier_function:multiplier_block|ama_register_function:multiplier_register_block_0|data_out_wire[25] ; inst|altpll_component|pll|clk[0] ; inst|altpll_component|pll|clk[0] ; 10.000       ; 0.076      ; 1.835      ;
; 8.216 ; SOPC:inst2|altera_reset_controller:rst_controller|altera_reset_synchronizer:alt_rst_sync_uq1|altera_reset_synchronizer_int_chain_out ; SOPC:inst2|SOPC_cpu:cpu|SOPC_cpu_mult_cell:the_SOPC_cpu_mult_cell|altera_mult_add:the_altmult_add_part_1|altera_mult_add_mpt2:auto_generated|altera_mult_add_rtl:altera_mult_add_rtl1|ama_multiplier_function:multiplier_block|ama_register_function:multiplier_register_block_0|data_out_wire[21] ; inst|altpll_component|pll|clk[0] ; inst|altpll_component|pll|clk[0] ; 10.000       ; 0.076      ; 1.835      ;
; 8.216 ; SOPC:inst2|altera_reset_controller:rst_controller|altera_reset_synchronizer:alt_rst_sync_uq1|altera_reset_synchronizer_int_chain_out ; SOPC:inst2|SOPC_cpu:cpu|SOPC_cpu_mult_cell:the_SOPC_cpu_mult_cell|altera_mult_add:the_altmult_add_part_1|altera_mult_add_mpt2:auto_generated|altera_mult_add_rtl:altera_mult_add_rtl1|ama_multiplier_function:multiplier_block|ama_register_function:multiplier_register_block_0|data_out_wire[16] ; inst|altpll_component|pll|clk[0] ; inst|altpll_component|pll|clk[0] ; 10.000       ; 0.076      ; 1.835      ;
; 8.216 ; SOPC:inst2|altera_reset_controller:rst_controller|altera_reset_synchronizer:alt_rst_sync_uq1|altera_reset_synchronizer_int_chain_out ; SOPC:inst2|SOPC_cpu:cpu|SOPC_cpu_mult_cell:the_SOPC_cpu_mult_cell|altera_mult_add:the_altmult_add_part_1|altera_mult_add_mpt2:auto_generated|altera_mult_add_rtl:altera_mult_add_rtl1|ama_multiplier_function:multiplier_block|ama_register_function:multiplier_register_block_0|data_out_wire[12] ; inst|altpll_component|pll|clk[0] ; inst|altpll_component|pll|clk[0] ; 10.000       ; 0.076      ; 1.835      ;
; 8.216 ; SOPC:inst2|altera_reset_controller:rst_controller|altera_reset_synchronizer:alt_rst_sync_uq1|altera_reset_synchronizer_int_chain_out ; SOPC:inst2|SOPC_cpu:cpu|SOPC_cpu_mult_cell:the_SOPC_cpu_mult_cell|altera_mult_add:the_altmult_add_part_1|altera_mult_add_mpt2:auto_generated|altera_mult_add_rtl:altera_mult_add_rtl1|ama_multiplier_function:multiplier_block|ama_register_function:multiplier_register_block_0|data_out_wire[30] ; inst|altpll_component|pll|clk[0] ; inst|altpll_component|pll|clk[0] ; 10.000       ; 0.076      ; 1.835      ;
; 8.216 ; SOPC:inst2|altera_reset_controller:rst_controller|altera_reset_synchronizer:alt_rst_sync_uq1|altera_reset_synchronizer_int_chain_out ; SOPC:inst2|SOPC_cpu:cpu|SOPC_cpu_mult_cell:the_SOPC_cpu_mult_cell|altera_mult_add:the_altmult_add_part_1|altera_mult_add_mpt2:auto_generated|altera_mult_add_rtl:altera_mult_add_rtl1|ama_multiplier_function:multiplier_block|ama_register_function:multiplier_register_block_0|data_out_wire[31] ; inst|altpll_component|pll|clk[0] ; inst|altpll_component|pll|clk[0] ; 10.000       ; 0.076      ; 1.835      ;
; 8.216 ; SOPC:inst2|altera_reset_controller:rst_controller|altera_reset_synchronizer:alt_rst_sync_uq1|altera_reset_synchronizer_int_chain_out ; SOPC:inst2|SOPC_cpu:cpu|SOPC_cpu_mult_cell:the_SOPC_cpu_mult_cell|altera_mult_add:the_altmult_add_part_2|altera_mult_add_opt2:auto_generated|altera_mult_add_rtl:altera_mult_add_rtl1|ama_multiplier_function:multiplier_block|ama_register_function:multiplier_register_block_0|data_out_wire[3]  ; inst|altpll_component|pll|clk[0] ; inst|altpll_component|pll|clk[0] ; 10.000       ; 0.072      ; 1.831      ;
; 8.216 ; SOPC:inst2|altera_reset_controller:rst_controller|altera_reset_synchronizer:alt_rst_sync_uq1|altera_reset_synchronizer_int_chain_out ; SOPC:inst2|SOPC_cpu:cpu|SOPC_cpu_mult_cell:the_SOPC_cpu_mult_cell|altera_mult_add:the_altmult_add_part_2|altera_mult_add_opt2:auto_generated|altera_mult_add_rtl:altera_mult_add_rtl1|ama_multiplier_function:multiplier_block|ama_register_function:multiplier_register_block_0|data_out_wire[0]  ; inst|altpll_component|pll|clk[0] ; inst|altpll_component|pll|clk[0] ; 10.000       ; 0.072      ; 1.831      ;
+-------+--------------------------------------------------------------------------------------------------------------------------------------+----------------------------------------------------------------------------------------------------------------------------------------------------------------------------------------------------------------------------------------------------------------------------------------------------+----------------------------------+----------------------------------+--------------+------------+------------+


+------------------------------------------------------------------------------------------------------------------------------------------------------------------------------------------------------------------------------------------------------------------------------------------------------------------------------------------------------------------------------------------+
; Fast Model Removal: 'inst|altpll_component|pll|clk[0]'                                                                                                                                                                                                                                                                                                                                   ;
+-------+--------------------------------------------------------------------------------------------------------------------------------------+----------------------------------------------------------------------------------------------------------------------------+----------------------------------+----------------------------------+--------------+------------+------------+
; Slack ; From Node                                                                                                                            ; To Node                                                                                                                    ; Launch Clock                     ; Latch Clock                      ; Relationship ; Clock Skew ; Data Delay ;
+-------+--------------------------------------------------------------------------------------------------------------------------------------+----------------------------------------------------------------------------------------------------------------------------+----------------------------------+----------------------------------+--------------+------------+------------+
; 1.244 ; SOPC:inst2|altera_reset_controller:rst_controller|altera_reset_synchronizer:alt_rst_sync_uq1|altera_reset_synchronizer_int_chain_out ; SOPC:inst2|altera_merlin_width_adapter:width_adapter|use_reg                                                               ; inst|altpll_component|pll|clk[0] ; inst|altpll_component|pll|clk[0] ; 0.000        ; 0.020      ; 1.416      ;
; 1.244 ; SOPC:inst2|altera_reset_controller:rst_controller|altera_reset_synchronizer:alt_rst_sync_uq1|altera_reset_synchronizer_int_chain_out ; SOPC:inst2|altera_merlin_width_adapter:width_adapter|byteen_reg[0]                                                         ; inst|altpll_component|pll|clk[0] ; inst|altpll_component|pll|clk[0] ; 0.000        ; 0.004      ; 1.400      ;
; 1.244 ; SOPC:inst2|altera_reset_controller:rst_controller|altera_reset_synchronizer:alt_rst_sync_uq1|altera_reset_synchronizer_int_chain_out ; SOPC:inst2|altera_avalon_sc_fifo:sdram_s1_translator_avalon_universal_slave_0_agent_rdata_fifo|rd_ptr[1]                   ; inst|altpll_component|pll|clk[0] ; inst|altpll_component|pll|clk[0] ; 0.000        ; 0.031      ; 1.427      ;
; 1.244 ; SOPC:inst2|altera_reset_controller:rst_controller|altera_reset_synchronizer:alt_rst_sync_uq1|altera_reset_synchronizer_int_chain_out ; SOPC:inst2|altera_avalon_sc_fifo:sdram_s1_translator_avalon_universal_slave_0_agent_rdata_fifo|rd_ptr[0]                   ; inst|altpll_component|pll|clk[0] ; inst|altpll_component|pll|clk[0] ; 0.000        ; 0.031      ; 1.427      ;
; 1.244 ; SOPC:inst2|altera_reset_controller:rst_controller|altera_reset_synchronizer:alt_rst_sync_uq1|altera_reset_synchronizer_int_chain_out ; SOPC:inst2|altera_avalon_sc_fifo:sdram_s1_translator_avalon_universal_slave_0_agent_rdata_fifo|wr_ptr[2]                   ; inst|altpll_component|pll|clk[0] ; inst|altpll_component|pll|clk[0] ; 0.000        ; 0.023      ; 1.419      ;
; 1.244 ; SOPC:inst2|altera_reset_controller:rst_controller|altera_reset_synchronizer:alt_rst_sync_uq1|altera_reset_synchronizer_int_chain_out ; SOPC:inst2|SOPC_sdram:sdram|SOPC_sdram_input_efifo_module:the_SOPC_sdram_input_efifo_module|entries[0]                     ; inst|altpll_component|pll|clk[0] ; inst|altpll_component|pll|clk[0] ; 0.000        ; 0.018      ; 1.414      ;
; 1.244 ; SOPC:inst2|altera_reset_controller:rst_controller|altera_reset_synchronizer:alt_rst_sync_uq1|altera_reset_synchronizer_int_chain_out ; SOPC:inst2|altera_avalon_sc_fifo:sdram_s1_translator_avalon_universal_slave_0_agent_rsp_fifo|mem_used[1]                   ; inst|altpll_component|pll|clk[0] ; inst|altpll_component|pll|clk[0] ; 0.000        ; 0.024      ; 1.420      ;
; 1.244 ; SOPC:inst2|altera_reset_controller:rst_controller|altera_reset_synchronizer:alt_rst_sync_uq1|altera_reset_synchronizer_int_chain_out ; SOPC:inst2|altera_avalon_sc_fifo:sdram_s1_translator_avalon_universal_slave_0_agent_rsp_fifo|mem_used[2]                   ; inst|altpll_component|pll|clk[0] ; inst|altpll_component|pll|clk[0] ; 0.000        ; 0.024      ; 1.420      ;
; 1.244 ; SOPC:inst2|altera_reset_controller:rst_controller|altera_reset_synchronizer:alt_rst_sync_uq1|altera_reset_synchronizer_int_chain_out ; SOPC:inst2|altera_avalon_sc_fifo:sdram_s1_translator_avalon_universal_slave_0_agent_rsp_fifo|mem_used[3]                   ; inst|altpll_component|pll|clk[0] ; inst|altpll_component|pll|clk[0] ; 0.000        ; 0.024      ; 1.420      ;
; 1.244 ; SOPC:inst2|altera_reset_controller:rst_controller|altera_reset_synchronizer:alt_rst_sync_uq1|altera_reset_synchronizer_int_chain_out ; SOPC:inst2|altera_avalon_sc_fifo:sdram_s1_translator_avalon_universal_slave_0_agent_rsp_fifo|mem_used[4]                   ; inst|altpll_component|pll|clk[0] ; inst|altpll_component|pll|clk[0] ; 0.000        ; 0.024      ; 1.420      ;
; 1.244 ; SOPC:inst2|altera_reset_controller:rst_controller|altera_reset_synchronizer:alt_rst_sync_uq1|altera_reset_synchronizer_int_chain_out ; SOPC:inst2|altera_avalon_sc_fifo:sdram_s1_translator_avalon_universal_slave_0_agent_rsp_fifo|mem_used[5]                   ; inst|altpll_component|pll|clk[0] ; inst|altpll_component|pll|clk[0] ; 0.000        ; 0.024      ; 1.420      ;
; 1.244 ; SOPC:inst2|altera_reset_controller:rst_controller|altera_reset_synchronizer:alt_rst_sync_uq1|altera_reset_synchronizer_int_chain_out ; SOPC:inst2|altera_avalon_sc_fifo:sdram_s1_translator_avalon_universal_slave_0_agent_rsp_fifo|mem_used[6]                   ; inst|altpll_component|pll|clk[0] ; inst|altpll_component|pll|clk[0] ; 0.000        ; 0.024      ; 1.420      ;
; 1.244 ; SOPC:inst2|altera_reset_controller:rst_controller|altera_reset_synchronizer:alt_rst_sync_uq1|altera_reset_synchronizer_int_chain_out ; SOPC:inst2|altera_avalon_sc_fifo:sdram_s1_translator_avalon_universal_slave_0_agent_rsp_fifo|mem_used[7]                   ; inst|altpll_component|pll|clk[0] ; inst|altpll_component|pll|clk[0] ; 0.000        ; 0.024      ; 1.420      ;
; 1.244 ; SOPC:inst2|altera_reset_controller:rst_controller|altera_reset_synchronizer:alt_rst_sync_uq1|altera_reset_synchronizer_int_chain_out ; SOPC:inst2|SOPC_sdram:sdram|SOPC_sdram_input_efifo_module:the_SOPC_sdram_input_efifo_module|entries[1]                     ; inst|altpll_component|pll|clk[0] ; inst|altpll_component|pll|clk[0] ; 0.000        ; 0.018      ; 1.414      ;
; 1.244 ; SOPC:inst2|altera_reset_controller:rst_controller|altera_reset_synchronizer:alt_rst_sync_uq1|altera_reset_synchronizer_int_chain_out ; SOPC:inst2|SOPC_sdram:sdram|refresh_counter[0]                                                                             ; inst|altpll_component|pll|clk[0] ; inst|altpll_component|pll|clk[0] ; 0.000        ; 0.024      ; 1.420      ;
; 1.244 ; SOPC:inst2|altera_reset_controller:rst_controller|altera_reset_synchronizer:alt_rst_sync_uq1|altera_reset_synchronizer_int_chain_out ; SOPC:inst2|SOPC_sdram:sdram|refresh_counter[1]                                                                             ; inst|altpll_component|pll|clk[0] ; inst|altpll_component|pll|clk[0] ; 0.000        ; 0.025      ; 1.421      ;
; 1.244 ; SOPC:inst2|altera_reset_controller:rst_controller|altera_reset_synchronizer:alt_rst_sync_uq1|altera_reset_synchronizer_int_chain_out ; SOPC:inst2|SOPC_sdram:sdram|refresh_counter[2]                                                                             ; inst|altpll_component|pll|clk[0] ; inst|altpll_component|pll|clk[0] ; 0.000        ; 0.024      ; 1.420      ;
; 1.244 ; SOPC:inst2|altera_reset_controller:rst_controller|altera_reset_synchronizer:alt_rst_sync_uq1|altera_reset_synchronizer_int_chain_out ; SOPC:inst2|SOPC_sdram:sdram|refresh_counter[3]                                                                             ; inst|altpll_component|pll|clk[0] ; inst|altpll_component|pll|clk[0] ; 0.000        ; 0.020      ; 1.416      ;
; 1.244 ; SOPC:inst2|altera_reset_controller:rst_controller|altera_reset_synchronizer:alt_rst_sync_uq1|altera_reset_synchronizer_int_chain_out ; SOPC:inst2|SOPC_sdram:sdram|refresh_counter[4]                                                                             ; inst|altpll_component|pll|clk[0] ; inst|altpll_component|pll|clk[0] ; 0.000        ; 0.025      ; 1.421      ;
; 1.244 ; SOPC:inst2|altera_reset_controller:rst_controller|altera_reset_synchronizer:alt_rst_sync_uq1|altera_reset_synchronizer_int_chain_out ; SOPC:inst2|SOPC_sdram:sdram|refresh_counter[5]                                                                             ; inst|altpll_component|pll|clk[0] ; inst|altpll_component|pll|clk[0] ; 0.000        ; 0.025      ; 1.421      ;
; 1.244 ; SOPC:inst2|altera_reset_controller:rst_controller|altera_reset_synchronizer:alt_rst_sync_uq1|altera_reset_synchronizer_int_chain_out ; SOPC:inst2|SOPC_sdram:sdram|refresh_counter[6]                                                                             ; inst|altpll_component|pll|clk[0] ; inst|altpll_component|pll|clk[0] ; 0.000        ; 0.025      ; 1.421      ;
; 1.244 ; SOPC:inst2|altera_reset_controller:rst_controller|altera_reset_synchronizer:alt_rst_sync_uq1|altera_reset_synchronizer_int_chain_out ; SOPC:inst2|SOPC_sdram:sdram|refresh_counter[7]                                                                             ; inst|altpll_component|pll|clk[0] ; inst|altpll_component|pll|clk[0] ; 0.000        ; 0.025      ; 1.421      ;
; 1.244 ; SOPC:inst2|altera_reset_controller:rst_controller|altera_reset_synchronizer:alt_rst_sync_uq1|altera_reset_synchronizer_int_chain_out ; SOPC:inst2|SOPC_sdram:sdram|refresh_counter[8]                                                                             ; inst|altpll_component|pll|clk[0] ; inst|altpll_component|pll|clk[0] ; 0.000        ; 0.025      ; 1.421      ;
; 1.244 ; SOPC:inst2|altera_reset_controller:rst_controller|altera_reset_synchronizer:alt_rst_sync_uq1|altera_reset_synchronizer_int_chain_out ; SOPC:inst2|SOPC_sdram:sdram|refresh_counter[9]                                                                             ; inst|altpll_component|pll|clk[0] ; inst|altpll_component|pll|clk[0] ; 0.000        ; 0.020      ; 1.416      ;
; 1.244 ; SOPC:inst2|altera_reset_controller:rst_controller|altera_reset_synchronizer:alt_rst_sync_uq1|altera_reset_synchronizer_int_chain_out ; SOPC:inst2|SOPC_sdram:sdram|refresh_counter[10]                                                                            ; inst|altpll_component|pll|clk[0] ; inst|altpll_component|pll|clk[0] ; 0.000        ; 0.025      ; 1.421      ;
; 1.244 ; SOPC:inst2|altera_reset_controller:rst_controller|altera_reset_synchronizer:alt_rst_sync_uq1|altera_reset_synchronizer_int_chain_out ; SOPC:inst2|SOPC_sdram:sdram|refresh_counter[11]                                                                            ; inst|altpll_component|pll|clk[0] ; inst|altpll_component|pll|clk[0] ; 0.000        ; 0.025      ; 1.421      ;
; 1.244 ; SOPC:inst2|altera_reset_controller:rst_controller|altera_reset_synchronizer:alt_rst_sync_uq1|altera_reset_synchronizer_int_chain_out ; SOPC:inst2|SOPC_sdram:sdram|refresh_counter[12]                                                                            ; inst|altpll_component|pll|clk[0] ; inst|altpll_component|pll|clk[0] ; 0.000        ; 0.025      ; 1.421      ;
; 1.244 ; SOPC:inst2|altera_reset_controller:rst_controller|altera_reset_synchronizer:alt_rst_sync_uq1|altera_reset_synchronizer_int_chain_out ; SOPC:inst2|SOPC_sdram:sdram|i_next.000                                                                                     ; inst|altpll_component|pll|clk[0] ; inst|altpll_component|pll|clk[0] ; 0.000        ; 0.031      ; 1.427      ;
; 1.244 ; SOPC:inst2|altera_reset_controller:rst_controller|altera_reset_synchronizer:alt_rst_sync_uq1|altera_reset_synchronizer_int_chain_out ; SOPC:inst2|SOPC_sdram:sdram|i_state.000                                                                                    ; inst|altpll_component|pll|clk[0] ; inst|altpll_component|pll|clk[0] ; 0.000        ; 0.031      ; 1.427      ;
; 1.244 ; SOPC:inst2|altera_reset_controller:rst_controller|altera_reset_synchronizer:alt_rst_sync_uq1|altera_reset_synchronizer_int_chain_out ; SOPC:inst2|SOPC_sdram:sdram|i_state.001                                                                                    ; inst|altpll_component|pll|clk[0] ; inst|altpll_component|pll|clk[0] ; 0.000        ; 0.031      ; 1.427      ;
; 1.244 ; SOPC:inst2|altera_reset_controller:rst_controller|altera_reset_synchronizer:alt_rst_sync_uq1|altera_reset_synchronizer_int_chain_out ; SOPC:inst2|SOPC_sdram:sdram|i_next.010                                                                                     ; inst|altpll_component|pll|clk[0] ; inst|altpll_component|pll|clk[0] ; 0.000        ; 0.030      ; 1.426      ;
; 1.244 ; SOPC:inst2|altera_reset_controller:rst_controller|altera_reset_synchronizer:alt_rst_sync_uq1|altera_reset_synchronizer_int_chain_out ; SOPC:inst2|SOPC_sdram:sdram|i_state.010                                                                                    ; inst|altpll_component|pll|clk[0] ; inst|altpll_component|pll|clk[0] ; 0.000        ; 0.030      ; 1.426      ;
; 1.244 ; SOPC:inst2|altera_reset_controller:rst_controller|altera_reset_synchronizer:alt_rst_sync_uq1|altera_reset_synchronizer_int_chain_out ; SOPC:inst2|SOPC_sdram:sdram|i_count[0]                                                                                     ; inst|altpll_component|pll|clk[0] ; inst|altpll_component|pll|clk[0] ; 0.000        ; 0.030      ; 1.426      ;
; 1.244 ; SOPC:inst2|altera_reset_controller:rst_controller|altera_reset_synchronizer:alt_rst_sync_uq1|altera_reset_synchronizer_int_chain_out ; SOPC:inst2|SOPC_sdram:sdram|i_count[1]                                                                                     ; inst|altpll_component|pll|clk[0] ; inst|altpll_component|pll|clk[0] ; 0.000        ; 0.030      ; 1.426      ;
; 1.244 ; SOPC:inst2|altera_reset_controller:rst_controller|altera_reset_synchronizer:alt_rst_sync_uq1|altera_reset_synchronizer_int_chain_out ; SOPC:inst2|SOPC_sdram:sdram|i_next.111                                                                                     ; inst|altpll_component|pll|clk[0] ; inst|altpll_component|pll|clk[0] ; 0.000        ; 0.030      ; 1.426      ;
; 1.244 ; SOPC:inst2|altera_reset_controller:rst_controller|altera_reset_synchronizer:alt_rst_sync_uq1|altera_reset_synchronizer_int_chain_out ; SOPC:inst2|SOPC_sdram:sdram|i_state.111                                                                                    ; inst|altpll_component|pll|clk[0] ; inst|altpll_component|pll|clk[0] ; 0.000        ; 0.030      ; 1.426      ;
; 1.244 ; SOPC:inst2|altera_reset_controller:rst_controller|altera_reset_synchronizer:alt_rst_sync_uq1|altera_reset_synchronizer_int_chain_out ; SOPC:inst2|SOPC_sdram:sdram|i_count[2]                                                                                     ; inst|altpll_component|pll|clk[0] ; inst|altpll_component|pll|clk[0] ; 0.000        ; 0.030      ; 1.426      ;
; 1.244 ; SOPC:inst2|altera_reset_controller:rst_controller|altera_reset_synchronizer:alt_rst_sync_uq1|altera_reset_synchronizer_int_chain_out ; SOPC:inst2|SOPC_sdram:sdram|i_state.011                                                                                    ; inst|altpll_component|pll|clk[0] ; inst|altpll_component|pll|clk[0] ; 0.000        ; 0.030      ; 1.426      ;
; 1.244 ; SOPC:inst2|altera_reset_controller:rst_controller|altera_reset_synchronizer:alt_rst_sync_uq1|altera_reset_synchronizer_int_chain_out ; SOPC:inst2|SOPC_sdram:sdram|i_next.101                                                                                     ; inst|altpll_component|pll|clk[0] ; inst|altpll_component|pll|clk[0] ; 0.000        ; 0.031      ; 1.427      ;
; 1.244 ; SOPC:inst2|altera_reset_controller:rst_controller|altera_reset_synchronizer:alt_rst_sync_uq1|altera_reset_synchronizer_int_chain_out ; SOPC:inst2|SOPC_sdram:sdram|i_state.101                                                                                    ; inst|altpll_component|pll|clk[0] ; inst|altpll_component|pll|clk[0] ; 0.000        ; 0.031      ; 1.427      ;
; 1.244 ; SOPC:inst2|altera_reset_controller:rst_controller|altera_reset_synchronizer:alt_rst_sync_uq1|altera_reset_synchronizer_int_chain_out ; SOPC:inst2|SOPC_sdram:sdram|init_done                                                                                      ; inst|altpll_component|pll|clk[0] ; inst|altpll_component|pll|clk[0] ; 0.000        ; 0.034      ; 1.430      ;
; 1.244 ; SOPC:inst2|altera_reset_controller:rst_controller|altera_reset_synchronizer:alt_rst_sync_uq1|altera_reset_synchronizer_int_chain_out ; SOPC:inst2|SOPC_sdram:sdram|SOPC_sdram_input_efifo_module:the_SOPC_sdram_input_efifo_module|wr_address                     ; inst|altpll_component|pll|clk[0] ; inst|altpll_component|pll|clk[0] ; 0.000        ; 0.006      ; 1.402      ;
; 1.244 ; SOPC:inst2|altera_reset_controller:rst_controller|altera_reset_synchronizer:alt_rst_sync_uq1|altera_reset_synchronizer_int_chain_out ; SOPC:inst2|altera_merlin_master_agent:cpu_data_master_translator_avalon_universal_master_0_agent|hold_waitrequest          ; inst|altpll_component|pll|clk[0] ; inst|altpll_component|pll|clk[0] ; 0.000        ; 0.036      ; 1.432      ;
; 1.244 ; SOPC:inst2|altera_reset_controller:rst_controller|altera_reset_synchronizer:alt_rst_sync_uq1|altera_reset_synchronizer_int_chain_out ; SOPC:inst2|altera_merlin_slave_translator:epcs_epcs_control_port_translator|wait_latency_counter[0]                        ; inst|altpll_component|pll|clk[0] ; inst|altpll_component|pll|clk[0] ; 0.000        ; 0.018      ; 1.414      ;
; 1.244 ; SOPC:inst2|altera_reset_controller:rst_controller|altera_reset_synchronizer:alt_rst_sync_uq1|altera_reset_synchronizer_int_chain_out ; SOPC:inst2|SOPC_sdram:sdram|m_state.100000000                                                                              ; inst|altpll_component|pll|clk[0] ; inst|altpll_component|pll|clk[0] ; 0.000        ; 0.033      ; 1.429      ;
; 1.244 ; SOPC:inst2|altera_reset_controller:rst_controller|altera_reset_synchronizer:alt_rst_sync_uq1|altera_reset_synchronizer_int_chain_out ; SOPC:inst2|altera_merlin_slave_translator:cpu_jtag_debug_module_translator|read_latency_shift_reg[0]                       ; inst|altpll_component|pll|clk[0] ; inst|altpll_component|pll|clk[0] ; 0.000        ; 0.018      ; 1.414      ;
; 1.244 ; SOPC:inst2|altera_reset_controller:rst_controller|altera_reset_synchronizer:alt_rst_sync_uq1|altera_reset_synchronizer_int_chain_out ; SOPC:inst2|altera_avalon_sc_fifo:cpu_jtag_debug_module_translator_avalon_universal_slave_0_agent_rsp_fifo|mem_used[0]      ; inst|altpll_component|pll|clk[0] ; inst|altpll_component|pll|clk[0] ; 0.000        ; 0.018      ; 1.414      ;
; 1.244 ; SOPC:inst2|altera_reset_controller:rst_controller|altera_reset_synchronizer:alt_rst_sync_uq1|altera_reset_synchronizer_int_chain_out ; SOPC:inst2|altera_avalon_sc_fifo:cpu_jtag_debug_module_translator_avalon_universal_slave_0_agent_rsp_fifo|mem[1][84]       ; inst|altpll_component|pll|clk[0] ; inst|altpll_component|pll|clk[0] ; 0.000        ; 0.030      ; 1.426      ;
; 1.244 ; SOPC:inst2|altera_reset_controller:rst_controller|altera_reset_synchronizer:alt_rst_sync_uq1|altera_reset_synchronizer_int_chain_out ; SOPC:inst2|altera_avalon_sc_fifo:cpu_jtag_debug_module_translator_avalon_universal_slave_0_agent_rsp_fifo|mem[0][84]       ; inst|altpll_component|pll|clk[0] ; inst|altpll_component|pll|clk[0] ; 0.000        ; 0.030      ; 1.426      ;
; 1.244 ; SOPC:inst2|altera_reset_controller:rst_controller|altera_reset_synchronizer:alt_rst_sync_uq1|altera_reset_synchronizer_int_chain_out ; SOPC:inst2|altera_merlin_width_adapter:width_adapter|data_reg[9]                                                           ; inst|altpll_component|pll|clk[0] ; inst|altpll_component|pll|clk[0] ; 0.000        ; 0.021      ; 1.417      ;
; 1.244 ; SOPC:inst2|altera_reset_controller:rst_controller|altera_reset_synchronizer:alt_rst_sync_uq1|altera_reset_synchronizer_int_chain_out ; SOPC:inst2|SOPC_sdram:sdram|m_state.000000010                                                                              ; inst|altpll_component|pll|clk[0] ; inst|altpll_component|pll|clk[0] ; 0.000        ; 0.018      ; 1.414      ;
; 1.244 ; SOPC:inst2|altera_reset_controller:rst_controller|altera_reset_synchronizer:alt_rst_sync_uq1|altera_reset_synchronizer_int_chain_out ; SOPC:inst2|SOPC_sdram:sdram|m_data[9]~_Duplicate_1                                                                         ; inst|altpll_component|pll|clk[0] ; inst|altpll_component|pll|clk[0] ; 0.000        ; 0.022      ; 1.418      ;
; 1.244 ; SOPC:inst2|altera_reset_controller:rst_controller|altera_reset_synchronizer:alt_rst_sync_uq1|altera_reset_synchronizer_int_chain_out ; SOPC:inst2|altera_avalon_sc_fifo:sdram_s1_translator_avalon_universal_slave_0_agent_rdata_fifo|rd_ptr[2]                   ; inst|altpll_component|pll|clk[0] ; inst|altpll_component|pll|clk[0] ; 0.000        ; 0.031      ; 1.427      ;
; 1.244 ; SOPC:inst2|altera_reset_controller:rst_controller|altera_reset_synchronizer:alt_rst_sync_uq1|altera_reset_synchronizer_int_chain_out ; SOPC:inst2|altera_merlin_width_adapter:width_adapter|data_reg[10]                                                          ; inst|altpll_component|pll|clk[0] ; inst|altpll_component|pll|clk[0] ; 0.000        ; 0.004      ; 1.400      ;
; 1.244 ; SOPC:inst2|altera_reset_controller:rst_controller|altera_reset_synchronizer:alt_rst_sync_uq1|altera_reset_synchronizer_int_chain_out ; SOPC:inst2|SOPC_spi_touch:spi_touch|SSO_reg                                                                                ; inst|altpll_component|pll|clk[0] ; inst|altpll_component|pll|clk[0] ; 0.000        ; 0.031      ; 1.427      ;
; 1.244 ; SOPC:inst2|altera_reset_controller:rst_controller|altera_reset_synchronizer:alt_rst_sync_uq1|altera_reset_synchronizer_int_chain_out ; SOPC:inst2|altera_merlin_slave_translator:spi_touch_spi_control_port_translator|wait_latency_counter[0]                    ; inst|altpll_component|pll|clk[0] ; inst|altpll_component|pll|clk[0] ; 0.000        ; 0.036      ; 1.432      ;
; 1.244 ; SOPC:inst2|altera_reset_controller:rst_controller|altera_reset_synchronizer:alt_rst_sync_uq1|altera_reset_synchronizer_int_chain_out ; SOPC:inst2|altera_merlin_slave_translator:spi_touch_spi_control_port_translator|read_latency_shift_reg[0]                  ; inst|altpll_component|pll|clk[0] ; inst|altpll_component|pll|clk[0] ; 0.000        ; 0.028      ; 1.424      ;
; 1.244 ; SOPC:inst2|altera_reset_controller:rst_controller|altera_reset_synchronizer:alt_rst_sync_uq1|altera_reset_synchronizer_int_chain_out ; SOPC:inst2|altera_avalon_sc_fifo:spi_touch_spi_control_port_translator_avalon_universal_slave_0_agent_rsp_fifo|mem_used[0] ; inst|altpll_component|pll|clk[0] ; inst|altpll_component|pll|clk[0] ; 0.000        ; 0.028      ; 1.424      ;
; 1.244 ; SOPC:inst2|altera_reset_controller:rst_controller|altera_reset_synchronizer:alt_rst_sync_uq1|altera_reset_synchronizer_int_chain_out ; SOPC:inst2|altera_avalon_sc_fifo:spi_touch_spi_control_port_translator_avalon_universal_slave_0_agent_rsp_fifo|mem_used[1] ; inst|altpll_component|pll|clk[0] ; inst|altpll_component|pll|clk[0] ; 0.000        ; 0.028      ; 1.424      ;
; 1.244 ; SOPC:inst2|altera_reset_controller:rst_controller|altera_reset_synchronizer:alt_rst_sync_uq1|altera_reset_synchronizer_int_chain_out ; SOPC:inst2|altera_merlin_slave_translator:spi_touch_spi_control_port_translator|wait_latency_counter[1]                    ; inst|altpll_component|pll|clk[0] ; inst|altpll_component|pll|clk[0] ; 0.000        ; 0.036      ; 1.432      ;
; 1.244 ; SOPC:inst2|altera_reset_controller:rst_controller|altera_reset_synchronizer:alt_rst_sync_uq1|altera_reset_synchronizer_int_chain_out ; SOPC:inst2|SOPC_spi_touch:spi_touch|wr_strobe                                                                              ; inst|altpll_component|pll|clk[0] ; inst|altpll_component|pll|clk[0] ; 0.000        ; 0.036      ; 1.432      ;
; 1.244 ; SOPC:inst2|altera_reset_controller:rst_controller|altera_reset_synchronizer:alt_rst_sync_uq1|altera_reset_synchronizer_int_chain_out ; SOPC:inst2|SOPC_spi_touch:spi_touch|endofpacketvalue_reg[10]                                                               ; inst|altpll_component|pll|clk[0] ; inst|altpll_component|pll|clk[0] ; 0.000        ; 0.032      ; 1.428      ;
; 1.244 ; SOPC:inst2|altera_reset_controller:rst_controller|altera_reset_synchronizer:alt_rst_sync_uq1|altera_reset_synchronizer_int_chain_out ; SOPC:inst2|SOPC_spi_touch:spi_touch|data_wr_strobe                                                                         ; inst|altpll_component|pll|clk[0] ; inst|altpll_component|pll|clk[0] ; 0.000        ; 0.036      ; 1.432      ;
; 1.244 ; SOPC:inst2|altera_reset_controller:rst_controller|altera_reset_synchronizer:alt_rst_sync_uq1|altera_reset_synchronizer_int_chain_out ; SOPC:inst2|SOPC_spi_touch:spi_touch|slowcount[0]                                                                           ; inst|altpll_component|pll|clk[0] ; inst|altpll_component|pll|clk[0] ; 0.000        ; 0.031      ; 1.427      ;
; 1.244 ; SOPC:inst2|altera_reset_controller:rst_controller|altera_reset_synchronizer:alt_rst_sync_uq1|altera_reset_synchronizer_int_chain_out ; SOPC:inst2|SOPC_spi_touch:spi_touch|slowcount[2]                                                                           ; inst|altpll_component|pll|clk[0] ; inst|altpll_component|pll|clk[0] ; 0.000        ; 0.032      ; 1.428      ;
; 1.244 ; SOPC:inst2|altera_reset_controller:rst_controller|altera_reset_synchronizer:alt_rst_sync_uq1|altera_reset_synchronizer_int_chain_out ; SOPC:inst2|SOPC_spi_touch:spi_touch|slowcount[3]                                                                           ; inst|altpll_component|pll|clk[0] ; inst|altpll_component|pll|clk[0] ; 0.000        ; 0.032      ; 1.428      ;
; 1.244 ; SOPC:inst2|altera_reset_controller:rst_controller|altera_reset_synchronizer:alt_rst_sync_uq1|altera_reset_synchronizer_int_chain_out ; SOPC:inst2|SOPC_spi_touch:spi_touch|slowcount[4]                                                                           ; inst|altpll_component|pll|clk[0] ; inst|altpll_component|pll|clk[0] ; 0.000        ; 0.032      ; 1.428      ;
; 1.244 ; SOPC:inst2|altera_reset_controller:rst_controller|altera_reset_synchronizer:alt_rst_sync_uq1|altera_reset_synchronizer_int_chain_out ; SOPC:inst2|SOPC_spi_touch:spi_touch|slowcount[1]                                                                           ; inst|altpll_component|pll|clk[0] ; inst|altpll_component|pll|clk[0] ; 0.000        ; 0.032      ; 1.428      ;
; 1.244 ; SOPC:inst2|altera_reset_controller:rst_controller|altera_reset_synchronizer:alt_rst_sync_uq1|altera_reset_synchronizer_int_chain_out ; SOPC:inst2|SOPC_spi_touch:spi_touch|state[0]                                                                               ; inst|altpll_component|pll|clk[0] ; inst|altpll_component|pll|clk[0] ; 0.000        ; 0.032      ; 1.428      ;
; 1.244 ; SOPC:inst2|altera_reset_controller:rst_controller|altera_reset_synchronizer:alt_rst_sync_uq1|altera_reset_synchronizer_int_chain_out ; SOPC:inst2|SOPC_spi_touch:spi_touch|state[2]                                                                               ; inst|altpll_component|pll|clk[0] ; inst|altpll_component|pll|clk[0] ; 0.000        ; 0.032      ; 1.428      ;
; 1.244 ; SOPC:inst2|altera_reset_controller:rst_controller|altera_reset_synchronizer:alt_rst_sync_uq1|altera_reset_synchronizer_int_chain_out ; SOPC:inst2|SOPC_spi_touch:spi_touch|state[3]                                                                               ; inst|altpll_component|pll|clk[0] ; inst|altpll_component|pll|clk[0] ; 0.000        ; 0.032      ; 1.428      ;
; 1.244 ; SOPC:inst2|altera_reset_controller:rst_controller|altera_reset_synchronizer:alt_rst_sync_uq1|altera_reset_synchronizer_int_chain_out ; SOPC:inst2|SOPC_spi_touch:spi_touch|state[1]                                                                               ; inst|altpll_component|pll|clk[0] ; inst|altpll_component|pll|clk[0] ; 0.000        ; 0.032      ; 1.428      ;
; 1.244 ; SOPC:inst2|altera_reset_controller:rst_controller|altera_reset_synchronizer:alt_rst_sync_uq1|altera_reset_synchronizer_int_chain_out ; SOPC:inst2|SOPC_spi_touch:spi_touch|state[4]                                                                               ; inst|altpll_component|pll|clk[0] ; inst|altpll_component|pll|clk[0] ; 0.000        ; 0.032      ; 1.428      ;
; 1.244 ; SOPC:inst2|altera_reset_controller:rst_controller|altera_reset_synchronizer:alt_rst_sync_uq1|altera_reset_synchronizer_int_chain_out ; SOPC:inst2|SOPC_spi_touch:spi_touch|transmitting                                                                           ; inst|altpll_component|pll|clk[0] ; inst|altpll_component|pll|clk[0] ; 0.000        ; 0.032      ; 1.428      ;
; 1.244 ; SOPC:inst2|altera_reset_controller:rst_controller|altera_reset_synchronizer:alt_rst_sync_uq1|altera_reset_synchronizer_int_chain_out ; SOPC:inst2|SOPC_spi_touch:spi_touch|tx_holding_primed                                                                      ; inst|altpll_component|pll|clk[0] ; inst|altpll_component|pll|clk[0] ; 0.000        ; 0.031      ; 1.427      ;
; 1.244 ; SOPC:inst2|altera_reset_controller:rst_controller|altera_reset_synchronizer:alt_rst_sync_uq1|altera_reset_synchronizer_int_chain_out ; SOPC:inst2|SOPC_spi_touch:spi_touch|spi_slave_select_holding_reg[10]                                                       ; inst|altpll_component|pll|clk[0] ; inst|altpll_component|pll|clk[0] ; 0.000        ; 0.032      ; 1.428      ;
; 1.244 ; SOPC:inst2|altera_reset_controller:rst_controller|altera_reset_synchronizer:alt_rst_sync_uq1|altera_reset_synchronizer_int_chain_out ; SOPC:inst2|SOPC_spi_touch:spi_touch|spi_slave_select_reg[10]                                                               ; inst|altpll_component|pll|clk[0] ; inst|altpll_component|pll|clk[0] ; 0.000        ; 0.031      ; 1.427      ;
; 1.244 ; SOPC:inst2|altera_reset_controller:rst_controller|altera_reset_synchronizer:alt_rst_sync_uq1|altera_reset_synchronizer_int_chain_out ; SOPC:inst2|SOPC_spi_touch:spi_touch|data_to_cpu[10]                                                                        ; inst|altpll_component|pll|clk[0] ; inst|altpll_component|pll|clk[0] ; 0.000        ; 0.031      ; 1.427      ;
; 1.244 ; SOPC:inst2|altera_reset_controller:rst_controller|altera_reset_synchronizer:alt_rst_sync_uq1|altera_reset_synchronizer_int_chain_out ; SOPC:inst2|altera_merlin_slave_translator:spi_touch_spi_control_port_translator|av_readdata_pre[10]                        ; inst|altpll_component|pll|clk[0] ; inst|altpll_component|pll|clk[0] ; 0.000        ; 0.034      ; 1.430      ;
; 1.244 ; SOPC:inst2|altera_reset_controller:rst_controller|altera_reset_synchronizer:alt_rst_sync_uq1|altera_reset_synchronizer_int_chain_out ; SOPC:inst2|altera_merlin_slave_translator:lcd32_data_s1_translator|wait_latency_counter[1]                                 ; inst|altpll_component|pll|clk[0] ; inst|altpll_component|pll|clk[0] ; 0.000        ; 0.029      ; 1.425      ;
; 1.244 ; SOPC:inst2|altera_reset_controller:rst_controller|altera_reset_synchronizer:alt_rst_sync_uq1|altera_reset_synchronizer_int_chain_out ; SOPC:inst2|altera_merlin_slave_translator:lcd32_data_s1_translator|wait_latency_counter[0]                                 ; inst|altpll_component|pll|clk[0] ; inst|altpll_component|pll|clk[0] ; 0.000        ; 0.029      ; 1.425      ;
; 1.244 ; SOPC:inst2|altera_reset_controller:rst_controller|altera_reset_synchronizer:alt_rst_sync_uq1|altera_reset_synchronizer_int_chain_out ; SOPC:inst2|SOPC_lcd32_data:lcd32_data|data_out[10]                                                                         ; inst|altpll_component|pll|clk[0] ; inst|altpll_component|pll|clk[0] ; 0.000        ; 0.039      ; 1.435      ;
; 1.244 ; SOPC:inst2|altera_reset_controller:rst_controller|altera_reset_synchronizer:alt_rst_sync_uq1|altera_reset_synchronizer_int_chain_out ; SOPC:inst2|SOPC_lcd32_data:lcd32_data|data_dir[10]                                                                         ; inst|altpll_component|pll|clk[0] ; inst|altpll_component|pll|clk[0] ; 0.000        ; 0.039      ; 1.435      ;
; 1.244 ; SOPC:inst2|altera_reset_controller:rst_controller|altera_reset_synchronizer:alt_rst_sync_uq1|altera_reset_synchronizer_int_chain_out ; SOPC:inst2|SOPC_lcd32_data:lcd32_data|readdata[10]                                                                         ; inst|altpll_component|pll|clk[0] ; inst|altpll_component|pll|clk[0] ; 0.000        ; 0.041      ; 1.437      ;
; 1.244 ; SOPC:inst2|altera_reset_controller:rst_controller|altera_reset_synchronizer:alt_rst_sync_uq1|altera_reset_synchronizer_int_chain_out ; SOPC:inst2|altera_merlin_slave_translator:lcd32_data_s1_translator|av_readdata_pre[10]                                     ; inst|altpll_component|pll|clk[0] ; inst|altpll_component|pll|clk[0] ; 0.000        ; 0.038      ; 1.434      ;
; 1.244 ; SOPC:inst2|altera_reset_controller:rst_controller|altera_reset_synchronizer:alt_rst_sync_uq1|altera_reset_synchronizer_int_chain_out ; SOPC:inst2|SOPC_epcs:epcs|SOPC_epcs_sub:the_SOPC_epcs_sub|state[0]                                                         ; inst|altpll_component|pll|clk[0] ; inst|altpll_component|pll|clk[0] ; 0.000        ; 0.018      ; 1.414      ;
; 1.244 ; SOPC:inst2|altera_reset_controller:rst_controller|altera_reset_synchronizer:alt_rst_sync_uq1|altera_reset_synchronizer_int_chain_out ; SOPC:inst2|SOPC_epcs:epcs|SOPC_epcs_sub:the_SOPC_epcs_sub|state[3]                                                         ; inst|altpll_component|pll|clk[0] ; inst|altpll_component|pll|clk[0] ; 0.000        ; 0.018      ; 1.414      ;
; 1.244 ; SOPC:inst2|altera_reset_controller:rst_controller|altera_reset_synchronizer:alt_rst_sync_uq1|altera_reset_synchronizer_int_chain_out ; SOPC:inst2|SOPC_epcs:epcs|SOPC_epcs_sub:the_SOPC_epcs_sub|state[4]                                                         ; inst|altpll_component|pll|clk[0] ; inst|altpll_component|pll|clk[0] ; 0.000        ; 0.018      ; 1.414      ;
; 1.244 ; SOPC:inst2|altera_reset_controller:rst_controller|altera_reset_synchronizer:alt_rst_sync_uq1|altera_reset_synchronizer_int_chain_out ; SOPC:inst2|SOPC_epcs:epcs|SOPC_epcs_sub:the_SOPC_epcs_sub|state[1]                                                         ; inst|altpll_component|pll|clk[0] ; inst|altpll_component|pll|clk[0] ; 0.000        ; 0.018      ; 1.414      ;
; 1.244 ; SOPC:inst2|altera_reset_controller:rst_controller|altera_reset_synchronizer:alt_rst_sync_uq1|altera_reset_synchronizer_int_chain_out ; SOPC:inst2|SOPC_epcs:epcs|SOPC_epcs_sub:the_SOPC_epcs_sub|state[2]                                                         ; inst|altpll_component|pll|clk[0] ; inst|altpll_component|pll|clk[0] ; 0.000        ; 0.018      ; 1.414      ;
; 1.244 ; SOPC:inst2|altera_reset_controller:rst_controller|altera_reset_synchronizer:alt_rst_sync_uq1|altera_reset_synchronizer_int_chain_out ; SOPC:inst2|SOPC_epcs:epcs|SOPC_epcs_sub:the_SOPC_epcs_sub|transmitting                                                     ; inst|altpll_component|pll|clk[0] ; inst|altpll_component|pll|clk[0] ; 0.000        ; 0.038      ; 1.434      ;
; 1.244 ; SOPC:inst2|altera_reset_controller:rst_controller|altera_reset_synchronizer:alt_rst_sync_uq1|altera_reset_synchronizer_int_chain_out ; SOPC:inst2|SOPC_epcs:epcs|SOPC_epcs_sub:the_SOPC_epcs_sub|tx_holding_primed                                                ; inst|altpll_component|pll|clk[0] ; inst|altpll_component|pll|clk[0] ; 0.000        ; 0.026      ; 1.422      ;
; 1.244 ; SOPC:inst2|altera_reset_controller:rst_controller|altera_reset_synchronizer:alt_rst_sync_uq1|altera_reset_synchronizer_int_chain_out ; SOPC:inst2|SOPC_epcs:epcs|SOPC_epcs_sub:the_SOPC_epcs_sub|epcs_slave_select_holding_reg[10]                                ; inst|altpll_component|pll|clk[0] ; inst|altpll_component|pll|clk[0] ; 0.000        ; 0.038      ; 1.434      ;
; 1.244 ; SOPC:inst2|altera_reset_controller:rst_controller|altera_reset_synchronizer:alt_rst_sync_uq1|altera_reset_synchronizer_int_chain_out ; SOPC:inst2|SOPC_epcs:epcs|SOPC_epcs_sub:the_SOPC_epcs_sub|epcs_slave_select_reg[10]                                        ; inst|altpll_component|pll|clk[0] ; inst|altpll_component|pll|clk[0] ; 0.000        ; 0.038      ; 1.434      ;
; 1.244 ; SOPC:inst2|altera_reset_controller:rst_controller|altera_reset_synchronizer:alt_rst_sync_uq1|altera_reset_synchronizer_int_chain_out ; SOPC:inst2|SOPC_epcs:epcs|SOPC_epcs_sub:the_SOPC_epcs_sub|endofpacketvalue_reg[10]                                         ; inst|altpll_component|pll|clk[0] ; inst|altpll_component|pll|clk[0] ; 0.000        ; 0.030      ; 1.426      ;
; 1.244 ; SOPC:inst2|altera_reset_controller:rst_controller|altera_reset_synchronizer:alt_rst_sync_uq1|altera_reset_synchronizer_int_chain_out ; SOPC:inst2|altera_merlin_slave_translator:epcs_epcs_control_port_translator|av_readdata_pre[10]                            ; inst|altpll_component|pll|clk[0] ; inst|altpll_component|pll|clk[0] ; 0.000        ; 0.018      ; 1.414      ;
; 1.244 ; SOPC:inst2|altera_reset_controller:rst_controller|altera_reset_synchronizer:alt_rst_sync_uq1|altera_reset_synchronizer_int_chain_out ; SOPC:inst2|altera_merlin_slave_translator:cpu_jtag_debug_module_translator|av_readdata_pre[10]                             ; inst|altpll_component|pll|clk[0] ; inst|altpll_component|pll|clk[0] ; 0.000        ; 0.000      ; 1.396      ;
; 1.244 ; SOPC:inst2|altera_reset_controller:rst_controller|altera_reset_synchronizer:alt_rst_sync_uq1|altera_reset_synchronizer_int_chain_out ; SOPC:inst2|SOPC_jtag_uart:jtag_uart|av_waitrequest                                                                         ; inst|altpll_component|pll|clk[0] ; inst|altpll_component|pll|clk[0] ; 0.000        ; 0.020      ; 1.416      ;
; 1.244 ; SOPC:inst2|altera_reset_controller:rst_controller|altera_reset_synchronizer:alt_rst_sync_uq1|altera_reset_synchronizer_int_chain_out ; SOPC:inst2|SOPC_jtag_uart:jtag_uart|alt_jtag_atlantic:SOPC_jtag_uart_alt_jtag_atlantic|rst2                                ; inst|altpll_component|pll|clk[0] ; inst|altpll_component|pll|clk[0] ; 0.000        ; 0.034      ; 1.430      ;
; 1.244 ; SOPC:inst2|altera_reset_controller:rst_controller|altera_reset_synchronizer:alt_rst_sync_uq1|altera_reset_synchronizer_int_chain_out ; SOPC:inst2|SOPC_jtag_uart:jtag_uart|alt_jtag_atlantic:SOPC_jtag_uart_alt_jtag_atlantic|write1                              ; inst|altpll_component|pll|clk[0] ; inst|altpll_component|pll|clk[0] ; 0.000        ; 0.029      ; 1.425      ;
+-------+--------------------------------------------------------------------------------------------------------------------------------------+----------------------------------------------------------------------------------------------------------------------------+----------------------------------+----------------------------------+--------------+------------+------------+


+----------------------------------------------------------------------------------------------------------------------------------------------------------------------------------------------------------------------------------------------------------------------+
; Fast Model Minimum Pulse Width: 'inst|altpll_component|pll|clk[0]'                                                                                                                                                                                                   ;
+-------+--------------+----------------+------------------+----------------------------------+------------+-----------------------------------------------------------------------------------------------------------------------------------------------------------+
; Slack ; Actual Width ; Required Width ; Type             ; Clock                            ; Clock Edge ; Target                                                                                                                                                    ;
+-------+--------------+----------------+------------------+----------------------------------+------------+-----------------------------------------------------------------------------------------------------------------------------------------------------------+
; 2.873 ; 5.000        ; 2.127          ; High Pulse Width ; inst|altpll_component|pll|clk[0] ; Rise       ; SOPC:inst2|SOPC_cpu:cpu|D_bht_data[0]                                                                                                                     ;
; 2.873 ; 5.000        ; 2.127          ; Low Pulse Width  ; inst|altpll_component|pll|clk[0] ; Rise       ; SOPC:inst2|SOPC_cpu:cpu|D_bht_data[0]                                                                                                                     ;
; 2.873 ; 5.000        ; 2.127          ; High Pulse Width ; inst|altpll_component|pll|clk[0] ; Rise       ; SOPC:inst2|SOPC_cpu:cpu|D_bht_data[1]                                                                                                                     ;
; 2.873 ; 5.000        ; 2.127          ; Low Pulse Width  ; inst|altpll_component|pll|clk[0] ; Rise       ; SOPC:inst2|SOPC_cpu:cpu|D_bht_data[1]                                                                                                                     ;
; 2.873 ; 5.000        ; 2.127          ; High Pulse Width ; inst|altpll_component|pll|clk[0] ; Rise       ; SOPC:inst2|SOPC_cpu:cpu|SOPC_cpu_bht_module:SOPC_cpu_bht|altsyncram:the_altsyncram|altsyncram_d5g1:auto_generated|ram_block1a0~porta_address_reg0         ;
; 2.873 ; 5.000        ; 2.127          ; Low Pulse Width  ; inst|altpll_component|pll|clk[0] ; Rise       ; SOPC:inst2|SOPC_cpu:cpu|SOPC_cpu_bht_module:SOPC_cpu_bht|altsyncram:the_altsyncram|altsyncram_d5g1:auto_generated|ram_block1a0~porta_address_reg0         ;
; 2.873 ; 5.000        ; 2.127          ; High Pulse Width ; inst|altpll_component|pll|clk[0] ; Rise       ; SOPC:inst2|SOPC_cpu:cpu|SOPC_cpu_bht_module:SOPC_cpu_bht|altsyncram:the_altsyncram|altsyncram_d5g1:auto_generated|ram_block1a0~porta_address_reg1         ;
; 2.873 ; 5.000        ; 2.127          ; Low Pulse Width  ; inst|altpll_component|pll|clk[0] ; Rise       ; SOPC:inst2|SOPC_cpu:cpu|SOPC_cpu_bht_module:SOPC_cpu_bht|altsyncram:the_altsyncram|altsyncram_d5g1:auto_generated|ram_block1a0~porta_address_reg1         ;
; 2.873 ; 5.000        ; 2.127          ; High Pulse Width ; inst|altpll_component|pll|clk[0] ; Rise       ; SOPC:inst2|SOPC_cpu:cpu|SOPC_cpu_bht_module:SOPC_cpu_bht|altsyncram:the_altsyncram|altsyncram_d5g1:auto_generated|ram_block1a0~porta_address_reg2         ;
; 2.873 ; 5.000        ; 2.127          ; Low Pulse Width  ; inst|altpll_component|pll|clk[0] ; Rise       ; SOPC:inst2|SOPC_cpu:cpu|SOPC_cpu_bht_module:SOPC_cpu_bht|altsyncram:the_altsyncram|altsyncram_d5g1:auto_generated|ram_block1a0~porta_address_reg2         ;
; 2.873 ; 5.000        ; 2.127          ; High Pulse Width ; inst|altpll_component|pll|clk[0] ; Rise       ; SOPC:inst2|SOPC_cpu:cpu|SOPC_cpu_bht_module:SOPC_cpu_bht|altsyncram:the_altsyncram|altsyncram_d5g1:auto_generated|ram_block1a0~porta_address_reg3         ;
; 2.873 ; 5.000        ; 2.127          ; Low Pulse Width  ; inst|altpll_component|pll|clk[0] ; Rise       ; SOPC:inst2|SOPC_cpu:cpu|SOPC_cpu_bht_module:SOPC_cpu_bht|altsyncram:the_altsyncram|altsyncram_d5g1:auto_generated|ram_block1a0~porta_address_reg3         ;
; 2.873 ; 5.000        ; 2.127          ; High Pulse Width ; inst|altpll_component|pll|clk[0] ; Rise       ; SOPC:inst2|SOPC_cpu:cpu|SOPC_cpu_bht_module:SOPC_cpu_bht|altsyncram:the_altsyncram|altsyncram_d5g1:auto_generated|ram_block1a0~porta_address_reg4         ;
; 2.873 ; 5.000        ; 2.127          ; Low Pulse Width  ; inst|altpll_component|pll|clk[0] ; Rise       ; SOPC:inst2|SOPC_cpu:cpu|SOPC_cpu_bht_module:SOPC_cpu_bht|altsyncram:the_altsyncram|altsyncram_d5g1:auto_generated|ram_block1a0~porta_address_reg4         ;
; 2.873 ; 5.000        ; 2.127          ; High Pulse Width ; inst|altpll_component|pll|clk[0] ; Rise       ; SOPC:inst2|SOPC_cpu:cpu|SOPC_cpu_bht_module:SOPC_cpu_bht|altsyncram:the_altsyncram|altsyncram_d5g1:auto_generated|ram_block1a0~porta_address_reg5         ;
; 2.873 ; 5.000        ; 2.127          ; Low Pulse Width  ; inst|altpll_component|pll|clk[0] ; Rise       ; SOPC:inst2|SOPC_cpu:cpu|SOPC_cpu_bht_module:SOPC_cpu_bht|altsyncram:the_altsyncram|altsyncram_d5g1:auto_generated|ram_block1a0~porta_address_reg5         ;
; 2.873 ; 5.000        ; 2.127          ; High Pulse Width ; inst|altpll_component|pll|clk[0] ; Rise       ; SOPC:inst2|SOPC_cpu:cpu|SOPC_cpu_bht_module:SOPC_cpu_bht|altsyncram:the_altsyncram|altsyncram_d5g1:auto_generated|ram_block1a0~porta_address_reg6         ;
; 2.873 ; 5.000        ; 2.127          ; Low Pulse Width  ; inst|altpll_component|pll|clk[0] ; Rise       ; SOPC:inst2|SOPC_cpu:cpu|SOPC_cpu_bht_module:SOPC_cpu_bht|altsyncram:the_altsyncram|altsyncram_d5g1:auto_generated|ram_block1a0~porta_address_reg6         ;
; 2.873 ; 5.000        ; 2.127          ; High Pulse Width ; inst|altpll_component|pll|clk[0] ; Rise       ; SOPC:inst2|SOPC_cpu:cpu|SOPC_cpu_bht_module:SOPC_cpu_bht|altsyncram:the_altsyncram|altsyncram_d5g1:auto_generated|ram_block1a0~porta_address_reg7         ;
; 2.873 ; 5.000        ; 2.127          ; Low Pulse Width  ; inst|altpll_component|pll|clk[0] ; Rise       ; SOPC:inst2|SOPC_cpu:cpu|SOPC_cpu_bht_module:SOPC_cpu_bht|altsyncram:the_altsyncram|altsyncram_d5g1:auto_generated|ram_block1a0~porta_address_reg7         ;
; 2.873 ; 5.000        ; 2.127          ; High Pulse Width ; inst|altpll_component|pll|clk[0] ; Rise       ; SOPC:inst2|SOPC_cpu:cpu|SOPC_cpu_bht_module:SOPC_cpu_bht|altsyncram:the_altsyncram|altsyncram_d5g1:auto_generated|ram_block1a0~porta_datain_reg0          ;
; 2.873 ; 5.000        ; 2.127          ; Low Pulse Width  ; inst|altpll_component|pll|clk[0] ; Rise       ; SOPC:inst2|SOPC_cpu:cpu|SOPC_cpu_bht_module:SOPC_cpu_bht|altsyncram:the_altsyncram|altsyncram_d5g1:auto_generated|ram_block1a0~porta_datain_reg0          ;
; 2.873 ; 5.000        ; 2.127          ; High Pulse Width ; inst|altpll_component|pll|clk[0] ; Rise       ; SOPC:inst2|SOPC_cpu:cpu|SOPC_cpu_bht_module:SOPC_cpu_bht|altsyncram:the_altsyncram|altsyncram_d5g1:auto_generated|ram_block1a0~porta_datain_reg1          ;
; 2.873 ; 5.000        ; 2.127          ; Low Pulse Width  ; inst|altpll_component|pll|clk[0] ; Rise       ; SOPC:inst2|SOPC_cpu:cpu|SOPC_cpu_bht_module:SOPC_cpu_bht|altsyncram:the_altsyncram|altsyncram_d5g1:auto_generated|ram_block1a0~porta_datain_reg1          ;
; 2.873 ; 5.000        ; 2.127          ; High Pulse Width ; inst|altpll_component|pll|clk[0] ; Rise       ; SOPC:inst2|SOPC_cpu:cpu|SOPC_cpu_bht_module:SOPC_cpu_bht|altsyncram:the_altsyncram|altsyncram_d5g1:auto_generated|ram_block1a0~porta_memory_reg0          ;
; 2.873 ; 5.000        ; 2.127          ; Low Pulse Width  ; inst|altpll_component|pll|clk[0] ; Rise       ; SOPC:inst2|SOPC_cpu:cpu|SOPC_cpu_bht_module:SOPC_cpu_bht|altsyncram:the_altsyncram|altsyncram_d5g1:auto_generated|ram_block1a0~porta_memory_reg0          ;
; 2.873 ; 5.000        ; 2.127          ; High Pulse Width ; inst|altpll_component|pll|clk[0] ; Rise       ; SOPC:inst2|SOPC_cpu:cpu|SOPC_cpu_bht_module:SOPC_cpu_bht|altsyncram:the_altsyncram|altsyncram_d5g1:auto_generated|ram_block1a0~porta_we_reg               ;
; 2.873 ; 5.000        ; 2.127          ; Low Pulse Width  ; inst|altpll_component|pll|clk[0] ; Rise       ; SOPC:inst2|SOPC_cpu:cpu|SOPC_cpu_bht_module:SOPC_cpu_bht|altsyncram:the_altsyncram|altsyncram_d5g1:auto_generated|ram_block1a0~porta_we_reg               ;
; 2.873 ; 5.000        ; 2.127          ; High Pulse Width ; inst|altpll_component|pll|clk[0] ; Rise       ; SOPC:inst2|SOPC_cpu:cpu|SOPC_cpu_bht_module:SOPC_cpu_bht|altsyncram:the_altsyncram|altsyncram_d5g1:auto_generated|ram_block1a0~portb_address_reg0         ;
; 2.873 ; 5.000        ; 2.127          ; Low Pulse Width  ; inst|altpll_component|pll|clk[0] ; Rise       ; SOPC:inst2|SOPC_cpu:cpu|SOPC_cpu_bht_module:SOPC_cpu_bht|altsyncram:the_altsyncram|altsyncram_d5g1:auto_generated|ram_block1a0~portb_address_reg0         ;
; 2.873 ; 5.000        ; 2.127          ; High Pulse Width ; inst|altpll_component|pll|clk[0] ; Rise       ; SOPC:inst2|SOPC_cpu:cpu|SOPC_cpu_bht_module:SOPC_cpu_bht|altsyncram:the_altsyncram|altsyncram_d5g1:auto_generated|ram_block1a0~portb_address_reg1         ;
; 2.873 ; 5.000        ; 2.127          ; Low Pulse Width  ; inst|altpll_component|pll|clk[0] ; Rise       ; SOPC:inst2|SOPC_cpu:cpu|SOPC_cpu_bht_module:SOPC_cpu_bht|altsyncram:the_altsyncram|altsyncram_d5g1:auto_generated|ram_block1a0~portb_address_reg1         ;
; 2.873 ; 5.000        ; 2.127          ; High Pulse Width ; inst|altpll_component|pll|clk[0] ; Rise       ; SOPC:inst2|SOPC_cpu:cpu|SOPC_cpu_bht_module:SOPC_cpu_bht|altsyncram:the_altsyncram|altsyncram_d5g1:auto_generated|ram_block1a0~portb_address_reg2         ;
; 2.873 ; 5.000        ; 2.127          ; Low Pulse Width  ; inst|altpll_component|pll|clk[0] ; Rise       ; SOPC:inst2|SOPC_cpu:cpu|SOPC_cpu_bht_module:SOPC_cpu_bht|altsyncram:the_altsyncram|altsyncram_d5g1:auto_generated|ram_block1a0~portb_address_reg2         ;
; 2.873 ; 5.000        ; 2.127          ; High Pulse Width ; inst|altpll_component|pll|clk[0] ; Rise       ; SOPC:inst2|SOPC_cpu:cpu|SOPC_cpu_bht_module:SOPC_cpu_bht|altsyncram:the_altsyncram|altsyncram_d5g1:auto_generated|ram_block1a0~portb_address_reg3         ;
; 2.873 ; 5.000        ; 2.127          ; Low Pulse Width  ; inst|altpll_component|pll|clk[0] ; Rise       ; SOPC:inst2|SOPC_cpu:cpu|SOPC_cpu_bht_module:SOPC_cpu_bht|altsyncram:the_altsyncram|altsyncram_d5g1:auto_generated|ram_block1a0~portb_address_reg3         ;
; 2.873 ; 5.000        ; 2.127          ; High Pulse Width ; inst|altpll_component|pll|clk[0] ; Rise       ; SOPC:inst2|SOPC_cpu:cpu|SOPC_cpu_bht_module:SOPC_cpu_bht|altsyncram:the_altsyncram|altsyncram_d5g1:auto_generated|ram_block1a0~portb_address_reg4         ;
; 2.873 ; 5.000        ; 2.127          ; Low Pulse Width  ; inst|altpll_component|pll|clk[0] ; Rise       ; SOPC:inst2|SOPC_cpu:cpu|SOPC_cpu_bht_module:SOPC_cpu_bht|altsyncram:the_altsyncram|altsyncram_d5g1:auto_generated|ram_block1a0~portb_address_reg4         ;
; 2.873 ; 5.000        ; 2.127          ; High Pulse Width ; inst|altpll_component|pll|clk[0] ; Rise       ; SOPC:inst2|SOPC_cpu:cpu|SOPC_cpu_bht_module:SOPC_cpu_bht|altsyncram:the_altsyncram|altsyncram_d5g1:auto_generated|ram_block1a0~portb_address_reg5         ;
; 2.873 ; 5.000        ; 2.127          ; Low Pulse Width  ; inst|altpll_component|pll|clk[0] ; Rise       ; SOPC:inst2|SOPC_cpu:cpu|SOPC_cpu_bht_module:SOPC_cpu_bht|altsyncram:the_altsyncram|altsyncram_d5g1:auto_generated|ram_block1a0~portb_address_reg5         ;
; 2.873 ; 5.000        ; 2.127          ; High Pulse Width ; inst|altpll_component|pll|clk[0] ; Rise       ; SOPC:inst2|SOPC_cpu:cpu|SOPC_cpu_bht_module:SOPC_cpu_bht|altsyncram:the_altsyncram|altsyncram_d5g1:auto_generated|ram_block1a0~portb_address_reg6         ;
; 2.873 ; 5.000        ; 2.127          ; Low Pulse Width  ; inst|altpll_component|pll|clk[0] ; Rise       ; SOPC:inst2|SOPC_cpu:cpu|SOPC_cpu_bht_module:SOPC_cpu_bht|altsyncram:the_altsyncram|altsyncram_d5g1:auto_generated|ram_block1a0~portb_address_reg6         ;
; 2.873 ; 5.000        ; 2.127          ; High Pulse Width ; inst|altpll_component|pll|clk[0] ; Rise       ; SOPC:inst2|SOPC_cpu:cpu|SOPC_cpu_bht_module:SOPC_cpu_bht|altsyncram:the_altsyncram|altsyncram_d5g1:auto_generated|ram_block1a0~portb_address_reg7         ;
; 2.873 ; 5.000        ; 2.127          ; Low Pulse Width  ; inst|altpll_component|pll|clk[0] ; Rise       ; SOPC:inst2|SOPC_cpu:cpu|SOPC_cpu_bht_module:SOPC_cpu_bht|altsyncram:the_altsyncram|altsyncram_d5g1:auto_generated|ram_block1a0~portb_address_reg7         ;
; 2.873 ; 5.000        ; 2.127          ; High Pulse Width ; inst|altpll_component|pll|clk[0] ; Rise       ; SOPC:inst2|SOPC_cpu:cpu|SOPC_cpu_bht_module:SOPC_cpu_bht|altsyncram:the_altsyncram|altsyncram_d5g1:auto_generated|ram_block1a0~portb_re_reg               ;
; 2.873 ; 5.000        ; 2.127          ; Low Pulse Width  ; inst|altpll_component|pll|clk[0] ; Rise       ; SOPC:inst2|SOPC_cpu:cpu|SOPC_cpu_bht_module:SOPC_cpu_bht|altsyncram:the_altsyncram|altsyncram_d5g1:auto_generated|ram_block1a0~portb_re_reg               ;
; 2.873 ; 5.000        ; 2.127          ; High Pulse Width ; inst|altpll_component|pll|clk[0] ; Rise       ; SOPC:inst2|SOPC_cpu:cpu|SOPC_cpu_bht_module:SOPC_cpu_bht|altsyncram:the_altsyncram|altsyncram_d5g1:auto_generated|ram_block1a1~porta_memory_reg0          ;
; 2.873 ; 5.000        ; 2.127          ; Low Pulse Width  ; inst|altpll_component|pll|clk[0] ; Rise       ; SOPC:inst2|SOPC_cpu:cpu|SOPC_cpu_bht_module:SOPC_cpu_bht|altsyncram:the_altsyncram|altsyncram_d5g1:auto_generated|ram_block1a1~porta_memory_reg0          ;
; 2.873 ; 5.000        ; 2.127          ; High Pulse Width ; inst|altpll_component|pll|clk[0] ; Rise       ; SOPC:inst2|SOPC_cpu:cpu|SOPC_cpu_ic_data_module:SOPC_cpu_ic_data|altsyncram:the_altsyncram|altsyncram_c9d1:auto_generated|ram_block1a0~porta_address_reg0 ;
; 2.873 ; 5.000        ; 2.127          ; Low Pulse Width  ; inst|altpll_component|pll|clk[0] ; Rise       ; SOPC:inst2|SOPC_cpu:cpu|SOPC_cpu_ic_data_module:SOPC_cpu_ic_data|altsyncram:the_altsyncram|altsyncram_c9d1:auto_generated|ram_block1a0~porta_address_reg0 ;
; 2.873 ; 5.000        ; 2.127          ; High Pulse Width ; inst|altpll_component|pll|clk[0] ; Rise       ; SOPC:inst2|SOPC_cpu:cpu|SOPC_cpu_ic_data_module:SOPC_cpu_ic_data|altsyncram:the_altsyncram|altsyncram_c9d1:auto_generated|ram_block1a0~porta_address_reg1 ;
; 2.873 ; 5.000        ; 2.127          ; Low Pulse Width  ; inst|altpll_component|pll|clk[0] ; Rise       ; SOPC:inst2|SOPC_cpu:cpu|SOPC_cpu_ic_data_module:SOPC_cpu_ic_data|altsyncram:the_altsyncram|altsyncram_c9d1:auto_generated|ram_block1a0~porta_address_reg1 ;
; 2.873 ; 5.000        ; 2.127          ; High Pulse Width ; inst|altpll_component|pll|clk[0] ; Rise       ; SOPC:inst2|SOPC_cpu:cpu|SOPC_cpu_ic_data_module:SOPC_cpu_ic_data|altsyncram:the_altsyncram|altsyncram_c9d1:auto_generated|ram_block1a0~porta_address_reg2 ;
; 2.873 ; 5.000        ; 2.127          ; Low Pulse Width  ; inst|altpll_component|pll|clk[0] ; Rise       ; SOPC:inst2|SOPC_cpu:cpu|SOPC_cpu_ic_data_module:SOPC_cpu_ic_data|altsyncram:the_altsyncram|altsyncram_c9d1:auto_generated|ram_block1a0~porta_address_reg2 ;
; 2.873 ; 5.000        ; 2.127          ; High Pulse Width ; inst|altpll_component|pll|clk[0] ; Rise       ; SOPC:inst2|SOPC_cpu:cpu|SOPC_cpu_ic_data_module:SOPC_cpu_ic_data|altsyncram:the_altsyncram|altsyncram_c9d1:auto_generated|ram_block1a0~porta_address_reg3 ;
; 2.873 ; 5.000        ; 2.127          ; Low Pulse Width  ; inst|altpll_component|pll|clk[0] ; Rise       ; SOPC:inst2|SOPC_cpu:cpu|SOPC_cpu_ic_data_module:SOPC_cpu_ic_data|altsyncram:the_altsyncram|altsyncram_c9d1:auto_generated|ram_block1a0~porta_address_reg3 ;
; 2.873 ; 5.000        ; 2.127          ; High Pulse Width ; inst|altpll_component|pll|clk[0] ; Rise       ; SOPC:inst2|SOPC_cpu:cpu|SOPC_cpu_ic_data_module:SOPC_cpu_ic_data|altsyncram:the_altsyncram|altsyncram_c9d1:auto_generated|ram_block1a0~porta_address_reg4 ;
; 2.873 ; 5.000        ; 2.127          ; Low Pulse Width  ; inst|altpll_component|pll|clk[0] ; Rise       ; SOPC:inst2|SOPC_cpu:cpu|SOPC_cpu_ic_data_module:SOPC_cpu_ic_data|altsyncram:the_altsyncram|altsyncram_c9d1:auto_generated|ram_block1a0~porta_address_reg4 ;
; 2.873 ; 5.000        ; 2.127          ; High Pulse Width ; inst|altpll_component|pll|clk[0] ; Rise       ; SOPC:inst2|SOPC_cpu:cpu|SOPC_cpu_ic_data_module:SOPC_cpu_ic_data|altsyncram:the_altsyncram|altsyncram_c9d1:auto_generated|ram_block1a0~porta_address_reg5 ;
; 2.873 ; 5.000        ; 2.127          ; Low Pulse Width  ; inst|altpll_component|pll|clk[0] ; Rise       ; SOPC:inst2|SOPC_cpu:cpu|SOPC_cpu_ic_data_module:SOPC_cpu_ic_data|altsyncram:the_altsyncram|altsyncram_c9d1:auto_generated|ram_block1a0~porta_address_reg5 ;
; 2.873 ; 5.000        ; 2.127          ; High Pulse Width ; inst|altpll_component|pll|clk[0] ; Rise       ; SOPC:inst2|SOPC_cpu:cpu|SOPC_cpu_ic_data_module:SOPC_cpu_ic_data|altsyncram:the_altsyncram|altsyncram_c9d1:auto_generated|ram_block1a0~porta_address_reg6 ;
; 2.873 ; 5.000        ; 2.127          ; Low Pulse Width  ; inst|altpll_component|pll|clk[0] ; Rise       ; SOPC:inst2|SOPC_cpu:cpu|SOPC_cpu_ic_data_module:SOPC_cpu_ic_data|altsyncram:the_altsyncram|altsyncram_c9d1:auto_generated|ram_block1a0~porta_address_reg6 ;
; 2.873 ; 5.000        ; 2.127          ; High Pulse Width ; inst|altpll_component|pll|clk[0] ; Rise       ; SOPC:inst2|SOPC_cpu:cpu|SOPC_cpu_ic_data_module:SOPC_cpu_ic_data|altsyncram:the_altsyncram|altsyncram_c9d1:auto_generated|ram_block1a0~porta_address_reg7 ;
; 2.873 ; 5.000        ; 2.127          ; Low Pulse Width  ; inst|altpll_component|pll|clk[0] ; Rise       ; SOPC:inst2|SOPC_cpu:cpu|SOPC_cpu_ic_data_module:SOPC_cpu_ic_data|altsyncram:the_altsyncram|altsyncram_c9d1:auto_generated|ram_block1a0~porta_address_reg7 ;
; 2.873 ; 5.000        ; 2.127          ; High Pulse Width ; inst|altpll_component|pll|clk[0] ; Rise       ; SOPC:inst2|SOPC_cpu:cpu|SOPC_cpu_ic_data_module:SOPC_cpu_ic_data|altsyncram:the_altsyncram|altsyncram_c9d1:auto_generated|ram_block1a0~porta_address_reg8 ;
; 2.873 ; 5.000        ; 2.127          ; Low Pulse Width  ; inst|altpll_component|pll|clk[0] ; Rise       ; SOPC:inst2|SOPC_cpu:cpu|SOPC_cpu_ic_data_module:SOPC_cpu_ic_data|altsyncram:the_altsyncram|altsyncram_c9d1:auto_generated|ram_block1a0~porta_address_reg8 ;
; 2.873 ; 5.000        ; 2.127          ; High Pulse Width ; inst|altpll_component|pll|clk[0] ; Rise       ; SOPC:inst2|SOPC_cpu:cpu|SOPC_cpu_ic_data_module:SOPC_cpu_ic_data|altsyncram:the_altsyncram|altsyncram_c9d1:auto_generated|ram_block1a0~porta_datain_reg0  ;
; 2.873 ; 5.000        ; 2.127          ; Low Pulse Width  ; inst|altpll_component|pll|clk[0] ; Rise       ; SOPC:inst2|SOPC_cpu:cpu|SOPC_cpu_ic_data_module:SOPC_cpu_ic_data|altsyncram:the_altsyncram|altsyncram_c9d1:auto_generated|ram_block1a0~porta_datain_reg0  ;
; 2.873 ; 5.000        ; 2.127          ; High Pulse Width ; inst|altpll_component|pll|clk[0] ; Rise       ; SOPC:inst2|SOPC_cpu:cpu|SOPC_cpu_ic_data_module:SOPC_cpu_ic_data|altsyncram:the_altsyncram|altsyncram_c9d1:auto_generated|ram_block1a0~porta_datain_reg1  ;
; 2.873 ; 5.000        ; 2.127          ; Low Pulse Width  ; inst|altpll_component|pll|clk[0] ; Rise       ; SOPC:inst2|SOPC_cpu:cpu|SOPC_cpu_ic_data_module:SOPC_cpu_ic_data|altsyncram:the_altsyncram|altsyncram_c9d1:auto_generated|ram_block1a0~porta_datain_reg1  ;
; 2.873 ; 5.000        ; 2.127          ; High Pulse Width ; inst|altpll_component|pll|clk[0] ; Rise       ; SOPC:inst2|SOPC_cpu:cpu|SOPC_cpu_ic_data_module:SOPC_cpu_ic_data|altsyncram:the_altsyncram|altsyncram_c9d1:auto_generated|ram_block1a0~porta_datain_reg2  ;
; 2.873 ; 5.000        ; 2.127          ; Low Pulse Width  ; inst|altpll_component|pll|clk[0] ; Rise       ; SOPC:inst2|SOPC_cpu:cpu|SOPC_cpu_ic_data_module:SOPC_cpu_ic_data|altsyncram:the_altsyncram|altsyncram_c9d1:auto_generated|ram_block1a0~porta_datain_reg2  ;
; 2.873 ; 5.000        ; 2.127          ; High Pulse Width ; inst|altpll_component|pll|clk[0] ; Rise       ; SOPC:inst2|SOPC_cpu:cpu|SOPC_cpu_ic_data_module:SOPC_cpu_ic_data|altsyncram:the_altsyncram|altsyncram_c9d1:auto_generated|ram_block1a0~porta_datain_reg3  ;
; 2.873 ; 5.000        ; 2.127          ; Low Pulse Width  ; inst|altpll_component|pll|clk[0] ; Rise       ; SOPC:inst2|SOPC_cpu:cpu|SOPC_cpu_ic_data_module:SOPC_cpu_ic_data|altsyncram:the_altsyncram|altsyncram_c9d1:auto_generated|ram_block1a0~porta_datain_reg3  ;
; 2.873 ; 5.000        ; 2.127          ; High Pulse Width ; inst|altpll_component|pll|clk[0] ; Rise       ; SOPC:inst2|SOPC_cpu:cpu|SOPC_cpu_ic_data_module:SOPC_cpu_ic_data|altsyncram:the_altsyncram|altsyncram_c9d1:auto_generated|ram_block1a0~porta_datain_reg4  ;
; 2.873 ; 5.000        ; 2.127          ; Low Pulse Width  ; inst|altpll_component|pll|clk[0] ; Rise       ; SOPC:inst2|SOPC_cpu:cpu|SOPC_cpu_ic_data_module:SOPC_cpu_ic_data|altsyncram:the_altsyncram|altsyncram_c9d1:auto_generated|ram_block1a0~porta_datain_reg4  ;
; 2.873 ; 5.000        ; 2.127          ; High Pulse Width ; inst|altpll_component|pll|clk[0] ; Rise       ; SOPC:inst2|SOPC_cpu:cpu|SOPC_cpu_ic_data_module:SOPC_cpu_ic_data|altsyncram:the_altsyncram|altsyncram_c9d1:auto_generated|ram_block1a0~porta_datain_reg5  ;
; 2.873 ; 5.000        ; 2.127          ; Low Pulse Width  ; inst|altpll_component|pll|clk[0] ; Rise       ; SOPC:inst2|SOPC_cpu:cpu|SOPC_cpu_ic_data_module:SOPC_cpu_ic_data|altsyncram:the_altsyncram|altsyncram_c9d1:auto_generated|ram_block1a0~porta_datain_reg5  ;
; 2.873 ; 5.000        ; 2.127          ; High Pulse Width ; inst|altpll_component|pll|clk[0] ; Rise       ; SOPC:inst2|SOPC_cpu:cpu|SOPC_cpu_ic_data_module:SOPC_cpu_ic_data|altsyncram:the_altsyncram|altsyncram_c9d1:auto_generated|ram_block1a0~porta_datain_reg6  ;
; 2.873 ; 5.000        ; 2.127          ; Low Pulse Width  ; inst|altpll_component|pll|clk[0] ; Rise       ; SOPC:inst2|SOPC_cpu:cpu|SOPC_cpu_ic_data_module:SOPC_cpu_ic_data|altsyncram:the_altsyncram|altsyncram_c9d1:auto_generated|ram_block1a0~porta_datain_reg6  ;
; 2.873 ; 5.000        ; 2.127          ; High Pulse Width ; inst|altpll_component|pll|clk[0] ; Rise       ; SOPC:inst2|SOPC_cpu:cpu|SOPC_cpu_ic_data_module:SOPC_cpu_ic_data|altsyncram:the_altsyncram|altsyncram_c9d1:auto_generated|ram_block1a0~porta_datain_reg7  ;
; 2.873 ; 5.000        ; 2.127          ; Low Pulse Width  ; inst|altpll_component|pll|clk[0] ; Rise       ; SOPC:inst2|SOPC_cpu:cpu|SOPC_cpu_ic_data_module:SOPC_cpu_ic_data|altsyncram:the_altsyncram|altsyncram_c9d1:auto_generated|ram_block1a0~porta_datain_reg7  ;
; 2.873 ; 5.000        ; 2.127          ; High Pulse Width ; inst|altpll_component|pll|clk[0] ; Rise       ; SOPC:inst2|SOPC_cpu:cpu|SOPC_cpu_ic_data_module:SOPC_cpu_ic_data|altsyncram:the_altsyncram|altsyncram_c9d1:auto_generated|ram_block1a0~porta_datain_reg8  ;
; 2.873 ; 5.000        ; 2.127          ; Low Pulse Width  ; inst|altpll_component|pll|clk[0] ; Rise       ; SOPC:inst2|SOPC_cpu:cpu|SOPC_cpu_ic_data_module:SOPC_cpu_ic_data|altsyncram:the_altsyncram|altsyncram_c9d1:auto_generated|ram_block1a0~porta_datain_reg8  ;
; 2.873 ; 5.000        ; 2.127          ; High Pulse Width ; inst|altpll_component|pll|clk[0] ; Rise       ; SOPC:inst2|SOPC_cpu:cpu|SOPC_cpu_ic_data_module:SOPC_cpu_ic_data|altsyncram:the_altsyncram|altsyncram_c9d1:auto_generated|ram_block1a0~porta_memory_reg0  ;
; 2.873 ; 5.000        ; 2.127          ; Low Pulse Width  ; inst|altpll_component|pll|clk[0] ; Rise       ; SOPC:inst2|SOPC_cpu:cpu|SOPC_cpu_ic_data_module:SOPC_cpu_ic_data|altsyncram:the_altsyncram|altsyncram_c9d1:auto_generated|ram_block1a0~porta_memory_reg0  ;
; 2.873 ; 5.000        ; 2.127          ; High Pulse Width ; inst|altpll_component|pll|clk[0] ; Rise       ; SOPC:inst2|SOPC_cpu:cpu|SOPC_cpu_ic_data_module:SOPC_cpu_ic_data|altsyncram:the_altsyncram|altsyncram_c9d1:auto_generated|ram_block1a0~porta_we_reg       ;
; 2.873 ; 5.000        ; 2.127          ; Low Pulse Width  ; inst|altpll_component|pll|clk[0] ; Rise       ; SOPC:inst2|SOPC_cpu:cpu|SOPC_cpu_ic_data_module:SOPC_cpu_ic_data|altsyncram:the_altsyncram|altsyncram_c9d1:auto_generated|ram_block1a0~porta_we_reg       ;
; 2.873 ; 5.000        ; 2.127          ; High Pulse Width ; inst|altpll_component|pll|clk[0] ; Rise       ; SOPC:inst2|SOPC_cpu:cpu|SOPC_cpu_ic_data_module:SOPC_cpu_ic_data|altsyncram:the_altsyncram|altsyncram_c9d1:auto_generated|ram_block1a0~portb_address_reg0 ;
; 2.873 ; 5.000        ; 2.127          ; Low Pulse Width  ; inst|altpll_component|pll|clk[0] ; Rise       ; SOPC:inst2|SOPC_cpu:cpu|SOPC_cpu_ic_data_module:SOPC_cpu_ic_data|altsyncram:the_altsyncram|altsyncram_c9d1:auto_generated|ram_block1a0~portb_address_reg0 ;
; 2.873 ; 5.000        ; 2.127          ; High Pulse Width ; inst|altpll_component|pll|clk[0] ; Rise       ; SOPC:inst2|SOPC_cpu:cpu|SOPC_cpu_ic_data_module:SOPC_cpu_ic_data|altsyncram:the_altsyncram|altsyncram_c9d1:auto_generated|ram_block1a0~portb_address_reg1 ;
; 2.873 ; 5.000        ; 2.127          ; Low Pulse Width  ; inst|altpll_component|pll|clk[0] ; Rise       ; SOPC:inst2|SOPC_cpu:cpu|SOPC_cpu_ic_data_module:SOPC_cpu_ic_data|altsyncram:the_altsyncram|altsyncram_c9d1:auto_generated|ram_block1a0~portb_address_reg1 ;
; 2.873 ; 5.000        ; 2.127          ; High Pulse Width ; inst|altpll_component|pll|clk[0] ; Rise       ; SOPC:inst2|SOPC_cpu:cpu|SOPC_cpu_ic_data_module:SOPC_cpu_ic_data|altsyncram:the_altsyncram|altsyncram_c9d1:auto_generated|ram_block1a0~portb_address_reg2 ;
; 2.873 ; 5.000        ; 2.127          ; Low Pulse Width  ; inst|altpll_component|pll|clk[0] ; Rise       ; SOPC:inst2|SOPC_cpu:cpu|SOPC_cpu_ic_data_module:SOPC_cpu_ic_data|altsyncram:the_altsyncram|altsyncram_c9d1:auto_generated|ram_block1a0~portb_address_reg2 ;
; 2.873 ; 5.000        ; 2.127          ; High Pulse Width ; inst|altpll_component|pll|clk[0] ; Rise       ; SOPC:inst2|SOPC_cpu:cpu|SOPC_cpu_ic_data_module:SOPC_cpu_ic_data|altsyncram:the_altsyncram|altsyncram_c9d1:auto_generated|ram_block1a0~portb_address_reg3 ;
; 2.873 ; 5.000        ; 2.127          ; Low Pulse Width  ; inst|altpll_component|pll|clk[0] ; Rise       ; SOPC:inst2|SOPC_cpu:cpu|SOPC_cpu_ic_data_module:SOPC_cpu_ic_data|altsyncram:the_altsyncram|altsyncram_c9d1:auto_generated|ram_block1a0~portb_address_reg3 ;
; 2.873 ; 5.000        ; 2.127          ; High Pulse Width ; inst|altpll_component|pll|clk[0] ; Rise       ; SOPC:inst2|SOPC_cpu:cpu|SOPC_cpu_ic_data_module:SOPC_cpu_ic_data|altsyncram:the_altsyncram|altsyncram_c9d1:auto_generated|ram_block1a0~portb_address_reg4 ;
; 2.873 ; 5.000        ; 2.127          ; Low Pulse Width  ; inst|altpll_component|pll|clk[0] ; Rise       ; SOPC:inst2|SOPC_cpu:cpu|SOPC_cpu_ic_data_module:SOPC_cpu_ic_data|altsyncram:the_altsyncram|altsyncram_c9d1:auto_generated|ram_block1a0~portb_address_reg4 ;
; 2.873 ; 5.000        ; 2.127          ; High Pulse Width ; inst|altpll_component|pll|clk[0] ; Rise       ; SOPC:inst2|SOPC_cpu:cpu|SOPC_cpu_ic_data_module:SOPC_cpu_ic_data|altsyncram:the_altsyncram|altsyncram_c9d1:auto_generated|ram_block1a0~portb_address_reg5 ;
; 2.873 ; 5.000        ; 2.127          ; Low Pulse Width  ; inst|altpll_component|pll|clk[0] ; Rise       ; SOPC:inst2|SOPC_cpu:cpu|SOPC_cpu_ic_data_module:SOPC_cpu_ic_data|altsyncram:the_altsyncram|altsyncram_c9d1:auto_generated|ram_block1a0~portb_address_reg5 ;
+-------+--------------+----------------+------------------+----------------------------------+------------+-----------------------------------------------------------------------------------------------------------------------------------------------------------+


+---------------------------------------------------------------------------------------------------------------------+
; Fast Model Minimum Pulse Width: 'clk_in'                                                                            ;
+-------+--------------+----------------+------------------+--------+------------+------------------------------------+
; Slack ; Actual Width ; Required Width ; Type             ; Clock  ; Clock Edge ; Target                             ;
+-------+--------------+----------------+------------------+--------+------------+------------------------------------+
; 5.000 ; 5.000        ; 0.000          ; High Pulse Width ; clk_in ; Rise       ; CLK|combout                        ;
; 5.000 ; 5.000        ; 0.000          ; Low Pulse Width  ; clk_in ; Rise       ; CLK|combout                        ;
; 5.000 ; 5.000        ; 0.000          ; High Pulse Width ; clk_in ; Rise       ; inst|altpll_component|pll|clk[0]   ;
; 5.000 ; 5.000        ; 0.000          ; Low Pulse Width  ; clk_in ; Rise       ; inst|altpll_component|pll|clk[0]   ;
; 5.000 ; 5.000        ; 0.000          ; High Pulse Width ; clk_in ; Rise       ; inst|altpll_component|pll|clk[1]   ;
; 5.000 ; 5.000        ; 0.000          ; Low Pulse Width  ; clk_in ; Rise       ; inst|altpll_component|pll|clk[1]   ;
; 5.000 ; 5.000        ; 0.000          ; High Pulse Width ; clk_in ; Rise       ; inst|altpll_component|pll|inclk[0] ;
; 5.000 ; 5.000        ; 0.000          ; Low Pulse Width  ; clk_in ; Rise       ; inst|altpll_component|pll|inclk[0] ;
; 7.620 ; 10.000       ; 2.380          ; Port Rate        ; clk_in ; Rise       ; CLK                                ;
+-------+--------------+----------------+------------------+--------+------------+------------------------------------+


+-------------------------------------------------------------------------------------------------------------+
; Fast Model Minimum Pulse Width: 'altera_reserved_tck'                                                       ;
+--------+--------------+----------------+-----------+---------------------+------------+---------------------+
; Slack  ; Actual Width ; Required Width ; Type      ; Clock               ; Clock Edge ; Target              ;
+--------+--------------+----------------+-----------+---------------------+------------+---------------------+
; 97.778 ; 100.000      ; 2.222          ; Port Rate ; altera_reserved_tck ; Rise       ; altera_reserved_tck ;
+--------+--------------+----------------+-----------+---------------------+------------+---------------------+


+-------------------------------------------------------------------------------------------------------------------------+
; Setup Times                                                                                                             ;
+--------------------------------------------+------------+-------+-------+------------+----------------------------------+
; Data Port                                  ; Clock Port ; Rise  ; Fall  ; Clock Edge ; Clock Reference                  ;
+--------------------------------------------+------------+-------+-------+------------+----------------------------------+
; DQ[*]                                      ; clk_in     ; 1.034 ; 1.034 ; Rise       ; inst|altpll_component|pll|clk[0] ;
;  DQ[0]                                     ; clk_in     ; 1.034 ; 1.034 ; Rise       ; inst|altpll_component|pll|clk[0] ;
;  DQ[1]                                     ; clk_in     ; 1.034 ; 1.034 ; Rise       ; inst|altpll_component|pll|clk[0] ;
;  DQ[2]                                     ; clk_in     ; 1.023 ; 1.023 ; Rise       ; inst|altpll_component|pll|clk[0] ;
;  DQ[3]                                     ; clk_in     ; 1.029 ; 1.029 ; Rise       ; inst|altpll_component|pll|clk[0] ;
;  DQ[4]                                     ; clk_in     ; 1.013 ; 1.013 ; Rise       ; inst|altpll_component|pll|clk[0] ;
;  DQ[5]                                     ; clk_in     ; 1.013 ; 1.013 ; Rise       ; inst|altpll_component|pll|clk[0] ;
;  DQ[6]                                     ; clk_in     ; 0.948 ; 0.948 ; Rise       ; inst|altpll_component|pll|clk[0] ;
;  DQ[7]                                     ; clk_in     ; 0.938 ; 0.938 ; Rise       ; inst|altpll_component|pll|clk[0] ;
;  DQ[8]                                     ; clk_in     ; 1.009 ; 1.009 ; Rise       ; inst|altpll_component|pll|clk[0] ;
;  DQ[9]                                     ; clk_in     ; 1.010 ; 1.010 ; Rise       ; inst|altpll_component|pll|clk[0] ;
;  DQ[10]                                    ; clk_in     ; 1.020 ; 1.020 ; Rise       ; inst|altpll_component|pll|clk[0] ;
;  DQ[11]                                    ; clk_in     ; 1.011 ; 1.011 ; Rise       ; inst|altpll_component|pll|clk[0] ;
;  DQ[12]                                    ; clk_in     ; 1.011 ; 1.011 ; Rise       ; inst|altpll_component|pll|clk[0] ;
;  DQ[13]                                    ; clk_in     ; 1.023 ; 1.023 ; Rise       ; inst|altpll_component|pll|clk[0] ;
;  DQ[14]                                    ; clk_in     ; 1.011 ; 1.011 ; Rise       ; inst|altpll_component|pll|clk[0] ;
;  DQ[15]                                    ; clk_in     ; 1.008 ; 1.008 ; Rise       ; inst|altpll_component|pll|clk[0] ;
; MISO_to_the_spi_touch                      ; clk_in     ; 3.484 ; 3.484 ; Rise       ; inst|altpll_component|pll|clk[0] ;
; bidir_port_to_and_from_the_lcd32_data[*]   ; clk_in     ; 3.896 ; 3.896 ; Rise       ; inst|altpll_component|pll|clk[0] ;
;  bidir_port_to_and_from_the_lcd32_data[0]  ; clk_in     ; 3.839 ; 3.839 ; Rise       ; inst|altpll_component|pll|clk[0] ;
;  bidir_port_to_and_from_the_lcd32_data[1]  ; clk_in     ; 3.749 ; 3.749 ; Rise       ; inst|altpll_component|pll|clk[0] ;
;  bidir_port_to_and_from_the_lcd32_data[2]  ; clk_in     ; 3.797 ; 3.797 ; Rise       ; inst|altpll_component|pll|clk[0] ;
;  bidir_port_to_and_from_the_lcd32_data[3]  ; clk_in     ; 3.896 ; 3.896 ; Rise       ; inst|altpll_component|pll|clk[0] ;
;  bidir_port_to_and_from_the_lcd32_data[4]  ; clk_in     ; 3.837 ; 3.837 ; Rise       ; inst|altpll_component|pll|clk[0] ;
;  bidir_port_to_and_from_the_lcd32_data[5]  ; clk_in     ; 3.663 ; 3.663 ; Rise       ; inst|altpll_component|pll|clk[0] ;
;  bidir_port_to_and_from_the_lcd32_data[6]  ; clk_in     ; 3.696 ; 3.696 ; Rise       ; inst|altpll_component|pll|clk[0] ;
;  bidir_port_to_and_from_the_lcd32_data[7]  ; clk_in     ; 3.701 ; 3.701 ; Rise       ; inst|altpll_component|pll|clk[0] ;
;  bidir_port_to_and_from_the_lcd32_data[8]  ; clk_in     ; 3.745 ; 3.745 ; Rise       ; inst|altpll_component|pll|clk[0] ;
;  bidir_port_to_and_from_the_lcd32_data[9]  ; clk_in     ; 3.755 ; 3.755 ; Rise       ; inst|altpll_component|pll|clk[0] ;
;  bidir_port_to_and_from_the_lcd32_data[10] ; clk_in     ; 3.889 ; 3.889 ; Rise       ; inst|altpll_component|pll|clk[0] ;
;  bidir_port_to_and_from_the_lcd32_data[11] ; clk_in     ; 3.716 ; 3.716 ; Rise       ; inst|altpll_component|pll|clk[0] ;
;  bidir_port_to_and_from_the_lcd32_data[12] ; clk_in     ; 3.602 ; 3.602 ; Rise       ; inst|altpll_component|pll|clk[0] ;
;  bidir_port_to_and_from_the_lcd32_data[13] ; clk_in     ; 3.606 ; 3.606 ; Rise       ; inst|altpll_component|pll|clk[0] ;
;  bidir_port_to_and_from_the_lcd32_data[14] ; clk_in     ; 3.482 ; 3.482 ; Rise       ; inst|altpll_component|pll|clk[0] ;
;  bidir_port_to_and_from_the_lcd32_data[15] ; clk_in     ; 3.488 ; 3.488 ; Rise       ; inst|altpll_component|pll|clk[0] ;
+--------------------------------------------+------------+-------+-------+------------+----------------------------------+


+---------------------------------------------------------------------------------------------------------------------------+
; Hold Times                                                                                                                ;
+--------------------------------------------+------------+--------+--------+------------+----------------------------------+
; Data Port                                  ; Clock Port ; Rise   ; Fall   ; Clock Edge ; Clock Reference                  ;
+--------------------------------------------+------------+--------+--------+------------+----------------------------------+
; DQ[*]                                      ; clk_in     ; -0.837 ; -0.837 ; Rise       ; inst|altpll_component|pll|clk[0] ;
;  DQ[0]                                     ; clk_in     ; -0.948 ; -0.948 ; Rise       ; inst|altpll_component|pll|clk[0] ;
;  DQ[1]                                     ; clk_in     ; -0.948 ; -0.948 ; Rise       ; inst|altpll_component|pll|clk[0] ;
;  DQ[2]                                     ; clk_in     ; -0.937 ; -0.937 ; Rise       ; inst|altpll_component|pll|clk[0] ;
;  DQ[3]                                     ; clk_in     ; -0.943 ; -0.943 ; Rise       ; inst|altpll_component|pll|clk[0] ;
;  DQ[4]                                     ; clk_in     ; -0.927 ; -0.927 ; Rise       ; inst|altpll_component|pll|clk[0] ;
;  DQ[5]                                     ; clk_in     ; -0.927 ; -0.927 ; Rise       ; inst|altpll_component|pll|clk[0] ;
;  DQ[6]                                     ; clk_in     ; -0.847 ; -0.847 ; Rise       ; inst|altpll_component|pll|clk[0] ;
;  DQ[7]                                     ; clk_in     ; -0.837 ; -0.837 ; Rise       ; inst|altpll_component|pll|clk[0] ;
;  DQ[8]                                     ; clk_in     ; -0.923 ; -0.923 ; Rise       ; inst|altpll_component|pll|clk[0] ;
;  DQ[9]                                     ; clk_in     ; -0.924 ; -0.924 ; Rise       ; inst|altpll_component|pll|clk[0] ;
;  DQ[10]                                    ; clk_in     ; -0.934 ; -0.934 ; Rise       ; inst|altpll_component|pll|clk[0] ;
;  DQ[11]                                    ; clk_in     ; -0.925 ; -0.925 ; Rise       ; inst|altpll_component|pll|clk[0] ;
;  DQ[12]                                    ; clk_in     ; -0.925 ; -0.925 ; Rise       ; inst|altpll_component|pll|clk[0] ;
;  DQ[13]                                    ; clk_in     ; -0.937 ; -0.937 ; Rise       ; inst|altpll_component|pll|clk[0] ;
;  DQ[14]                                    ; clk_in     ; -0.925 ; -0.925 ; Rise       ; inst|altpll_component|pll|clk[0] ;
;  DQ[15]                                    ; clk_in     ; -0.922 ; -0.922 ; Rise       ; inst|altpll_component|pll|clk[0] ;
; MISO_to_the_spi_touch                      ; clk_in     ; -3.364 ; -3.364 ; Rise       ; inst|altpll_component|pll|clk[0] ;
; bidir_port_to_and_from_the_lcd32_data[*]   ; clk_in     ; -3.362 ; -3.362 ; Rise       ; inst|altpll_component|pll|clk[0] ;
;  bidir_port_to_and_from_the_lcd32_data[0]  ; clk_in     ; -3.719 ; -3.719 ; Rise       ; inst|altpll_component|pll|clk[0] ;
;  bidir_port_to_and_from_the_lcd32_data[1]  ; clk_in     ; -3.629 ; -3.629 ; Rise       ; inst|altpll_component|pll|clk[0] ;
;  bidir_port_to_and_from_the_lcd32_data[2]  ; clk_in     ; -3.677 ; -3.677 ; Rise       ; inst|altpll_component|pll|clk[0] ;
;  bidir_port_to_and_from_the_lcd32_data[3]  ; clk_in     ; -3.776 ; -3.776 ; Rise       ; inst|altpll_component|pll|clk[0] ;
;  bidir_port_to_and_from_the_lcd32_data[4]  ; clk_in     ; -3.717 ; -3.717 ; Rise       ; inst|altpll_component|pll|clk[0] ;
;  bidir_port_to_and_from_the_lcd32_data[5]  ; clk_in     ; -3.543 ; -3.543 ; Rise       ; inst|altpll_component|pll|clk[0] ;
;  bidir_port_to_and_from_the_lcd32_data[6]  ; clk_in     ; -3.576 ; -3.576 ; Rise       ; inst|altpll_component|pll|clk[0] ;
;  bidir_port_to_and_from_the_lcd32_data[7]  ; clk_in     ; -3.581 ; -3.581 ; Rise       ; inst|altpll_component|pll|clk[0] ;
;  bidir_port_to_and_from_the_lcd32_data[8]  ; clk_in     ; -3.625 ; -3.625 ; Rise       ; inst|altpll_component|pll|clk[0] ;
;  bidir_port_to_and_from_the_lcd32_data[9]  ; clk_in     ; -3.635 ; -3.635 ; Rise       ; inst|altpll_component|pll|clk[0] ;
;  bidir_port_to_and_from_the_lcd32_data[10] ; clk_in     ; -3.769 ; -3.769 ; Rise       ; inst|altpll_component|pll|clk[0] ;
;  bidir_port_to_and_from_the_lcd32_data[11] ; clk_in     ; -3.596 ; -3.596 ; Rise       ; inst|altpll_component|pll|clk[0] ;
;  bidir_port_to_and_from_the_lcd32_data[12] ; clk_in     ; -3.482 ; -3.482 ; Rise       ; inst|altpll_component|pll|clk[0] ;
;  bidir_port_to_and_from_the_lcd32_data[13] ; clk_in     ; -3.486 ; -3.486 ; Rise       ; inst|altpll_component|pll|clk[0] ;
;  bidir_port_to_and_from_the_lcd32_data[14] ; clk_in     ; -3.362 ; -3.362 ; Rise       ; inst|altpll_component|pll|clk[0] ;
;  bidir_port_to_and_from_the_lcd32_data[15] ; clk_in     ; -3.368 ; -3.368 ; Rise       ; inst|altpll_component|pll|clk[0] ;
+--------------------------------------------+------------+--------+--------+------------+----------------------------------+


+---------------------------------------------------------------------------------------------------------------------------+
; Clock to Output Times                                                                                                     ;
+--------------------------------------------+------------+--------+--------+------------+----------------------------------+
; Data Port                                  ; Clock Port ; Rise   ; Fall   ; Clock Edge ; Clock Reference                  ;
+--------------------------------------------+------------+--------+--------+------------+----------------------------------+
; BA[*]                                      ; clk_in     ; 1.290  ; 1.290  ; Rise       ; inst|altpll_component|pll|clk[0] ;
;  BA[0]                                     ; clk_in     ; 1.290  ; 1.290  ; Rise       ; inst|altpll_component|pll|clk[0] ;
;  BA[1]                                     ; clk_in     ; 1.278  ; 1.278  ; Rise       ; inst|altpll_component|pll|clk[0] ;
; CAS                                        ; clk_in     ; 1.291  ; 1.291  ; Rise       ; inst|altpll_component|pll|clk[0] ;
; CS                                         ; clk_in     ; 1.280  ; 1.280  ; Rise       ; inst|altpll_component|pll|clk[0] ;
; DQ[*]                                      ; clk_in     ; 1.301  ; 1.301  ; Rise       ; inst|altpll_component|pll|clk[0] ;
;  DQ[0]                                     ; clk_in     ; 1.084  ; 1.084  ; Rise       ; inst|altpll_component|pll|clk[0] ;
;  DQ[1]                                     ; clk_in     ; 1.084  ; 1.084  ; Rise       ; inst|altpll_component|pll|clk[0] ;
;  DQ[2]                                     ; clk_in     ; 1.095  ; 1.095  ; Rise       ; inst|altpll_component|pll|clk[0] ;
;  DQ[3]                                     ; clk_in     ; 1.089  ; 1.089  ; Rise       ; inst|altpll_component|pll|clk[0] ;
;  DQ[4]                                     ; clk_in     ; 1.085  ; 1.085  ; Rise       ; inst|altpll_component|pll|clk[0] ;
;  DQ[5]                                     ; clk_in     ; 1.085  ; 1.085  ; Rise       ; inst|altpll_component|pll|clk[0] ;
;  DQ[6]                                     ; clk_in     ; 1.301  ; 1.301  ; Rise       ; inst|altpll_component|pll|clk[0] ;
;  DQ[7]                                     ; clk_in     ; 1.291  ; 1.291  ; Rise       ; inst|altpll_component|pll|clk[0] ;
;  DQ[8]                                     ; clk_in     ; 1.109  ; 1.109  ; Rise       ; inst|altpll_component|pll|clk[0] ;
;  DQ[9]                                     ; clk_in     ; 1.108  ; 1.108  ; Rise       ; inst|altpll_component|pll|clk[0] ;
;  DQ[10]                                    ; clk_in     ; 1.118  ; 1.118  ; Rise       ; inst|altpll_component|pll|clk[0] ;
;  DQ[11]                                    ; clk_in     ; 1.087  ; 1.087  ; Rise       ; inst|altpll_component|pll|clk[0] ;
;  DQ[12]                                    ; clk_in     ; 1.087  ; 1.087  ; Rise       ; inst|altpll_component|pll|clk[0] ;
;  DQ[13]                                    ; clk_in     ; 1.075  ; 1.075  ; Rise       ; inst|altpll_component|pll|clk[0] ;
;  DQ[14]                                    ; clk_in     ; 1.087  ; 1.087  ; Rise       ; inst|altpll_component|pll|clk[0] ;
;  DQ[15]                                    ; clk_in     ; 1.090  ; 1.090  ; Rise       ; inst|altpll_component|pll|clk[0] ;
; MOSI_from_the_spi_touch                    ; clk_in     ; 1.873  ; 1.873  ; Rise       ; inst|altpll_component|pll|clk[0] ;
; RA[*]                                      ; clk_in     ; 1.301  ; 1.301  ; Rise       ; inst|altpll_component|pll|clk[0] ;
;  RA[0]                                     ; clk_in     ; 1.256  ; 1.256  ; Rise       ; inst|altpll_component|pll|clk[0] ;
;  RA[1]                                     ; clk_in     ; 1.276  ; 1.276  ; Rise       ; inst|altpll_component|pll|clk[0] ;
;  RA[2]                                     ; clk_in     ; 1.257  ; 1.257  ; Rise       ; inst|altpll_component|pll|clk[0] ;
;  RA[3]                                     ; clk_in     ; 1.257  ; 1.257  ; Rise       ; inst|altpll_component|pll|clk[0] ;
;  RA[4]                                     ; clk_in     ; 1.276  ; 1.276  ; Rise       ; inst|altpll_component|pll|clk[0] ;
;  RA[5]                                     ; clk_in     ; 1.276  ; 1.276  ; Rise       ; inst|altpll_component|pll|clk[0] ;
;  RA[6]                                     ; clk_in     ; 1.287  ; 1.287  ; Rise       ; inst|altpll_component|pll|clk[0] ;
;  RA[7]                                     ; clk_in     ; 1.285  ; 1.285  ; Rise       ; inst|altpll_component|pll|clk[0] ;
;  RA[8]                                     ; clk_in     ; 1.281  ; 1.281  ; Rise       ; inst|altpll_component|pll|clk[0] ;
;  RA[9]                                     ; clk_in     ; 1.287  ; 1.287  ; Rise       ; inst|altpll_component|pll|clk[0] ;
;  RA[10]                                    ; clk_in     ; 1.278  ; 1.278  ; Rise       ; inst|altpll_component|pll|clk[0] ;
;  RA[11]                                    ; clk_in     ; 1.301  ; 1.301  ; Rise       ; inst|altpll_component|pll|clk[0] ;
;  RA[12]                                    ; clk_in     ; 1.291  ; 1.291  ; Rise       ; inst|altpll_component|pll|clk[0] ;
; RAS                                        ; clk_in     ; 1.291  ; 1.291  ; Rise       ; inst|altpll_component|pll|clk[0] ;
; SCLK_from_the_spi_touch                    ; clk_in     ; 2.069  ; 2.069  ; Rise       ; inst|altpll_component|pll|clk[0] ;
; SS_n_from_the_spi_touch                    ; clk_in     ; 2.347  ; 2.347  ; Rise       ; inst|altpll_component|pll|clk[0] ;
; S_DQM[*]                                   ; clk_in     ; 1.291  ; 1.291  ; Rise       ; inst|altpll_component|pll|clk[0] ;
;  S_DQM[0]                                  ; clk_in     ; 1.291  ; 1.291  ; Rise       ; inst|altpll_component|pll|clk[0] ;
;  S_DQM[1]                                  ; clk_in     ; 1.106  ; 1.106  ; Rise       ; inst|altpll_component|pll|clk[0] ;
; WE                                         ; clk_in     ; 1.291  ; 1.291  ; Rise       ; inst|altpll_component|pll|clk[0] ;
; bidir_port_to_and_from_the_lcd32_data[*]   ; clk_in     ; 2.276  ; 2.276  ; Rise       ; inst|altpll_component|pll|clk[0] ;
;  bidir_port_to_and_from_the_lcd32_data[0]  ; clk_in     ; 2.243  ; 2.243  ; Rise       ; inst|altpll_component|pll|clk[0] ;
;  bidir_port_to_and_from_the_lcd32_data[1]  ; clk_in     ; 2.177  ; 2.177  ; Rise       ; inst|altpll_component|pll|clk[0] ;
;  bidir_port_to_and_from_the_lcd32_data[2]  ; clk_in     ; 2.164  ; 2.164  ; Rise       ; inst|altpll_component|pll|clk[0] ;
;  bidir_port_to_and_from_the_lcd32_data[3]  ; clk_in     ; 2.158  ; 2.158  ; Rise       ; inst|altpll_component|pll|clk[0] ;
;  bidir_port_to_and_from_the_lcd32_data[4]  ; clk_in     ; 2.118  ; 2.118  ; Rise       ; inst|altpll_component|pll|clk[0] ;
;  bidir_port_to_and_from_the_lcd32_data[5]  ; clk_in     ; 2.199  ; 2.199  ; Rise       ; inst|altpll_component|pll|clk[0] ;
;  bidir_port_to_and_from_the_lcd32_data[6]  ; clk_in     ; 2.173  ; 2.173  ; Rise       ; inst|altpll_component|pll|clk[0] ;
;  bidir_port_to_and_from_the_lcd32_data[7]  ; clk_in     ; 2.276  ; 2.276  ; Rise       ; inst|altpll_component|pll|clk[0] ;
;  bidir_port_to_and_from_the_lcd32_data[8]  ; clk_in     ; 2.124  ; 2.124  ; Rise       ; inst|altpll_component|pll|clk[0] ;
;  bidir_port_to_and_from_the_lcd32_data[9]  ; clk_in     ; 2.092  ; 2.092  ; Rise       ; inst|altpll_component|pll|clk[0] ;
;  bidir_port_to_and_from_the_lcd32_data[10] ; clk_in     ; 2.095  ; 2.095  ; Rise       ; inst|altpll_component|pll|clk[0] ;
;  bidir_port_to_and_from_the_lcd32_data[11] ; clk_in     ; 2.109  ; 2.109  ; Rise       ; inst|altpll_component|pll|clk[0] ;
;  bidir_port_to_and_from_the_lcd32_data[12] ; clk_in     ; 2.096  ; 2.096  ; Rise       ; inst|altpll_component|pll|clk[0] ;
;  bidir_port_to_and_from_the_lcd32_data[13] ; clk_in     ; 1.963  ; 1.963  ; Rise       ; inst|altpll_component|pll|clk[0] ;
;  bidir_port_to_and_from_the_lcd32_data[14] ; clk_in     ; 1.974  ; 1.974  ; Rise       ; inst|altpll_component|pll|clk[0] ;
;  bidir_port_to_and_from_the_lcd32_data[15] ; clk_in     ; 1.880  ; 1.880  ; Rise       ; inst|altpll_component|pll|clk[0] ;
; buzz[*]                                    ; clk_in     ; 2.206  ; 2.206  ; Rise       ; inst|altpll_component|pll|clk[0] ;
;  buzz[0]                                   ; clk_in     ; 2.044  ; 2.044  ; Rise       ; inst|altpll_component|pll|clk[0] ;
;  buzz[1]                                   ; clk_in     ; 2.204  ; 2.204  ; Rise       ; inst|altpll_component|pll|clk[0] ;
;  buzz[2]                                   ; clk_in     ; 2.206  ; 2.206  ; Rise       ; inst|altpll_component|pll|clk[0] ;
;  buzz[3]                                   ; clk_in     ; 2.154  ; 2.154  ; Rise       ; inst|altpll_component|pll|clk[0] ;
; led[*]                                     ; clk_in     ; 2.311  ; 2.311  ; Rise       ; inst|altpll_component|pll|clk[0] ;
;  led[0]                                    ; clk_in     ; 1.904  ; 1.904  ; Rise       ; inst|altpll_component|pll|clk[0] ;
;  led[1]                                    ; clk_in     ; 2.021  ; 2.021  ; Rise       ; inst|altpll_component|pll|clk[0] ;
;  led[2]                                    ; clk_in     ; 2.209  ; 2.209  ; Rise       ; inst|altpll_component|pll|clk[0] ;
;  led[3]                                    ; clk_in     ; 2.311  ; 2.311  ; Rise       ; inst|altpll_component|pll|clk[0] ;
; out_port_from_the_bl_n                     ; clk_in     ; 2.131  ; 2.131  ; Rise       ; inst|altpll_component|pll|clk[0] ;
; out_port_from_the_bl_p                     ; clk_in     ; 2.114  ; 2.114  ; Rise       ; inst|altpll_component|pll|clk[0] ;
; out_port_from_the_lcd_cs                   ; clk_in     ; 2.145  ; 2.145  ; Rise       ; inst|altpll_component|pll|clk[0] ;
; out_port_from_the_lcd_rd                   ; clk_in     ; 2.123  ; 2.123  ; Rise       ; inst|altpll_component|pll|clk[0] ;
; out_port_from_the_lcd_rs                   ; clk_in     ; 2.073  ; 2.073  ; Rise       ; inst|altpll_component|pll|clk[0] ;
; out_port_from_the_lcd_wr                   ; clk_in     ; 2.116  ; 2.116  ; Rise       ; inst|altpll_component|pll|clk[0] ;
; out_port_from_the_reset                    ; clk_in     ; 1.877  ; 1.877  ; Rise       ; inst|altpll_component|pll|clk[0] ;
; out_port_from_the_touch_cs                 ; clk_in     ; 1.976  ; 1.976  ; Rise       ; inst|altpll_component|pll|clk[0] ;
; S_CLK                                      ; clk_in     ; -1.445 ;        ; Rise       ; inst|altpll_component|pll|clk[1] ;
; S_CLK                                      ; clk_in     ;        ; -1.445 ; Fall       ; inst|altpll_component|pll|clk[1] ;
+--------------------------------------------+------------+--------+--------+------------+----------------------------------+


+---------------------------------------------------------------------------------------------------------------------------+
; Minimum Clock to Output Times                                                                                             ;
+--------------------------------------------+------------+--------+--------+------------+----------------------------------+
; Data Port                                  ; Clock Port ; Rise   ; Fall   ; Clock Edge ; Clock Reference                  ;
+--------------------------------------------+------------+--------+--------+------------+----------------------------------+
; BA[*]                                      ; clk_in     ; 1.278  ; 1.278  ; Rise       ; inst|altpll_component|pll|clk[0] ;
;  BA[0]                                     ; clk_in     ; 1.290  ; 1.290  ; Rise       ; inst|altpll_component|pll|clk[0] ;
;  BA[1]                                     ; clk_in     ; 1.278  ; 1.278  ; Rise       ; inst|altpll_component|pll|clk[0] ;
; CAS                                        ; clk_in     ; 1.291  ; 1.291  ; Rise       ; inst|altpll_component|pll|clk[0] ;
; CS                                         ; clk_in     ; 1.280  ; 1.280  ; Rise       ; inst|altpll_component|pll|clk[0] ;
; DQ[*]                                      ; clk_in     ; 1.062  ; 1.062  ; Rise       ; inst|altpll_component|pll|clk[0] ;
;  DQ[0]                                     ; clk_in     ; 1.071  ; 1.071  ; Rise       ; inst|altpll_component|pll|clk[0] ;
;  DQ[1]                                     ; clk_in     ; 1.071  ; 1.071  ; Rise       ; inst|altpll_component|pll|clk[0] ;
;  DQ[2]                                     ; clk_in     ; 1.082  ; 1.082  ; Rise       ; inst|altpll_component|pll|clk[0] ;
;  DQ[3]                                     ; clk_in     ; 1.076  ; 1.076  ; Rise       ; inst|altpll_component|pll|clk[0] ;
;  DQ[4]                                     ; clk_in     ; 1.072  ; 1.072  ; Rise       ; inst|altpll_component|pll|clk[0] ;
;  DQ[5]                                     ; clk_in     ; 1.072  ; 1.072  ; Rise       ; inst|altpll_component|pll|clk[0] ;
;  DQ[6]                                     ; clk_in     ; 1.291  ; 1.291  ; Rise       ; inst|altpll_component|pll|clk[0] ;
;  DQ[7]                                     ; clk_in     ; 1.281  ; 1.281  ; Rise       ; inst|altpll_component|pll|clk[0] ;
;  DQ[8]                                     ; clk_in     ; 1.096  ; 1.096  ; Rise       ; inst|altpll_component|pll|clk[0] ;
;  DQ[9]                                     ; clk_in     ; 1.095  ; 1.095  ; Rise       ; inst|altpll_component|pll|clk[0] ;
;  DQ[10]                                    ; clk_in     ; 1.105  ; 1.105  ; Rise       ; inst|altpll_component|pll|clk[0] ;
;  DQ[11]                                    ; clk_in     ; 1.074  ; 1.074  ; Rise       ; inst|altpll_component|pll|clk[0] ;
;  DQ[12]                                    ; clk_in     ; 1.074  ; 1.074  ; Rise       ; inst|altpll_component|pll|clk[0] ;
;  DQ[13]                                    ; clk_in     ; 1.062  ; 1.062  ; Rise       ; inst|altpll_component|pll|clk[0] ;
;  DQ[14]                                    ; clk_in     ; 1.074  ; 1.074  ; Rise       ; inst|altpll_component|pll|clk[0] ;
;  DQ[15]                                    ; clk_in     ; 1.077  ; 1.077  ; Rise       ; inst|altpll_component|pll|clk[0] ;
; MOSI_from_the_spi_touch                    ; clk_in     ; 1.873  ; 1.873  ; Rise       ; inst|altpll_component|pll|clk[0] ;
; RA[*]                                      ; clk_in     ; 1.256  ; 1.256  ; Rise       ; inst|altpll_component|pll|clk[0] ;
;  RA[0]                                     ; clk_in     ; 1.256  ; 1.256  ; Rise       ; inst|altpll_component|pll|clk[0] ;
;  RA[1]                                     ; clk_in     ; 1.276  ; 1.276  ; Rise       ; inst|altpll_component|pll|clk[0] ;
;  RA[2]                                     ; clk_in     ; 1.257  ; 1.257  ; Rise       ; inst|altpll_component|pll|clk[0] ;
;  RA[3]                                     ; clk_in     ; 1.257  ; 1.257  ; Rise       ; inst|altpll_component|pll|clk[0] ;
;  RA[4]                                     ; clk_in     ; 1.276  ; 1.276  ; Rise       ; inst|altpll_component|pll|clk[0] ;
;  RA[5]                                     ; clk_in     ; 1.276  ; 1.276  ; Rise       ; inst|altpll_component|pll|clk[0] ;
;  RA[6]                                     ; clk_in     ; 1.287  ; 1.287  ; Rise       ; inst|altpll_component|pll|clk[0] ;
;  RA[7]                                     ; clk_in     ; 1.285  ; 1.285  ; Rise       ; inst|altpll_component|pll|clk[0] ;
;  RA[8]                                     ; clk_in     ; 1.281  ; 1.281  ; Rise       ; inst|altpll_component|pll|clk[0] ;
;  RA[9]                                     ; clk_in     ; 1.287  ; 1.287  ; Rise       ; inst|altpll_component|pll|clk[0] ;
;  RA[10]                                    ; clk_in     ; 1.278  ; 1.278  ; Rise       ; inst|altpll_component|pll|clk[0] ;
;  RA[11]                                    ; clk_in     ; 1.301  ; 1.301  ; Rise       ; inst|altpll_component|pll|clk[0] ;
;  RA[12]                                    ; clk_in     ; 1.291  ; 1.291  ; Rise       ; inst|altpll_component|pll|clk[0] ;
; RAS                                        ; clk_in     ; 1.291  ; 1.291  ; Rise       ; inst|altpll_component|pll|clk[0] ;
; SCLK_from_the_spi_touch                    ; clk_in     ; 2.069  ; 2.069  ; Rise       ; inst|altpll_component|pll|clk[0] ;
; SS_n_from_the_spi_touch                    ; clk_in     ; 2.080  ; 2.080  ; Rise       ; inst|altpll_component|pll|clk[0] ;
; S_DQM[*]                                   ; clk_in     ; 1.106  ; 1.106  ; Rise       ; inst|altpll_component|pll|clk[0] ;
;  S_DQM[0]                                  ; clk_in     ; 1.291  ; 1.291  ; Rise       ; inst|altpll_component|pll|clk[0] ;
;  S_DQM[1]                                  ; clk_in     ; 1.106  ; 1.106  ; Rise       ; inst|altpll_component|pll|clk[0] ;
; WE                                         ; clk_in     ; 1.291  ; 1.291  ; Rise       ; inst|altpll_component|pll|clk[0] ;
; bidir_port_to_and_from_the_lcd32_data[*]   ; clk_in     ; 1.880  ; 1.880  ; Rise       ; inst|altpll_component|pll|clk[0] ;
;  bidir_port_to_and_from_the_lcd32_data[0]  ; clk_in     ; 2.243  ; 2.243  ; Rise       ; inst|altpll_component|pll|clk[0] ;
;  bidir_port_to_and_from_the_lcd32_data[1]  ; clk_in     ; 2.177  ; 2.177  ; Rise       ; inst|altpll_component|pll|clk[0] ;
;  bidir_port_to_and_from_the_lcd32_data[2]  ; clk_in     ; 2.164  ; 2.164  ; Rise       ; inst|altpll_component|pll|clk[0] ;
;  bidir_port_to_and_from_the_lcd32_data[3]  ; clk_in     ; 2.158  ; 2.158  ; Rise       ; inst|altpll_component|pll|clk[0] ;
;  bidir_port_to_and_from_the_lcd32_data[4]  ; clk_in     ; 2.118  ; 2.118  ; Rise       ; inst|altpll_component|pll|clk[0] ;
;  bidir_port_to_and_from_the_lcd32_data[5]  ; clk_in     ; 2.199  ; 2.199  ; Rise       ; inst|altpll_component|pll|clk[0] ;
;  bidir_port_to_and_from_the_lcd32_data[6]  ; clk_in     ; 2.173  ; 2.173  ; Rise       ; inst|altpll_component|pll|clk[0] ;
;  bidir_port_to_and_from_the_lcd32_data[7]  ; clk_in     ; 2.276  ; 2.276  ; Rise       ; inst|altpll_component|pll|clk[0] ;
;  bidir_port_to_and_from_the_lcd32_data[8]  ; clk_in     ; 2.124  ; 2.124  ; Rise       ; inst|altpll_component|pll|clk[0] ;
;  bidir_port_to_and_from_the_lcd32_data[9]  ; clk_in     ; 2.092  ; 2.092  ; Rise       ; inst|altpll_component|pll|clk[0] ;
;  bidir_port_to_and_from_the_lcd32_data[10] ; clk_in     ; 2.095  ; 2.095  ; Rise       ; inst|altpll_component|pll|clk[0] ;
;  bidir_port_to_and_from_the_lcd32_data[11] ; clk_in     ; 2.109  ; 2.109  ; Rise       ; inst|altpll_component|pll|clk[0] ;
;  bidir_port_to_and_from_the_lcd32_data[12] ; clk_in     ; 2.096  ; 2.096  ; Rise       ; inst|altpll_component|pll|clk[0] ;
;  bidir_port_to_and_from_the_lcd32_data[13] ; clk_in     ; 1.963  ; 1.963  ; Rise       ; inst|altpll_component|pll|clk[0] ;
;  bidir_port_to_and_from_the_lcd32_data[14] ; clk_in     ; 1.974  ; 1.974  ; Rise       ; inst|altpll_component|pll|clk[0] ;
;  bidir_port_to_and_from_the_lcd32_data[15] ; clk_in     ; 1.880  ; 1.880  ; Rise       ; inst|altpll_component|pll|clk[0] ;
; buzz[*]                                    ; clk_in     ; 2.044  ; 2.044  ; Rise       ; inst|altpll_component|pll|clk[0] ;
;  buzz[0]                                   ; clk_in     ; 2.044  ; 2.044  ; Rise       ; inst|altpll_component|pll|clk[0] ;
;  buzz[1]                                   ; clk_in     ; 2.204  ; 2.204  ; Rise       ; inst|altpll_component|pll|clk[0] ;
;  buzz[2]                                   ; clk_in     ; 2.206  ; 2.206  ; Rise       ; inst|altpll_component|pll|clk[0] ;
;  buzz[3]                                   ; clk_in     ; 2.154  ; 2.154  ; Rise       ; inst|altpll_component|pll|clk[0] ;
; led[*]                                     ; clk_in     ; 1.904  ; 1.904  ; Rise       ; inst|altpll_component|pll|clk[0] ;
;  led[0]                                    ; clk_in     ; 1.904  ; 1.904  ; Rise       ; inst|altpll_component|pll|clk[0] ;
;  led[1]                                    ; clk_in     ; 2.021  ; 2.021  ; Rise       ; inst|altpll_component|pll|clk[0] ;
;  led[2]                                    ; clk_in     ; 2.209  ; 2.209  ; Rise       ; inst|altpll_component|pll|clk[0] ;
;  led[3]                                    ; clk_in     ; 2.311  ; 2.311  ; Rise       ; inst|altpll_component|pll|clk[0] ;
; out_port_from_the_bl_n                     ; clk_in     ; 2.131  ; 2.131  ; Rise       ; inst|altpll_component|pll|clk[0] ;
; out_port_from_the_bl_p                     ; clk_in     ; 2.114  ; 2.114  ; Rise       ; inst|altpll_component|pll|clk[0] ;
; out_port_from_the_lcd_cs                   ; clk_in     ; 2.145  ; 2.145  ; Rise       ; inst|altpll_component|pll|clk[0] ;
; out_port_from_the_lcd_rd                   ; clk_in     ; 2.123  ; 2.123  ; Rise       ; inst|altpll_component|pll|clk[0] ;
; out_port_from_the_lcd_rs                   ; clk_in     ; 2.073  ; 2.073  ; Rise       ; inst|altpll_component|pll|clk[0] ;
; out_port_from_the_lcd_wr                   ; clk_in     ; 2.116  ; 2.116  ; Rise       ; inst|altpll_component|pll|clk[0] ;
; out_port_from_the_reset                    ; clk_in     ; 1.877  ; 1.877  ; Rise       ; inst|altpll_component|pll|clk[0] ;
; out_port_from_the_touch_cs                 ; clk_in     ; 1.976  ; 1.976  ; Rise       ; inst|altpll_component|pll|clk[0] ;
; S_CLK                                      ; clk_in     ; -1.445 ;        ; Rise       ; inst|altpll_component|pll|clk[1] ;
; S_CLK                                      ; clk_in     ;        ; -1.445 ; Fall       ; inst|altpll_component|pll|clk[1] ;
+--------------------------------------------+------------+--------+--------+------------+----------------------------------+


+------------------------------------------------------------------------------------------------------------------------+
; Output Enable Times                                                                                                    ;
+--------------------------------------------+------------+-------+------+------------+----------------------------------+
; Data Port                                  ; Clock Port ; Rise  ; Fall ; Clock Edge ; Clock Reference                  ;
+--------------------------------------------+------------+-------+------+------------+----------------------------------+
; bidir_port_to_and_from_the_lcd32_data[*]   ; clk_in     ; 1.850 ;      ; Rise       ; inst|altpll_component|pll|clk[0] ;
;  bidir_port_to_and_from_the_lcd32_data[0]  ; clk_in     ; 2.262 ;      ; Rise       ; inst|altpll_component|pll|clk[0] ;
;  bidir_port_to_and_from_the_lcd32_data[1]  ; clk_in     ; 2.243 ;      ; Rise       ; inst|altpll_component|pll|clk[0] ;
;  bidir_port_to_and_from_the_lcd32_data[2]  ; clk_in     ; 2.170 ;      ; Rise       ; inst|altpll_component|pll|clk[0] ;
;  bidir_port_to_and_from_the_lcd32_data[3]  ; clk_in     ; 2.155 ;      ; Rise       ; inst|altpll_component|pll|clk[0] ;
;  bidir_port_to_and_from_the_lcd32_data[4]  ; clk_in     ; 2.071 ;      ; Rise       ; inst|altpll_component|pll|clk[0] ;
;  bidir_port_to_and_from_the_lcd32_data[5]  ; clk_in     ; 2.120 ;      ; Rise       ; inst|altpll_component|pll|clk[0] ;
;  bidir_port_to_and_from_the_lcd32_data[6]  ; clk_in     ; 2.139 ;      ; Rise       ; inst|altpll_component|pll|clk[0] ;
;  bidir_port_to_and_from_the_lcd32_data[7]  ; clk_in     ; 2.105 ;      ; Rise       ; inst|altpll_component|pll|clk[0] ;
;  bidir_port_to_and_from_the_lcd32_data[8]  ; clk_in     ; 2.073 ;      ; Rise       ; inst|altpll_component|pll|clk[0] ;
;  bidir_port_to_and_from_the_lcd32_data[9]  ; clk_in     ; 2.075 ;      ; Rise       ; inst|altpll_component|pll|clk[0] ;
;  bidir_port_to_and_from_the_lcd32_data[10] ; clk_in     ; 2.067 ;      ; Rise       ; inst|altpll_component|pll|clk[0] ;
;  bidir_port_to_and_from_the_lcd32_data[11] ; clk_in     ; 2.113 ;      ; Rise       ; inst|altpll_component|pll|clk[0] ;
;  bidir_port_to_and_from_the_lcd32_data[12] ; clk_in     ; 2.070 ;      ; Rise       ; inst|altpll_component|pll|clk[0] ;
;  bidir_port_to_and_from_the_lcd32_data[13] ; clk_in     ; 1.951 ;      ; Rise       ; inst|altpll_component|pll|clk[0] ;
;  bidir_port_to_and_from_the_lcd32_data[14] ; clk_in     ; 1.953 ;      ; Rise       ; inst|altpll_component|pll|clk[0] ;
;  bidir_port_to_and_from_the_lcd32_data[15] ; clk_in     ; 1.850 ;      ; Rise       ; inst|altpll_component|pll|clk[0] ;
+--------------------------------------------+------------+-------+------+------------+----------------------------------+


+------------------------------------------------------------------------------------------------------------------------+
; Minimum Output Enable Times                                                                                            ;
+--------------------------------------------+------------+-------+------+------------+----------------------------------+
; Data Port                                  ; Clock Port ; Rise  ; Fall ; Clock Edge ; Clock Reference                  ;
+--------------------------------------------+------------+-------+------+------------+----------------------------------+
; bidir_port_to_and_from_the_lcd32_data[*]   ; clk_in     ; 1.850 ;      ; Rise       ; inst|altpll_component|pll|clk[0] ;
;  bidir_port_to_and_from_the_lcd32_data[0]  ; clk_in     ; 2.262 ;      ; Rise       ; inst|altpll_component|pll|clk[0] ;
;  bidir_port_to_and_from_the_lcd32_data[1]  ; clk_in     ; 2.243 ;      ; Rise       ; inst|altpll_component|pll|clk[0] ;
;  bidir_port_to_and_from_the_lcd32_data[2]  ; clk_in     ; 2.170 ;      ; Rise       ; inst|altpll_component|pll|clk[0] ;
;  bidir_port_to_and_from_the_lcd32_data[3]  ; clk_in     ; 2.155 ;      ; Rise       ; inst|altpll_component|pll|clk[0] ;
;  bidir_port_to_and_from_the_lcd32_data[4]  ; clk_in     ; 2.071 ;      ; Rise       ; inst|altpll_component|pll|clk[0] ;
;  bidir_port_to_and_from_the_lcd32_data[5]  ; clk_in     ; 2.120 ;      ; Rise       ; inst|altpll_component|pll|clk[0] ;
;  bidir_port_to_and_from_the_lcd32_data[6]  ; clk_in     ; 2.139 ;      ; Rise       ; inst|altpll_component|pll|clk[0] ;
;  bidir_port_to_and_from_the_lcd32_data[7]  ; clk_in     ; 2.105 ;      ; Rise       ; inst|altpll_component|pll|clk[0] ;
;  bidir_port_to_and_from_the_lcd32_data[8]  ; clk_in     ; 2.073 ;      ; Rise       ; inst|altpll_component|pll|clk[0] ;
;  bidir_port_to_and_from_the_lcd32_data[9]  ; clk_in     ; 2.075 ;      ; Rise       ; inst|altpll_component|pll|clk[0] ;
;  bidir_port_to_and_from_the_lcd32_data[10] ; clk_in     ; 2.067 ;      ; Rise       ; inst|altpll_component|pll|clk[0] ;
;  bidir_port_to_and_from_the_lcd32_data[11] ; clk_in     ; 2.113 ;      ; Rise       ; inst|altpll_component|pll|clk[0] ;
;  bidir_port_to_and_from_the_lcd32_data[12] ; clk_in     ; 2.070 ;      ; Rise       ; inst|altpll_component|pll|clk[0] ;
;  bidir_port_to_and_from_the_lcd32_data[13] ; clk_in     ; 1.951 ;      ; Rise       ; inst|altpll_component|pll|clk[0] ;
;  bidir_port_to_and_from_the_lcd32_data[14] ; clk_in     ; 1.953 ;      ; Rise       ; inst|altpll_component|pll|clk[0] ;
;  bidir_port_to_and_from_the_lcd32_data[15] ; clk_in     ; 1.850 ;      ; Rise       ; inst|altpll_component|pll|clk[0] ;
+--------------------------------------------+------------+-------+------+------------+----------------------------------+


+---------------------------------------------------------------------------------------------------------------------------------+
; Output Disable Times                                                                                                            ;
+--------------------------------------------+------------+-----------+-----------+------------+----------------------------------+
; Data Port                                  ; Clock Port ; 0 to Hi-Z ; 1 to Hi-Z ; Clock Edge ; Clock Reference                  ;
+--------------------------------------------+------------+-----------+-----------+------------+----------------------------------+
; bidir_port_to_and_from_the_lcd32_data[*]   ; clk_in     ; 1.850     ;           ; Rise       ; inst|altpll_component|pll|clk[0] ;
;  bidir_port_to_and_from_the_lcd32_data[0]  ; clk_in     ; 2.262     ;           ; Rise       ; inst|altpll_component|pll|clk[0] ;
;  bidir_port_to_and_from_the_lcd32_data[1]  ; clk_in     ; 2.243     ;           ; Rise       ; inst|altpll_component|pll|clk[0] ;
;  bidir_port_to_and_from_the_lcd32_data[2]  ; clk_in     ; 2.170     ;           ; Rise       ; inst|altpll_component|pll|clk[0] ;
;  bidir_port_to_and_from_the_lcd32_data[3]  ; clk_in     ; 2.155     ;           ; Rise       ; inst|altpll_component|pll|clk[0] ;
;  bidir_port_to_and_from_the_lcd32_data[4]  ; clk_in     ; 2.071     ;           ; Rise       ; inst|altpll_component|pll|clk[0] ;
;  bidir_port_to_and_from_the_lcd32_data[5]  ; clk_in     ; 2.120     ;           ; Rise       ; inst|altpll_component|pll|clk[0] ;
;  bidir_port_to_and_from_the_lcd32_data[6]  ; clk_in     ; 2.139     ;           ; Rise       ; inst|altpll_component|pll|clk[0] ;
;  bidir_port_to_and_from_the_lcd32_data[7]  ; clk_in     ; 2.105     ;           ; Rise       ; inst|altpll_component|pll|clk[0] ;
;  bidir_port_to_and_from_the_lcd32_data[8]  ; clk_in     ; 2.073     ;           ; Rise       ; inst|altpll_component|pll|clk[0] ;
;  bidir_port_to_and_from_the_lcd32_data[9]  ; clk_in     ; 2.075     ;           ; Rise       ; inst|altpll_component|pll|clk[0] ;
;  bidir_port_to_and_from_the_lcd32_data[10] ; clk_in     ; 2.067     ;           ; Rise       ; inst|altpll_component|pll|clk[0] ;
;  bidir_port_to_and_from_the_lcd32_data[11] ; clk_in     ; 2.113     ;           ; Rise       ; inst|altpll_component|pll|clk[0] ;
;  bidir_port_to_and_from_the_lcd32_data[12] ; clk_in     ; 2.070     ;           ; Rise       ; inst|altpll_component|pll|clk[0] ;
;  bidir_port_to_and_from_the_lcd32_data[13] ; clk_in     ; 1.951     ;           ; Rise       ; inst|altpll_component|pll|clk[0] ;
;  bidir_port_to_and_from_the_lcd32_data[14] ; clk_in     ; 1.953     ;           ; Rise       ; inst|altpll_component|pll|clk[0] ;
;  bidir_port_to_and_from_the_lcd32_data[15] ; clk_in     ; 1.850     ;           ; Rise       ; inst|altpll_component|pll|clk[0] ;
+--------------------------------------------+------------+-----------+-----------+------------+----------------------------------+


+---------------------------------------------------------------------------------------------------------------------------------+
; Minimum Output Disable Times                                                                                                    ;
+--------------------------------------------+------------+-----------+-----------+------------+----------------------------------+
; Data Port                                  ; Clock Port ; 0 to Hi-Z ; 1 to Hi-Z ; Clock Edge ; Clock Reference                  ;
+--------------------------------------------+------------+-----------+-----------+------------+----------------------------------+
; bidir_port_to_and_from_the_lcd32_data[*]   ; clk_in     ; 1.850     ;           ; Rise       ; inst|altpll_component|pll|clk[0] ;
;  bidir_port_to_and_from_the_lcd32_data[0]  ; clk_in     ; 2.262     ;           ; Rise       ; inst|altpll_component|pll|clk[0] ;
;  bidir_port_to_and_from_the_lcd32_data[1]  ; clk_in     ; 2.243     ;           ; Rise       ; inst|altpll_component|pll|clk[0] ;
;  bidir_port_to_and_from_the_lcd32_data[2]  ; clk_in     ; 2.170     ;           ; Rise       ; inst|altpll_component|pll|clk[0] ;
;  bidir_port_to_and_from_the_lcd32_data[3]  ; clk_in     ; 2.155     ;           ; Rise       ; inst|altpll_component|pll|clk[0] ;
;  bidir_port_to_and_from_the_lcd32_data[4]  ; clk_in     ; 2.071     ;           ; Rise       ; inst|altpll_component|pll|clk[0] ;
;  bidir_port_to_and_from_the_lcd32_data[5]  ; clk_in     ; 2.120     ;           ; Rise       ; inst|altpll_component|pll|clk[0] ;
;  bidir_port_to_and_from_the_lcd32_data[6]  ; clk_in     ; 2.139     ;           ; Rise       ; inst|altpll_component|pll|clk[0] ;
;  bidir_port_to_and_from_the_lcd32_data[7]  ; clk_in     ; 2.105     ;           ; Rise       ; inst|altpll_component|pll|clk[0] ;
;  bidir_port_to_and_from_the_lcd32_data[8]  ; clk_in     ; 2.073     ;           ; Rise       ; inst|altpll_component|pll|clk[0] ;
;  bidir_port_to_and_from_the_lcd32_data[9]  ; clk_in     ; 2.075     ;           ; Rise       ; inst|altpll_component|pll|clk[0] ;
;  bidir_port_to_and_from_the_lcd32_data[10] ; clk_in     ; 2.067     ;           ; Rise       ; inst|altpll_component|pll|clk[0] ;
;  bidir_port_to_and_from_the_lcd32_data[11] ; clk_in     ; 2.113     ;           ; Rise       ; inst|altpll_component|pll|clk[0] ;
;  bidir_port_to_and_from_the_lcd32_data[12] ; clk_in     ; 2.070     ;           ; Rise       ; inst|altpll_component|pll|clk[0] ;
;  bidir_port_to_and_from_the_lcd32_data[13] ; clk_in     ; 1.951     ;           ; Rise       ; inst|altpll_component|pll|clk[0] ;
;  bidir_port_to_and_from_the_lcd32_data[14] ; clk_in     ; 1.953     ;           ; Rise       ; inst|altpll_component|pll|clk[0] ;
;  bidir_port_to_and_from_the_lcd32_data[15] ; clk_in     ; 1.850     ;           ; Rise       ; inst|altpll_component|pll|clk[0] ;
+--------------------------------------------+------------+-----------+-----------+------------+----------------------------------+


+------------------------------------------------------------------------------------------------+
; Multicorner Timing Analysis Summary                                                            ;
+-----------------------------------+---------+-------+----------+---------+---------------------+
; Clock                             ; Setup   ; Hold  ; Recovery ; Removal ; Minimum Pulse Width ;
+-----------------------------------+---------+-------+----------+---------+---------------------+
; Worst-case Slack                  ; -0.999  ; 0.215 ; 1.565    ; 1.244   ; 1.933               ;
;  altera_reserved_tck              ; N/A     ; N/A   ; N/A      ; N/A     ; 97.223              ;
;  clk_in                           ; N/A     ; N/A   ; N/A      ; N/A     ; 5.000               ;
;  inst|altpll_component|pll|clk[0] ; -0.999  ; 0.215 ; 1.565    ; 1.244   ; 1.933               ;
; Design-wide TNS                   ; -60.674 ; 0.0   ; 0.0      ; 0.0     ; 0.0                 ;
;  altera_reserved_tck              ; N/A     ; N/A   ; N/A      ; N/A     ; 0.000               ;
;  clk_in                           ; N/A     ; N/A   ; N/A      ; N/A     ; 0.000               ;
;  inst|altpll_component|pll|clk[0] ; -60.674 ; 0.000 ; 0.000    ; 0.000   ; 0.000               ;
+-----------------------------------+---------+-------+----------+---------+---------------------+


+-------------------------------------------------------------------------------------------------------------------------+
; Setup Times                                                                                                             ;
+--------------------------------------------+------------+-------+-------+------------+----------------------------------+
; Data Port                                  ; Clock Port ; Rise  ; Fall  ; Clock Edge ; Clock Reference                  ;
+--------------------------------------------+------------+-------+-------+------------+----------------------------------+
; DQ[*]                                      ; clk_in     ; 1.573 ; 1.573 ; Rise       ; inst|altpll_component|pll|clk[0] ;
;  DQ[0]                                     ; clk_in     ; 1.573 ; 1.573 ; Rise       ; inst|altpll_component|pll|clk[0] ;
;  DQ[1]                                     ; clk_in     ; 1.573 ; 1.573 ; Rise       ; inst|altpll_component|pll|clk[0] ;
;  DQ[2]                                     ; clk_in     ; 1.562 ; 1.562 ; Rise       ; inst|altpll_component|pll|clk[0] ;
;  DQ[3]                                     ; clk_in     ; 1.568 ; 1.568 ; Rise       ; inst|altpll_component|pll|clk[0] ;
;  DQ[4]                                     ; clk_in     ; 1.552 ; 1.552 ; Rise       ; inst|altpll_component|pll|clk[0] ;
;  DQ[5]                                     ; clk_in     ; 1.552 ; 1.552 ; Rise       ; inst|altpll_component|pll|clk[0] ;
;  DQ[6]                                     ; clk_in     ; 1.454 ; 1.454 ; Rise       ; inst|altpll_component|pll|clk[0] ;
;  DQ[7]                                     ; clk_in     ; 1.444 ; 1.444 ; Rise       ; inst|altpll_component|pll|clk[0] ;
;  DQ[8]                                     ; clk_in     ; 1.546 ; 1.546 ; Rise       ; inst|altpll_component|pll|clk[0] ;
;  DQ[9]                                     ; clk_in     ; 1.548 ; 1.548 ; Rise       ; inst|altpll_component|pll|clk[0] ;
;  DQ[10]                                    ; clk_in     ; 1.558 ; 1.558 ; Rise       ; inst|altpll_component|pll|clk[0] ;
;  DQ[11]                                    ; clk_in     ; 1.548 ; 1.548 ; Rise       ; inst|altpll_component|pll|clk[0] ;
;  DQ[12]                                    ; clk_in     ; 1.548 ; 1.548 ; Rise       ; inst|altpll_component|pll|clk[0] ;
;  DQ[13]                                    ; clk_in     ; 1.560 ; 1.560 ; Rise       ; inst|altpll_component|pll|clk[0] ;
;  DQ[14]                                    ; clk_in     ; 1.548 ; 1.548 ; Rise       ; inst|altpll_component|pll|clk[0] ;
;  DQ[15]                                    ; clk_in     ; 1.544 ; 1.544 ; Rise       ; inst|altpll_component|pll|clk[0] ;
; MISO_to_the_spi_touch                      ; clk_in     ; 6.815 ; 6.815 ; Rise       ; inst|altpll_component|pll|clk[0] ;
; bidir_port_to_and_from_the_lcd32_data[*]   ; clk_in     ; 8.090 ; 8.090 ; Rise       ; inst|altpll_component|pll|clk[0] ;
;  bidir_port_to_and_from_the_lcd32_data[0]  ; clk_in     ; 7.746 ; 7.746 ; Rise       ; inst|altpll_component|pll|clk[0] ;
;  bidir_port_to_and_from_the_lcd32_data[1]  ; clk_in     ; 7.407 ; 7.407 ; Rise       ; inst|altpll_component|pll|clk[0] ;
;  bidir_port_to_and_from_the_lcd32_data[2]  ; clk_in     ; 7.721 ; 7.721 ; Rise       ; inst|altpll_component|pll|clk[0] ;
;  bidir_port_to_and_from_the_lcd32_data[3]  ; clk_in     ; 7.901 ; 7.901 ; Rise       ; inst|altpll_component|pll|clk[0] ;
;  bidir_port_to_and_from_the_lcd32_data[4]  ; clk_in     ; 7.802 ; 7.802 ; Rise       ; inst|altpll_component|pll|clk[0] ;
;  bidir_port_to_and_from_the_lcd32_data[5]  ; clk_in     ; 7.268 ; 7.268 ; Rise       ; inst|altpll_component|pll|clk[0] ;
;  bidir_port_to_and_from_the_lcd32_data[6]  ; clk_in     ; 7.332 ; 7.332 ; Rise       ; inst|altpll_component|pll|clk[0] ;
;  bidir_port_to_and_from_the_lcd32_data[7]  ; clk_in     ; 7.330 ; 7.330 ; Rise       ; inst|altpll_component|pll|clk[0] ;
;  bidir_port_to_and_from_the_lcd32_data[8]  ; clk_in     ; 7.506 ; 7.506 ; Rise       ; inst|altpll_component|pll|clk[0] ;
;  bidir_port_to_and_from_the_lcd32_data[9]  ; clk_in     ; 7.725 ; 7.725 ; Rise       ; inst|altpll_component|pll|clk[0] ;
;  bidir_port_to_and_from_the_lcd32_data[10] ; clk_in     ; 8.090 ; 8.090 ; Rise       ; inst|altpll_component|pll|clk[0] ;
;  bidir_port_to_and_from_the_lcd32_data[11] ; clk_in     ; 7.569 ; 7.569 ; Rise       ; inst|altpll_component|pll|clk[0] ;
;  bidir_port_to_and_from_the_lcd32_data[12] ; clk_in     ; 7.200 ; 7.200 ; Rise       ; inst|altpll_component|pll|clk[0] ;
;  bidir_port_to_and_from_the_lcd32_data[13] ; clk_in     ; 7.256 ; 7.256 ; Rise       ; inst|altpll_component|pll|clk[0] ;
;  bidir_port_to_and_from_the_lcd32_data[14] ; clk_in     ; 6.819 ; 6.819 ; Rise       ; inst|altpll_component|pll|clk[0] ;
;  bidir_port_to_and_from_the_lcd32_data[15] ; clk_in     ; 6.831 ; 6.831 ; Rise       ; inst|altpll_component|pll|clk[0] ;
+--------------------------------------------+------------+-------+-------+------------+----------------------------------+


+---------------------------------------------------------------------------------------------------------------------------+
; Hold Times                                                                                                                ;
+--------------------------------------------+------------+--------+--------+------------+----------------------------------+
; Data Port                                  ; Clock Port ; Rise   ; Fall   ; Clock Edge ; Clock Reference                  ;
+--------------------------------------------+------------+--------+--------+------------+----------------------------------+
; DQ[*]                                      ; clk_in     ; -0.837 ; -0.837 ; Rise       ; inst|altpll_component|pll|clk[0] ;
;  DQ[0]                                     ; clk_in     ; -0.948 ; -0.948 ; Rise       ; inst|altpll_component|pll|clk[0] ;
;  DQ[1]                                     ; clk_in     ; -0.948 ; -0.948 ; Rise       ; inst|altpll_component|pll|clk[0] ;
;  DQ[2]                                     ; clk_in     ; -0.937 ; -0.937 ; Rise       ; inst|altpll_component|pll|clk[0] ;
;  DQ[3]                                     ; clk_in     ; -0.943 ; -0.943 ; Rise       ; inst|altpll_component|pll|clk[0] ;
;  DQ[4]                                     ; clk_in     ; -0.927 ; -0.927 ; Rise       ; inst|altpll_component|pll|clk[0] ;
;  DQ[5]                                     ; clk_in     ; -0.927 ; -0.927 ; Rise       ; inst|altpll_component|pll|clk[0] ;
;  DQ[6]                                     ; clk_in     ; -0.847 ; -0.847 ; Rise       ; inst|altpll_component|pll|clk[0] ;
;  DQ[7]                                     ; clk_in     ; -0.837 ; -0.837 ; Rise       ; inst|altpll_component|pll|clk[0] ;
;  DQ[8]                                     ; clk_in     ; -0.923 ; -0.923 ; Rise       ; inst|altpll_component|pll|clk[0] ;
;  DQ[9]                                     ; clk_in     ; -0.924 ; -0.924 ; Rise       ; inst|altpll_component|pll|clk[0] ;
;  DQ[10]                                    ; clk_in     ; -0.934 ; -0.934 ; Rise       ; inst|altpll_component|pll|clk[0] ;
;  DQ[11]                                    ; clk_in     ; -0.925 ; -0.925 ; Rise       ; inst|altpll_component|pll|clk[0] ;
;  DQ[12]                                    ; clk_in     ; -0.925 ; -0.925 ; Rise       ; inst|altpll_component|pll|clk[0] ;
;  DQ[13]                                    ; clk_in     ; -0.937 ; -0.937 ; Rise       ; inst|altpll_component|pll|clk[0] ;
;  DQ[14]                                    ; clk_in     ; -0.925 ; -0.925 ; Rise       ; inst|altpll_component|pll|clk[0] ;
;  DQ[15]                                    ; clk_in     ; -0.922 ; -0.922 ; Rise       ; inst|altpll_component|pll|clk[0] ;
; MISO_to_the_spi_touch                      ; clk_in     ; -3.364 ; -3.364 ; Rise       ; inst|altpll_component|pll|clk[0] ;
; bidir_port_to_and_from_the_lcd32_data[*]   ; clk_in     ; -3.362 ; -3.362 ; Rise       ; inst|altpll_component|pll|clk[0] ;
;  bidir_port_to_and_from_the_lcd32_data[0]  ; clk_in     ; -3.719 ; -3.719 ; Rise       ; inst|altpll_component|pll|clk[0] ;
;  bidir_port_to_and_from_the_lcd32_data[1]  ; clk_in     ; -3.629 ; -3.629 ; Rise       ; inst|altpll_component|pll|clk[0] ;
;  bidir_port_to_and_from_the_lcd32_data[2]  ; clk_in     ; -3.677 ; -3.677 ; Rise       ; inst|altpll_component|pll|clk[0] ;
;  bidir_port_to_and_from_the_lcd32_data[3]  ; clk_in     ; -3.776 ; -3.776 ; Rise       ; inst|altpll_component|pll|clk[0] ;
;  bidir_port_to_and_from_the_lcd32_data[4]  ; clk_in     ; -3.717 ; -3.717 ; Rise       ; inst|altpll_component|pll|clk[0] ;
;  bidir_port_to_and_from_the_lcd32_data[5]  ; clk_in     ; -3.543 ; -3.543 ; Rise       ; inst|altpll_component|pll|clk[0] ;
;  bidir_port_to_and_from_the_lcd32_data[6]  ; clk_in     ; -3.576 ; -3.576 ; Rise       ; inst|altpll_component|pll|clk[0] ;
;  bidir_port_to_and_from_the_lcd32_data[7]  ; clk_in     ; -3.581 ; -3.581 ; Rise       ; inst|altpll_component|pll|clk[0] ;
;  bidir_port_to_and_from_the_lcd32_data[8]  ; clk_in     ; -3.625 ; -3.625 ; Rise       ; inst|altpll_component|pll|clk[0] ;
;  bidir_port_to_and_from_the_lcd32_data[9]  ; clk_in     ; -3.635 ; -3.635 ; Rise       ; inst|altpll_component|pll|clk[0] ;
;  bidir_port_to_and_from_the_lcd32_data[10] ; clk_in     ; -3.769 ; -3.769 ; Rise       ; inst|altpll_component|pll|clk[0] ;
;  bidir_port_to_and_from_the_lcd32_data[11] ; clk_in     ; -3.596 ; -3.596 ; Rise       ; inst|altpll_component|pll|clk[0] ;
;  bidir_port_to_and_from_the_lcd32_data[12] ; clk_in     ; -3.482 ; -3.482 ; Rise       ; inst|altpll_component|pll|clk[0] ;
;  bidir_port_to_and_from_the_lcd32_data[13] ; clk_in     ; -3.486 ; -3.486 ; Rise       ; inst|altpll_component|pll|clk[0] ;
;  bidir_port_to_and_from_the_lcd32_data[14] ; clk_in     ; -3.362 ; -3.362 ; Rise       ; inst|altpll_component|pll|clk[0] ;
;  bidir_port_to_and_from_the_lcd32_data[15] ; clk_in     ; -3.368 ; -3.368 ; Rise       ; inst|altpll_component|pll|clk[0] ;
+--------------------------------------------+------------+--------+--------+------------+----------------------------------+


+-------------------------------------------------------------------------------------------------------------------------+
; Clock to Output Times                                                                                                   ;
+--------------------------------------------+------------+-------+-------+------------+----------------------------------+
; Data Port                                  ; Clock Port ; Rise  ; Fall  ; Clock Edge ; Clock Reference                  ;
+--------------------------------------------+------------+-------+-------+------------+----------------------------------+
; BA[*]                                      ; clk_in     ; 3.166 ; 3.166 ; Rise       ; inst|altpll_component|pll|clk[0] ;
;  BA[0]                                     ; clk_in     ; 3.166 ; 3.166 ; Rise       ; inst|altpll_component|pll|clk[0] ;
;  BA[1]                                     ; clk_in     ; 3.154 ; 3.154 ; Rise       ; inst|altpll_component|pll|clk[0] ;
; CAS                                        ; clk_in     ; 3.167 ; 3.167 ; Rise       ; inst|altpll_component|pll|clk[0] ;
; CS                                         ; clk_in     ; 3.156 ; 3.156 ; Rise       ; inst|altpll_component|pll|clk[0] ;
; DQ[*]                                      ; clk_in     ; 3.167 ; 3.167 ; Rise       ; inst|altpll_component|pll|clk[0] ;
;  DQ[0]                                     ; clk_in     ; 2.752 ; 2.752 ; Rise       ; inst|altpll_component|pll|clk[0] ;
;  DQ[1]                                     ; clk_in     ; 2.752 ; 2.752 ; Rise       ; inst|altpll_component|pll|clk[0] ;
;  DQ[2]                                     ; clk_in     ; 2.763 ; 2.763 ; Rise       ; inst|altpll_component|pll|clk[0] ;
;  DQ[3]                                     ; clk_in     ; 2.757 ; 2.757 ; Rise       ; inst|altpll_component|pll|clk[0] ;
;  DQ[4]                                     ; clk_in     ; 2.753 ; 2.753 ; Rise       ; inst|altpll_component|pll|clk[0] ;
;  DQ[5]                                     ; clk_in     ; 2.753 ; 2.753 ; Rise       ; inst|altpll_component|pll|clk[0] ;
;  DQ[6]                                     ; clk_in     ; 3.167 ; 3.167 ; Rise       ; inst|altpll_component|pll|clk[0] ;
;  DQ[7]                                     ; clk_in     ; 3.157 ; 3.157 ; Rise       ; inst|altpll_component|pll|clk[0] ;
;  DQ[8]                                     ; clk_in     ; 2.779 ; 2.779 ; Rise       ; inst|altpll_component|pll|clk[0] ;
;  DQ[9]                                     ; clk_in     ; 2.777 ; 2.777 ; Rise       ; inst|altpll_component|pll|clk[0] ;
;  DQ[10]                                    ; clk_in     ; 2.787 ; 2.787 ; Rise       ; inst|altpll_component|pll|clk[0] ;
;  DQ[11]                                    ; clk_in     ; 2.757 ; 2.757 ; Rise       ; inst|altpll_component|pll|clk[0] ;
;  DQ[12]                                    ; clk_in     ; 2.757 ; 2.757 ; Rise       ; inst|altpll_component|pll|clk[0] ;
;  DQ[13]                                    ; clk_in     ; 2.745 ; 2.745 ; Rise       ; inst|altpll_component|pll|clk[0] ;
;  DQ[14]                                    ; clk_in     ; 2.757 ; 2.757 ; Rise       ; inst|altpll_component|pll|clk[0] ;
;  DQ[15]                                    ; clk_in     ; 2.761 ; 2.761 ; Rise       ; inst|altpll_component|pll|clk[0] ;
; MOSI_from_the_spi_touch                    ; clk_in     ; 4.563 ; 4.563 ; Rise       ; inst|altpll_component|pll|clk[0] ;
; RA[*]                                      ; clk_in     ; 3.178 ; 3.178 ; Rise       ; inst|altpll_component|pll|clk[0] ;
;  RA[0]                                     ; clk_in     ; 3.132 ; 3.132 ; Rise       ; inst|altpll_component|pll|clk[0] ;
;  RA[1]                                     ; clk_in     ; 3.152 ; 3.152 ; Rise       ; inst|altpll_component|pll|clk[0] ;
;  RA[2]                                     ; clk_in     ; 3.133 ; 3.133 ; Rise       ; inst|altpll_component|pll|clk[0] ;
;  RA[3]                                     ; clk_in     ; 3.133 ; 3.133 ; Rise       ; inst|altpll_component|pll|clk[0] ;
;  RA[4]                                     ; clk_in     ; 3.153 ; 3.153 ; Rise       ; inst|altpll_component|pll|clk[0] ;
;  RA[5]                                     ; clk_in     ; 3.153 ; 3.153 ; Rise       ; inst|altpll_component|pll|clk[0] ;
;  RA[6]                                     ; clk_in     ; 3.163 ; 3.163 ; Rise       ; inst|altpll_component|pll|clk[0] ;
;  RA[7]                                     ; clk_in     ; 3.161 ; 3.161 ; Rise       ; inst|altpll_component|pll|clk[0] ;
;  RA[8]                                     ; clk_in     ; 3.157 ; 3.157 ; Rise       ; inst|altpll_component|pll|clk[0] ;
;  RA[9]                                     ; clk_in     ; 3.163 ; 3.163 ; Rise       ; inst|altpll_component|pll|clk[0] ;
;  RA[10]                                    ; clk_in     ; 3.154 ; 3.154 ; Rise       ; inst|altpll_component|pll|clk[0] ;
;  RA[11]                                    ; clk_in     ; 3.178 ; 3.178 ; Rise       ; inst|altpll_component|pll|clk[0] ;
;  RA[12]                                    ; clk_in     ; 3.168 ; 3.168 ; Rise       ; inst|altpll_component|pll|clk[0] ;
; RAS                                        ; clk_in     ; 3.167 ; 3.167 ; Rise       ; inst|altpll_component|pll|clk[0] ;
; SCLK_from_the_spi_touch                    ; clk_in     ; 5.260 ; 5.260 ; Rise       ; inst|altpll_component|pll|clk[0] ;
; SS_n_from_the_spi_touch                    ; clk_in     ; 6.256 ; 6.256 ; Rise       ; inst|altpll_component|pll|clk[0] ;
; S_DQM[*]                                   ; clk_in     ; 3.167 ; 3.167 ; Rise       ; inst|altpll_component|pll|clk[0] ;
;  S_DQM[0]                                  ; clk_in     ; 3.167 ; 3.167 ; Rise       ; inst|altpll_component|pll|clk[0] ;
;  S_DQM[1]                                  ; clk_in     ; 2.789 ; 2.789 ; Rise       ; inst|altpll_component|pll|clk[0] ;
; WE                                         ; clk_in     ; 3.167 ; 3.167 ; Rise       ; inst|altpll_component|pll|clk[0] ;
; bidir_port_to_and_from_the_lcd32_data[*]   ; clk_in     ; 5.850 ; 5.850 ; Rise       ; inst|altpll_component|pll|clk[0] ;
;  bidir_port_to_and_from_the_lcd32_data[0]  ; clk_in     ; 5.850 ; 5.850 ; Rise       ; inst|altpll_component|pll|clk[0] ;
;  bidir_port_to_and_from_the_lcd32_data[1]  ; clk_in     ; 5.686 ; 5.686 ; Rise       ; inst|altpll_component|pll|clk[0] ;
;  bidir_port_to_and_from_the_lcd32_data[2]  ; clk_in     ; 5.661 ; 5.661 ; Rise       ; inst|altpll_component|pll|clk[0] ;
;  bidir_port_to_and_from_the_lcd32_data[3]  ; clk_in     ; 5.649 ; 5.649 ; Rise       ; inst|altpll_component|pll|clk[0] ;
;  bidir_port_to_and_from_the_lcd32_data[4]  ; clk_in     ; 5.587 ; 5.587 ; Rise       ; inst|altpll_component|pll|clk[0] ;
;  bidir_port_to_and_from_the_lcd32_data[5]  ; clk_in     ; 5.734 ; 5.734 ; Rise       ; inst|altpll_component|pll|clk[0] ;
;  bidir_port_to_and_from_the_lcd32_data[6]  ; clk_in     ; 5.680 ; 5.680 ; Rise       ; inst|altpll_component|pll|clk[0] ;
;  bidir_port_to_and_from_the_lcd32_data[7]  ; clk_in     ; 5.837 ; 5.837 ; Rise       ; inst|altpll_component|pll|clk[0] ;
;  bidir_port_to_and_from_the_lcd32_data[8]  ; clk_in     ; 5.377 ; 5.377 ; Rise       ; inst|altpll_component|pll|clk[0] ;
;  bidir_port_to_and_from_the_lcd32_data[9]  ; clk_in     ; 5.292 ; 5.292 ; Rise       ; inst|altpll_component|pll|clk[0] ;
;  bidir_port_to_and_from_the_lcd32_data[10] ; clk_in     ; 5.294 ; 5.294 ; Rise       ; inst|altpll_component|pll|clk[0] ;
;  bidir_port_to_and_from_the_lcd32_data[11] ; clk_in     ; 5.322 ; 5.322 ; Rise       ; inst|altpll_component|pll|clk[0] ;
;  bidir_port_to_and_from_the_lcd32_data[12] ; clk_in     ; 5.294 ; 5.294 ; Rise       ; inst|altpll_component|pll|clk[0] ;
;  bidir_port_to_and_from_the_lcd32_data[13] ; clk_in     ; 4.901 ; 4.901 ; Rise       ; inst|altpll_component|pll|clk[0] ;
;  bidir_port_to_and_from_the_lcd32_data[14] ; clk_in     ; 4.913 ; 4.913 ; Rise       ; inst|altpll_component|pll|clk[0] ;
;  bidir_port_to_and_from_the_lcd32_data[15] ; clk_in     ; 4.575 ; 4.575 ; Rise       ; inst|altpll_component|pll|clk[0] ;
; buzz[*]                                    ; clk_in     ; 5.725 ; 5.725 ; Rise       ; inst|altpll_component|pll|clk[0] ;
;  buzz[0]                                   ; clk_in     ; 5.279 ; 5.279 ; Rise       ; inst|altpll_component|pll|clk[0] ;
;  buzz[1]                                   ; clk_in     ; 5.670 ; 5.670 ; Rise       ; inst|altpll_component|pll|clk[0] ;
;  buzz[2]                                   ; clk_in     ; 5.725 ; 5.725 ; Rise       ; inst|altpll_component|pll|clk[0] ;
;  buzz[3]                                   ; clk_in     ; 5.416 ; 5.416 ; Rise       ; inst|altpll_component|pll|clk[0] ;
; led[*]                                     ; clk_in     ; 6.006 ; 6.006 ; Rise       ; inst|altpll_component|pll|clk[0] ;
;  led[0]                                    ; clk_in     ; 4.869 ; 4.869 ; Rise       ; inst|altpll_component|pll|clk[0] ;
;  led[1]                                    ; clk_in     ; 5.259 ; 5.259 ; Rise       ; inst|altpll_component|pll|clk[0] ;
;  led[2]                                    ; clk_in     ; 5.594 ; 5.594 ; Rise       ; inst|altpll_component|pll|clk[0] ;
;  led[3]                                    ; clk_in     ; 6.006 ; 6.006 ; Rise       ; inst|altpll_component|pll|clk[0] ;
; out_port_from_the_bl_n                     ; clk_in     ; 5.588 ; 5.588 ; Rise       ; inst|altpll_component|pll|clk[0] ;
; out_port_from_the_bl_p                     ; clk_in     ; 5.323 ; 5.323 ; Rise       ; inst|altpll_component|pll|clk[0] ;
; out_port_from_the_lcd_cs                   ; clk_in     ; 5.393 ; 5.393 ; Rise       ; inst|altpll_component|pll|clk[0] ;
; out_port_from_the_lcd_rd                   ; clk_in     ; 5.357 ; 5.357 ; Rise       ; inst|altpll_component|pll|clk[0] ;
; out_port_from_the_lcd_rs                   ; clk_in     ; 5.272 ; 5.272 ; Rise       ; inst|altpll_component|pll|clk[0] ;
; out_port_from_the_lcd_wr                   ; clk_in     ; 5.335 ; 5.335 ; Rise       ; inst|altpll_component|pll|clk[0] ;
; out_port_from_the_reset                    ; clk_in     ; 4.570 ; 4.570 ; Rise       ; inst|altpll_component|pll|clk[0] ;
; out_port_from_the_touch_cs                 ; clk_in     ; 4.916 ; 4.916 ; Rise       ; inst|altpll_component|pll|clk[0] ;
; S_CLK                                      ; clk_in     ; 0.471 ;       ; Rise       ; inst|altpll_component|pll|clk[1] ;
; S_CLK                                      ; clk_in     ;       ; 0.471 ; Fall       ; inst|altpll_component|pll|clk[1] ;
+--------------------------------------------+------------+-------+-------+------------+----------------------------------+


+---------------------------------------------------------------------------------------------------------------------------+
; Minimum Clock to Output Times                                                                                             ;
+--------------------------------------------+------------+--------+--------+------------+----------------------------------+
; Data Port                                  ; Clock Port ; Rise   ; Fall   ; Clock Edge ; Clock Reference                  ;
+--------------------------------------------+------------+--------+--------+------------+----------------------------------+
; BA[*]                                      ; clk_in     ; 1.278  ; 1.278  ; Rise       ; inst|altpll_component|pll|clk[0] ;
;  BA[0]                                     ; clk_in     ; 1.290  ; 1.290  ; Rise       ; inst|altpll_component|pll|clk[0] ;
;  BA[1]                                     ; clk_in     ; 1.278  ; 1.278  ; Rise       ; inst|altpll_component|pll|clk[0] ;
; CAS                                        ; clk_in     ; 1.291  ; 1.291  ; Rise       ; inst|altpll_component|pll|clk[0] ;
; CS                                         ; clk_in     ; 1.280  ; 1.280  ; Rise       ; inst|altpll_component|pll|clk[0] ;
; DQ[*]                                      ; clk_in     ; 1.062  ; 1.062  ; Rise       ; inst|altpll_component|pll|clk[0] ;
;  DQ[0]                                     ; clk_in     ; 1.071  ; 1.071  ; Rise       ; inst|altpll_component|pll|clk[0] ;
;  DQ[1]                                     ; clk_in     ; 1.071  ; 1.071  ; Rise       ; inst|altpll_component|pll|clk[0] ;
;  DQ[2]                                     ; clk_in     ; 1.082  ; 1.082  ; Rise       ; inst|altpll_component|pll|clk[0] ;
;  DQ[3]                                     ; clk_in     ; 1.076  ; 1.076  ; Rise       ; inst|altpll_component|pll|clk[0] ;
;  DQ[4]                                     ; clk_in     ; 1.072  ; 1.072  ; Rise       ; inst|altpll_component|pll|clk[0] ;
;  DQ[5]                                     ; clk_in     ; 1.072  ; 1.072  ; Rise       ; inst|altpll_component|pll|clk[0] ;
;  DQ[6]                                     ; clk_in     ; 1.291  ; 1.291  ; Rise       ; inst|altpll_component|pll|clk[0] ;
;  DQ[7]                                     ; clk_in     ; 1.281  ; 1.281  ; Rise       ; inst|altpll_component|pll|clk[0] ;
;  DQ[8]                                     ; clk_in     ; 1.096  ; 1.096  ; Rise       ; inst|altpll_component|pll|clk[0] ;
;  DQ[9]                                     ; clk_in     ; 1.095  ; 1.095  ; Rise       ; inst|altpll_component|pll|clk[0] ;
;  DQ[10]                                    ; clk_in     ; 1.105  ; 1.105  ; Rise       ; inst|altpll_component|pll|clk[0] ;
;  DQ[11]                                    ; clk_in     ; 1.074  ; 1.074  ; Rise       ; inst|altpll_component|pll|clk[0] ;
;  DQ[12]                                    ; clk_in     ; 1.074  ; 1.074  ; Rise       ; inst|altpll_component|pll|clk[0] ;
;  DQ[13]                                    ; clk_in     ; 1.062  ; 1.062  ; Rise       ; inst|altpll_component|pll|clk[0] ;
;  DQ[14]                                    ; clk_in     ; 1.074  ; 1.074  ; Rise       ; inst|altpll_component|pll|clk[0] ;
;  DQ[15]                                    ; clk_in     ; 1.077  ; 1.077  ; Rise       ; inst|altpll_component|pll|clk[0] ;
; MOSI_from_the_spi_touch                    ; clk_in     ; 1.873  ; 1.873  ; Rise       ; inst|altpll_component|pll|clk[0] ;
; RA[*]                                      ; clk_in     ; 1.256  ; 1.256  ; Rise       ; inst|altpll_component|pll|clk[0] ;
;  RA[0]                                     ; clk_in     ; 1.256  ; 1.256  ; Rise       ; inst|altpll_component|pll|clk[0] ;
;  RA[1]                                     ; clk_in     ; 1.276  ; 1.276  ; Rise       ; inst|altpll_component|pll|clk[0] ;
;  RA[2]                                     ; clk_in     ; 1.257  ; 1.257  ; Rise       ; inst|altpll_component|pll|clk[0] ;
;  RA[3]                                     ; clk_in     ; 1.257  ; 1.257  ; Rise       ; inst|altpll_component|pll|clk[0] ;
;  RA[4]                                     ; clk_in     ; 1.276  ; 1.276  ; Rise       ; inst|altpll_component|pll|clk[0] ;
;  RA[5]                                     ; clk_in     ; 1.276  ; 1.276  ; Rise       ; inst|altpll_component|pll|clk[0] ;
;  RA[6]                                     ; clk_in     ; 1.287  ; 1.287  ; Rise       ; inst|altpll_component|pll|clk[0] ;
;  RA[7]                                     ; clk_in     ; 1.285  ; 1.285  ; Rise       ; inst|altpll_component|pll|clk[0] ;
;  RA[8]                                     ; clk_in     ; 1.281  ; 1.281  ; Rise       ; inst|altpll_component|pll|clk[0] ;
;  RA[9]                                     ; clk_in     ; 1.287  ; 1.287  ; Rise       ; inst|altpll_component|pll|clk[0] ;
;  RA[10]                                    ; clk_in     ; 1.278  ; 1.278  ; Rise       ; inst|altpll_component|pll|clk[0] ;
;  RA[11]                                    ; clk_in     ; 1.301  ; 1.301  ; Rise       ; inst|altpll_component|pll|clk[0] ;
;  RA[12]                                    ; clk_in     ; 1.291  ; 1.291  ; Rise       ; inst|altpll_component|pll|clk[0] ;
; RAS                                        ; clk_in     ; 1.291  ; 1.291  ; Rise       ; inst|altpll_component|pll|clk[0] ;
; SCLK_from_the_spi_touch                    ; clk_in     ; 2.069  ; 2.069  ; Rise       ; inst|altpll_component|pll|clk[0] ;
; SS_n_from_the_spi_touch                    ; clk_in     ; 2.080  ; 2.080  ; Rise       ; inst|altpll_component|pll|clk[0] ;
; S_DQM[*]                                   ; clk_in     ; 1.106  ; 1.106  ; Rise       ; inst|altpll_component|pll|clk[0] ;
;  S_DQM[0]                                  ; clk_in     ; 1.291  ; 1.291  ; Rise       ; inst|altpll_component|pll|clk[0] ;
;  S_DQM[1]                                  ; clk_in     ; 1.106  ; 1.106  ; Rise       ; inst|altpll_component|pll|clk[0] ;
; WE                                         ; clk_in     ; 1.291  ; 1.291  ; Rise       ; inst|altpll_component|pll|clk[0] ;
; bidir_port_to_and_from_the_lcd32_data[*]   ; clk_in     ; 1.880  ; 1.880  ; Rise       ; inst|altpll_component|pll|clk[0] ;
;  bidir_port_to_and_from_the_lcd32_data[0]  ; clk_in     ; 2.243  ; 2.243  ; Rise       ; inst|altpll_component|pll|clk[0] ;
;  bidir_port_to_and_from_the_lcd32_data[1]  ; clk_in     ; 2.177  ; 2.177  ; Rise       ; inst|altpll_component|pll|clk[0] ;
;  bidir_port_to_and_from_the_lcd32_data[2]  ; clk_in     ; 2.164  ; 2.164  ; Rise       ; inst|altpll_component|pll|clk[0] ;
;  bidir_port_to_and_from_the_lcd32_data[3]  ; clk_in     ; 2.158  ; 2.158  ; Rise       ; inst|altpll_component|pll|clk[0] ;
;  bidir_port_to_and_from_the_lcd32_data[4]  ; clk_in     ; 2.118  ; 2.118  ; Rise       ; inst|altpll_component|pll|clk[0] ;
;  bidir_port_to_and_from_the_lcd32_data[5]  ; clk_in     ; 2.199  ; 2.199  ; Rise       ; inst|altpll_component|pll|clk[0] ;
;  bidir_port_to_and_from_the_lcd32_data[6]  ; clk_in     ; 2.173  ; 2.173  ; Rise       ; inst|altpll_component|pll|clk[0] ;
;  bidir_port_to_and_from_the_lcd32_data[7]  ; clk_in     ; 2.276  ; 2.276  ; Rise       ; inst|altpll_component|pll|clk[0] ;
;  bidir_port_to_and_from_the_lcd32_data[8]  ; clk_in     ; 2.124  ; 2.124  ; Rise       ; inst|altpll_component|pll|clk[0] ;
;  bidir_port_to_and_from_the_lcd32_data[9]  ; clk_in     ; 2.092  ; 2.092  ; Rise       ; inst|altpll_component|pll|clk[0] ;
;  bidir_port_to_and_from_the_lcd32_data[10] ; clk_in     ; 2.095  ; 2.095  ; Rise       ; inst|altpll_component|pll|clk[0] ;
;  bidir_port_to_and_from_the_lcd32_data[11] ; clk_in     ; 2.109  ; 2.109  ; Rise       ; inst|altpll_component|pll|clk[0] ;
;  bidir_port_to_and_from_the_lcd32_data[12] ; clk_in     ; 2.096  ; 2.096  ; Rise       ; inst|altpll_component|pll|clk[0] ;
;  bidir_port_to_and_from_the_lcd32_data[13] ; clk_in     ; 1.963  ; 1.963  ; Rise       ; inst|altpll_component|pll|clk[0] ;
;  bidir_port_to_and_from_the_lcd32_data[14] ; clk_in     ; 1.974  ; 1.974  ; Rise       ; inst|altpll_component|pll|clk[0] ;
;  bidir_port_to_and_from_the_lcd32_data[15] ; clk_in     ; 1.880  ; 1.880  ; Rise       ; inst|altpll_component|pll|clk[0] ;
; buzz[*]                                    ; clk_in     ; 2.044  ; 2.044  ; Rise       ; inst|altpll_component|pll|clk[0] ;
;  buzz[0]                                   ; clk_in     ; 2.044  ; 2.044  ; Rise       ; inst|altpll_component|pll|clk[0] ;
;  buzz[1]                                   ; clk_in     ; 2.204  ; 2.204  ; Rise       ; inst|altpll_component|pll|clk[0] ;
;  buzz[2]                                   ; clk_in     ; 2.206  ; 2.206  ; Rise       ; inst|altpll_component|pll|clk[0] ;
;  buzz[3]                                   ; clk_in     ; 2.154  ; 2.154  ; Rise       ; inst|altpll_component|pll|clk[0] ;
; led[*]                                     ; clk_in     ; 1.904  ; 1.904  ; Rise       ; inst|altpll_component|pll|clk[0] ;
;  led[0]                                    ; clk_in     ; 1.904  ; 1.904  ; Rise       ; inst|altpll_component|pll|clk[0] ;
;  led[1]                                    ; clk_in     ; 2.021  ; 2.021  ; Rise       ; inst|altpll_component|pll|clk[0] ;
;  led[2]                                    ; clk_in     ; 2.209  ; 2.209  ; Rise       ; inst|altpll_component|pll|clk[0] ;
;  led[3]                                    ; clk_in     ; 2.311  ; 2.311  ; Rise       ; inst|altpll_component|pll|clk[0] ;
; out_port_from_the_bl_n                     ; clk_in     ; 2.131  ; 2.131  ; Rise       ; inst|altpll_component|pll|clk[0] ;
; out_port_from_the_bl_p                     ; clk_in     ; 2.114  ; 2.114  ; Rise       ; inst|altpll_component|pll|clk[0] ;
; out_port_from_the_lcd_cs                   ; clk_in     ; 2.145  ; 2.145  ; Rise       ; inst|altpll_component|pll|clk[0] ;
; out_port_from_the_lcd_rd                   ; clk_in     ; 2.123  ; 2.123  ; Rise       ; inst|altpll_component|pll|clk[0] ;
; out_port_from_the_lcd_rs                   ; clk_in     ; 2.073  ; 2.073  ; Rise       ; inst|altpll_component|pll|clk[0] ;
; out_port_from_the_lcd_wr                   ; clk_in     ; 2.116  ; 2.116  ; Rise       ; inst|altpll_component|pll|clk[0] ;
; out_port_from_the_reset                    ; clk_in     ; 1.877  ; 1.877  ; Rise       ; inst|altpll_component|pll|clk[0] ;
; out_port_from_the_touch_cs                 ; clk_in     ; 1.976  ; 1.976  ; Rise       ; inst|altpll_component|pll|clk[0] ;
; S_CLK                                      ; clk_in     ; -1.445 ;        ; Rise       ; inst|altpll_component|pll|clk[1] ;
; S_CLK                                      ; clk_in     ;        ; -1.445 ; Fall       ; inst|altpll_component|pll|clk[1] ;
+--------------------------------------------+------------+--------+--------+------------+----------------------------------+


+-----------------------------------------------------------------------------------------------------------------+
; Setup Transfers                                                                                                 ;
+----------------------------------+----------------------------------+----------+----------+----------+----------+
; From Clock                       ; To Clock                         ; RR Paths ; FR Paths ; RF Paths ; FF Paths ;
+----------------------------------+----------------------------------+----------+----------+----------+----------+
; inst|altpll_component|pll|clk[0] ; inst|altpll_component|pll|clk[0] ; 299254   ; 64       ; 224      ; 0        ;
+----------------------------------+----------------------------------+----------+----------+----------+----------+
Entries labeled "false path" only account for clock-to-clock false paths and not path-based false paths. As a result, actual path counts may be lower than reported.


+-----------------------------------------------------------------------------------------------------------------+
; Hold Transfers                                                                                                  ;
+----------------------------------+----------------------------------+----------+----------+----------+----------+
; From Clock                       ; To Clock                         ; RR Paths ; FR Paths ; RF Paths ; FF Paths ;
+----------------------------------+----------------------------------+----------+----------+----------+----------+
; inst|altpll_component|pll|clk[0] ; inst|altpll_component|pll|clk[0] ; 299254   ; 64       ; 224      ; 0        ;
+----------------------------------+----------------------------------+----------+----------+----------+----------+
Entries labeled "false path" only account for clock-to-clock false paths and not path-based false paths. As a result, actual path counts may be lower than reported.


+-----------------------------------------------------------------------------------------------------------------+
; Recovery Transfers                                                                                              ;
+----------------------------------+----------------------------------+----------+----------+----------+----------+
; From Clock                       ; To Clock                         ; RR Paths ; FR Paths ; RF Paths ; FF Paths ;
+----------------------------------+----------------------------------+----------+----------+----------+----------+
; inst|altpll_component|pll|clk[0] ; inst|altpll_component|pll|clk[0] ; 2205     ; 0        ; 32       ; 0        ;
+----------------------------------+----------------------------------+----------+----------+----------+----------+
Entries labeled "false path" only account for clock-to-clock false paths and not path-based false paths. As a result, actual path counts may be lower than reported.


+-----------------------------------------------------------------------------------------------------------------+
; Removal Transfers                                                                                               ;
+----------------------------------+----------------------------------+----------+----------+----------+----------+
; From Clock                       ; To Clock                         ; RR Paths ; FR Paths ; RF Paths ; FF Paths ;
+----------------------------------+----------------------------------+----------+----------+----------+----------+
; inst|altpll_component|pll|clk[0] ; inst|altpll_component|pll|clk[0] ; 2205     ; 0        ; 32       ; 0        ;
+----------------------------------+----------------------------------+----------+----------+----------+----------+
Entries labeled "false path" only account for clock-to-clock false paths and not path-based false paths. As a result, actual path counts may be lower than reported.


---------------
; Report TCCS ;
---------------
No dedicated SERDES Transmitter circuitry present in device or used in design


---------------
; Report RSKM ;
---------------
No dedicated SERDES Receiver circuitry present in device or used in design


+------------------------------------------------+
; Unconstrained Paths                            ;
+---------------------------------+-------+------+
; Property                        ; Setup ; Hold ;
+---------------------------------+-------+------+
; Illegal Clocks                  ; 0     ; 0    ;
; Unconstrained Clocks            ; 0     ; 0    ;
; Unconstrained Input Ports       ; 33    ; 33   ;
; Unconstrained Input Port Paths  ; 33    ; 33   ;
; Unconstrained Output Ports      ; 73    ; 73   ;
; Unconstrained Output Port Paths ; 108   ; 108  ;
+---------------------------------+-------+------+


+------------------------------------+
; TimeQuest Timing Analyzer Messages ;
+------------------------------------+
Info: *******************************************************************
Info: Running Quartus II 64-Bit TimeQuest Timing Analyzer
    Info: Version 13.0.1 Build 232 06/12/2013 Service Pack 1 SJ Web Edition
    Info: Processing started: Tue Sep 29 13:20:11 2026
Info: Command: quartus_sta lcd_nios -c lcd_nios
Info: qsta_default_script.tcl version: #1
Info (20030): Parallel compilation is enabled and will use 6 of the 6 processors detected
Info (21077): Low junction temperature is 0 degrees C
Info (21077): High junction temperature is 85 degrees C
Info (332164): Evaluating HDL-embedded SDC commands
    Info (332165): Entity GHVD5181
        Info (332166): set_disable_timing [get_cells -hierarchical QXXQ6833_0]
        Info (332166): set_disable_timing [get_cells -hierarchical JEQQ5299_0]
        Info (332166): set_disable_timing [get_cells -hierarchical JEQQ5299_1]
        Info (332166): set_disable_timing [get_cells -hierarchical JEQQ5299_2]
        Info (332166): set_disable_timing [get_cells -hierarchical JEQQ5299_3]
        Info (332166): set_disable_timing [get_cells -hierarchical JEQQ5299_4]
        Info (332166): set_disable_timing [get_cells -hierarchical JEQQ5299_5]
        Info (332166): set_disable_timing [get_cells -hierarchical JEQQ5299_6]
        Info (332166): set_disable_timing [get_cells -hierarchical JEQQ5299_7]
        Info (332166): set_disable_timing [get_cells -hierarchical BITP7563_0]
    Info (332165): Entity alt_jtag_atlantic
        Info (332166): set_false_path -from [get_registers {*|alt_jtag_atlantic:*|jupdate}] -to [get_registers {*|alt_jtag_atlantic:*|jupdate1*}] 
        Info (332166): set_false_path -from [get_registers {*|alt_jtag_atlantic:*|rdata[*]}] -to [get_registers {*|alt_jtag_atlantic*|td_shift[*]}]
        Info (332166): set_false_path -from [get_registers {*|alt_jtag_atlantic:*|rdata[*]}] -to [get_registers {*|alt_jtag_atlantic*|td_shift[*]}]
        Info (332166): set_false_path -from [get_registers {*|alt_jtag_atlantic:*|rdata[*]}] -to [get_registers {*|alt_jtag_atlantic*|td_shift[*]}]
        Info (332166): set_false_path -from [get_registers {*|alt_jtag_atlantic:*|rdata[*]}] -to [get_registers {*|alt_jtag_atlantic*|td_shift[*]}]
        Info (332166): set_false_path -from [get_registers {*|alt_jtag_atlantic:*|rdata[*]}] -to [get_registers {*|alt_jtag_atlantic*|td_shift[*]}]
        Info (332166): set_false_path -from [get_registers {*|alt_jtag_atlantic:*|rdata[*]}] -to [get_registers {*|alt_jtag_atlantic*|td_shift[*]}]
        Info (332166): set_false_path -from [get_registers {*|alt_jtag_atlantic:*|rdata[*]}] -to [get_registers {*|alt_jtag_atlantic*|td_shift[*]}]
        Info (332166): set_false_path -from [get_registers {*|alt_jtag_atlantic:*|rdata[*]}] -to [get_registers {*|alt_jtag_atlantic*|td_shift[*]}]
        Info (332166): set_false_path -from [get_registers {*|alt_jtag_atlantic:*|read}] -to [get_registers {*|alt_jtag_atlantic:*|read1*}] 
        Info (332166): set_false_path -from [get_registers {*|alt_jtag_atlantic:*|read_req}]
        Info (332166): set_false_path -from [get_registers {*|alt_jtag_atlantic:*|rvalid}] -to [get_registers {*|alt_jtag_atlantic*|td_shift[*]}]
        Info (332166): set_false_path -from [get_registers {*|t_dav}] -to [get_registers {*|alt_jtag_atlantic:*|tck_t_dav}]
        Info (332166): set_false_path -from [get_registers {*|alt_jtag_atlantic:*|user_saw_rvalid}] -to [get_registers {*|alt_jtag_atlantic:*|rvalid0*}]
        Info (332166): set_false_path -from [get_registers {*|alt_jtag_atlantic:*|wdata[*]}] -to [get_registers {*}]
        Info (332166): set_false_path -from [get_registers {*|alt_jtag_atlantic:*|wdata[*]}] -to [get_registers {*}]
        Info (332166): set_false_path -from [get_registers {*|alt_jtag_atlantic:*|wdata[*]}] -to [get_registers {*}]
        Info (332166): set_false_path -from [get_registers {*|alt_jtag_atlantic:*|wdata[*]}] -to [get_registers {*}]
        Info (332166): set_false_path -from [get_registers {*|alt_jtag_atlantic:*|wdata[*]}] -to [get_registers {*}]
        Info (332166): set_false_path -from [get_registers {*|alt_jtag_atlantic:*|wdata[*]}] -to [get_registers {*}]
        Info (332166): set_false_path -from [get_registers {*|alt_jtag_atlantic:*|wdata[*]}] -to [get_registers {*}]
        Info (332166): set_false_path -from [get_registers {*|alt_jtag_atlantic:*|wdata[*]}] -to [get_registers {*}]
        Info (332166): set_false_path -from [get_registers {*|alt_jtag_atlantic:*|write}] -to [get_registers {*|alt_jtag_atlantic:*|write1*}] 
        Info (332166): set_false_path -from [get_registers {*|alt_jtag_atlantic:*|write_stalled}] -to [get_registers {*|alt_jtag_atlantic:*|t_ena*}]
        Info (332166): set_false_path -from [get_registers {*|alt_jtag_atlantic:*|write_stalled}] -to [get_registers {*|alt_jtag_atlantic:*|t_pause*}]
        Info (332166): set_false_path -from [get_registers {*|alt_jtag_atlantic:*|write_valid}]
    Info (332165): Entity altera_std_synchronizer
        Info (332166): set_false_path -to [get_keepers {*altera_std_synchronizer:*|din_s1}]
    Info (332165): Entity pzdyqx_impl
        Info (332166): set_false_path -from [get_keepers {altera_reserved_tdi}] -to [get_keepers {pzdyqx*}]
    Info (332165): Entity sld_jtag_hub
        Info (332166): create_clock -name altera_reserved_tck [get_ports {altera_reserved_tck}] -period 10MHz   
        Info (332166): set_clock_groups -asynchronous -group {altera_reserved_tck}
Info (332104): Reading SDC File: 'lcd_nios.sdc'
Info (332110): Deriving PLL clocks
    Info (332110): create_generated_clock -source {inst|altpll_component|pll|inclk[0]} -duty_cycle 50.00 -name {inst|altpll_component|pll|clk[0]} {inst|altpll_component|pll|clk[0]}
    Info (332110): create_generated_clock -source {inst|altpll_component|pll|inclk[0]} -phase -100.00 -duty_cycle 50.00 -name {inst|altpll_component|pll|clk[1]} {inst|altpll_component|pll|clk[1]}
Warning (332153): Family doesn't support jitter analysis.
Info (332104): Reading SDC File: 'SOPC/synthesis/submodules/altera_reset_controller.sdc'
Info (332104): Reading SDC File: 'SOPC/synthesis/submodules/SOPC_cpu.sdc'
Warning (332056): PLL cross checking found inconsistent PLL clock settings:
    Warning (332056): Clock: inst|altpll_component|pll|clk[0] with master clock period: 10.000 found on PLL node: inst|altpll_component|pll|clk[0] does not match the master clock period requirement: 20.000
    Warning (332056): Clock: inst|altpll_component|pll|clk[1] with master clock period: 10.000 found on PLL node: inst|altpll_component|pll|clk[1] does not match the master clock period requirement: 20.000
Info: Found TIMEQUEST_REPORT_SCRIPT_INCLUDE_DEFAULT_ANALYSIS = ON
Info: Analyzing Slow Model
Critical Warning (332148): Timing requirements not met
Info (332146): Worst-case setup slack is -0.999
    Info (332119):     Slack End Point TNS Clock 
    Info (332119): ========= ============= =====================
    Info (332119):    -0.999       -60.674 inst|altpll_component|pll|clk[0] 
Info (332146): Worst-case hold slack is 0.499
    Info (332119):     Slack End Point TNS Clock 
    Info (332119): ========= ============= =====================
    Info (332119):     0.499         0.000 inst|altpll_component|pll|clk[0] 
Info (332146): Worst-case recovery slack is 1.565
    Info (332119):     Slack End Point TNS Clock 
    Info (332119): ========= ============= =====================
    Info (332119):     1.565         0.000 inst|altpll_component|pll|clk[0] 
Info (332146): Worst-case removal slack is 2.575
    Info (332119):     Slack End Point TNS Clock 
    Info (332119): ========= ============= =====================
    Info (332119):     2.575         0.000 inst|altpll_component|pll|clk[0] 
Info (332146): Worst-case minimum pulse width slack is 1.933
    Info (332119):     Slack End Point TNS Clock 
    Info (332119): ========= ============= =====================
    Info (332119):     1.933         0.000 inst|altpll_component|pll|clk[0] 
    Info (332119):     5.000         0.000 clk_in 
    Info (332119):    97.223         0.000 altera_reserved_tck 
Info (332001): The selected device family is not supported by the report_metastability command.
Info: Analyzing Fast Model
Warning (332056): PLL cross checking found inconsistent PLL clock settings:
    Warning (332056): Clock: inst|altpll_component|pll|clk[0] with master clock period: 10.000 found on PLL node: inst|altpll_component|pll|clk[0] does not match the master clock period requirement: 20.000
    Warning (332056): Clock: inst|altpll_component|pll|clk[1] with master clock period: 10.000 found on PLL node: inst|altpll_component|pll|clk[1] does not match the master clock period requirement: 20.000
Info (332146): Worst-case setup slack is 3.706
    Info (332119):     Slack End Point TNS Clock 
    Info (332119): ========= ============= =====================
    Info (332119):     3.706         0.000 inst|altpll_component|pll|clk[0] 
Info (332146): Worst-case hold slack is 0.215
    Info (332119):     Slack End Point TNS Clock 
    Info (332119): ========= ============= =====================
    Info (332119):     0.215         0.000 inst|altpll_component|pll|clk[0] 
Info (332146): Worst-case recovery slack is 3.439
    Info (332119):     Slack End Point TNS Clock 
    Info (332119): ========= ============= =====================
    Info (332119):     3.439         0.000 inst|altpll_component|pll|clk[0] 
Info (332146): Worst-case removal slack is 1.244
    Info (332119):     Slack End Point TNS Clock 
    Info (332119): ========= ============= =====================
    Info (332119):     1.244         0.000 inst|altpll_component|pll|clk[0] 
Info (332146): Worst-case minimum pulse width slack is 2.873
    Info (332119):     Slack End Point TNS Clock 
    Info (332119): ========= ============= =====================
    Info (332119):     2.873         0.000 inst|altpll_component|pll|clk[0] 
    Info (332119):     5.000         0.000 clk_in 
    Info (332119):    97.778         0.000 altera_reserved_tck 
Info (332001): The selected device family is not supported by the report_metastability command.
Info (332102): Design is not fully constrained for setup requirements
Info (332102): Design is not fully constrained for hold requirements
Info: Quartus II 64-Bit TimeQuest Timing Analyzer was successful. 0 errors, 8 warnings
    Info: Peak virtual memory: 4646 megabytes
    Info: Processing ended: Tue Sep 29 13:20:14 2026
    Info: Elapsed time: 00:00:03
    Info: Total CPU time (on all processors): 00:00:03


