TimeQuest Timing Analyzer report for lcd_nios
Tue Sep 29 13:18:01 2026
Quartus II 64-Bit Version 13.0.1 Build 232 06/12/2013 Service Pack 1 SJ Web Edition


---------------------
; Table of Contents ;
---------------------
  1. Legal Notice
  2. TimeQuest Timing Analyzer Summary
  3. Parallel Compilation
  4. SDC File List
  5. Clocks
  6. Slow Model Fmax Summary
  7. Slow Model Setup Summary
  8. Slow Model Hold Summary
  9. Slow Model Recovery Summary
 10. Slow Model Removal Summary
 11. Slow Model Minimum Pulse Width Summary
 12. Slow Model Setup: 'inst|altpll_component|pll|clk[0]'
 13. Slow Model Hold: 'inst|altpll_component|pll|clk[0]'
 14. Slow Model Recovery: 'inst|altpll_component|pll|clk[0]'
 15. Slow Model Removal: 'inst|altpll_component|pll|clk[0]'
 16. Slow Model Minimum Pulse Width: 'inst|altpll_component|pll|clk[0]'
 17. Slow Model Minimum Pulse Width: 'clk_in'
 18. Slow Model Minimum Pulse Width: 'altera_reserved_tck'
 19. Setup Times
 20. Hold Times
 21. Clock to Output Times
 22. Minimum Clock to Output Times
 23. Output Enable Times
 24. Minimum Output Enable Times
 25. Output Disable Times
 26. Minimum Output Disable Times
 27. Fast Model Setup Summary
 28. Fast Model Hold Summary
 29. Fast Model Recovery Summary
 30. Fast Model Removal Summary
 31. Fast Model Minimum Pulse Width Summary
 32. Fast Model Setup: 'inst|altpll_component|pll|clk[0]'
 33. Fast Model Hold: 'inst|altpll_component|pll|clk[0]'
 34. Fast Model Recovery: 'inst|altpll_component|pll|clk[0]'
 35. Fast Model Removal: 'inst|altpll_component|pll|clk[0]'
 36. Fast Model Minimum Pulse Width: 'inst|altpll_component|pll|clk[0]'
 37. Fast Model Minimum Pulse Width: 'clk_in'
 38. Fast Model Minimum Pulse Width: 'altera_reserved_tck'
 39. Setup Times
 40. Hold Times
 41. Clock to Output Times
 42. Minimum Clock to Output Times
 43. Output Enable Times
 44. Minimum Output Enable Times
 45. Output Disable Times
 46. Minimum Output Disable Times
 47. Multicorner Timing Analysis Summary
 48. Setup Times
 49. Hold Times
 50. Clock to Output Times
 51. Minimum Clock to Output Times
 52. Setup Transfers
 53. Hold Transfers
 54. Recovery Transfers
 55. Removal Transfers
 56. Report TCCS
 57. Report RSKM
 58. Unconstrained Paths
 59. TimeQuest Timing Analyzer Messages



----------------
; Legal Notice ;
----------------
Copyright (C) 1991-2013 Altera Corporation
Your use of Altera Corporation's design tools, logic functions 
and other software and tools, and its AMPP partner logic 
functions, and any output files from any of the foregoing 
(including device programming or simulation files), and any 
associated documentation or information are expressly subject 
to the terms and conditions of the Altera Program License 
Subscription Agreement, Altera MegaCore Function License 
Agreement, or other applicable license agreement, including, 
without limitation, that your use is for the sole purpose of 
programming logic devices manufactured by Altera and sold by 
Altera or its authorized distributors.  Please refer to the 
applicable agreement for further details.



+----------------------------------------------------------------------------------------+
; TimeQuest Timing Analyzer Summary                                                      ;
+--------------------+-------------------------------------------------------------------+
; Quartus II Version ; Version 13.0.1 Build 232 06/12/2013 Service Pack 1 SJ Web Edition ;
; Revision Name      ; lcd_nios                                                          ;
; Device Family      ; Cyclone II                                                        ;
; Device Name        ; EP2C5T144C8                                                       ;
; Timing Models      ; Final                                                             ;
; Delay Model        ; Combined                                                          ;
; Rise/Fall Delays   ; Unavailable                                                       ;
+--------------------+-------------------------------------------------------------------+


+------------------------------------------+
; Parallel Compilation                     ;
+----------------------------+-------------+
; Processors                 ; Number      ;
+----------------------------+-------------+
; Number detected on machine ; 6           ;
; Maximum allowed            ; 6           ;
;                            ;             ;
; Average used               ; 1.00        ;
; Maximum used               ; 2           ;
;                            ;             ;
; Usage by Processor         ; % Time Used ;
;     Processor 1            ; 100.0%      ;
;     Processor 2            ; < 0.1%      ;
;     Processors 3-6         ;   0.0%      ;
+----------------------------+-------------+


+-------------------------------------------------------------------------------------------+
; SDC File List                                                                             ;
+-------------------------------------------------------+--------+--------------------------+
; SDC File Path                                         ; Status ; Read at                  ;
+-------------------------------------------------------+--------+--------------------------+
; lcd_nios.sdc                                          ; OK     ; Tue Sep 29 13:18:00 2026 ;
; SOPC/synthesis/submodules/altera_reset_controller.sdc ; OK     ; Tue Sep 29 13:18:00 2026 ;
; SOPC/synthesis/submodules/SOPC_cpu.sdc                ; OK     ; Tue Sep 29 13:18:00 2026 ;
+-------------------------------------------------------+--------+--------------------------+


+------------------------------------------------------------------------------------------------------------------------------------------------------------------------------------------------------------------------------------------------------------------------+
; Clocks                                                                                                                                                                                                                                                                 ;
+----------------------------------+-----------+---------+-----------+--------+--------+------------+-----------+-------------+--------+--------+-----------+------------+----------+--------+------------------------------------+--------------------------------------+
; Clock Name                       ; Type      ; Period  ; Frequency ; Rise   ; Fall   ; Duty Cycle ; Divide by ; Multiply by ; Phase  ; Offset ; Edge List ; Edge Shift ; Inverted ; Master ; Source                             ; Targets                              ;
+----------------------------------+-----------+---------+-----------+--------+--------+------------+-----------+-------------+--------+--------+-----------+------------+----------+--------+------------------------------------+--------------------------------------+
; altera_reserved_tck              ; Base      ; 100.000 ; 10.0 MHz  ; 0.000  ; 50.000 ;            ;           ;             ;        ;        ;           ;            ;          ;        ;                                    ; { altera_reserved_tck }              ;
; clk_in                           ; Base      ; 16.667  ; 60.0 MHz  ; 0.000  ; 8.333  ;            ;           ;             ;        ;        ;           ;            ;          ;        ;                                    ; { CLK }                              ;
; inst|altpll_component|pll|clk[0] ; Generated ; 16.667  ; 60.0 MHz  ; 0.000  ; 8.333  ; 50.00      ; 1         ; 1           ;        ;        ;           ;            ; false    ; clk_in ; inst|altpll_component|pll|inclk[0] ; { inst|altpll_component|pll|clk[0] } ;
; inst|altpll_component|pll|clk[1] ; Generated ; 16.667  ; 60.0 MHz  ; -4.629 ; 3.704  ; 50.00      ; 1         ; 1           ; -100.0 ;        ;           ;            ; false    ; clk_in ; inst|altpll_component|pll|inclk[0] ; { inst|altpll_component|pll|clk[1] } ;
+----------------------------------+-----------+---------+-----------+--------+--------+------------+-----------+-------------+--------+--------+-----------+------------+----------+--------+------------------------------------+--------------------------------------+


+-----------------------------------------------------------------------+
; Slow Model Fmax Summary                                               ;
+-----------+-----------------+----------------------------------+------+
; Fmax      ; Restricted Fmax ; Clock Name                       ; Note ;
+-----------+-----------------+----------------------------------+------+
; 72.57 MHz ; 72.57 MHz       ; inst|altpll_component|pll|clk[0] ;      ;
+-----------+-----------------+----------------------------------+------+
This panel reports FMAX for every clock in the design, regardless of the user-specified clock periods.  FMAX is only computed for paths where the source and destination registers or ports are driven by the same clock.  Paths of different clocks, including generated clocks, are ignored.  For paths between a clock and its inversion, FMAX is computed as if the rising and falling edges are scaled along with FMAX, such that the duty cycle (in terms of a percentage) is maintained. Altera recommends that you always use clock constraints and other slack reports for sign-off analysis.


+----------------------------------------------------------+
; Slow Model Setup Summary                                 ;
+----------------------------------+-------+---------------+
; Clock                            ; Slack ; End Point TNS ;
+----------------------------------+-------+---------------+
; inst|altpll_component|pll|clk[0] ; 2.887 ; 0.000         ;
+----------------------------------+-------+---------------+


+----------------------------------------------------------+
; Slow Model Hold Summary                                  ;
+----------------------------------+-------+---------------+
; Clock                            ; Slack ; End Point TNS ;
+----------------------------------+-------+---------------+
; inst|altpll_component|pll|clk[0] ; 0.499 ; 0.000         ;
+----------------------------------+-------+---------------+


+----------------------------------------------------------+
; Slow Model Recovery Summary                              ;
+----------------------------------+-------+---------------+
; Clock                            ; Slack ; End Point TNS ;
+----------------------------------+-------+---------------+
; inst|altpll_component|pll|clk[0] ; 4.260 ; 0.000         ;
+----------------------------------+-------+---------------+


+----------------------------------------------------------+
; Slow Model Removal Summary                               ;
+----------------------------------+-------+---------------+
; Clock                            ; Slack ; End Point TNS ;
+----------------------------------+-------+---------------+
; inst|altpll_component|pll|clk[0] ; 3.807 ; 0.000         ;
+----------------------------------+-------+---------------+


+-----------------------------------------------------------+
; Slow Model Minimum Pulse Width Summary                    ;
+----------------------------------+--------+---------------+
; Clock                            ; Slack  ; End Point TNS ;
+----------------------------------+--------+---------------+
; inst|altpll_component|pll|clk[0] ; 5.266  ; 0.000         ;
; clk_in                           ; 8.333  ; 0.000         ;
; altera_reserved_tck              ; 97.223 ; 0.000         ;
+----------------------------------+--------+---------------+


+--------------------------------------------------------------------------------------------------------------------------------------------------------------------------------------------------------------------------------------------------------------------------+
; Slow Model Setup: 'inst|altpll_component|pll|clk[0]'                                                                                                                                                                                                                     ;
+-------+-----------------------------------------+---------------------------------------------------------------------------------------------------------+----------------------------------+----------------------------------+--------------+------------+------------+
; Slack ; From Node                               ; To Node                                                                                                 ; Launch Clock                     ; Latch Clock                      ; Relationship ; Clock Skew ; Data Delay ;
+-------+-----------------------------------------+---------------------------------------------------------------------------------------------------------+----------------------------------+----------------------------------+--------------+------------+------------+
; 2.887 ; SOPC:inst2|SOPC_cpu:cpu|A_mem_baddr[13] ; SOPC:inst2|SOPC_sdram:sdram|SOPC_sdram_input_efifo_module:the_SOPC_sdram_input_efifo_module|entry_1[1]  ; inst|altpll_component|pll|clk[0] ; inst|altpll_component|pll|clk[0] ; 16.667       ; 0.023      ; 13.843     ;
; 2.887 ; SOPC:inst2|SOPC_cpu:cpu|A_mem_baddr[13] ; SOPC:inst2|SOPC_sdram:sdram|SOPC_sdram_input_efifo_module:the_SOPC_sdram_input_efifo_module|entry_1[7]  ; inst|altpll_component|pll|clk[0] ; inst|altpll_component|pll|clk[0] ; 16.667       ; 0.023      ; 13.843     ;
; 2.887 ; SOPC:inst2|SOPC_cpu:cpu|A_mem_baddr[13] ; SOPC:inst2|SOPC_sdram:sdram|SOPC_sdram_input_efifo_module:the_SOPC_sdram_input_efifo_module|entry_1[4]  ; inst|altpll_component|pll|clk[0] ; inst|altpll_component|pll|clk[0] ; 16.667       ; 0.023      ; 13.843     ;
; 2.887 ; SOPC:inst2|SOPC_cpu:cpu|A_mem_baddr[13] ; SOPC:inst2|SOPC_sdram:sdram|SOPC_sdram_input_efifo_module:the_SOPC_sdram_input_efifo_module|entry_1[2]  ; inst|altpll_component|pll|clk[0] ; inst|altpll_component|pll|clk[0] ; 16.667       ; 0.023      ; 13.843     ;
; 2.887 ; SOPC:inst2|SOPC_cpu:cpu|A_mem_baddr[13] ; SOPC:inst2|SOPC_sdram:sdram|SOPC_sdram_input_efifo_module:the_SOPC_sdram_input_efifo_module|entry_1[0]  ; inst|altpll_component|pll|clk[0] ; inst|altpll_component|pll|clk[0] ; 16.667       ; 0.023      ; 13.843     ;
; 2.887 ; SOPC:inst2|SOPC_cpu:cpu|A_mem_baddr[13] ; SOPC:inst2|SOPC_sdram:sdram|SOPC_sdram_input_efifo_module:the_SOPC_sdram_input_efifo_module|entry_1[5]  ; inst|altpll_component|pll|clk[0] ; inst|altpll_component|pll|clk[0] ; 16.667       ; 0.023      ; 13.843     ;
; 2.887 ; SOPC:inst2|SOPC_cpu:cpu|A_mem_baddr[13] ; SOPC:inst2|SOPC_sdram:sdram|SOPC_sdram_input_efifo_module:the_SOPC_sdram_input_efifo_module|entry_1[3]  ; inst|altpll_component|pll|clk[0] ; inst|altpll_component|pll|clk[0] ; 16.667       ; 0.023      ; 13.843     ;
; 2.887 ; SOPC:inst2|SOPC_cpu:cpu|A_mem_baddr[13] ; SOPC:inst2|SOPC_sdram:sdram|SOPC_sdram_input_efifo_module:the_SOPC_sdram_input_efifo_module|entry_1[6]  ; inst|altpll_component|pll|clk[0] ; inst|altpll_component|pll|clk[0] ; 16.667       ; 0.023      ; 13.843     ;
; 2.903 ; SOPC:inst2|SOPC_cpu:cpu|A_mem_baddr[26] ; SOPC:inst2|SOPC_sdram:sdram|SOPC_sdram_input_efifo_module:the_SOPC_sdram_input_efifo_module|entry_1[1]  ; inst|altpll_component|pll|clk[0] ; inst|altpll_component|pll|clk[0] ; 16.667       ; 0.029      ; 13.833     ;
; 2.903 ; SOPC:inst2|SOPC_cpu:cpu|A_mem_baddr[26] ; SOPC:inst2|SOPC_sdram:sdram|SOPC_sdram_input_efifo_module:the_SOPC_sdram_input_efifo_module|entry_1[7]  ; inst|altpll_component|pll|clk[0] ; inst|altpll_component|pll|clk[0] ; 16.667       ; 0.029      ; 13.833     ;
; 2.903 ; SOPC:inst2|SOPC_cpu:cpu|A_mem_baddr[26] ; SOPC:inst2|SOPC_sdram:sdram|SOPC_sdram_input_efifo_module:the_SOPC_sdram_input_efifo_module|entry_1[4]  ; inst|altpll_component|pll|clk[0] ; inst|altpll_component|pll|clk[0] ; 16.667       ; 0.029      ; 13.833     ;
; 2.903 ; SOPC:inst2|SOPC_cpu:cpu|A_mem_baddr[26] ; SOPC:inst2|SOPC_sdram:sdram|SOPC_sdram_input_efifo_module:the_SOPC_sdram_input_efifo_module|entry_1[2]  ; inst|altpll_component|pll|clk[0] ; inst|altpll_component|pll|clk[0] ; 16.667       ; 0.029      ; 13.833     ;
; 2.903 ; SOPC:inst2|SOPC_cpu:cpu|A_mem_baddr[26] ; SOPC:inst2|SOPC_sdram:sdram|SOPC_sdram_input_efifo_module:the_SOPC_sdram_input_efifo_module|entry_1[0]  ; inst|altpll_component|pll|clk[0] ; inst|altpll_component|pll|clk[0] ; 16.667       ; 0.029      ; 13.833     ;
; 2.903 ; SOPC:inst2|SOPC_cpu:cpu|A_mem_baddr[26] ; SOPC:inst2|SOPC_sdram:sdram|SOPC_sdram_input_efifo_module:the_SOPC_sdram_input_efifo_module|entry_1[5]  ; inst|altpll_component|pll|clk[0] ; inst|altpll_component|pll|clk[0] ; 16.667       ; 0.029      ; 13.833     ;
; 2.903 ; SOPC:inst2|SOPC_cpu:cpu|A_mem_baddr[26] ; SOPC:inst2|SOPC_sdram:sdram|SOPC_sdram_input_efifo_module:the_SOPC_sdram_input_efifo_module|entry_1[3]  ; inst|altpll_component|pll|clk[0] ; inst|altpll_component|pll|clk[0] ; 16.667       ; 0.029      ; 13.833     ;
; 2.903 ; SOPC:inst2|SOPC_cpu:cpu|A_mem_baddr[26] ; SOPC:inst2|SOPC_sdram:sdram|SOPC_sdram_input_efifo_module:the_SOPC_sdram_input_efifo_module|entry_1[6]  ; inst|altpll_component|pll|clk[0] ; inst|altpll_component|pll|clk[0] ; 16.667       ; 0.029      ; 13.833     ;
; 2.948 ; SOPC:inst2|SOPC_cpu:cpu|A_mem_baddr[13] ; SOPC:inst2|SOPC_sdram:sdram|SOPC_sdram_input_efifo_module:the_SOPC_sdram_input_efifo_module|entry_1[26] ; inst|altpll_component|pll|clk[0] ; inst|altpll_component|pll|clk[0] ; 16.667       ; 0.010      ; 13.769     ;
; 2.948 ; SOPC:inst2|SOPC_cpu:cpu|A_mem_baddr[13] ; SOPC:inst2|SOPC_sdram:sdram|SOPC_sdram_input_efifo_module:the_SOPC_sdram_input_efifo_module|entry_1[25] ; inst|altpll_component|pll|clk[0] ; inst|altpll_component|pll|clk[0] ; 16.667       ; 0.010      ; 13.769     ;
; 2.948 ; SOPC:inst2|SOPC_cpu:cpu|A_mem_baddr[13] ; SOPC:inst2|SOPC_sdram:sdram|SOPC_sdram_input_efifo_module:the_SOPC_sdram_input_efifo_module|entry_1[24] ; inst|altpll_component|pll|clk[0] ; inst|altpll_component|pll|clk[0] ; 16.667       ; 0.010      ; 13.769     ;
; 2.948 ; SOPC:inst2|SOPC_cpu:cpu|A_mem_baddr[13] ; SOPC:inst2|SOPC_sdram:sdram|SOPC_sdram_input_efifo_module:the_SOPC_sdram_input_efifo_module|entry_1[22] ; inst|altpll_component|pll|clk[0] ; inst|altpll_component|pll|clk[0] ; 16.667       ; 0.010      ; 13.769     ;
; 2.948 ; SOPC:inst2|SOPC_cpu:cpu|A_mem_baddr[13] ; SOPC:inst2|SOPC_sdram:sdram|SOPC_sdram_input_efifo_module:the_SOPC_sdram_input_efifo_module|entry_1[21] ; inst|altpll_component|pll|clk[0] ; inst|altpll_component|pll|clk[0] ; 16.667       ; 0.010      ; 13.769     ;
; 2.948 ; SOPC:inst2|SOPC_cpu:cpu|A_mem_baddr[13] ; SOPC:inst2|SOPC_sdram:sdram|SOPC_sdram_input_efifo_module:the_SOPC_sdram_input_efifo_module|entry_1[20] ; inst|altpll_component|pll|clk[0] ; inst|altpll_component|pll|clk[0] ; 16.667       ; 0.010      ; 13.769     ;
; 2.948 ; SOPC:inst2|SOPC_cpu:cpu|A_mem_baddr[13] ; SOPC:inst2|SOPC_sdram:sdram|SOPC_sdram_input_efifo_module:the_SOPC_sdram_input_efifo_module|entry_1[19] ; inst|altpll_component|pll|clk[0] ; inst|altpll_component|pll|clk[0] ; 16.667       ; 0.010      ; 13.769     ;
; 2.964 ; SOPC:inst2|SOPC_cpu:cpu|A_mem_baddr[26] ; SOPC:inst2|SOPC_sdram:sdram|SOPC_sdram_input_efifo_module:the_SOPC_sdram_input_efifo_module|entry_1[26] ; inst|altpll_component|pll|clk[0] ; inst|altpll_component|pll|clk[0] ; 16.667       ; 0.016      ; 13.759     ;
; 2.964 ; SOPC:inst2|SOPC_cpu:cpu|A_mem_baddr[26] ; SOPC:inst2|SOPC_sdram:sdram|SOPC_sdram_input_efifo_module:the_SOPC_sdram_input_efifo_module|entry_1[25] ; inst|altpll_component|pll|clk[0] ; inst|altpll_component|pll|clk[0] ; 16.667       ; 0.016      ; 13.759     ;
; 2.964 ; SOPC:inst2|SOPC_cpu:cpu|A_mem_baddr[26] ; SOPC:inst2|SOPC_sdram:sdram|SOPC_sdram_input_efifo_module:the_SOPC_sdram_input_efifo_module|entry_1[24] ; inst|altpll_component|pll|clk[0] ; inst|altpll_component|pll|clk[0] ; 16.667       ; 0.016      ; 13.759     ;
; 2.964 ; SOPC:inst2|SOPC_cpu:cpu|A_mem_baddr[26] ; SOPC:inst2|SOPC_sdram:sdram|SOPC_sdram_input_efifo_module:the_SOPC_sdram_input_efifo_module|entry_1[22] ; inst|altpll_component|pll|clk[0] ; inst|altpll_component|pll|clk[0] ; 16.667       ; 0.016      ; 13.759     ;
; 2.964 ; SOPC:inst2|SOPC_cpu:cpu|A_mem_baddr[26] ; SOPC:inst2|SOPC_sdram:sdram|SOPC_sdram_input_efifo_module:the_SOPC_sdram_input_efifo_module|entry_1[21] ; inst|altpll_component|pll|clk[0] ; inst|altpll_component|pll|clk[0] ; 16.667       ; 0.016      ; 13.759     ;
; 2.964 ; SOPC:inst2|SOPC_cpu:cpu|A_mem_baddr[26] ; SOPC:inst2|SOPC_sdram:sdram|SOPC_sdram_input_efifo_module:the_SOPC_sdram_input_efifo_module|entry_1[20] ; inst|altpll_component|pll|clk[0] ; inst|altpll_component|pll|clk[0] ; 16.667       ; 0.016      ; 13.759     ;
; 2.964 ; SOPC:inst2|SOPC_cpu:cpu|A_mem_baddr[26] ; SOPC:inst2|SOPC_sdram:sdram|SOPC_sdram_input_efifo_module:the_SOPC_sdram_input_efifo_module|entry_1[19] ; inst|altpll_component|pll|clk[0] ; inst|altpll_component|pll|clk[0] ; 16.667       ; 0.016      ; 13.759     ;
; 2.995 ; SOPC:inst2|SOPC_cpu:cpu|A_mem_baddr[13] ; SOPC:inst2|altera_avalon_sc_fifo:sdram_s1_translator_avalon_universal_slave_0_agent_rsp_fifo|mem[1][86] ; inst|altpll_component|pll|clk[0] ; inst|altpll_component|pll|clk[0] ; 16.667       ; 0.017      ; 13.729     ;
; 3.011 ; SOPC:inst2|SOPC_cpu:cpu|A_mem_baddr[26] ; SOPC:inst2|altera_avalon_sc_fifo:sdram_s1_translator_avalon_universal_slave_0_agent_rsp_fifo|mem[1][86] ; inst|altpll_component|pll|clk[0] ; inst|altpll_component|pll|clk[0] ; 16.667       ; 0.023      ; 13.719     ;
; 3.018 ; SOPC:inst2|SOPC_cpu:cpu|A_mem_baddr[13] ; SOPC:inst2|SOPC_sdram:sdram|SOPC_sdram_input_efifo_module:the_SOPC_sdram_input_efifo_module|entry_0[1]  ; inst|altpll_component|pll|clk[0] ; inst|altpll_component|pll|clk[0] ; 16.667       ; 0.023      ; 13.712     ;
; 3.018 ; SOPC:inst2|SOPC_cpu:cpu|A_mem_baddr[13] ; SOPC:inst2|SOPC_sdram:sdram|SOPC_sdram_input_efifo_module:the_SOPC_sdram_input_efifo_module|entry_0[7]  ; inst|altpll_component|pll|clk[0] ; inst|altpll_component|pll|clk[0] ; 16.667       ; 0.023      ; 13.712     ;
; 3.018 ; SOPC:inst2|SOPC_cpu:cpu|A_mem_baddr[13] ; SOPC:inst2|SOPC_sdram:sdram|SOPC_sdram_input_efifo_module:the_SOPC_sdram_input_efifo_module|entry_0[4]  ; inst|altpll_component|pll|clk[0] ; inst|altpll_component|pll|clk[0] ; 16.667       ; 0.023      ; 13.712     ;
; 3.018 ; SOPC:inst2|SOPC_cpu:cpu|A_mem_baddr[13] ; SOPC:inst2|SOPC_sdram:sdram|SOPC_sdram_input_efifo_module:the_SOPC_sdram_input_efifo_module|entry_0[2]  ; inst|altpll_component|pll|clk[0] ; inst|altpll_component|pll|clk[0] ; 16.667       ; 0.023      ; 13.712     ;
; 3.018 ; SOPC:inst2|SOPC_cpu:cpu|A_mem_baddr[13] ; SOPC:inst2|SOPC_sdram:sdram|SOPC_sdram_input_efifo_module:the_SOPC_sdram_input_efifo_module|entry_0[0]  ; inst|altpll_component|pll|clk[0] ; inst|altpll_component|pll|clk[0] ; 16.667       ; 0.023      ; 13.712     ;
; 3.018 ; SOPC:inst2|SOPC_cpu:cpu|A_mem_baddr[13] ; SOPC:inst2|SOPC_sdram:sdram|SOPC_sdram_input_efifo_module:the_SOPC_sdram_input_efifo_module|entry_0[5]  ; inst|altpll_component|pll|clk[0] ; inst|altpll_component|pll|clk[0] ; 16.667       ; 0.023      ; 13.712     ;
; 3.018 ; SOPC:inst2|SOPC_cpu:cpu|A_mem_baddr[13] ; SOPC:inst2|SOPC_sdram:sdram|SOPC_sdram_input_efifo_module:the_SOPC_sdram_input_efifo_module|entry_0[3]  ; inst|altpll_component|pll|clk[0] ; inst|altpll_component|pll|clk[0] ; 16.667       ; 0.023      ; 13.712     ;
; 3.018 ; SOPC:inst2|SOPC_cpu:cpu|A_mem_baddr[13] ; SOPC:inst2|SOPC_sdram:sdram|SOPC_sdram_input_efifo_module:the_SOPC_sdram_input_efifo_module|entry_0[6]  ; inst|altpll_component|pll|clk[0] ; inst|altpll_component|pll|clk[0] ; 16.667       ; 0.023      ; 13.712     ;
; 3.034 ; SOPC:inst2|SOPC_cpu:cpu|A_mem_baddr[26] ; SOPC:inst2|SOPC_sdram:sdram|SOPC_sdram_input_efifo_module:the_SOPC_sdram_input_efifo_module|entry_0[1]  ; inst|altpll_component|pll|clk[0] ; inst|altpll_component|pll|clk[0] ; 16.667       ; 0.029      ; 13.702     ;
; 3.034 ; SOPC:inst2|SOPC_cpu:cpu|A_mem_baddr[26] ; SOPC:inst2|SOPC_sdram:sdram|SOPC_sdram_input_efifo_module:the_SOPC_sdram_input_efifo_module|entry_0[7]  ; inst|altpll_component|pll|clk[0] ; inst|altpll_component|pll|clk[0] ; 16.667       ; 0.029      ; 13.702     ;
; 3.034 ; SOPC:inst2|SOPC_cpu:cpu|A_mem_baddr[26] ; SOPC:inst2|SOPC_sdram:sdram|SOPC_sdram_input_efifo_module:the_SOPC_sdram_input_efifo_module|entry_0[4]  ; inst|altpll_component|pll|clk[0] ; inst|altpll_component|pll|clk[0] ; 16.667       ; 0.029      ; 13.702     ;
; 3.034 ; SOPC:inst2|SOPC_cpu:cpu|A_mem_baddr[26] ; SOPC:inst2|SOPC_sdram:sdram|SOPC_sdram_input_efifo_module:the_SOPC_sdram_input_efifo_module|entry_0[2]  ; inst|altpll_component|pll|clk[0] ; inst|altpll_component|pll|clk[0] ; 16.667       ; 0.029      ; 13.702     ;
; 3.034 ; SOPC:inst2|SOPC_cpu:cpu|A_mem_baddr[26] ; SOPC:inst2|SOPC_sdram:sdram|SOPC_sdram_input_efifo_module:the_SOPC_sdram_input_efifo_module|entry_0[0]  ; inst|altpll_component|pll|clk[0] ; inst|altpll_component|pll|clk[0] ; 16.667       ; 0.029      ; 13.702     ;
; 3.034 ; SOPC:inst2|SOPC_cpu:cpu|A_mem_baddr[26] ; SOPC:inst2|SOPC_sdram:sdram|SOPC_sdram_input_efifo_module:the_SOPC_sdram_input_efifo_module|entry_0[5]  ; inst|altpll_component|pll|clk[0] ; inst|altpll_component|pll|clk[0] ; 16.667       ; 0.029      ; 13.702     ;
; 3.034 ; SOPC:inst2|SOPC_cpu:cpu|A_mem_baddr[26] ; SOPC:inst2|SOPC_sdram:sdram|SOPC_sdram_input_efifo_module:the_SOPC_sdram_input_efifo_module|entry_0[3]  ; inst|altpll_component|pll|clk[0] ; inst|altpll_component|pll|clk[0] ; 16.667       ; 0.029      ; 13.702     ;
; 3.034 ; SOPC:inst2|SOPC_cpu:cpu|A_mem_baddr[26] ; SOPC:inst2|SOPC_sdram:sdram|SOPC_sdram_input_efifo_module:the_SOPC_sdram_input_efifo_module|entry_0[6]  ; inst|altpll_component|pll|clk[0] ; inst|altpll_component|pll|clk[0] ; 16.667       ; 0.029      ; 13.702     ;
; 3.043 ; SOPC:inst2|SOPC_cpu:cpu|A_mem_baddr[13] ; SOPC:inst2|altera_merlin_traffic_limiter:limiter|pending_response_count[1]                              ; inst|altpll_component|pll|clk[0] ; inst|altpll_component|pll|clk[0] ; 16.667       ; 0.009      ; 13.673     ;
; 3.043 ; SOPC:inst2|SOPC_cpu:cpu|A_mem_baddr[13] ; SOPC:inst2|altera_merlin_traffic_limiter:limiter|pending_response_count[2]                              ; inst|altpll_component|pll|clk[0] ; inst|altpll_component|pll|clk[0] ; 16.667       ; 0.009      ; 13.673     ;
; 3.043 ; SOPC:inst2|SOPC_cpu:cpu|A_mem_baddr[13] ; SOPC:inst2|altera_merlin_traffic_limiter:limiter|pending_response_count[3]                              ; inst|altpll_component|pll|clk[0] ; inst|altpll_component|pll|clk[0] ; 16.667       ; 0.009      ; 13.673     ;
; 3.048 ; SOPC:inst2|SOPC_cpu:cpu|A_mem_baddr[13] ; SOPC:inst2|SOPC_sdram:sdram|SOPC_sdram_input_efifo_module:the_SOPC_sdram_input_efifo_module|entry_1[8]  ; inst|altpll_component|pll|clk[0] ; inst|altpll_component|pll|clk[0] ; 16.667       ; 0.020      ; 13.679     ;
; 3.048 ; SOPC:inst2|SOPC_cpu:cpu|A_mem_baddr[13] ; SOPC:inst2|SOPC_sdram:sdram|SOPC_sdram_input_efifo_module:the_SOPC_sdram_input_efifo_module|entry_1[18] ; inst|altpll_component|pll|clk[0] ; inst|altpll_component|pll|clk[0] ; 16.667       ; 0.020      ; 13.679     ;
; 3.048 ; SOPC:inst2|SOPC_cpu:cpu|A_mem_baddr[13] ; SOPC:inst2|SOPC_sdram:sdram|SOPC_sdram_input_efifo_module:the_SOPC_sdram_input_efifo_module|entry_1[17] ; inst|altpll_component|pll|clk[0] ; inst|altpll_component|pll|clk[0] ; 16.667       ; 0.020      ; 13.679     ;
; 3.048 ; SOPC:inst2|SOPC_cpu:cpu|A_mem_baddr[13] ; SOPC:inst2|SOPC_sdram:sdram|SOPC_sdram_input_efifo_module:the_SOPC_sdram_input_efifo_module|entry_1[16] ; inst|altpll_component|pll|clk[0] ; inst|altpll_component|pll|clk[0] ; 16.667       ; 0.020      ; 13.679     ;
; 3.059 ; SOPC:inst2|SOPC_cpu:cpu|A_mem_baddr[26] ; SOPC:inst2|altera_merlin_traffic_limiter:limiter|pending_response_count[1]                              ; inst|altpll_component|pll|clk[0] ; inst|altpll_component|pll|clk[0] ; 16.667       ; 0.015      ; 13.663     ;
; 3.059 ; SOPC:inst2|SOPC_cpu:cpu|A_mem_baddr[26] ; SOPC:inst2|altera_merlin_traffic_limiter:limiter|pending_response_count[2]                              ; inst|altpll_component|pll|clk[0] ; inst|altpll_component|pll|clk[0] ; 16.667       ; 0.015      ; 13.663     ;
; 3.059 ; SOPC:inst2|SOPC_cpu:cpu|A_mem_baddr[26] ; SOPC:inst2|altera_merlin_traffic_limiter:limiter|pending_response_count[3]                              ; inst|altpll_component|pll|clk[0] ; inst|altpll_component|pll|clk[0] ; 16.667       ; 0.015      ; 13.663     ;
; 3.064 ; SOPC:inst2|SOPC_cpu:cpu|A_mem_baddr[26] ; SOPC:inst2|SOPC_sdram:sdram|SOPC_sdram_input_efifo_module:the_SOPC_sdram_input_efifo_module|entry_1[8]  ; inst|altpll_component|pll|clk[0] ; inst|altpll_component|pll|clk[0] ; 16.667       ; 0.026      ; 13.669     ;
; 3.064 ; SOPC:inst2|SOPC_cpu:cpu|A_mem_baddr[26] ; SOPC:inst2|SOPC_sdram:sdram|SOPC_sdram_input_efifo_module:the_SOPC_sdram_input_efifo_module|entry_1[18] ; inst|altpll_component|pll|clk[0] ; inst|altpll_component|pll|clk[0] ; 16.667       ; 0.026      ; 13.669     ;
; 3.064 ; SOPC:inst2|SOPC_cpu:cpu|A_mem_baddr[26] ; SOPC:inst2|SOPC_sdram:sdram|SOPC_sdram_input_efifo_module:the_SOPC_sdram_input_efifo_module|entry_1[17] ; inst|altpll_component|pll|clk[0] ; inst|altpll_component|pll|clk[0] ; 16.667       ; 0.026      ; 13.669     ;
; 3.064 ; SOPC:inst2|SOPC_cpu:cpu|A_mem_baddr[26] ; SOPC:inst2|SOPC_sdram:sdram|SOPC_sdram_input_efifo_module:the_SOPC_sdram_input_efifo_module|entry_1[16] ; inst|altpll_component|pll|clk[0] ; inst|altpll_component|pll|clk[0] ; 16.667       ; 0.026      ; 13.669     ;
; 3.123 ; SOPC:inst2|SOPC_cpu:cpu|A_mem_baddr[21] ; SOPC:inst2|SOPC_sdram:sdram|SOPC_sdram_input_efifo_module:the_SOPC_sdram_input_efifo_module|entry_1[1]  ; inst|altpll_component|pll|clk[0] ; inst|altpll_component|pll|clk[0] ; 16.667       ; 0.024      ; 13.608     ;
; 3.123 ; SOPC:inst2|SOPC_cpu:cpu|A_mem_baddr[21] ; SOPC:inst2|SOPC_sdram:sdram|SOPC_sdram_input_efifo_module:the_SOPC_sdram_input_efifo_module|entry_1[7]  ; inst|altpll_component|pll|clk[0] ; inst|altpll_component|pll|clk[0] ; 16.667       ; 0.024      ; 13.608     ;
; 3.123 ; SOPC:inst2|SOPC_cpu:cpu|A_mem_baddr[21] ; SOPC:inst2|SOPC_sdram:sdram|SOPC_sdram_input_efifo_module:the_SOPC_sdram_input_efifo_module|entry_1[4]  ; inst|altpll_component|pll|clk[0] ; inst|altpll_component|pll|clk[0] ; 16.667       ; 0.024      ; 13.608     ;
; 3.123 ; SOPC:inst2|SOPC_cpu:cpu|A_mem_baddr[21] ; SOPC:inst2|SOPC_sdram:sdram|SOPC_sdram_input_efifo_module:the_SOPC_sdram_input_efifo_module|entry_1[2]  ; inst|altpll_component|pll|clk[0] ; inst|altpll_component|pll|clk[0] ; 16.667       ; 0.024      ; 13.608     ;
; 3.123 ; SOPC:inst2|SOPC_cpu:cpu|A_mem_baddr[21] ; SOPC:inst2|SOPC_sdram:sdram|SOPC_sdram_input_efifo_module:the_SOPC_sdram_input_efifo_module|entry_1[0]  ; inst|altpll_component|pll|clk[0] ; inst|altpll_component|pll|clk[0] ; 16.667       ; 0.024      ; 13.608     ;
; 3.123 ; SOPC:inst2|SOPC_cpu:cpu|A_mem_baddr[21] ; SOPC:inst2|SOPC_sdram:sdram|SOPC_sdram_input_efifo_module:the_SOPC_sdram_input_efifo_module|entry_1[5]  ; inst|altpll_component|pll|clk[0] ; inst|altpll_component|pll|clk[0] ; 16.667       ; 0.024      ; 13.608     ;
; 3.123 ; SOPC:inst2|SOPC_cpu:cpu|A_mem_baddr[21] ; SOPC:inst2|SOPC_sdram:sdram|SOPC_sdram_input_efifo_module:the_SOPC_sdram_input_efifo_module|entry_1[3]  ; inst|altpll_component|pll|clk[0] ; inst|altpll_component|pll|clk[0] ; 16.667       ; 0.024      ; 13.608     ;
; 3.123 ; SOPC:inst2|SOPC_cpu:cpu|A_mem_baddr[21] ; SOPC:inst2|SOPC_sdram:sdram|SOPC_sdram_input_efifo_module:the_SOPC_sdram_input_efifo_module|entry_1[6]  ; inst|altpll_component|pll|clk[0] ; inst|altpll_component|pll|clk[0] ; 16.667       ; 0.024      ; 13.608     ;
; 3.154 ; SOPC:inst2|SOPC_cpu:cpu|A_mem_baddr[22] ; SOPC:inst2|SOPC_sdram:sdram|SOPC_sdram_input_efifo_module:the_SOPC_sdram_input_efifo_module|entry_1[1]  ; inst|altpll_component|pll|clk[0] ; inst|altpll_component|pll|clk[0] ; 16.667       ; 0.024      ; 13.577     ;
; 3.154 ; SOPC:inst2|SOPC_cpu:cpu|A_mem_baddr[22] ; SOPC:inst2|SOPC_sdram:sdram|SOPC_sdram_input_efifo_module:the_SOPC_sdram_input_efifo_module|entry_1[7]  ; inst|altpll_component|pll|clk[0] ; inst|altpll_component|pll|clk[0] ; 16.667       ; 0.024      ; 13.577     ;
; 3.154 ; SOPC:inst2|SOPC_cpu:cpu|A_mem_baddr[22] ; SOPC:inst2|SOPC_sdram:sdram|SOPC_sdram_input_efifo_module:the_SOPC_sdram_input_efifo_module|entry_1[4]  ; inst|altpll_component|pll|clk[0] ; inst|altpll_component|pll|clk[0] ; 16.667       ; 0.024      ; 13.577     ;
; 3.154 ; SOPC:inst2|SOPC_cpu:cpu|A_mem_baddr[22] ; SOPC:inst2|SOPC_sdram:sdram|SOPC_sdram_input_efifo_module:the_SOPC_sdram_input_efifo_module|entry_1[2]  ; inst|altpll_component|pll|clk[0] ; inst|altpll_component|pll|clk[0] ; 16.667       ; 0.024      ; 13.577     ;
; 3.154 ; SOPC:inst2|SOPC_cpu:cpu|A_mem_baddr[22] ; SOPC:inst2|SOPC_sdram:sdram|SOPC_sdram_input_efifo_module:the_SOPC_sdram_input_efifo_module|entry_1[0]  ; inst|altpll_component|pll|clk[0] ; inst|altpll_component|pll|clk[0] ; 16.667       ; 0.024      ; 13.577     ;
; 3.154 ; SOPC:inst2|SOPC_cpu:cpu|A_mem_baddr[22] ; SOPC:inst2|SOPC_sdram:sdram|SOPC_sdram_input_efifo_module:the_SOPC_sdram_input_efifo_module|entry_1[5]  ; inst|altpll_component|pll|clk[0] ; inst|altpll_component|pll|clk[0] ; 16.667       ; 0.024      ; 13.577     ;
; 3.154 ; SOPC:inst2|SOPC_cpu:cpu|A_mem_baddr[22] ; SOPC:inst2|SOPC_sdram:sdram|SOPC_sdram_input_efifo_module:the_SOPC_sdram_input_efifo_module|entry_1[3]  ; inst|altpll_component|pll|clk[0] ; inst|altpll_component|pll|clk[0] ; 16.667       ; 0.024      ; 13.577     ;
; 3.154 ; SOPC:inst2|SOPC_cpu:cpu|A_mem_baddr[22] ; SOPC:inst2|SOPC_sdram:sdram|SOPC_sdram_input_efifo_module:the_SOPC_sdram_input_efifo_module|entry_1[6]  ; inst|altpll_component|pll|clk[0] ; inst|altpll_component|pll|clk[0] ; 16.667       ; 0.024      ; 13.577     ;
; 3.184 ; SOPC:inst2|SOPC_cpu:cpu|A_mem_baddr[21] ; SOPC:inst2|SOPC_sdram:sdram|SOPC_sdram_input_efifo_module:the_SOPC_sdram_input_efifo_module|entry_1[26] ; inst|altpll_component|pll|clk[0] ; inst|altpll_component|pll|clk[0] ; 16.667       ; 0.011      ; 13.534     ;
; 3.184 ; SOPC:inst2|SOPC_cpu:cpu|A_mem_baddr[21] ; SOPC:inst2|SOPC_sdram:sdram|SOPC_sdram_input_efifo_module:the_SOPC_sdram_input_efifo_module|entry_1[25] ; inst|altpll_component|pll|clk[0] ; inst|altpll_component|pll|clk[0] ; 16.667       ; 0.011      ; 13.534     ;
; 3.184 ; SOPC:inst2|SOPC_cpu:cpu|A_mem_baddr[21] ; SOPC:inst2|SOPC_sdram:sdram|SOPC_sdram_input_efifo_module:the_SOPC_sdram_input_efifo_module|entry_1[24] ; inst|altpll_component|pll|clk[0] ; inst|altpll_component|pll|clk[0] ; 16.667       ; 0.011      ; 13.534     ;
; 3.184 ; SOPC:inst2|SOPC_cpu:cpu|A_mem_baddr[21] ; SOPC:inst2|SOPC_sdram:sdram|SOPC_sdram_input_efifo_module:the_SOPC_sdram_input_efifo_module|entry_1[22] ; inst|altpll_component|pll|clk[0] ; inst|altpll_component|pll|clk[0] ; 16.667       ; 0.011      ; 13.534     ;
; 3.184 ; SOPC:inst2|SOPC_cpu:cpu|A_mem_baddr[21] ; SOPC:inst2|SOPC_sdram:sdram|SOPC_sdram_input_efifo_module:the_SOPC_sdram_input_efifo_module|entry_1[21] ; inst|altpll_component|pll|clk[0] ; inst|altpll_component|pll|clk[0] ; 16.667       ; 0.011      ; 13.534     ;
; 3.184 ; SOPC:inst2|SOPC_cpu:cpu|A_mem_baddr[21] ; SOPC:inst2|SOPC_sdram:sdram|SOPC_sdram_input_efifo_module:the_SOPC_sdram_input_efifo_module|entry_1[20] ; inst|altpll_component|pll|clk[0] ; inst|altpll_component|pll|clk[0] ; 16.667       ; 0.011      ; 13.534     ;
; 3.184 ; SOPC:inst2|SOPC_cpu:cpu|A_mem_baddr[21] ; SOPC:inst2|SOPC_sdram:sdram|SOPC_sdram_input_efifo_module:the_SOPC_sdram_input_efifo_module|entry_1[19] ; inst|altpll_component|pll|clk[0] ; inst|altpll_component|pll|clk[0] ; 16.667       ; 0.011      ; 13.534     ;
; 3.215 ; SOPC:inst2|SOPC_cpu:cpu|A_mem_baddr[22] ; SOPC:inst2|SOPC_sdram:sdram|SOPC_sdram_input_efifo_module:the_SOPC_sdram_input_efifo_module|entry_1[26] ; inst|altpll_component|pll|clk[0] ; inst|altpll_component|pll|clk[0] ; 16.667       ; 0.011      ; 13.503     ;
; 3.215 ; SOPC:inst2|SOPC_cpu:cpu|A_mem_baddr[22] ; SOPC:inst2|SOPC_sdram:sdram|SOPC_sdram_input_efifo_module:the_SOPC_sdram_input_efifo_module|entry_1[25] ; inst|altpll_component|pll|clk[0] ; inst|altpll_component|pll|clk[0] ; 16.667       ; 0.011      ; 13.503     ;
; 3.215 ; SOPC:inst2|SOPC_cpu:cpu|A_mem_baddr[22] ; SOPC:inst2|SOPC_sdram:sdram|SOPC_sdram_input_efifo_module:the_SOPC_sdram_input_efifo_module|entry_1[24] ; inst|altpll_component|pll|clk[0] ; inst|altpll_component|pll|clk[0] ; 16.667       ; 0.011      ; 13.503     ;
; 3.215 ; SOPC:inst2|SOPC_cpu:cpu|A_mem_baddr[22] ; SOPC:inst2|SOPC_sdram:sdram|SOPC_sdram_input_efifo_module:the_SOPC_sdram_input_efifo_module|entry_1[22] ; inst|altpll_component|pll|clk[0] ; inst|altpll_component|pll|clk[0] ; 16.667       ; 0.011      ; 13.503     ;
; 3.215 ; SOPC:inst2|SOPC_cpu:cpu|A_mem_baddr[22] ; SOPC:inst2|SOPC_sdram:sdram|SOPC_sdram_input_efifo_module:the_SOPC_sdram_input_efifo_module|entry_1[21] ; inst|altpll_component|pll|clk[0] ; inst|altpll_component|pll|clk[0] ; 16.667       ; 0.011      ; 13.503     ;
; 3.215 ; SOPC:inst2|SOPC_cpu:cpu|A_mem_baddr[22] ; SOPC:inst2|SOPC_sdram:sdram|SOPC_sdram_input_efifo_module:the_SOPC_sdram_input_efifo_module|entry_1[20] ; inst|altpll_component|pll|clk[0] ; inst|altpll_component|pll|clk[0] ; 16.667       ; 0.011      ; 13.503     ;
; 3.215 ; SOPC:inst2|SOPC_cpu:cpu|A_mem_baddr[22] ; SOPC:inst2|SOPC_sdram:sdram|SOPC_sdram_input_efifo_module:the_SOPC_sdram_input_efifo_module|entry_1[19] ; inst|altpll_component|pll|clk[0] ; inst|altpll_component|pll|clk[0] ; 16.667       ; 0.011      ; 13.503     ;
; 3.231 ; SOPC:inst2|SOPC_cpu:cpu|A_mem_baddr[21] ; SOPC:inst2|altera_avalon_sc_fifo:sdram_s1_translator_avalon_universal_slave_0_agent_rsp_fifo|mem[1][86] ; inst|altpll_component|pll|clk[0] ; inst|altpll_component|pll|clk[0] ; 16.667       ; 0.018      ; 13.494     ;
; 3.246 ; SOPC:inst2|SOPC_cpu:cpu|A_mem_baddr[13] ; SOPC:inst2|altera_avalon_sc_fifo:sdram_s1_translator_avalon_universal_slave_0_agent_rsp_fifo|mem[0][86] ; inst|altpll_component|pll|clk[0] ; inst|altpll_component|pll|clk[0] ; 16.667       ; 0.017      ; 13.478     ;
; 3.249 ; SOPC:inst2|SOPC_cpu:cpu|A_mem_baddr[14] ; SOPC:inst2|SOPC_sdram:sdram|SOPC_sdram_input_efifo_module:the_SOPC_sdram_input_efifo_module|entry_1[1]  ; inst|altpll_component|pll|clk[0] ; inst|altpll_component|pll|clk[0] ; 16.667       ; 0.023      ; 13.481     ;
; 3.249 ; SOPC:inst2|SOPC_cpu:cpu|A_mem_baddr[14] ; SOPC:inst2|SOPC_sdram:sdram|SOPC_sdram_input_efifo_module:the_SOPC_sdram_input_efifo_module|entry_1[7]  ; inst|altpll_component|pll|clk[0] ; inst|altpll_component|pll|clk[0] ; 16.667       ; 0.023      ; 13.481     ;
; 3.249 ; SOPC:inst2|SOPC_cpu:cpu|A_mem_baddr[14] ; SOPC:inst2|SOPC_sdram:sdram|SOPC_sdram_input_efifo_module:the_SOPC_sdram_input_efifo_module|entry_1[4]  ; inst|altpll_component|pll|clk[0] ; inst|altpll_component|pll|clk[0] ; 16.667       ; 0.023      ; 13.481     ;
; 3.249 ; SOPC:inst2|SOPC_cpu:cpu|A_mem_baddr[14] ; SOPC:inst2|SOPC_sdram:sdram|SOPC_sdram_input_efifo_module:the_SOPC_sdram_input_efifo_module|entry_1[2]  ; inst|altpll_component|pll|clk[0] ; inst|altpll_component|pll|clk[0] ; 16.667       ; 0.023      ; 13.481     ;
; 3.249 ; SOPC:inst2|SOPC_cpu:cpu|A_mem_baddr[14] ; SOPC:inst2|SOPC_sdram:sdram|SOPC_sdram_input_efifo_module:the_SOPC_sdram_input_efifo_module|entry_1[0]  ; inst|altpll_component|pll|clk[0] ; inst|altpll_component|pll|clk[0] ; 16.667       ; 0.023      ; 13.481     ;
; 3.249 ; SOPC:inst2|SOPC_cpu:cpu|A_mem_baddr[14] ; SOPC:inst2|SOPC_sdram:sdram|SOPC_sdram_input_efifo_module:the_SOPC_sdram_input_efifo_module|entry_1[5]  ; inst|altpll_component|pll|clk[0] ; inst|altpll_component|pll|clk[0] ; 16.667       ; 0.023      ; 13.481     ;
+-------+-----------------------------------------+---------------------------------------------------------------------------------------------------------+----------------------------------+----------------------------------+--------------+------------+------------+


+------------------------------------------------------------------------------------------------------------------------------------------------------------------------------------------------------------------------------------------------------------------------------------------------------------------------------------------------------------------------------------------------------------------------------------------------------------------------------------------------------------+
; Slow Model Hold: 'inst|altpll_component|pll|clk[0]'                                                                                                                                                                                                                                                                                                                                                                                                                                                        ;
+-------+------------------------------------------------------------------------------------------------------------------------------------------------------------------------------------------+------------------------------------------------------------------------------------------------------------------------------------------------------------------------------------------+----------------------------------+----------------------------------+--------------+------------+------------+
; Slack ; From Node                                                                                                                                                                                ; To Node                                                                                                                                                                                  ; Launch Clock                     ; Latch Clock                      ; Relationship ; Clock Skew ; Data Delay ;
+-------+------------------------------------------------------------------------------------------------------------------------------------------------------------------------------------------+------------------------------------------------------------------------------------------------------------------------------------------------------------------------------------------+----------------------------------+----------------------------------+--------------+------------+------------+
; 0.499 ; SOPC:inst2|SOPC_cpu:cpu|SOPC_cpu_nios2_oci:the_SOPC_cpu_nios2_oci|SOPC_cpu_nios2_ocimem:the_SOPC_cpu_nios2_ocimem|jtag_rd                                                                ; SOPC:inst2|SOPC_cpu:cpu|SOPC_cpu_nios2_oci:the_SOPC_cpu_nios2_oci|SOPC_cpu_nios2_ocimem:the_SOPC_cpu_nios2_ocimem|jtag_rd                                                                ; inst|altpll_component|pll|clk[0] ; inst|altpll_component|pll|clk[0] ; 0.000        ; 0.000      ; 0.805      ;
; 0.499 ; SOPC:inst2|SOPC_spi_touch:spi_touch|slowcount[0]                                                                                                                                         ; SOPC:inst2|SOPC_spi_touch:spi_touch|slowcount[0]                                                                                                                                         ; inst|altpll_component|pll|clk[0] ; inst|altpll_component|pll|clk[0] ; 0.000        ; 0.000      ; 0.805      ;
; 0.499 ; SOPC:inst2|SOPC_spi_touch:spi_touch|state[4]                                                                                                                                             ; SOPC:inst2|SOPC_spi_touch:spi_touch|state[4]                                                                                                                                             ; inst|altpll_component|pll|clk[0] ; inst|altpll_component|pll|clk[0] ; 0.000        ; 0.000      ; 0.805      ;
; 0.499 ; SOPC:inst2|SOPC_cpu:cpu|A_shift_rot_stall                                                                                                                                                ; SOPC:inst2|SOPC_cpu:cpu|A_shift_rot_stall                                                                                                                                                ; inst|altpll_component|pll|clk[0] ; inst|altpll_component|pll|clk[0] ; 0.000        ; 0.000      ; 0.805      ;
; 0.499 ; SOPC:inst2|altera_avalon_sc_fifo:sdram_s1_translator_avalon_universal_slave_0_agent_rdata_fifo|rd_ptr[1]                                                                                 ; SOPC:inst2|altera_avalon_sc_fifo:sdram_s1_translator_avalon_universal_slave_0_agent_rdata_fifo|rd_ptr[1]                                                                                 ; inst|altpll_component|pll|clk[0] ; inst|altpll_component|pll|clk[0] ; 0.000        ; 0.000      ; 0.805      ;
; 0.499 ; SOPC:inst2|altera_avalon_sc_fifo:sdram_s1_translator_avalon_universal_slave_0_agent_rdata_fifo|rd_ptr[2]                                                                                 ; SOPC:inst2|altera_avalon_sc_fifo:sdram_s1_translator_avalon_universal_slave_0_agent_rdata_fifo|rd_ptr[2]                                                                                 ; inst|altpll_component|pll|clk[0] ; inst|altpll_component|pll|clk[0] ; 0.000        ; 0.000      ; 0.805      ;
; 0.499 ; SOPC:inst2|altera_avalon_sc_fifo:sdram_s1_translator_avalon_universal_slave_0_agent_rdata_fifo|wr_ptr[0]                                                                                 ; SOPC:inst2|altera_avalon_sc_fifo:sdram_s1_translator_avalon_universal_slave_0_agent_rdata_fifo|wr_ptr[0]                                                                                 ; inst|altpll_component|pll|clk[0] ; inst|altpll_component|pll|clk[0] ; 0.000        ; 0.000      ; 0.805      ;
; 0.499 ; SOPC:inst2|altera_avalon_sc_fifo:sdram_s1_translator_avalon_universal_slave_0_agent_rdata_fifo|wr_ptr[1]                                                                                 ; SOPC:inst2|altera_avalon_sc_fifo:sdram_s1_translator_avalon_universal_slave_0_agent_rdata_fifo|wr_ptr[1]                                                                                 ; inst|altpll_component|pll|clk[0] ; inst|altpll_component|pll|clk[0] ; 0.000        ; 0.000      ; 0.805      ;
; 0.499 ; SOPC:inst2|altera_avalon_sc_fifo:sdram_s1_translator_avalon_universal_slave_0_agent_rdata_fifo|empty                                                                                     ; SOPC:inst2|altera_avalon_sc_fifo:sdram_s1_translator_avalon_universal_slave_0_agent_rdata_fifo|empty                                                                                     ; inst|altpll_component|pll|clk[0] ; inst|altpll_component|pll|clk[0] ; 0.000        ; 0.000      ; 0.805      ;
; 0.499 ; SOPC:inst2|altera_avalon_sc_fifo:sdram_s1_translator_avalon_universal_slave_0_agent_rdata_fifo|rd_ptr[0]                                                                                 ; SOPC:inst2|altera_avalon_sc_fifo:sdram_s1_translator_avalon_universal_slave_0_agent_rdata_fifo|rd_ptr[0]                                                                                 ; inst|altpll_component|pll|clk[0] ; inst|altpll_component|pll|clk[0] ; 0.000        ; 0.000      ; 0.805      ;
; 0.499 ; SOPC:inst2|SOPC_sdram:sdram|i_count[0]                                                                                                                                                   ; SOPC:inst2|SOPC_sdram:sdram|i_count[0]                                                                                                                                                   ; inst|altpll_component|pll|clk[0] ; inst|altpll_component|pll|clk[0] ; 0.000        ; 0.000      ; 0.805      ;
; 0.499 ; SOPC:inst2|SOPC_sdram:sdram|i_count[2]                                                                                                                                                   ; SOPC:inst2|SOPC_sdram:sdram|i_count[2]                                                                                                                                                   ; inst|altpll_component|pll|clk[0] ; inst|altpll_component|pll|clk[0] ; 0.000        ; 0.000      ; 0.805      ;
; 0.499 ; SOPC:inst2|SOPC_sdram:sdram|i_refs[0]                                                                                                                                                    ; SOPC:inst2|SOPC_sdram:sdram|i_refs[0]                                                                                                                                                    ; inst|altpll_component|pll|clk[0] ; inst|altpll_component|pll|clk[0] ; 0.000        ; 0.000      ; 0.805      ;
; 0.499 ; SOPC:inst2|SOPC_sdram:sdram|i_refs[1]                                                                                                                                                    ; SOPC:inst2|SOPC_sdram:sdram|i_refs[1]                                                                                                                                                    ; inst|altpll_component|pll|clk[0] ; inst|altpll_component|pll|clk[0] ; 0.000        ; 0.000      ; 0.805      ;
; 0.499 ; SOPC:inst2|SOPC_sdram:sdram|i_refs[2]                                                                                                                                                    ; SOPC:inst2|SOPC_sdram:sdram|i_refs[2]                                                                                                                                                    ; inst|altpll_component|pll|clk[0] ; inst|altpll_component|pll|clk[0] ; 0.000        ; 0.000      ; 0.805      ;
; 0.499 ; SOPC:inst2|SOPC_sdram:sdram|i_count[1]                                                                                                                                                   ; SOPC:inst2|SOPC_sdram:sdram|i_count[1]                                                                                                                                                   ; inst|altpll_component|pll|clk[0] ; inst|altpll_component|pll|clk[0] ; 0.000        ; 0.000      ; 0.805      ;
; 0.499 ; SOPC:inst2|SOPC_sdram:sdram|i_next.000                                                                                                                                                   ; SOPC:inst2|SOPC_sdram:sdram|i_next.000                                                                                                                                                   ; inst|altpll_component|pll|clk[0] ; inst|altpll_component|pll|clk[0] ; 0.000        ; 0.000      ; 0.805      ;
; 0.499 ; SOPC:inst2|SOPC_sdram:sdram|i_state.000                                                                                                                                                  ; SOPC:inst2|SOPC_sdram:sdram|i_state.000                                                                                                                                                  ; inst|altpll_component|pll|clk[0] ; inst|altpll_component|pll|clk[0] ; 0.000        ; 0.000      ; 0.805      ;
; 0.499 ; SOPC:inst2|SOPC_sdram:sdram|i_next.101                                                                                                                                                   ; SOPC:inst2|SOPC_sdram:sdram|i_next.101                                                                                                                                                   ; inst|altpll_component|pll|clk[0] ; inst|altpll_component|pll|clk[0] ; 0.000        ; 0.000      ; 0.805      ;
; 0.499 ; SOPC:inst2|SOPC_sdram:sdram|i_state.101                                                                                                                                                  ; SOPC:inst2|SOPC_sdram:sdram|i_state.101                                                                                                                                                  ; inst|altpll_component|pll|clk[0] ; inst|altpll_component|pll|clk[0] ; 0.000        ; 0.000      ; 0.805      ;
; 0.499 ; SOPC:inst2|SOPC_sdram:sdram|init_done                                                                                                                                                    ; SOPC:inst2|SOPC_sdram:sdram|init_done                                                                                                                                                    ; inst|altpll_component|pll|clk[0] ; inst|altpll_component|pll|clk[0] ; 0.000        ; 0.000      ; 0.805      ;
; 0.499 ; SOPC:inst2|SOPC_sdram:sdram|active_cs_n                                                                                                                                                  ; SOPC:inst2|SOPC_sdram:sdram|active_cs_n                                                                                                                                                  ; inst|altpll_component|pll|clk[0] ; inst|altpll_component|pll|clk[0] ; 0.000        ; 0.000      ; 0.805      ;
; 0.499 ; SOPC:inst2|SOPC_sdram:sdram|SOPC_sdram_input_efifo_module:the_SOPC_sdram_input_efifo_module|wr_address                                                                                   ; SOPC:inst2|SOPC_sdram:sdram|SOPC_sdram_input_efifo_module:the_SOPC_sdram_input_efifo_module|wr_address                                                                                   ; inst|altpll_component|pll|clk[0] ; inst|altpll_component|pll|clk[0] ; 0.000        ; 0.000      ; 0.805      ;
; 0.499 ; SOPC:inst2|altera_avalon_sc_fifo:sdram_s1_translator_avalon_universal_slave_0_agent_rsp_fifo|mem[7][66]                                                                                  ; SOPC:inst2|altera_avalon_sc_fifo:sdram_s1_translator_avalon_universal_slave_0_agent_rsp_fifo|mem[7][66]                                                                                  ; inst|altpll_component|pll|clk[0] ; inst|altpll_component|pll|clk[0] ; 0.000        ; 0.000      ; 0.805      ;
; 0.499 ; SOPC:inst2|altera_avalon_sc_fifo:sysid_control_slave_translator_avalon_universal_slave_0_agent_rsp_fifo|mem_used[0]                                                                      ; SOPC:inst2|altera_avalon_sc_fifo:sysid_control_slave_translator_avalon_universal_slave_0_agent_rsp_fifo|mem_used[0]                                                                      ; inst|altpll_component|pll|clk[0] ; inst|altpll_component|pll|clk[0] ; 0.000        ; 0.000      ; 0.805      ;
; 0.499 ; SOPC:inst2|altera_avalon_sc_fifo:sysid_control_slave_translator_avalon_universal_slave_0_agent_rsp_fifo|mem_used[1]                                                                      ; SOPC:inst2|altera_avalon_sc_fifo:sysid_control_slave_translator_avalon_universal_slave_0_agent_rsp_fifo|mem_used[1]                                                                      ; inst|altpll_component|pll|clk[0] ; inst|altpll_component|pll|clk[0] ; 0.000        ; 0.000      ; 0.805      ;
; 0.499 ; SOPC:inst2|altera_merlin_slave_translator:sysid_control_slave_translator|wait_latency_counter[0]                                                                                         ; SOPC:inst2|altera_merlin_slave_translator:sysid_control_slave_translator|wait_latency_counter[0]                                                                                         ; inst|altpll_component|pll|clk[0] ; inst|altpll_component|pll|clk[0] ; 0.000        ; 0.000      ; 0.805      ;
; 0.499 ; SOPC:inst2|SOPC_jtag_uart:jtag_uart|SOPC_jtag_uart_scfifo_r:the_SOPC_jtag_uart_scfifo_r|scfifo:rfifo|scfifo_1n21:auto_generated|a_dpfifo_8t21:dpfifo|a_fefifo_7cf:fifo_state|b_full      ; SOPC:inst2|SOPC_jtag_uart:jtag_uart|SOPC_jtag_uart_scfifo_r:the_SOPC_jtag_uart_scfifo_r|scfifo:rfifo|scfifo_1n21:auto_generated|a_dpfifo_8t21:dpfifo|a_fefifo_7cf:fifo_state|b_full      ; inst|altpll_component|pll|clk[0] ; inst|altpll_component|pll|clk[0] ; 0.000        ; 0.000      ; 0.805      ;
; 0.499 ; SOPC:inst2|SOPC_jtag_uart:jtag_uart|SOPC_jtag_uart_scfifo_r:the_SOPC_jtag_uart_scfifo_r|scfifo:rfifo|scfifo_1n21:auto_generated|a_dpfifo_8t21:dpfifo|a_fefifo_7cf:fifo_state|b_non_empty ; SOPC:inst2|SOPC_jtag_uart:jtag_uart|SOPC_jtag_uart_scfifo_r:the_SOPC_jtag_uart_scfifo_r|scfifo:rfifo|scfifo_1n21:auto_generated|a_dpfifo_8t21:dpfifo|a_fefifo_7cf:fifo_state|b_non_empty ; inst|altpll_component|pll|clk[0] ; inst|altpll_component|pll|clk[0] ; 0.000        ; 0.000      ; 0.805      ;
; 0.499 ; SOPC:inst2|SOPC_jtag_uart:jtag_uart|r_val                                                                                                                                                ; SOPC:inst2|SOPC_jtag_uart:jtag_uart|r_val                                                                                                                                                ; inst|altpll_component|pll|clk[0] ; inst|altpll_component|pll|clk[0] ; 0.000        ; 0.000      ; 0.805      ;
; 0.499 ; SOPC:inst2|SOPC_jtag_uart:jtag_uart|av_waitrequest                                                                                                                                       ; SOPC:inst2|SOPC_jtag_uart:jtag_uart|av_waitrequest                                                                                                                                       ; inst|altpll_component|pll|clk[0] ; inst|altpll_component|pll|clk[0] ; 0.000        ; 0.000      ; 0.805      ;
; 0.499 ; SOPC:inst2|SOPC_jtag_uart:jtag_uart|SOPC_jtag_uart_scfifo_w:the_SOPC_jtag_uart_scfifo_w|scfifo:wfifo|scfifo_1n21:auto_generated|a_dpfifo_8t21:dpfifo|a_fefifo_7cf:fifo_state|b_non_empty ; SOPC:inst2|SOPC_jtag_uart:jtag_uart|SOPC_jtag_uart_scfifo_w:the_SOPC_jtag_uart_scfifo_w|scfifo:wfifo|scfifo_1n21:auto_generated|a_dpfifo_8t21:dpfifo|a_fefifo_7cf:fifo_state|b_non_empty ; inst|altpll_component|pll|clk[0] ; inst|altpll_component|pll|clk[0] ; 0.000        ; 0.000      ; 0.805      ;
; 0.499 ; SOPC:inst2|SOPC_jtag_uart:jtag_uart|SOPC_jtag_uart_scfifo_w:the_SOPC_jtag_uart_scfifo_w|scfifo:wfifo|scfifo_1n21:auto_generated|a_dpfifo_8t21:dpfifo|a_fefifo_7cf:fifo_state|b_full      ; SOPC:inst2|SOPC_jtag_uart:jtag_uart|SOPC_jtag_uart_scfifo_w:the_SOPC_jtag_uart_scfifo_w|scfifo:wfifo|scfifo_1n21:auto_generated|a_dpfifo_8t21:dpfifo|a_fefifo_7cf:fifo_state|b_full      ; inst|altpll_component|pll|clk[0] ; inst|altpll_component|pll|clk[0] ; 0.000        ; 0.000      ; 0.805      ;
; 0.499 ; SOPC:inst2|SOPC_jtag_uart:jtag_uart|alt_jtag_atlantic:SOPC_jtag_uart_alt_jtag_atlantic|r_ena1                                                                                            ; SOPC:inst2|SOPC_jtag_uart:jtag_uart|alt_jtag_atlantic:SOPC_jtag_uart_alt_jtag_atlantic|r_ena1                                                                                            ; inst|altpll_component|pll|clk[0] ; inst|altpll_component|pll|clk[0] ; 0.000        ; 0.000      ; 0.805      ;
; 0.499 ; SOPC:inst2|SOPC_cpu:cpu|ic_fill_line[2]                                                                                                                                                  ; SOPC:inst2|SOPC_cpu:cpu|ic_fill_line[2]                                                                                                                                                  ; inst|altpll_component|pll|clk[0] ; inst|altpll_component|pll|clk[0] ; 0.000        ; 0.000      ; 0.805      ;
; 0.499 ; SOPC:inst2|SOPC_cpu:cpu|ic_fill_line[4]                                                                                                                                                  ; SOPC:inst2|SOPC_cpu:cpu|ic_fill_line[4]                                                                                                                                                  ; inst|altpll_component|pll|clk[0] ; inst|altpll_component|pll|clk[0] ; 0.000        ; 0.000      ; 0.805      ;
; 0.499 ; SOPC:inst2|SOPC_cpu:cpu|SOPC_cpu_nios2_oci:the_SOPC_cpu_nios2_oci|write                                                                                                                  ; SOPC:inst2|SOPC_cpu:cpu|SOPC_cpu_nios2_oci:the_SOPC_cpu_nios2_oci|write                                                                                                                  ; inst|altpll_component|pll|clk[0] ; inst|altpll_component|pll|clk[0] ; 0.000        ; 0.000      ; 0.805      ;
; 0.499 ; SOPC:inst2|altera_merlin_width_adapter:width_adapter|count[0]                                                                                                                            ; SOPC:inst2|altera_merlin_width_adapter:width_adapter|count[0]                                                                                                                            ; inst|altpll_component|pll|clk[0] ; inst|altpll_component|pll|clk[0] ; 0.000        ; 0.000      ; 0.805      ;
; 0.499 ; SOPC:inst2|altera_avalon_sc_fifo:cpu_jtag_debug_module_translator_avalon_universal_slave_0_agent_rsp_fifo|mem[1][84]                                                                     ; SOPC:inst2|altera_avalon_sc_fifo:cpu_jtag_debug_module_translator_avalon_universal_slave_0_agent_rsp_fifo|mem[1][84]                                                                     ; inst|altpll_component|pll|clk[0] ; inst|altpll_component|pll|clk[0] ; 0.000        ; 0.000      ; 0.805      ;
; 0.499 ; SOPC:inst2|SOPC_jtag_uart:jtag_uart|woverflow                                                                                                                                            ; SOPC:inst2|SOPC_jtag_uart:jtag_uart|woverflow                                                                                                                                            ; inst|altpll_component|pll|clk[0] ; inst|altpll_component|pll|clk[0] ; 0.000        ; 0.000      ; 0.805      ;
; 0.499 ; SOPC:inst2|altera_avalon_sc_fifo:sdram_s1_translator_avalon_universal_slave_0_agent_rsp_fifo|mem[7][87]                                                                                  ; SOPC:inst2|altera_avalon_sc_fifo:sdram_s1_translator_avalon_universal_slave_0_agent_rsp_fifo|mem[7][87]                                                                                  ; inst|altpll_component|pll|clk[0] ; inst|altpll_component|pll|clk[0] ; 0.000        ; 0.000      ; 0.805      ;
; 0.499 ; SOPC:inst2|altera_merlin_width_adapter:width_adapter_001|data_reg[14]                                                                                                                    ; SOPC:inst2|altera_merlin_width_adapter:width_adapter_001|data_reg[14]                                                                                                                    ; inst|altpll_component|pll|clk[0] ; inst|altpll_component|pll|clk[0] ; 0.000        ; 0.000      ; 0.805      ;
; 0.499 ; SOPC:inst2|altera_merlin_slave_translator:lcd32_data_s1_translator|wait_latency_counter[0]                                                                                               ; SOPC:inst2|altera_merlin_slave_translator:lcd32_data_s1_translator|wait_latency_counter[0]                                                                                               ; inst|altpll_component|pll|clk[0] ; inst|altpll_component|pll|clk[0] ; 0.000        ; 0.000      ; 0.805      ;
; 0.499 ; SOPC:inst2|altera_merlin_slave_translator:lcd32_data_s1_translator|wait_latency_counter[1]                                                                                               ; SOPC:inst2|altera_merlin_slave_translator:lcd32_data_s1_translator|wait_latency_counter[1]                                                                                               ; inst|altpll_component|pll|clk[0] ; inst|altpll_component|pll|clk[0] ; 0.000        ; 0.000      ; 0.805      ;
; 0.499 ; SOPC:inst2|altera_avalon_sc_fifo:lcd32_data_s1_translator_avalon_universal_slave_0_agent_rsp_fifo|mem_used[0]                                                                            ; SOPC:inst2|altera_avalon_sc_fifo:lcd32_data_s1_translator_avalon_universal_slave_0_agent_rsp_fifo|mem_used[0]                                                                            ; inst|altpll_component|pll|clk[0] ; inst|altpll_component|pll|clk[0] ; 0.000        ; 0.000      ; 0.805      ;
; 0.499 ; SOPC:inst2|altera_avalon_sc_fifo:lcd32_data_s1_translator_avalon_universal_slave_0_agent_rsp_fifo|mem_used[1]                                                                            ; SOPC:inst2|altera_avalon_sc_fifo:lcd32_data_s1_translator_avalon_universal_slave_0_agent_rsp_fifo|mem_used[1]                                                                            ; inst|altpll_component|pll|clk[0] ; inst|altpll_component|pll|clk[0] ; 0.000        ; 0.000      ; 0.805      ;
; 0.499 ; SOPC:inst2|SOPC_spi_touch:spi_touch|wr_strobe                                                                                                                                            ; SOPC:inst2|SOPC_spi_touch:spi_touch|wr_strobe                                                                                                                                            ; inst|altpll_component|pll|clk[0] ; inst|altpll_component|pll|clk[0] ; 0.000        ; 0.000      ; 0.805      ;
; 0.499 ; SOPC:inst2|altera_avalon_sc_fifo:epcs_epcs_control_port_translator_avalon_universal_slave_0_agent_rsp_fifo|mem[1][105]                                                                   ; SOPC:inst2|altera_avalon_sc_fifo:epcs_epcs_control_port_translator_avalon_universal_slave_0_agent_rsp_fifo|mem[1][105]                                                                   ; inst|altpll_component|pll|clk[0] ; inst|altpll_component|pll|clk[0] ; 0.000        ; 0.000      ; 0.805      ;
; 0.499 ; SOPC:inst2|altera_avalon_sc_fifo:cpu_jtag_debug_module_translator_avalon_universal_slave_0_agent_rsp_fifo|mem[1][105]                                                                    ; SOPC:inst2|altera_avalon_sc_fifo:cpu_jtag_debug_module_translator_avalon_universal_slave_0_agent_rsp_fifo|mem[1][105]                                                                    ; inst|altpll_component|pll|clk[0] ; inst|altpll_component|pll|clk[0] ; 0.000        ; 0.000      ; 0.805      ;
; 0.499 ; SOPC:inst2|altera_merlin_traffic_limiter:limiter|pending_response_count[0]                                                                                                               ; SOPC:inst2|altera_merlin_traffic_limiter:limiter|pending_response_count[0]                                                                                                               ; inst|altpll_component|pll|clk[0] ; inst|altpll_component|pll|clk[0] ; 0.000        ; 0.000      ; 0.805      ;
; 0.499 ; SOPC:inst2|altera_merlin_traffic_limiter:limiter|has_pending_responses                                                                                                                   ; SOPC:inst2|altera_merlin_traffic_limiter:limiter|has_pending_responses                                                                                                                   ; inst|altpll_component|pll|clk[0] ; inst|altpll_component|pll|clk[0] ; 0.000        ; 0.000      ; 0.805      ;
; 0.499 ; SOPC:inst2|altera_merlin_slave_translator:epcs_epcs_control_port_translator|wait_latency_counter[0]                                                                                      ; SOPC:inst2|altera_merlin_slave_translator:epcs_epcs_control_port_translator|wait_latency_counter[0]                                                                                      ; inst|altpll_component|pll|clk[0] ; inst|altpll_component|pll|clk[0] ; 0.000        ; 0.000      ; 0.805      ;
; 0.499 ; SOPC:inst2|altera_merlin_slave_translator:epcs_epcs_control_port_translator|wait_latency_counter[1]                                                                                      ; SOPC:inst2|altera_merlin_slave_translator:epcs_epcs_control_port_translator|wait_latency_counter[1]                                                                                      ; inst|altpll_component|pll|clk[0] ; inst|altpll_component|pll|clk[0] ; 0.000        ; 0.000      ; 0.805      ;
; 0.499 ; SOPC:inst2|SOPC_epcs:epcs|SOPC_epcs_sub:the_SOPC_epcs_sub|tx_holding_primed                                                                                                              ; SOPC:inst2|SOPC_epcs:epcs|SOPC_epcs_sub:the_SOPC_epcs_sub|tx_holding_primed                                                                                                              ; inst|altpll_component|pll|clk[0] ; inst|altpll_component|pll|clk[0] ; 0.000        ; 0.000      ; 0.805      ;
; 0.499 ; SOPC:inst2|SOPC_epcs:epcs|SOPC_epcs_sub:the_SOPC_epcs_sub|slowcount[0]                                                                                                                   ; SOPC:inst2|SOPC_epcs:epcs|SOPC_epcs_sub:the_SOPC_epcs_sub|slowcount[0]                                                                                                                   ; inst|altpll_component|pll|clk[0] ; inst|altpll_component|pll|clk[0] ; 0.000        ; 0.000      ; 0.805      ;
; 0.499 ; SOPC:inst2|SOPC_epcs:epcs|SOPC_epcs_sub:the_SOPC_epcs_sub|state[4]                                                                                                                       ; SOPC:inst2|SOPC_epcs:epcs|SOPC_epcs_sub:the_SOPC_epcs_sub|state[4]                                                                                                                       ; inst|altpll_component|pll|clk[0] ; inst|altpll_component|pll|clk[0] ; 0.000        ; 0.000      ; 0.805      ;
; 0.499 ; SOPC:inst2|SOPC_epcs:epcs|SOPC_epcs_sub:the_SOPC_epcs_sub|transmitting                                                                                                                   ; SOPC:inst2|SOPC_epcs:epcs|SOPC_epcs_sub:the_SOPC_epcs_sub|transmitting                                                                                                                   ; inst|altpll_component|pll|clk[0] ; inst|altpll_component|pll|clk[0] ; 0.000        ; 0.000      ; 0.805      ;
; 0.499 ; SOPC:inst2|SOPC_epcs:epcs|SOPC_epcs_sub:the_SOPC_epcs_sub|rd_strobe                                                                                                                      ; SOPC:inst2|SOPC_epcs:epcs|SOPC_epcs_sub:the_SOPC_epcs_sub|rd_strobe                                                                                                                      ; inst|altpll_component|pll|clk[0] ; inst|altpll_component|pll|clk[0] ; 0.000        ; 0.000      ; 0.805      ;
; 0.499 ; SOPC:inst2|SOPC_epcs:epcs|SOPC_epcs_sub:the_SOPC_epcs_sub|RRDY                                                                                                                           ; SOPC:inst2|SOPC_epcs:epcs|SOPC_epcs_sub:the_SOPC_epcs_sub|RRDY                                                                                                                           ; inst|altpll_component|pll|clk[0] ; inst|altpll_component|pll|clk[0] ; 0.000        ; 0.000      ; 0.805      ;
; 0.499 ; SOPC:inst2|SOPC_epcs:epcs|SOPC_epcs_sub:the_SOPC_epcs_sub|SCLK_reg                                                                                                                       ; SOPC:inst2|SOPC_epcs:epcs|SOPC_epcs_sub:the_SOPC_epcs_sub|SCLK_reg                                                                                                                       ; inst|altpll_component|pll|clk[0] ; inst|altpll_component|pll|clk[0] ; 0.000        ; 0.000      ; 0.805      ;
; 0.499 ; SOPC:inst2|SOPC_epcs:epcs|SOPC_epcs_sub:the_SOPC_epcs_sub|MISO_reg                                                                                                                       ; SOPC:inst2|SOPC_epcs:epcs|SOPC_epcs_sub:the_SOPC_epcs_sub|MISO_reg                                                                                                                       ; inst|altpll_component|pll|clk[0] ; inst|altpll_component|pll|clk[0] ; 0.000        ; 0.000      ; 0.805      ;
; 0.499 ; SOPC:inst2|altera_merlin_width_adapter:width_adapter_001|data_reg[7]                                                                                                                     ; SOPC:inst2|altera_merlin_width_adapter:width_adapter_001|data_reg[7]                                                                                                                     ; inst|altpll_component|pll|clk[0] ; inst|altpll_component|pll|clk[0] ; 0.000        ; 0.000      ; 0.805      ;
; 0.499 ; SOPC:inst2|SOPC_spi_touch:spi_touch|SCLK_reg                                                                                                                                             ; SOPC:inst2|SOPC_spi_touch:spi_touch|SCLK_reg                                                                                                                                             ; inst|altpll_component|pll|clk[0] ; inst|altpll_component|pll|clk[0] ; 0.000        ; 0.000      ; 0.805      ;
; 0.499 ; SOPC:inst2|SOPC_spi_touch:spi_touch|MISO_reg                                                                                                                                             ; SOPC:inst2|SOPC_spi_touch:spi_touch|MISO_reg                                                                                                                                             ; inst|altpll_component|pll|clk[0] ; inst|altpll_component|pll|clk[0] ; 0.000        ; 0.000      ; 0.805      ;
; 0.499 ; SOPC:inst2|SOPC_spi_touch:spi_touch|rd_strobe                                                                                                                                            ; SOPC:inst2|SOPC_spi_touch:spi_touch|rd_strobe                                                                                                                                            ; inst|altpll_component|pll|clk[0] ; inst|altpll_component|pll|clk[0] ; 0.000        ; 0.000      ; 0.805      ;
; 0.499 ; SOPC:inst2|SOPC_spi_touch:spi_touch|RRDY                                                                                                                                                 ; SOPC:inst2|SOPC_spi_touch:spi_touch|RRDY                                                                                                                                                 ; inst|altpll_component|pll|clk[0] ; inst|altpll_component|pll|clk[0] ; 0.000        ; 0.000      ; 0.805      ;
; 0.499 ; SOPC:inst2|altera_merlin_width_adapter:width_adapter_001|data_reg[15]                                                                                                                    ; SOPC:inst2|altera_merlin_width_adapter:width_adapter_001|data_reg[15]                                                                                                                    ; inst|altpll_component|pll|clk[0] ; inst|altpll_component|pll|clk[0] ; 0.000        ; 0.000      ; 0.805      ;
; 0.499 ; SOPC:inst2|SOPC_jtag_uart:jtag_uart|rvalid                                                                                                                                               ; SOPC:inst2|SOPC_jtag_uart:jtag_uart|rvalid                                                                                                                                               ; inst|altpll_component|pll|clk[0] ; inst|altpll_component|pll|clk[0] ; 0.000        ; 0.000      ; 0.805      ;
; 0.499 ; SOPC:inst2|altera_merlin_width_adapter:width_adapter_001|data_reg[12]                                                                                                                    ; SOPC:inst2|altera_merlin_width_adapter:width_adapter_001|data_reg[12]                                                                                                                    ; inst|altpll_component|pll|clk[0] ; inst|altpll_component|pll|clk[0] ; 0.000        ; 0.000      ; 0.805      ;
; 0.499 ; SOPC:inst2|altera_avalon_sc_fifo:epcs_epcs_control_port_translator_avalon_universal_slave_0_agent_rsp_fifo|mem_used[0]                                                                   ; SOPC:inst2|altera_avalon_sc_fifo:epcs_epcs_control_port_translator_avalon_universal_slave_0_agent_rsp_fifo|mem_used[0]                                                                   ; inst|altpll_component|pll|clk[0] ; inst|altpll_component|pll|clk[0] ; 0.000        ; 0.000      ; 0.805      ;
; 0.499 ; SOPC:inst2|altera_avalon_sc_fifo:epcs_epcs_control_port_translator_avalon_universal_slave_0_agent_rsp_fifo|mem_used[1]                                                                   ; SOPC:inst2|altera_avalon_sc_fifo:epcs_epcs_control_port_translator_avalon_universal_slave_0_agent_rsp_fifo|mem_used[1]                                                                   ; inst|altpll_component|pll|clk[0] ; inst|altpll_component|pll|clk[0] ; 0.000        ; 0.000      ; 0.805      ;
; 0.499 ; SOPC:inst2|altera_merlin_width_adapter:width_adapter_001|data_reg[11]                                                                                                                    ; SOPC:inst2|altera_merlin_width_adapter:width_adapter_001|data_reg[11]                                                                                                                    ; inst|altpll_component|pll|clk[0] ; inst|altpll_component|pll|clk[0] ; 0.000        ; 0.000      ; 0.805      ;
; 0.499 ; SOPC:inst2|altera_merlin_width_adapter:width_adapter_001|data_reg[10]                                                                                                                    ; SOPC:inst2|altera_merlin_width_adapter:width_adapter_001|data_reg[10]                                                                                                                    ; inst|altpll_component|pll|clk[0] ; inst|altpll_component|pll|clk[0] ; 0.000        ; 0.000      ; 0.805      ;
; 0.499 ; SOPC:inst2|SOPC_jtag_uart:jtag_uart|ac                                                                                                                                                   ; SOPC:inst2|SOPC_jtag_uart:jtag_uart|ac                                                                                                                                                   ; inst|altpll_component|pll|clk[0] ; inst|altpll_component|pll|clk[0] ; 0.000        ; 0.000      ; 0.805      ;
; 0.499 ; SOPC:inst2|altera_avalon_sc_fifo:jtag_uart_avalon_jtag_slave_translator_avalon_universal_slave_0_agent_rsp_fifo|mem_used[1]                                                              ; SOPC:inst2|altera_avalon_sc_fifo:jtag_uart_avalon_jtag_slave_translator_avalon_universal_slave_0_agent_rsp_fifo|mem_used[1]                                                              ; inst|altpll_component|pll|clk[0] ; inst|altpll_component|pll|clk[0] ; 0.000        ; 0.000      ; 0.805      ;
; 0.499 ; SOPC:inst2|altera_merlin_width_adapter:width_adapter_001|data_reg[9]                                                                                                                     ; SOPC:inst2|altera_merlin_width_adapter:width_adapter_001|data_reg[9]                                                                                                                     ; inst|altpll_component|pll|clk[0] ; inst|altpll_component|pll|clk[0] ; 0.000        ; 0.000      ; 0.805      ;
; 0.499 ; SOPC:inst2|SOPC_epcs:epcs|SOPC_epcs_sub:the_SOPC_epcs_sub|EOP                                                                                                                            ; SOPC:inst2|SOPC_epcs:epcs|SOPC_epcs_sub:the_SOPC_epcs_sub|EOP                                                                                                                            ; inst|altpll_component|pll|clk[0] ; inst|altpll_component|pll|clk[0] ; 0.000        ; 0.000      ; 0.805      ;
; 0.499 ; SOPC:inst2|SOPC_spi_touch:spi_touch|EOP                                                                                                                                                  ; SOPC:inst2|SOPC_spi_touch:spi_touch|EOP                                                                                                                                                  ; inst|altpll_component|pll|clk[0] ; inst|altpll_component|pll|clk[0] ; 0.000        ; 0.000      ; 0.805      ;
; 0.499 ; SOPC:inst2|altera_merlin_width_adapter:width_adapter_001|data_reg[8]                                                                                                                     ; SOPC:inst2|altera_merlin_width_adapter:width_adapter_001|data_reg[8]                                                                                                                     ; inst|altpll_component|pll|clk[0] ; inst|altpll_component|pll|clk[0] ; 0.000        ; 0.000      ; 0.805      ;
; 0.499 ; SOPC:inst2|SOPC_spi_touch:spi_touch|ROE                                                                                                                                                  ; SOPC:inst2|SOPC_spi_touch:spi_touch|ROE                                                                                                                                                  ; inst|altpll_component|pll|clk[0] ; inst|altpll_component|pll|clk[0] ; 0.000        ; 0.000      ; 0.805      ;
; 0.499 ; SOPC:inst2|SOPC_spi_touch:spi_touch|TOE                                                                                                                                                  ; SOPC:inst2|SOPC_spi_touch:spi_touch|TOE                                                                                                                                                  ; inst|altpll_component|pll|clk[0] ; inst|altpll_component|pll|clk[0] ; 0.000        ; 0.000      ; 0.805      ;
; 0.499 ; SOPC:inst2|SOPC_jtag_uart:jtag_uart|pause_irq                                                                                                                                            ; SOPC:inst2|SOPC_jtag_uart:jtag_uart|pause_irq                                                                                                                                            ; inst|altpll_component|pll|clk[0] ; inst|altpll_component|pll|clk[0] ; 0.000        ; 0.000      ; 0.805      ;
; 0.499 ; SOPC:inst2|SOPC_epcs:epcs|SOPC_epcs_sub:the_SOPC_epcs_sub|ROE                                                                                                                            ; SOPC:inst2|SOPC_epcs:epcs|SOPC_epcs_sub:the_SOPC_epcs_sub|ROE                                                                                                                            ; inst|altpll_component|pll|clk[0] ; inst|altpll_component|pll|clk[0] ; 0.000        ; 0.000      ; 0.805      ;
; 0.499 ; SOPC:inst2|SOPC_epcs:epcs|SOPC_epcs_sub:the_SOPC_epcs_sub|TOE                                                                                                                            ; SOPC:inst2|SOPC_epcs:epcs|SOPC_epcs_sub:the_SOPC_epcs_sub|TOE                                                                                                                            ; inst|altpll_component|pll|clk[0] ; inst|altpll_component|pll|clk[0] ; 0.000        ; 0.000      ; 0.805      ;
; 0.499 ; SOPC:inst2|SOPC_cpu:cpu|ic_fill_line[0]                                                                                                                                                  ; SOPC:inst2|SOPC_cpu:cpu|ic_fill_line[0]                                                                                                                                                  ; inst|altpll_component|pll|clk[0] ; inst|altpll_component|pll|clk[0] ; 0.000        ; 0.000      ; 0.805      ;
; 0.499 ; SOPC:inst2|altera_merlin_width_adapter:width_adapter_001|data_reg[13]                                                                                                                    ; SOPC:inst2|altera_merlin_width_adapter:width_adapter_001|data_reg[13]                                                                                                                    ; inst|altpll_component|pll|clk[0] ; inst|altpll_component|pll|clk[0] ; 0.000        ; 0.000      ; 0.805      ;
; 0.499 ; SOPC:inst2|SOPC_cpu:cpu|ic_fill_ap_cnt[0]                                                                                                                                                ; SOPC:inst2|SOPC_cpu:cpu|ic_fill_ap_cnt[0]                                                                                                                                                ; inst|altpll_component|pll|clk[0] ; inst|altpll_component|pll|clk[0] ; 0.000        ; 0.000      ; 0.805      ;
; 0.499 ; SOPC:inst2|altera_avalon_sc_fifo:sdram_s1_translator_avalon_universal_slave_0_agent_rsp_fifo|mem[7][47]                                                                                  ; SOPC:inst2|altera_avalon_sc_fifo:sdram_s1_translator_avalon_universal_slave_0_agent_rsp_fifo|mem[7][47]                                                                                  ; inst|altpll_component|pll|clk[0] ; inst|altpll_component|pll|clk[0] ; 0.000        ; 0.000      ; 0.805      ;
; 0.499 ; SOPC:inst2|altera_avalon_sc_fifo:cpu_jtag_debug_module_translator_avalon_universal_slave_0_agent_rsp_fifo|mem[1][65]                                                                     ; SOPC:inst2|altera_avalon_sc_fifo:cpu_jtag_debug_module_translator_avalon_universal_slave_0_agent_rsp_fifo|mem[1][65]                                                                     ; inst|altpll_component|pll|clk[0] ; inst|altpll_component|pll|clk[0] ; 0.000        ; 0.000      ; 0.805      ;
; 0.499 ; SOPC:inst2|altera_avalon_sc_fifo:epcs_epcs_control_port_translator_avalon_universal_slave_0_agent_rsp_fifo|mem[1][65]                                                                    ; SOPC:inst2|altera_avalon_sc_fifo:epcs_epcs_control_port_translator_avalon_universal_slave_0_agent_rsp_fifo|mem[1][65]                                                                    ; inst|altpll_component|pll|clk[0] ; inst|altpll_component|pll|clk[0] ; 0.000        ; 0.000      ; 0.805      ;
; 0.499 ; SOPC:inst2|SOPC_cpu:cpu|ic_fill_dp_offset[1]                                                                                                                                             ; SOPC:inst2|SOPC_cpu:cpu|ic_fill_dp_offset[1]                                                                                                                                             ; inst|altpll_component|pll|clk[0] ; inst|altpll_component|pll|clk[0] ; 0.000        ; 0.000      ; 0.805      ;
; 0.499 ; SOPC:inst2|SOPC_cpu:cpu|ic_fill_dp_offset[0]                                                                                                                                             ; SOPC:inst2|SOPC_cpu:cpu|ic_fill_dp_offset[0]                                                                                                                                             ; inst|altpll_component|pll|clk[0] ; inst|altpll_component|pll|clk[0] ; 0.000        ; 0.000      ; 0.805      ;
; 0.499 ; SOPC:inst2|SOPC_cpu:cpu|ic_fill_prevent_refill                                                                                                                                           ; SOPC:inst2|SOPC_cpu:cpu|ic_fill_prevent_refill                                                                                                                                           ; inst|altpll_component|pll|clk[0] ; inst|altpll_component|pll|clk[0] ; 0.000        ; 0.000      ; 0.805      ;
; 0.499 ; SOPC:inst2|SOPC_cpu:cpu|ic_fill_active                                                                                                                                                   ; SOPC:inst2|SOPC_cpu:cpu|ic_fill_active                                                                                                                                                   ; inst|altpll_component|pll|clk[0] ; inst|altpll_component|pll|clk[0] ; 0.000        ; 0.000      ; 0.805      ;
; 0.499 ; SOPC:inst2|SOPC_cpu:cpu|i_read~reg0                                                                                                                                                      ; SOPC:inst2|SOPC_cpu:cpu|i_read~reg0                                                                                                                                                      ; inst|altpll_component|pll|clk[0] ; inst|altpll_component|pll|clk[0] ; 0.000        ; 0.000      ; 0.805      ;
; 0.499 ; SOPC:inst2|altera_merlin_width_adapter:width_adapter|use_reg                                                                                                                             ; SOPC:inst2|altera_merlin_width_adapter:width_adapter|use_reg                                                                                                                             ; inst|altpll_component|pll|clk[0] ; inst|altpll_component|pll|clk[0] ; 0.000        ; 0.000      ; 0.805      ;
; 0.499 ; SOPC:inst2|SOPC_sdram:sdram|m_state.000100000                                                                                                                                            ; SOPC:inst2|SOPC_sdram:sdram|m_state.000100000                                                                                                                                            ; inst|altpll_component|pll|clk[0] ; inst|altpll_component|pll|clk[0] ; 0.000        ; 0.000      ; 0.805      ;
; 0.499 ; SOPC:inst2|SOPC_sdram:sdram|m_count[1]                                                                                                                                                   ; SOPC:inst2|SOPC_sdram:sdram|m_count[1]                                                                                                                                                   ; inst|altpll_component|pll|clk[0] ; inst|altpll_component|pll|clk[0] ; 0.000        ; 0.000      ; 0.805      ;
; 0.499 ; SOPC:inst2|SOPC_sdram:sdram|m_next.010000000                                                                                                                                             ; SOPC:inst2|SOPC_sdram:sdram|m_next.010000000                                                                                                                                             ; inst|altpll_component|pll|clk[0] ; inst|altpll_component|pll|clk[0] ; 0.000        ; 0.000      ; 0.805      ;
; 0.499 ; SOPC:inst2|SOPC_sdram:sdram|ack_refresh_request                                                                                                                                          ; SOPC:inst2|SOPC_sdram:sdram|ack_refresh_request                                                                                                                                          ; inst|altpll_component|pll|clk[0] ; inst|altpll_component|pll|clk[0] ; 0.000        ; 0.000      ; 0.805      ;
+-------+------------------------------------------------------------------------------------------------------------------------------------------------------------------------------------------+------------------------------------------------------------------------------------------------------------------------------------------------------------------------------------------+----------------------------------+----------------------------------+--------------+------------+------------+


+-------------------------------------------------------------------------------------------------------------------------------------------------------------------------------------------------------------------------------------------------------------------------------------------------------------------------------------------------------------------------------+
; Slow Model Recovery: 'inst|altpll_component|pll|clk[0]'                                                                                                                                                                                                                                                                                                                       ;
+--------+--------------------------------------------------------------------------------------------------------------------------------------+----------------------------------------------------------------------------------------------------------------+----------------------------------+----------------------------------+--------------+------------+------------+
; Slack  ; From Node                                                                                                                            ; To Node                                                                                                        ; Launch Clock                     ; Latch Clock                      ; Relationship ; Clock Skew ; Data Delay ;
+--------+--------------------------------------------------------------------------------------------------------------------------------------+----------------------------------------------------------------------------------------------------------------+----------------------------------+----------------------------------+--------------+------------+------------+
; 4.260  ; SOPC:inst2|altera_reset_controller:rst_controller|altera_reset_synchronizer:alt_rst_sync_uq1|altera_reset_synchronizer_int_chain_out ; SOPC:inst2|SOPC_cpu:cpu|Mn_rot_step2[13]                                                                       ; inst|altpll_component|pll|clk[0] ; inst|altpll_component|pll|clk[0] ; 8.333        ; 0.039      ; 4.152      ;
; 4.260  ; SOPC:inst2|altera_reset_controller:rst_controller|altera_reset_synchronizer:alt_rst_sync_uq1|altera_reset_synchronizer_int_chain_out ; SOPC:inst2|SOPC_cpu:cpu|Mn_rot_step2[11]                                                                       ; inst|altpll_component|pll|clk[0] ; inst|altpll_component|pll|clk[0] ; 8.333        ; 0.039      ; 4.152      ;
; 4.260  ; SOPC:inst2|altera_reset_controller:rst_controller|altera_reset_synchronizer:alt_rst_sync_uq1|altera_reset_synchronizer_int_chain_out ; SOPC:inst2|SOPC_cpu:cpu|Mn_rot_step2[12]                                                                       ; inst|altpll_component|pll|clk[0] ; inst|altpll_component|pll|clk[0] ; 8.333        ; 0.044      ; 4.157      ;
; 4.260  ; SOPC:inst2|altera_reset_controller:rst_controller|altera_reset_synchronizer:alt_rst_sync_uq1|altera_reset_synchronizer_int_chain_out ; SOPC:inst2|SOPC_cpu:cpu|Mn_rot_step2[14]                                                                       ; inst|altpll_component|pll|clk[0] ; inst|altpll_component|pll|clk[0] ; 8.333        ; 0.044      ; 4.157      ;
; 4.260  ; SOPC:inst2|altera_reset_controller:rst_controller|altera_reset_synchronizer:alt_rst_sync_uq1|altera_reset_synchronizer_int_chain_out ; SOPC:inst2|SOPC_cpu:cpu|Mn_rot_step2[25]                                                                       ; inst|altpll_component|pll|clk[0] ; inst|altpll_component|pll|clk[0] ; 8.333        ; 0.039      ; 4.152      ;
; 4.260  ; SOPC:inst2|altera_reset_controller:rst_controller|altera_reset_synchronizer:alt_rst_sync_uq1|altera_reset_synchronizer_int_chain_out ; SOPC:inst2|SOPC_cpu:cpu|Mn_rot_step2[26]                                                                       ; inst|altpll_component|pll|clk[0] ; inst|altpll_component|pll|clk[0] ; 8.333        ; 0.044      ; 4.157      ;
; 4.260  ; SOPC:inst2|altera_reset_controller:rst_controller|altera_reset_synchronizer:alt_rst_sync_uq1|altera_reset_synchronizer_int_chain_out ; SOPC:inst2|SOPC_cpu:cpu|Mn_rot_step2[9]                                                                        ; inst|altpll_component|pll|clk[0] ; inst|altpll_component|pll|clk[0] ; 8.333        ; 0.039      ; 4.152      ;
; 4.260  ; SOPC:inst2|altera_reset_controller:rst_controller|altera_reset_synchronizer:alt_rst_sync_uq1|altera_reset_synchronizer_int_chain_out ; SOPC:inst2|SOPC_cpu:cpu|Mn_rot_step2[4]                                                                        ; inst|altpll_component|pll|clk[0] ; inst|altpll_component|pll|clk[0] ; 8.333        ; 0.044      ; 4.157      ;
; 4.260  ; SOPC:inst2|altera_reset_controller:rst_controller|altera_reset_synchronizer:alt_rst_sync_uq1|altera_reset_synchronizer_int_chain_out ; SOPC:inst2|SOPC_cpu:cpu|Mn_rot_step2[2]                                                                        ; inst|altpll_component|pll|clk[0] ; inst|altpll_component|pll|clk[0] ; 8.333        ; 0.044      ; 4.157      ;
; 4.260  ; SOPC:inst2|altera_reset_controller:rst_controller|altera_reset_synchronizer:alt_rst_sync_uq1|altera_reset_synchronizer_int_chain_out ; SOPC:inst2|SOPC_cpu:cpu|Mn_rot_step2[18]                                                                       ; inst|altpll_component|pll|clk[0] ; inst|altpll_component|pll|clk[0] ; 8.333        ; 0.044      ; 4.157      ;
; 4.260  ; SOPC:inst2|altera_reset_controller:rst_controller|altera_reset_synchronizer:alt_rst_sync_uq1|altera_reset_synchronizer_int_chain_out ; SOPC:inst2|SOPC_cpu:cpu|Mn_rot_step2[28]                                                                       ; inst|altpll_component|pll|clk[0] ; inst|altpll_component|pll|clk[0] ; 8.333        ; 0.044      ; 4.157      ;
; 4.260  ; SOPC:inst2|altera_reset_controller:rst_controller|altera_reset_synchronizer:alt_rst_sync_uq1|altera_reset_synchronizer_int_chain_out ; SOPC:inst2|SOPC_cpu:cpu|Mn_rot_step2[1]                                                                        ; inst|altpll_component|pll|clk[0] ; inst|altpll_component|pll|clk[0] ; 8.333        ; 0.039      ; 4.152      ;
; 4.260  ; SOPC:inst2|altera_reset_controller:rst_controller|altera_reset_synchronizer:alt_rst_sync_uq1|altera_reset_synchronizer_int_chain_out ; SOPC:inst2|SOPC_cpu:cpu|Mn_rot_step2[17]                                                                       ; inst|altpll_component|pll|clk[0] ; inst|altpll_component|pll|clk[0] ; 8.333        ; 0.039      ; 4.152      ;
; 4.260  ; SOPC:inst2|altera_reset_controller:rst_controller|altera_reset_synchronizer:alt_rst_sync_uq1|altera_reset_synchronizer_int_chain_out ; SOPC:inst2|SOPC_cpu:cpu|Mn_rot_step2[27]                                                                       ; inst|altpll_component|pll|clk[0] ; inst|altpll_component|pll|clk[0] ; 8.333        ; 0.039      ; 4.152      ;
; 4.260  ; SOPC:inst2|altera_reset_controller:rst_controller|altera_reset_synchronizer:alt_rst_sync_uq1|altera_reset_synchronizer_int_chain_out ; SOPC:inst2|SOPC_cpu:cpu|Mn_rot_step2[10]                                                                       ; inst|altpll_component|pll|clk[0] ; inst|altpll_component|pll|clk[0] ; 8.333        ; 0.044      ; 4.157      ;
; 4.260  ; SOPC:inst2|altera_reset_controller:rst_controller|altera_reset_synchronizer:alt_rst_sync_uq1|altera_reset_synchronizer_int_chain_out ; SOPC:inst2|SOPC_cpu:cpu|Mn_rot_step2[0]                                                                        ; inst|altpll_component|pll|clk[0] ; inst|altpll_component|pll|clk[0] ; 8.333        ; 0.044      ; 4.157      ;
; 4.260  ; SOPC:inst2|altera_reset_controller:rst_controller|altera_reset_synchronizer:alt_rst_sync_uq1|altera_reset_synchronizer_int_chain_out ; SOPC:inst2|SOPC_cpu:cpu|Mn_rot_step2[15]                                                                       ; inst|altpll_component|pll|clk[0] ; inst|altpll_component|pll|clk[0] ; 8.333        ; 0.039      ; 4.152      ;
; 4.260  ; SOPC:inst2|altera_reset_controller:rst_controller|altera_reset_synchronizer:alt_rst_sync_uq1|altera_reset_synchronizer_int_chain_out ; SOPC:inst2|SOPC_cpu:cpu|Mn_rot_step2[31]                                                                       ; inst|altpll_component|pll|clk[0] ; inst|altpll_component|pll|clk[0] ; 8.333        ; 0.039      ; 4.152      ;
; 4.260  ; SOPC:inst2|altera_reset_controller:rst_controller|altera_reset_synchronizer:alt_rst_sync_uq1|altera_reset_synchronizer_int_chain_out ; SOPC:inst2|SOPC_cpu:cpu|Mn_rot_step2[5]                                                                        ; inst|altpll_component|pll|clk[0] ; inst|altpll_component|pll|clk[0] ; 8.333        ; 0.039      ; 4.152      ;
; 4.260  ; SOPC:inst2|altera_reset_controller:rst_controller|altera_reset_synchronizer:alt_rst_sync_uq1|altera_reset_synchronizer_int_chain_out ; SOPC:inst2|SOPC_cpu:cpu|Mn_rot_step2[23]                                                                       ; inst|altpll_component|pll|clk[0] ; inst|altpll_component|pll|clk[0] ; 8.333        ; 0.039      ; 4.152      ;
; 4.260  ; SOPC:inst2|altera_reset_controller:rst_controller|altera_reset_synchronizer:alt_rst_sync_uq1|altera_reset_synchronizer_int_chain_out ; SOPC:inst2|SOPC_cpu:cpu|Mn_rot_step2[8]                                                                        ; inst|altpll_component|pll|clk[0] ; inst|altpll_component|pll|clk[0] ; 8.333        ; 0.044      ; 4.157      ;
; 4.260  ; SOPC:inst2|altera_reset_controller:rst_controller|altera_reset_synchronizer:alt_rst_sync_uq1|altera_reset_synchronizer_int_chain_out ; SOPC:inst2|SOPC_cpu:cpu|Mn_rot_step2[24]                                                                       ; inst|altpll_component|pll|clk[0] ; inst|altpll_component|pll|clk[0] ; 8.333        ; 0.044      ; 4.157      ;
; 4.260  ; SOPC:inst2|altera_reset_controller:rst_controller|altera_reset_synchronizer:alt_rst_sync_uq1|altera_reset_synchronizer_int_chain_out ; SOPC:inst2|SOPC_cpu:cpu|Mn_rot_step2[3]                                                                        ; inst|altpll_component|pll|clk[0] ; inst|altpll_component|pll|clk[0] ; 8.333        ; 0.039      ; 4.152      ;
; 4.260  ; SOPC:inst2|altera_reset_controller:rst_controller|altera_reset_synchronizer:alt_rst_sync_uq1|altera_reset_synchronizer_int_chain_out ; SOPC:inst2|SOPC_cpu:cpu|Mn_rot_step2[19]                                                                       ; inst|altpll_component|pll|clk[0] ; inst|altpll_component|pll|clk[0] ; 8.333        ; 0.039      ; 4.152      ;
; 4.260  ; SOPC:inst2|altera_reset_controller:rst_controller|altera_reset_synchronizer:alt_rst_sync_uq1|altera_reset_synchronizer_int_chain_out ; SOPC:inst2|SOPC_cpu:cpu|Mn_rot_step2[29]                                                                       ; inst|altpll_component|pll|clk[0] ; inst|altpll_component|pll|clk[0] ; 8.333        ; 0.039      ; 4.152      ;
; 4.260  ; SOPC:inst2|altera_reset_controller:rst_controller|altera_reset_synchronizer:alt_rst_sync_uq1|altera_reset_synchronizer_int_chain_out ; SOPC:inst2|SOPC_cpu:cpu|Mn_rot_step2[7]                                                                        ; inst|altpll_component|pll|clk[0] ; inst|altpll_component|pll|clk[0] ; 8.333        ; 0.039      ; 4.152      ;
; 4.260  ; SOPC:inst2|altera_reset_controller:rst_controller|altera_reset_synchronizer:alt_rst_sync_uq1|altera_reset_synchronizer_int_chain_out ; SOPC:inst2|SOPC_cpu:cpu|Mn_rot_step2[21]                                                                       ; inst|altpll_component|pll|clk[0] ; inst|altpll_component|pll|clk[0] ; 8.333        ; 0.039      ; 4.152      ;
; 4.260  ; SOPC:inst2|altera_reset_controller:rst_controller|altera_reset_synchronizer:alt_rst_sync_uq1|altera_reset_synchronizer_int_chain_out ; SOPC:inst2|SOPC_cpu:cpu|Mn_rot_step2[16]                                                                       ; inst|altpll_component|pll|clk[0] ; inst|altpll_component|pll|clk[0] ; 8.333        ; 0.044      ; 4.157      ;
; 4.260  ; SOPC:inst2|altera_reset_controller:rst_controller|altera_reset_synchronizer:alt_rst_sync_uq1|altera_reset_synchronizer_int_chain_out ; SOPC:inst2|SOPC_cpu:cpu|Mn_rot_step2[20]                                                                       ; inst|altpll_component|pll|clk[0] ; inst|altpll_component|pll|clk[0] ; 8.333        ; 0.044      ; 4.157      ;
; 4.260  ; SOPC:inst2|altera_reset_controller:rst_controller|altera_reset_synchronizer:alt_rst_sync_uq1|altera_reset_synchronizer_int_chain_out ; SOPC:inst2|SOPC_cpu:cpu|Mn_rot_step2[30]                                                                       ; inst|altpll_component|pll|clk[0] ; inst|altpll_component|pll|clk[0] ; 8.333        ; 0.044      ; 4.157      ;
; 4.260  ; SOPC:inst2|altera_reset_controller:rst_controller|altera_reset_synchronizer:alt_rst_sync_uq1|altera_reset_synchronizer_int_chain_out ; SOPC:inst2|SOPC_cpu:cpu|Mn_rot_step2[22]                                                                       ; inst|altpll_component|pll|clk[0] ; inst|altpll_component|pll|clk[0] ; 8.333        ; 0.044      ; 4.157      ;
; 4.260  ; SOPC:inst2|altera_reset_controller:rst_controller|altera_reset_synchronizer:alt_rst_sync_uq1|altera_reset_synchronizer_int_chain_out ; SOPC:inst2|SOPC_cpu:cpu|Mn_rot_step2[6]                                                                        ; inst|altpll_component|pll|clk[0] ; inst|altpll_component|pll|clk[0] ; 8.333        ; 0.044      ; 4.157      ;
; 11.085 ; SOPC:inst2|altera_reset_controller:rst_controller|altera_reset_synchronizer:alt_rst_sync_uq1|altera_reset_synchronizer_int_chain_out ; SOPC:inst2|SOPC_sdram:sdram|m_data[4]                                                                          ; inst|altpll_component|pll|clk[0] ; inst|altpll_component|pll|clk[0] ; 16.667       ; -0.187     ; 5.294      ;
; 11.085 ; SOPC:inst2|altera_reset_controller:rst_controller|altera_reset_synchronizer:alt_rst_sync_uq1|altera_reset_synchronizer_int_chain_out ; SOPC:inst2|SOPC_sdram:sdram|m_data[2]                                                                          ; inst|altpll_component|pll|clk[0] ; inst|altpll_component|pll|clk[0] ; 16.667       ; -0.187     ; 5.294      ;
; 11.085 ; SOPC:inst2|altera_reset_controller:rst_controller|altera_reset_synchronizer:alt_rst_sync_uq1|altera_reset_synchronizer_int_chain_out ; SOPC:inst2|SOPC_sdram:sdram|m_data[5]                                                                          ; inst|altpll_component|pll|clk[0] ; inst|altpll_component|pll|clk[0] ; 16.667       ; -0.187     ; 5.294      ;
; 11.086 ; SOPC:inst2|altera_reset_controller:rst_controller|altera_reset_synchronizer:alt_rst_sync_uq1|altera_reset_synchronizer_int_chain_out ; SOPC:inst2|SOPC_sdram:sdram|m_data[1]                                                                          ; inst|altpll_component|pll|clk[0] ; inst|altpll_component|pll|clk[0] ; 16.667       ; -0.198     ; 5.282      ;
; 11.086 ; SOPC:inst2|altera_reset_controller:rst_controller|altera_reset_synchronizer:alt_rst_sync_uq1|altera_reset_synchronizer_int_chain_out ; SOPC:inst2|SOPC_sdram:sdram|m_data[0]                                                                          ; inst|altpll_component|pll|clk[0] ; inst|altpll_component|pll|clk[0] ; 16.667       ; -0.198     ; 5.282      ;
; 11.086 ; SOPC:inst2|altera_reset_controller:rst_controller|altera_reset_synchronizer:alt_rst_sync_uq1|altera_reset_synchronizer_int_chain_out ; SOPC:inst2|SOPC_sdram:sdram|m_data[3]                                                                          ; inst|altpll_component|pll|clk[0] ; inst|altpll_component|pll|clk[0] ; 16.667       ; -0.193     ; 5.287      ;
; 11.102 ; SOPC:inst2|altera_reset_controller:rst_controller|altera_reset_synchronizer:alt_rst_sync_uq1|altera_reset_synchronizer_int_chain_out ; SOPC:inst2|SOPC_sdram:sdram|oe~_Duplicate_11                                                                   ; inst|altpll_component|pll|clk[0] ; inst|altpll_component|pll|clk[0] ; 16.667       ; -0.173     ; 5.291      ;
; 11.102 ; SOPC:inst2|altera_reset_controller:rst_controller|altera_reset_synchronizer:alt_rst_sync_uq1|altera_reset_synchronizer_int_chain_out ; SOPC:inst2|SOPC_sdram:sdram|oe~_Duplicate_13                                                                   ; inst|altpll_component|pll|clk[0] ; inst|altpll_component|pll|clk[0] ; 16.667       ; -0.173     ; 5.291      ;
; 11.102 ; SOPC:inst2|altera_reset_controller:rst_controller|altera_reset_synchronizer:alt_rst_sync_uq1|altera_reset_synchronizer_int_chain_out ; SOPC:inst2|SOPC_sdram:sdram|oe~_Duplicate_10                                                                   ; inst|altpll_component|pll|clk[0] ; inst|altpll_component|pll|clk[0] ; 16.667       ; -0.173     ; 5.291      ;
; 11.103 ; SOPC:inst2|altera_reset_controller:rst_controller|altera_reset_synchronizer:alt_rst_sync_uq1|altera_reset_synchronizer_int_chain_out ; SOPC:inst2|SOPC_sdram:sdram|oe~_Duplicate_14                                                                   ; inst|altpll_component|pll|clk[0] ; inst|altpll_component|pll|clk[0] ; 16.667       ; -0.184     ; 5.279      ;
; 11.103 ; SOPC:inst2|altera_reset_controller:rst_controller|altera_reset_synchronizer:alt_rst_sync_uq1|altera_reset_synchronizer_int_chain_out ; SOPC:inst2|SOPC_sdram:sdram|oe~_Duplicate_15                                                                   ; inst|altpll_component|pll|clk[0] ; inst|altpll_component|pll|clk[0] ; 16.667       ; -0.184     ; 5.279      ;
; 11.103 ; SOPC:inst2|altera_reset_controller:rst_controller|altera_reset_synchronizer:alt_rst_sync_uq1|altera_reset_synchronizer_int_chain_out ; SOPC:inst2|SOPC_sdram:sdram|oe~_Duplicate_12                                                                   ; inst|altpll_component|pll|clk[0] ; inst|altpll_component|pll|clk[0] ; 16.667       ; -0.179     ; 5.284      ;
; 11.105 ; SOPC:inst2|altera_reset_controller:rst_controller|altera_reset_synchronizer:alt_rst_sync_uq1|altera_reset_synchronizer_int_chain_out ; SOPC:inst2|SOPC_sdram:sdram|za_data[4]                                                                         ; inst|altpll_component|pll|clk[0] ; inst|altpll_component|pll|clk[0] ; 16.667       ; -0.195     ; 5.266      ;
; 11.105 ; SOPC:inst2|altera_reset_controller:rst_controller|altera_reset_synchronizer:alt_rst_sync_uq1|altera_reset_synchronizer_int_chain_out ; SOPC:inst2|SOPC_sdram:sdram|za_data[2]                                                                         ; inst|altpll_component|pll|clk[0] ; inst|altpll_component|pll|clk[0] ; 16.667       ; -0.195     ; 5.266      ;
; 11.105 ; SOPC:inst2|altera_reset_controller:rst_controller|altera_reset_synchronizer:alt_rst_sync_uq1|altera_reset_synchronizer_int_chain_out ; SOPC:inst2|SOPC_sdram:sdram|za_data[5]                                                                         ; inst|altpll_component|pll|clk[0] ; inst|altpll_component|pll|clk[0] ; 16.667       ; -0.195     ; 5.266      ;
; 11.106 ; SOPC:inst2|altera_reset_controller:rst_controller|altera_reset_synchronizer:alt_rst_sync_uq1|altera_reset_synchronizer_int_chain_out ; SOPC:inst2|SOPC_sdram:sdram|za_data[1]                                                                         ; inst|altpll_component|pll|clk[0] ; inst|altpll_component|pll|clk[0] ; 16.667       ; -0.206     ; 5.254      ;
; 11.106 ; SOPC:inst2|altera_reset_controller:rst_controller|altera_reset_synchronizer:alt_rst_sync_uq1|altera_reset_synchronizer_int_chain_out ; SOPC:inst2|SOPC_sdram:sdram|za_data[0]                                                                         ; inst|altpll_component|pll|clk[0] ; inst|altpll_component|pll|clk[0] ; 16.667       ; -0.206     ; 5.254      ;
; 11.106 ; SOPC:inst2|altera_reset_controller:rst_controller|altera_reset_synchronizer:alt_rst_sync_uq1|altera_reset_synchronizer_int_chain_out ; SOPC:inst2|SOPC_sdram:sdram|za_data[3]                                                                         ; inst|altpll_component|pll|clk[0] ; inst|altpll_component|pll|clk[0] ; 16.667       ; -0.201     ; 5.259      ;
; 11.138 ; SOPC:inst2|altera_reset_controller:rst_controller|altera_reset_synchronizer:alt_rst_sync_uq1|altera_reset_synchronizer_int_chain_out ; SOPC:inst2|SOPC_sdram:sdram|m_data[13]                                                                         ; inst|altpll_component|pll|clk[0] ; inst|altpll_component|pll|clk[0] ; 16.667       ; -0.195     ; 5.233      ;
; 11.138 ; SOPC:inst2|altera_reset_controller:rst_controller|altera_reset_synchronizer:alt_rst_sync_uq1|altera_reset_synchronizer_int_chain_out ; SOPC:inst2|SOPC_sdram:sdram|m_data[9]                                                                          ; inst|altpll_component|pll|clk[0] ; inst|altpll_component|pll|clk[0] ; 16.667       ; -0.173     ; 5.255      ;
; 11.138 ; SOPC:inst2|altera_reset_controller:rst_controller|altera_reset_synchronizer:alt_rst_sync_uq1|altera_reset_synchronizer_int_chain_out ; SOPC:inst2|SOPC_sdram:sdram|m_data[14]                                                                         ; inst|altpll_component|pll|clk[0] ; inst|altpll_component|pll|clk[0] ; 16.667       ; -0.183     ; 5.245      ;
; 11.138 ; SOPC:inst2|altera_reset_controller:rst_controller|altera_reset_synchronizer:alt_rst_sync_uq1|altera_reset_synchronizer_int_chain_out ; SOPC:inst2|SOPC_sdram:sdram|m_data[10]                                                                         ; inst|altpll_component|pll|clk[0] ; inst|altpll_component|pll|clk[0] ; 16.667       ; -0.173     ; 5.255      ;
; 11.138 ; SOPC:inst2|altera_reset_controller:rst_controller|altera_reset_synchronizer:alt_rst_sync_uq1|altera_reset_synchronizer_int_chain_out ; SOPC:inst2|SOPC_sdram:sdram|m_data[11]                                                                         ; inst|altpll_component|pll|clk[0] ; inst|altpll_component|pll|clk[0] ; 16.667       ; -0.183     ; 5.245      ;
; 11.138 ; SOPC:inst2|altera_reset_controller:rst_controller|altera_reset_synchronizer:alt_rst_sync_uq1|altera_reset_synchronizer_int_chain_out ; SOPC:inst2|SOPC_sdram:sdram|m_data[12]                                                                         ; inst|altpll_component|pll|clk[0] ; inst|altpll_component|pll|clk[0] ; 16.667       ; -0.183     ; 5.245      ;
; 11.139 ; SOPC:inst2|altera_reset_controller:rst_controller|altera_reset_synchronizer:alt_rst_sync_uq1|altera_reset_synchronizer_int_chain_out ; SOPC:inst2|SOPC_sdram:sdram|m_data[15]                                                                         ; inst|altpll_component|pll|clk[0] ; inst|altpll_component|pll|clk[0] ; 16.667       ; -0.179     ; 5.248      ;
; 11.139 ; SOPC:inst2|altera_reset_controller:rst_controller|altera_reset_synchronizer:alt_rst_sync_uq1|altera_reset_synchronizer_int_chain_out ; SOPC:inst2|SOPC_sdram:sdram|m_data[8]                                                                          ; inst|altpll_component|pll|clk[0] ; inst|altpll_component|pll|clk[0] ; 16.667       ; -0.171     ; 5.256      ;
; 11.139 ; SOPC:inst2|altera_reset_controller:rst_controller|altera_reset_synchronizer:alt_rst_sync_uq1|altera_reset_synchronizer_int_chain_out ; SOPC:inst2|SOPC_sdram:sdram|m_dqm[1]                                                                           ; inst|altpll_component|pll|clk[0] ; inst|altpll_component|pll|clk[0] ; 16.667       ; -0.171     ; 5.256      ;
; 11.155 ; SOPC:inst2|altera_reset_controller:rst_controller|altera_reset_synchronizer:alt_rst_sync_uq1|altera_reset_synchronizer_int_chain_out ; SOPC:inst2|SOPC_sdram:sdram|oe~_Duplicate_2                                                                    ; inst|altpll_component|pll|clk[0] ; inst|altpll_component|pll|clk[0] ; 16.667       ; -0.181     ; 5.230      ;
; 11.155 ; SOPC:inst2|altera_reset_controller:rst_controller|altera_reset_synchronizer:alt_rst_sync_uq1|altera_reset_synchronizer_int_chain_out ; SOPC:inst2|SOPC_sdram:sdram|oe~_Duplicate_6                                                                    ; inst|altpll_component|pll|clk[0] ; inst|altpll_component|pll|clk[0] ; 16.667       ; -0.159     ; 5.252      ;
; 11.155 ; SOPC:inst2|altera_reset_controller:rst_controller|altera_reset_synchronizer:alt_rst_sync_uq1|altera_reset_synchronizer_int_chain_out ; SOPC:inst2|SOPC_sdram:sdram|oe~_Duplicate_1                                                                    ; inst|altpll_component|pll|clk[0] ; inst|altpll_component|pll|clk[0] ; 16.667       ; -0.169     ; 5.242      ;
; 11.155 ; SOPC:inst2|altera_reset_controller:rst_controller|altera_reset_synchronizer:alt_rst_sync_uq1|altera_reset_synchronizer_int_chain_out ; SOPC:inst2|SOPC_sdram:sdram|oe~_Duplicate_5                                                                    ; inst|altpll_component|pll|clk[0] ; inst|altpll_component|pll|clk[0] ; 16.667       ; -0.159     ; 5.252      ;
; 11.155 ; SOPC:inst2|altera_reset_controller:rst_controller|altera_reset_synchronizer:alt_rst_sync_uq1|altera_reset_synchronizer_int_chain_out ; SOPC:inst2|SOPC_sdram:sdram|oe~_Duplicate_4                                                                    ; inst|altpll_component|pll|clk[0] ; inst|altpll_component|pll|clk[0] ; 16.667       ; -0.169     ; 5.242      ;
; 11.155 ; SOPC:inst2|altera_reset_controller:rst_controller|altera_reset_synchronizer:alt_rst_sync_uq1|altera_reset_synchronizer_int_chain_out ; SOPC:inst2|SOPC_sdram:sdram|oe~_Duplicate_3                                                                    ; inst|altpll_component|pll|clk[0] ; inst|altpll_component|pll|clk[0] ; 16.667       ; -0.169     ; 5.242      ;
; 11.156 ; SOPC:inst2|altera_reset_controller:rst_controller|altera_reset_synchronizer:alt_rst_sync_uq1|altera_reset_synchronizer_int_chain_out ; SOPC:inst2|SOPC_sdram:sdram|oe                                                                                 ; inst|altpll_component|pll|clk[0] ; inst|altpll_component|pll|clk[0] ; 16.667       ; -0.165     ; 5.245      ;
; 11.156 ; SOPC:inst2|altera_reset_controller:rst_controller|altera_reset_synchronizer:alt_rst_sync_uq1|altera_reset_synchronizer_int_chain_out ; SOPC:inst2|SOPC_sdram:sdram|oe~_Duplicate_7                                                                    ; inst|altpll_component|pll|clk[0] ; inst|altpll_component|pll|clk[0] ; 16.667       ; -0.157     ; 5.253      ;
; 11.158 ; SOPC:inst2|altera_reset_controller:rst_controller|altera_reset_synchronizer:alt_rst_sync_uq1|altera_reset_synchronizer_int_chain_out ; SOPC:inst2|SOPC_sdram:sdram|za_data[14]                                                                        ; inst|altpll_component|pll|clk[0] ; inst|altpll_component|pll|clk[0] ; 16.667       ; -0.191     ; 5.217      ;
; 11.158 ; SOPC:inst2|altera_reset_controller:rst_controller|altera_reset_synchronizer:alt_rst_sync_uq1|altera_reset_synchronizer_int_chain_out ; SOPC:inst2|SOPC_sdram:sdram|za_data[10]                                                                        ; inst|altpll_component|pll|clk[0] ; inst|altpll_component|pll|clk[0] ; 16.667       ; -0.181     ; 5.227      ;
; 11.158 ; SOPC:inst2|altera_reset_controller:rst_controller|altera_reset_synchronizer:alt_rst_sync_uq1|altera_reset_synchronizer_int_chain_out ; SOPC:inst2|SOPC_sdram:sdram|za_data[11]                                                                        ; inst|altpll_component|pll|clk[0] ; inst|altpll_component|pll|clk[0] ; 16.667       ; -0.191     ; 5.217      ;
; 11.158 ; SOPC:inst2|altera_reset_controller:rst_controller|altera_reset_synchronizer:alt_rst_sync_uq1|altera_reset_synchronizer_int_chain_out ; SOPC:inst2|SOPC_sdram:sdram|za_data[9]                                                                         ; inst|altpll_component|pll|clk[0] ; inst|altpll_component|pll|clk[0] ; 16.667       ; -0.181     ; 5.227      ;
; 11.158 ; SOPC:inst2|altera_reset_controller:rst_controller|altera_reset_synchronizer:alt_rst_sync_uq1|altera_reset_synchronizer_int_chain_out ; SOPC:inst2|SOPC_sdram:sdram|za_data[13]                                                                        ; inst|altpll_component|pll|clk[0] ; inst|altpll_component|pll|clk[0] ; 16.667       ; -0.203     ; 5.205      ;
; 11.158 ; SOPC:inst2|altera_reset_controller:rst_controller|altera_reset_synchronizer:alt_rst_sync_uq1|altera_reset_synchronizer_int_chain_out ; SOPC:inst2|SOPC_sdram:sdram|za_data[12]                                                                        ; inst|altpll_component|pll|clk[0] ; inst|altpll_component|pll|clk[0] ; 16.667       ; -0.191     ; 5.217      ;
; 11.159 ; SOPC:inst2|altera_reset_controller:rst_controller|altera_reset_synchronizer:alt_rst_sync_uq1|altera_reset_synchronizer_int_chain_out ; SOPC:inst2|SOPC_sdram:sdram|za_data[15]                                                                        ; inst|altpll_component|pll|clk[0] ; inst|altpll_component|pll|clk[0] ; 16.667       ; -0.187     ; 5.220      ;
; 11.159 ; SOPC:inst2|altera_reset_controller:rst_controller|altera_reset_synchronizer:alt_rst_sync_uq1|altera_reset_synchronizer_int_chain_out ; SOPC:inst2|SOPC_sdram:sdram|za_data[8]                                                                         ; inst|altpll_component|pll|clk[0] ; inst|altpll_component|pll|clk[0] ; 16.667       ; -0.179     ; 5.228      ;
; 11.253 ; SOPC:inst2|altera_reset_controller:rst_controller|altera_reset_synchronizer:alt_rst_sync_uq1|altera_reset_synchronizer_int_chain_out ; SOPC:inst2|altera_merlin_slave_translator:cpu_jtag_debug_module_translator|av_readdata_pre[14]                 ; inst|altpll_component|pll|clk[0] ; inst|altpll_component|pll|clk[0] ; 16.667       ; 0.013      ; 5.467      ;
; 11.253 ; SOPC:inst2|altera_reset_controller:rst_controller|altera_reset_synchronizer:alt_rst_sync_uq1|altera_reset_synchronizer_int_chain_out ; SOPC:inst2|altera_merlin_slave_translator:jtag_uart_avalon_jtag_slave_translator|av_readdata_pre[14]           ; inst|altpll_component|pll|clk[0] ; inst|altpll_component|pll|clk[0] ; 16.667       ; 0.013      ; 5.467      ;
; 11.253 ; SOPC:inst2|altera_reset_controller:rst_controller|altera_reset_synchronizer:alt_rst_sync_uq1|altera_reset_synchronizer_int_chain_out ; SOPC:inst2|altera_avalon_sc_fifo:sdram_s1_translator_avalon_universal_slave_0_agent_rdata_fifo|out_payload[14] ; inst|altpll_component|pll|clk[0] ; inst|altpll_component|pll|clk[0] ; 16.667       ; 0.013      ; 5.467      ;
; 11.253 ; SOPC:inst2|altera_reset_controller:rst_controller|altera_reset_synchronizer:alt_rst_sync_uq1|altera_reset_synchronizer_int_chain_out ; SOPC:inst2|altera_merlin_slave_translator:cpu_jtag_debug_module_translator|av_readdata_pre[15]                 ; inst|altpll_component|pll|clk[0] ; inst|altpll_component|pll|clk[0] ; 16.667       ; 0.013      ; 5.467      ;
; 11.253 ; SOPC:inst2|altera_reset_controller:rst_controller|altera_reset_synchronizer:alt_rst_sync_uq1|altera_reset_synchronizer_int_chain_out ; SOPC:inst2|altera_merlin_slave_translator:jtag_uart_avalon_jtag_slave_translator|av_readdata_pre[15]           ; inst|altpll_component|pll|clk[0] ; inst|altpll_component|pll|clk[0] ; 16.667       ; 0.013      ; 5.467      ;
; 11.253 ; SOPC:inst2|altera_reset_controller:rst_controller|altera_reset_synchronizer:alt_rst_sync_uq1|altera_reset_synchronizer_int_chain_out ; SOPC:inst2|altera_merlin_slave_translator:jtag_uart_avalon_jtag_slave_translator|av_readdata_pre[9]            ; inst|altpll_component|pll|clk[0] ; inst|altpll_component|pll|clk[0] ; 16.667       ; 0.013      ; 5.467      ;
; 11.253 ; SOPC:inst2|altera_reset_controller:rst_controller|altera_reset_synchronizer:alt_rst_sync_uq1|altera_reset_synchronizer_int_chain_out ; SOPC:inst2|altera_merlin_slave_translator:cpu_jtag_debug_module_translator|av_readdata_pre[9]                  ; inst|altpll_component|pll|clk[0] ; inst|altpll_component|pll|clk[0] ; 16.667       ; 0.013      ; 5.467      ;
; 11.262 ; SOPC:inst2|altera_reset_controller:rst_controller|altera_reset_synchronizer:alt_rst_sync_uq1|altera_reset_synchronizer_int_chain_out ; SOPC:inst2|SOPC_epcs:epcs|SOPC_epcs_sub:the_SOPC_epcs_sub|rx_holding_reg[7]                                    ; inst|altpll_component|pll|clk[0] ; inst|altpll_component|pll|clk[0] ; 16.667       ; 0.007      ; 5.452      ;
; 11.262 ; SOPC:inst2|altera_reset_controller:rst_controller|altera_reset_synchronizer:alt_rst_sync_uq1|altera_reset_synchronizer_int_chain_out ; SOPC:inst2|SOPC_epcs:epcs|SOPC_epcs_sub:the_SOPC_epcs_sub|rx_holding_reg[3]                                    ; inst|altpll_component|pll|clk[0] ; inst|altpll_component|pll|clk[0] ; 16.667       ; 0.007      ; 5.452      ;
; 11.262 ; SOPC:inst2|altera_reset_controller:rst_controller|altera_reset_synchronizer:alt_rst_sync_uq1|altera_reset_synchronizer_int_chain_out ; SOPC:inst2|altera_merlin_slave_translator:cpu_jtag_debug_module_translator|av_readdata_pre[22]                 ; inst|altpll_component|pll|clk[0] ; inst|altpll_component|pll|clk[0] ; 16.667       ; 0.011      ; 5.456      ;
; 11.262 ; SOPC:inst2|altera_reset_controller:rst_controller|altera_reset_synchronizer:alt_rst_sync_uq1|altera_reset_synchronizer_int_chain_out ; SOPC:inst2|altera_merlin_slave_translator:epcs_epcs_control_port_translator|av_readdata_pre[22]                ; inst|altpll_component|pll|clk[0] ; inst|altpll_component|pll|clk[0] ; 16.667       ; 0.011      ; 5.456      ;
; 11.262 ; SOPC:inst2|altera_reset_controller:rst_controller|altera_reset_synchronizer:alt_rst_sync_uq1|altera_reset_synchronizer_int_chain_out ; SOPC:inst2|altera_avalon_sc_fifo:sdram_s1_translator_avalon_universal_slave_0_agent_rdata_fifo|out_payload[6]  ; inst|altpll_component|pll|clk[0] ; inst|altpll_component|pll|clk[0] ; 16.667       ; 0.011      ; 5.456      ;
; 11.262 ; SOPC:inst2|altera_reset_controller:rst_controller|altera_reset_synchronizer:alt_rst_sync_uq1|altera_reset_synchronizer_int_chain_out ; SOPC:inst2|altera_merlin_slave_translator:epcs_epcs_control_port_translator|av_readdata_pre[6]                 ; inst|altpll_component|pll|clk[0] ; inst|altpll_component|pll|clk[0] ; 16.667       ; 0.011      ; 5.456      ;
; 11.262 ; SOPC:inst2|altera_reset_controller:rst_controller|altera_reset_synchronizer:alt_rst_sync_uq1|altera_reset_synchronizer_int_chain_out ; SOPC:inst2|altera_merlin_slave_translator:cpu_jtag_debug_module_translator|av_readdata_pre[6]                  ; inst|altpll_component|pll|clk[0] ; inst|altpll_component|pll|clk[0] ; 16.667       ; 0.011      ; 5.456      ;
; 11.262 ; SOPC:inst2|altera_reset_controller:rst_controller|altera_reset_synchronizer:alt_rst_sync_uq1|altera_reset_synchronizer_int_chain_out ; SOPC:inst2|altera_merlin_slave_translator:jtag_uart_avalon_jtag_slave_translator|av_readdata_pre[6]            ; inst|altpll_component|pll|clk[0] ; inst|altpll_component|pll|clk[0] ; 16.667       ; 0.011      ; 5.456      ;
; 11.262 ; SOPC:inst2|altera_reset_controller:rst_controller|altera_reset_synchronizer:alt_rst_sync_uq1|altera_reset_synchronizer_int_chain_out ; SOPC:inst2|altera_merlin_slave_translator:lcd32_data_s1_translator|av_readdata_pre[6]                          ; inst|altpll_component|pll|clk[0] ; inst|altpll_component|pll|clk[0] ; 16.667       ; 0.011      ; 5.456      ;
; 11.262 ; SOPC:inst2|altera_reset_controller:rst_controller|altera_reset_synchronizer:alt_rst_sync_uq1|altera_reset_synchronizer_int_chain_out ; SOPC:inst2|altera_merlin_slave_translator:spi_touch_spi_control_port_translator|av_readdata_pre[6]             ; inst|altpll_component|pll|clk[0] ; inst|altpll_component|pll|clk[0] ; 16.667       ; 0.011      ; 5.456      ;
; 11.271 ; SOPC:inst2|altera_reset_controller:rst_controller|altera_reset_synchronizer:alt_rst_sync_uq1|altera_reset_synchronizer_int_chain_out ; SOPC:inst2|altera_merlin_width_adapter:width_adapter|address_reg[14]                                           ; inst|altpll_component|pll|clk[0] ; inst|altpll_component|pll|clk[0] ; 16.667       ; 0.009      ; 5.445      ;
; 11.271 ; SOPC:inst2|altera_reset_controller:rst_controller|altera_reset_synchronizer:alt_rst_sync_uq1|altera_reset_synchronizer_int_chain_out ; SOPC:inst2|altera_merlin_width_adapter:width_adapter|address_reg[13]                                           ; inst|altpll_component|pll|clk[0] ; inst|altpll_component|pll|clk[0] ; 16.667       ; 0.009      ; 5.445      ;
; 11.271 ; SOPC:inst2|altera_reset_controller:rst_controller|altera_reset_synchronizer:alt_rst_sync_uq1|altera_reset_synchronizer_int_chain_out ; SOPC:inst2|SOPC_sdram:sdram|m_bank[1]                                                                          ; inst|altpll_component|pll|clk[0] ; inst|altpll_component|pll|clk[0] ; 16.667       ; -0.017     ; 5.276      ;
; 11.271 ; SOPC:inst2|altera_reset_controller:rst_controller|altera_reset_synchronizer:alt_rst_sync_uq1|altera_reset_synchronizer_int_chain_out ; SOPC:inst2|SOPC_sdram:sdram|m_addr[10]                                                                         ; inst|altpll_component|pll|clk[0] ; inst|altpll_component|pll|clk[0] ; 16.667       ; -0.017     ; 5.276      ;
; 11.273 ; SOPC:inst2|altera_reset_controller:rst_controller|altera_reset_synchronizer:alt_rst_sync_uq1|altera_reset_synchronizer_int_chain_out ; SOPC:inst2|SOPC_sdram:sdram|oe~_Duplicate_8                                                                    ; inst|altpll_component|pll|clk[0] ; inst|altpll_component|pll|clk[0] ; 16.667       ; -0.019     ; 5.272      ;
; 11.273 ; SOPC:inst2|altera_reset_controller:rst_controller|altera_reset_synchronizer:alt_rst_sync_uq1|altera_reset_synchronizer_int_chain_out ; SOPC:inst2|SOPC_sdram:sdram|oe~_Duplicate_9                                                                    ; inst|altpll_component|pll|clk[0] ; inst|altpll_component|pll|clk[0] ; 16.667       ; -0.019     ; 5.272      ;
; 11.273 ; SOPC:inst2|altera_reset_controller:rst_controller|altera_reset_synchronizer:alt_rst_sync_uq1|altera_reset_synchronizer_int_chain_out ; SOPC:inst2|SOPC_sdram:sdram|m_cmd[1]                                                                           ; inst|altpll_component|pll|clk[0] ; inst|altpll_component|pll|clk[0] ; 16.667       ; -0.014     ; 5.277      ;
; 11.273 ; SOPC:inst2|altera_reset_controller:rst_controller|altera_reset_synchronizer:alt_rst_sync_uq1|altera_reset_synchronizer_int_chain_out ; SOPC:inst2|SOPC_sdram:sdram|m_cmd[2]                                                                           ; inst|altpll_component|pll|clk[0] ; inst|altpll_component|pll|clk[0] ; 16.667       ; -0.014     ; 5.277      ;
+--------+--------------------------------------------------------------------------------------------------------------------------------------+----------------------------------------------------------------------------------------------------------------+----------------------------------+----------------------------------+--------------+------------+------------+


+--------------------------------------------------------------------------------------------------------------------------------------------------------------------------------------------------------------------------------------------------------------------------------------------------------------------+
; Slow Model Removal: 'inst|altpll_component|pll|clk[0]'                                                                                                                                                                                                                                                             ;
+-------+--------------------------------------------------------------------------------------------------------------------------------------+------------------------------------------------------+----------------------------------+----------------------------------+--------------+------------+------------+
; Slack ; From Node                                                                                                                            ; To Node                                              ; Launch Clock                     ; Latch Clock                      ; Relationship ; Clock Skew ; Data Delay ;
+-------+--------------------------------------------------------------------------------------------------------------------------------------+------------------------------------------------------+----------------------------------+----------------------------------+--------------+------------+------------+
; 3.807 ; SOPC:inst2|altera_reset_controller:rst_controller|altera_reset_synchronizer:alt_rst_sync_uq1|altera_reset_synchronizer_int_chain_out ; SOPC:inst2|SOPC_cpu:cpu|E_valid_from_D               ; inst|altpll_component|pll|clk[0] ; inst|altpll_component|pll|clk[0] ; 0.000        ; 0.021      ; 4.134      ;
; 3.807 ; SOPC:inst2|altera_reset_controller:rst_controller|altera_reset_synchronizer:alt_rst_sync_uq1|altera_reset_synchronizer_int_chain_out ; SOPC:inst2|SOPC_cpu:cpu|M_sel_data_master            ; inst|altpll_component|pll|clk[0] ; inst|altpll_component|pll|clk[0] ; 0.000        ; 0.014      ; 4.127      ;
; 3.807 ; SOPC:inst2|altera_reset_controller:rst_controller|altera_reset_synchronizer:alt_rst_sync_uq1|altera_reset_synchronizer_int_chain_out ; SOPC:inst2|SOPC_cpu:cpu|D_iw[1]                      ; inst|altpll_component|pll|clk[0] ; inst|altpll_component|pll|clk[0] ; 0.000        ; 0.013      ; 4.126      ;
; 3.807 ; SOPC:inst2|altera_reset_controller:rst_controller|altera_reset_synchronizer:alt_rst_sync_uq1|altera_reset_synchronizer_int_chain_out ; SOPC:inst2|SOPC_cpu:cpu|E_ctrl_ld                    ; inst|altpll_component|pll|clk[0] ; inst|altpll_component|pll|clk[0] ; 0.000        ; 0.025      ; 4.138      ;
; 3.807 ; SOPC:inst2|altera_reset_controller:rst_controller|altera_reset_synchronizer:alt_rst_sync_uq1|altera_reset_synchronizer_int_chain_out ; SOPC:inst2|SOPC_cpu:cpu|M_ctrl_ld                    ; inst|altpll_component|pll|clk[0] ; inst|altpll_component|pll|clk[0] ; 0.000        ; 0.036      ; 4.149      ;
; 3.807 ; SOPC:inst2|altera_reset_controller:rst_controller|altera_reset_synchronizer:alt_rst_sync_uq1|altera_reset_synchronizer_int_chain_out ; SOPC:inst2|SOPC_cpu:cpu|D_iw[12]                     ; inst|altpll_component|pll|clk[0] ; inst|altpll_component|pll|clk[0] ; 0.000        ; 0.013      ; 4.126      ;
; 3.807 ; SOPC:inst2|altera_reset_controller:rst_controller|altera_reset_synchronizer:alt_rst_sync_uq1|altera_reset_synchronizer_int_chain_out ; SOPC:inst2|SOPC_cpu:cpu|D_ctrl_hi_imm16              ; inst|altpll_component|pll|clk[0] ; inst|altpll_component|pll|clk[0] ; 0.000        ; 0.013      ; 4.126      ;
; 3.807 ; SOPC:inst2|altera_reset_controller:rst_controller|altera_reset_synchronizer:alt_rst_sync_uq1|altera_reset_synchronizer_int_chain_out ; SOPC:inst2|SOPC_cpu:cpu|D_ctrl_b_is_dst              ; inst|altpll_component|pll|clk[0] ; inst|altpll_component|pll|clk[0] ; 0.000        ; 0.025      ; 4.138      ;
; 3.807 ; SOPC:inst2|altera_reset_controller:rst_controller|altera_reset_synchronizer:alt_rst_sync_uq1|altera_reset_synchronizer_int_chain_out ; SOPC:inst2|SOPC_cpu:cpu|D_iw[14]                     ; inst|altpll_component|pll|clk[0] ; inst|altpll_component|pll|clk[0] ; 0.000        ; 0.013      ; 4.126      ;
; 3.807 ; SOPC:inst2|altera_reset_controller:rst_controller|altera_reset_synchronizer:alt_rst_sync_uq1|altera_reset_synchronizer_int_chain_out ; SOPC:inst2|SOPC_cpu:cpu|E_iw[14]                     ; inst|altpll_component|pll|clk[0] ; inst|altpll_component|pll|clk[0] ; 0.000        ; 0.025      ; 4.138      ;
; 3.807 ; SOPC:inst2|altera_reset_controller:rst_controller|altera_reset_synchronizer:alt_rst_sync_uq1|altera_reset_synchronizer_int_chain_out ; SOPC:inst2|SOPC_cpu:cpu|D_iw[5]                      ; inst|altpll_component|pll|clk[0] ; inst|altpll_component|pll|clk[0] ; 0.000        ; 0.013      ; 4.126      ;
; 3.807 ; SOPC:inst2|altera_reset_controller:rst_controller|altera_reset_synchronizer:alt_rst_sync_uq1|altera_reset_synchronizer_int_chain_out ; SOPC:inst2|SOPC_cpu:cpu|E_iw[5]                      ; inst|altpll_component|pll|clk[0] ; inst|altpll_component|pll|clk[0] ; 0.000        ; 0.006      ; 4.119      ;
; 3.807 ; SOPC:inst2|altera_reset_controller:rst_controller|altera_reset_synchronizer:alt_rst_sync_uq1|altera_reset_synchronizer_int_chain_out ; SOPC:inst2|SOPC_cpu:cpu|E_iw[4]                      ; inst|altpll_component|pll|clk[0] ; inst|altpll_component|pll|clk[0] ; 0.000        ; 0.006      ; 4.119      ;
; 3.807 ; SOPC:inst2|altera_reset_controller:rst_controller|altera_reset_synchronizer:alt_rst_sync_uq1|altera_reset_synchronizer_int_chain_out ; SOPC:inst2|SOPC_cpu:cpu|D_iw[3]                      ; inst|altpll_component|pll|clk[0] ; inst|altpll_component|pll|clk[0] ; 0.000        ; 0.013      ; 4.126      ;
; 3.807 ; SOPC:inst2|altera_reset_controller:rst_controller|altera_reset_synchronizer:alt_rst_sync_uq1|altera_reset_synchronizer_int_chain_out ; SOPC:inst2|SOPC_cpu:cpu|E_iw[3]                      ; inst|altpll_component|pll|clk[0] ; inst|altpll_component|pll|clk[0] ; 0.000        ; 0.015      ; 4.128      ;
; 3.807 ; SOPC:inst2|altera_reset_controller:rst_controller|altera_reset_synchronizer:alt_rst_sync_uq1|altera_reset_synchronizer_int_chain_out ; SOPC:inst2|SOPC_cpu:cpu|E_iw[1]                      ; inst|altpll_component|pll|clk[0] ; inst|altpll_component|pll|clk[0] ; 0.000        ; 0.006      ; 4.119      ;
; 3.807 ; SOPC:inst2|altera_reset_controller:rst_controller|altera_reset_synchronizer:alt_rst_sync_uq1|altera_reset_synchronizer_int_chain_out ; SOPC:inst2|SOPC_cpu:cpu|E_iw[0]                      ; inst|altpll_component|pll|clk[0] ; inst|altpll_component|pll|clk[0] ; 0.000        ; 0.006      ; 4.119      ;
; 3.807 ; SOPC:inst2|altera_reset_controller:rst_controller|altera_reset_synchronizer:alt_rst_sync_uq1|altera_reset_synchronizer_int_chain_out ; SOPC:inst2|SOPC_cpu:cpu|E_iw[12]                     ; inst|altpll_component|pll|clk[0] ; inst|altpll_component|pll|clk[0] ; 0.000        ; 0.025      ; 4.138      ;
; 3.807 ; SOPC:inst2|altera_reset_controller:rst_controller|altera_reset_synchronizer:alt_rst_sync_uq1|altera_reset_synchronizer_int_chain_out ; SOPC:inst2|SOPC_cpu:cpu|D_iw[16]                     ; inst|altpll_component|pll|clk[0] ; inst|altpll_component|pll|clk[0] ; 0.000        ; 0.032      ; 4.145      ;
; 3.807 ; SOPC:inst2|altera_reset_controller:rst_controller|altera_reset_synchronizer:alt_rst_sync_uq1|altera_reset_synchronizer_int_chain_out ; SOPC:inst2|SOPC_cpu:cpu|E_iw[16]                     ; inst|altpll_component|pll|clk[0] ; inst|altpll_component|pll|clk[0] ; 0.000        ; 0.025      ; 4.138      ;
; 3.807 ; SOPC:inst2|altera_reset_controller:rst_controller|altera_reset_synchronizer:alt_rst_sync_uq1|altera_reset_synchronizer_int_chain_out ; SOPC:inst2|SOPC_cpu:cpu|E_iw[15]                     ; inst|altpll_component|pll|clk[0] ; inst|altpll_component|pll|clk[0] ; 0.000        ; 0.025      ; 4.138      ;
; 3.807 ; SOPC:inst2|altera_reset_controller:rst_controller|altera_reset_synchronizer:alt_rst_sync_uq1|altera_reset_synchronizer_int_chain_out ; SOPC:inst2|SOPC_cpu:cpu|D_iw[13]                     ; inst|altpll_component|pll|clk[0] ; inst|altpll_component|pll|clk[0] ; 0.000        ; 0.013      ; 4.126      ;
; 3.807 ; SOPC:inst2|altera_reset_controller:rst_controller|altera_reset_synchronizer:alt_rst_sync_uq1|altera_reset_synchronizer_int_chain_out ; SOPC:inst2|SOPC_cpu:cpu|E_iw[13]                     ; inst|altpll_component|pll|clk[0] ; inst|altpll_component|pll|clk[0] ; 0.000        ; 0.025      ; 4.138      ;
; 3.807 ; SOPC:inst2|altera_reset_controller:rst_controller|altera_reset_synchronizer:alt_rst_sync_uq1|altera_reset_synchronizer_int_chain_out ; SOPC:inst2|SOPC_cpu:cpu|D_iw[11]                     ; inst|altpll_component|pll|clk[0] ; inst|altpll_component|pll|clk[0] ; 0.000        ; 0.013      ; 4.126      ;
; 3.807 ; SOPC:inst2|altera_reset_controller:rst_controller|altera_reset_synchronizer:alt_rst_sync_uq1|altera_reset_synchronizer_int_chain_out ; SOPC:inst2|SOPC_cpu:cpu|E_iw[11]                     ; inst|altpll_component|pll|clk[0] ; inst|altpll_component|pll|clk[0] ; 0.000        ; 0.025      ; 4.138      ;
; 3.807 ; SOPC:inst2|altera_reset_controller:rst_controller|altera_reset_synchronizer:alt_rst_sync_uq1|altera_reset_synchronizer_int_chain_out ; SOPC:inst2|SOPC_cpu:cpu|M_ctrl_rdctl_inst            ; inst|altpll_component|pll|clk[0] ; inst|altpll_component|pll|clk[0] ; 0.000        ; 0.025      ; 4.138      ;
; 3.807 ; SOPC:inst2|altera_reset_controller:rst_controller|altera_reset_synchronizer:alt_rst_sync_uq1|altera_reset_synchronizer_int_chain_out ; SOPC:inst2|SOPC_cpu:cpu|A_inst_result[6]             ; inst|altpll_component|pll|clk[0] ; inst|altpll_component|pll|clk[0] ; 0.000        ; 0.045      ; 4.158      ;
; 3.807 ; SOPC:inst2|altera_reset_controller:rst_controller|altera_reset_synchronizer:alt_rst_sync_uq1|altera_reset_synchronizer_int_chain_out ; SOPC:inst2|SOPC_cpu:cpu|A_mul_stall_d1               ; inst|altpll_component|pll|clk[0] ; inst|altpll_component|pll|clk[0] ; 0.000        ; 0.047      ; 4.160      ;
; 3.807 ; SOPC:inst2|altera_reset_controller:rst_controller|altera_reset_synchronizer:alt_rst_sync_uq1|altera_reset_synchronizer_int_chain_out ; SOPC:inst2|SOPC_cpu:cpu|A_mul_stall_d2               ; inst|altpll_component|pll|clk[0] ; inst|altpll_component|pll|clk[0] ; 0.000        ; 0.047      ; 4.160      ;
; 3.807 ; SOPC:inst2|altera_reset_controller:rst_controller|altera_reset_synchronizer:alt_rst_sync_uq1|altera_reset_synchronizer_int_chain_out ; SOPC:inst2|SOPC_cpu:cpu|A_mul_stall_d3               ; inst|altpll_component|pll|clk[0] ; inst|altpll_component|pll|clk[0] ; 0.000        ; 0.047      ; 4.160      ;
; 3.807 ; SOPC:inst2|altera_reset_controller:rst_controller|altera_reset_synchronizer:alt_rst_sync_uq1|altera_reset_synchronizer_int_chain_out ; SOPC:inst2|SOPC_cpu:cpu|M_src2[6]                    ; inst|altpll_component|pll|clk[0] ; inst|altpll_component|pll|clk[0] ; 0.000        ; 0.047      ; 4.160      ;
; 3.807 ; SOPC:inst2|altera_reset_controller:rst_controller|altera_reset_synchronizer:alt_rst_sync_uq1|altera_reset_synchronizer_int_chain_out ; SOPC:inst2|SOPC_cpu:cpu|D_ctrl_unsigned_lo_imm16     ; inst|altpll_component|pll|clk[0] ; inst|altpll_component|pll|clk[0] ; 0.000        ; 0.013      ; 4.126      ;
; 3.807 ; SOPC:inst2|altera_reset_controller:rst_controller|altera_reset_synchronizer:alt_rst_sync_uq1|altera_reset_synchronizer_int_chain_out ; SOPC:inst2|SOPC_cpu:cpu|D_iw[21]                     ; inst|altpll_component|pll|clk[0] ; inst|altpll_component|pll|clk[0] ; 0.000        ; 0.033      ; 4.146      ;
; 3.807 ; SOPC:inst2|altera_reset_controller:rst_controller|altera_reset_synchronizer:alt_rst_sync_uq1|altera_reset_synchronizer_int_chain_out ; SOPC:inst2|SOPC_cpu:cpu|E_ctrl_retaddr               ; inst|altpll_component|pll|clk[0] ; inst|altpll_component|pll|clk[0] ; 0.000        ; 0.013      ; 4.126      ;
; 3.807 ; SOPC:inst2|altera_reset_controller:rst_controller|altera_reset_synchronizer:alt_rst_sync_uq1|altera_reset_synchronizer_int_chain_out ; SOPC:inst2|SOPC_cpu:cpu|E_ctrl_cmp                   ; inst|altpll_component|pll|clk[0] ; inst|altpll_component|pll|clk[0] ; 0.000        ; 0.034      ; 4.147      ;
; 3.807 ; SOPC:inst2|altera_reset_controller:rst_controller|altera_reset_synchronizer:alt_rst_sync_uq1|altera_reset_synchronizer_int_chain_out ; SOPC:inst2|SOPC_cpu:cpu|D_ctrl_ignore_dst            ; inst|altpll_component|pll|clk[0] ; inst|altpll_component|pll|clk[0] ; 0.000        ; 0.025      ; 4.138      ;
; 3.807 ; SOPC:inst2|altera_reset_controller:rst_controller|altera_reset_synchronizer:alt_rst_sync_uq1|altera_reset_synchronizer_int_chain_out ; SOPC:inst2|SOPC_cpu:cpu|D_iw[25]                     ; inst|altpll_component|pll|clk[0] ; inst|altpll_component|pll|clk[0] ; 0.000        ; 0.025      ; 4.138      ;
; 3.807 ; SOPC:inst2|altera_reset_controller:rst_controller|altera_reset_synchronizer:alt_rst_sync_uq1|altera_reset_synchronizer_int_chain_out ; SOPC:inst2|SOPC_cpu:cpu|E_pc[10]                     ; inst|altpll_component|pll|clk[0] ; inst|altpll_component|pll|clk[0] ; 0.000        ; 0.028      ; 4.141      ;
; 3.807 ; SOPC:inst2|altera_reset_controller:rst_controller|altera_reset_synchronizer:alt_rst_sync_uq1|altera_reset_synchronizer_int_chain_out ; SOPC:inst2|SOPC_cpu:cpu|E_ctrl_jmp_indirect          ; inst|altpll_component|pll|clk[0] ; inst|altpll_component|pll|clk[0] ; 0.000        ; 0.021      ; 4.134      ;
; 3.807 ; SOPC:inst2|altera_reset_controller:rst_controller|altera_reset_synchronizer:alt_rst_sync_uq1|altera_reset_synchronizer_int_chain_out ; SOPC:inst2|SOPC_cpu:cpu|E_ctrl_exception             ; inst|altpll_component|pll|clk[0] ; inst|altpll_component|pll|clk[0] ; 0.000        ; 0.029      ; 4.142      ;
; 3.807 ; SOPC:inst2|altera_reset_controller:rst_controller|altera_reset_synchronizer:alt_rst_sync_uq1|altera_reset_synchronizer_int_chain_out ; SOPC:inst2|SOPC_cpu:cpu|E_ctrl_crst                  ; inst|altpll_component|pll|clk[0] ; inst|altpll_component|pll|clk[0] ; 0.000        ; 0.034      ; 4.147      ;
; 3.807 ; SOPC:inst2|altera_reset_controller:rst_controller|altera_reset_synchronizer:alt_rst_sync_uq1|altera_reset_synchronizer_int_chain_out ; SOPC:inst2|SOPC_cpu:cpu|E_ctrl_break                 ; inst|altpll_component|pll|clk[0] ; inst|altpll_component|pll|clk[0] ; 0.000        ; 0.029      ; 4.142      ;
; 3.807 ; SOPC:inst2|altera_reset_controller:rst_controller|altera_reset_synchronizer:alt_rst_sync_uq1|altera_reset_synchronizer_int_chain_out ; SOPC:inst2|SOPC_cpu:cpu|D_pc[0]                      ; inst|altpll_component|pll|clk[0] ; inst|altpll_component|pll|clk[0] ; 0.000        ; 0.030      ; 4.143      ;
; 3.807 ; SOPC:inst2|altera_reset_controller:rst_controller|altera_reset_synchronizer:alt_rst_sync_uq1|altera_reset_synchronizer_int_chain_out ; SOPC:inst2|SOPC_cpu:cpu|E_pc[0]                      ; inst|altpll_component|pll|clk[0] ; inst|altpll_component|pll|clk[0] ; 0.000        ; 0.032      ; 4.145      ;
; 3.807 ; SOPC:inst2|altera_reset_controller:rst_controller|altera_reset_synchronizer:alt_rst_sync_uq1|altera_reset_synchronizer_int_chain_out ; SOPC:inst2|SOPC_cpu:cpu|E_compare_op[1]              ; inst|altpll_component|pll|clk[0] ; inst|altpll_component|pll|clk[0] ; 0.000        ; 0.034      ; 4.147      ;
; 3.807 ; SOPC:inst2|altera_reset_controller:rst_controller|altera_reset_synchronizer:alt_rst_sync_uq1|altera_reset_synchronizer_int_chain_out ; SOPC:inst2|SOPC_cpu:cpu|E_compare_op[0]              ; inst|altpll_component|pll|clk[0] ; inst|altpll_component|pll|clk[0] ; 0.000        ; 0.034      ; 4.147      ;
; 3.807 ; SOPC:inst2|altera_reset_controller:rst_controller|altera_reset_synchronizer:alt_rst_sync_uq1|altera_reset_synchronizer_int_chain_out ; SOPC:inst2|SOPC_cpu:cpu|D_ctrl_implicit_dst_retaddr  ; inst|altpll_component|pll|clk[0] ; inst|altpll_component|pll|clk[0] ; 0.000        ; 0.025      ; 4.138      ;
; 3.807 ; SOPC:inst2|altera_reset_controller:rst_controller|altera_reset_synchronizer:alt_rst_sync_uq1|altera_reset_synchronizer_int_chain_out ; SOPC:inst2|SOPC_cpu:cpu|D_ctrl_implicit_dst_eretaddr ; inst|altpll_component|pll|clk[0] ; inst|altpll_component|pll|clk[0] ; 0.000        ; 0.013      ; 4.126      ;
; 3.807 ; SOPC:inst2|altera_reset_controller:rst_controller|altera_reset_synchronizer:alt_rst_sync_uq1|altera_reset_synchronizer_int_chain_out ; SOPC:inst2|SOPC_cpu:cpu|D_iw[18]                     ; inst|altpll_component|pll|clk[0] ; inst|altpll_component|pll|clk[0] ; 0.000        ; 0.013      ; 4.126      ;
; 3.807 ; SOPC:inst2|altera_reset_controller:rst_controller|altera_reset_synchronizer:alt_rst_sync_uq1|altera_reset_synchronizer_int_chain_out ; SOPC:inst2|SOPC_cpu:cpu|D_iw[23]                     ; inst|altpll_component|pll|clk[0] ; inst|altpll_component|pll|clk[0] ; 0.000        ; 0.025      ; 4.138      ;
; 3.807 ; SOPC:inst2|altera_reset_controller:rst_controller|altera_reset_synchronizer:alt_rst_sync_uq1|altera_reset_synchronizer_int_chain_out ; SOPC:inst2|SOPC_cpu:cpu|E_dst_regnum[1]              ; inst|altpll_component|pll|clk[0] ; inst|altpll_component|pll|clk[0] ; 0.000        ; 0.028      ; 4.141      ;
; 3.807 ; SOPC:inst2|altera_reset_controller:rst_controller|altera_reset_synchronizer:alt_rst_sync_uq1|altera_reset_synchronizer_int_chain_out ; SOPC:inst2|SOPC_cpu:cpu|M_dst_regnum[1]              ; inst|altpll_component|pll|clk[0] ; inst|altpll_component|pll|clk[0] ; 0.000        ; 0.025      ; 4.138      ;
; 3.807 ; SOPC:inst2|altera_reset_controller:rst_controller|altera_reset_synchronizer:alt_rst_sync_uq1|altera_reset_synchronizer_int_chain_out ; SOPC:inst2|SOPC_cpu:cpu|D_iw[17]                     ; inst|altpll_component|pll|clk[0] ; inst|altpll_component|pll|clk[0] ; 0.000        ; 0.013      ; 4.126      ;
; 3.807 ; SOPC:inst2|altera_reset_controller:rst_controller|altera_reset_synchronizer:alt_rst_sync_uq1|altera_reset_synchronizer_int_chain_out ; SOPC:inst2|SOPC_cpu:cpu|D_iw[22]                     ; inst|altpll_component|pll|clk[0] ; inst|altpll_component|pll|clk[0] ; 0.000        ; 0.025      ; 4.138      ;
; 3.807 ; SOPC:inst2|altera_reset_controller:rst_controller|altera_reset_synchronizer:alt_rst_sync_uq1|altera_reset_synchronizer_int_chain_out ; SOPC:inst2|SOPC_cpu:cpu|E_dst_regnum[0]              ; inst|altpll_component|pll|clk[0] ; inst|altpll_component|pll|clk[0] ; 0.000        ; 0.028      ; 4.141      ;
; 3.807 ; SOPC:inst2|altera_reset_controller:rst_controller|altera_reset_synchronizer:alt_rst_sync_uq1|altera_reset_synchronizer_int_chain_out ; SOPC:inst2|SOPC_cpu:cpu|M_dst_regnum[0]              ; inst|altpll_component|pll|clk[0] ; inst|altpll_component|pll|clk[0] ; 0.000        ; 0.025      ; 4.138      ;
; 3.807 ; SOPC:inst2|altera_reset_controller:rst_controller|altera_reset_synchronizer:alt_rst_sync_uq1|altera_reset_synchronizer_int_chain_out ; SOPC:inst2|SOPC_cpu:cpu|D_iw[26]                     ; inst|altpll_component|pll|clk[0] ; inst|altpll_component|pll|clk[0] ; 0.000        ; 0.035      ; 4.148      ;
; 3.807 ; SOPC:inst2|altera_reset_controller:rst_controller|altera_reset_synchronizer:alt_rst_sync_uq1|altera_reset_synchronizer_int_chain_out ; SOPC:inst2|SOPC_cpu:cpu|E_dst_regnum[4]              ; inst|altpll_component|pll|clk[0] ; inst|altpll_component|pll|clk[0] ; 0.000        ; 0.028      ; 4.141      ;
; 3.807 ; SOPC:inst2|altera_reset_controller:rst_controller|altera_reset_synchronizer:alt_rst_sync_uq1|altera_reset_synchronizer_int_chain_out ; SOPC:inst2|SOPC_cpu:cpu|M_dst_regnum[4]              ; inst|altpll_component|pll|clk[0] ; inst|altpll_component|pll|clk[0] ; 0.000        ; 0.019      ; 4.132      ;
; 3.807 ; SOPC:inst2|altera_reset_controller:rst_controller|altera_reset_synchronizer:alt_rst_sync_uq1|altera_reset_synchronizer_int_chain_out ; SOPC:inst2|SOPC_cpu:cpu|E_wr_dst_reg_from_D          ; inst|altpll_component|pll|clk[0] ; inst|altpll_component|pll|clk[0] ; 0.000        ; 0.021      ; 4.134      ;
; 3.807 ; SOPC:inst2|altera_reset_controller:rst_controller|altera_reset_synchronizer:alt_rst_sync_uq1|altera_reset_synchronizer_int_chain_out ; SOPC:inst2|SOPC_cpu:cpu|M_wr_dst_reg_from_E          ; inst|altpll_component|pll|clk[0] ; inst|altpll_component|pll|clk[0] ; 0.000        ; 0.021      ; 4.134      ;
; 3.807 ; SOPC:inst2|altera_reset_controller:rst_controller|altera_reset_synchronizer:alt_rst_sync_uq1|altera_reset_synchronizer_int_chain_out ; SOPC:inst2|SOPC_cpu:cpu|E_dst_regnum[3]              ; inst|altpll_component|pll|clk[0] ; inst|altpll_component|pll|clk[0] ; 0.000        ; 0.028      ; 4.141      ;
; 3.807 ; SOPC:inst2|altera_reset_controller:rst_controller|altera_reset_synchronizer:alt_rst_sync_uq1|altera_reset_synchronizer_int_chain_out ; SOPC:inst2|SOPC_cpu:cpu|M_dst_regnum[3]              ; inst|altpll_component|pll|clk[0] ; inst|altpll_component|pll|clk[0] ; 0.000        ; 0.025      ; 4.138      ;
; 3.807 ; SOPC:inst2|altera_reset_controller:rst_controller|altera_reset_synchronizer:alt_rst_sync_uq1|altera_reset_synchronizer_int_chain_out ; SOPC:inst2|SOPC_cpu:cpu|D_iw[19]                     ; inst|altpll_component|pll|clk[0] ; inst|altpll_component|pll|clk[0] ; 0.000        ; 0.013      ; 4.126      ;
; 3.807 ; SOPC:inst2|altera_reset_controller:rst_controller|altera_reset_synchronizer:alt_rst_sync_uq1|altera_reset_synchronizer_int_chain_out ; SOPC:inst2|SOPC_cpu:cpu|D_iw[24]                     ; inst|altpll_component|pll|clk[0] ; inst|altpll_component|pll|clk[0] ; 0.000        ; 0.035      ; 4.148      ;
; 3.807 ; SOPC:inst2|altera_reset_controller:rst_controller|altera_reset_synchronizer:alt_rst_sync_uq1|altera_reset_synchronizer_int_chain_out ; SOPC:inst2|SOPC_cpu:cpu|E_dst_regnum[2]              ; inst|altpll_component|pll|clk[0] ; inst|altpll_component|pll|clk[0] ; 0.000        ; 0.028      ; 4.141      ;
; 3.807 ; SOPC:inst2|altera_reset_controller:rst_controller|altera_reset_synchronizer:alt_rst_sync_uq1|altera_reset_synchronizer_int_chain_out ; SOPC:inst2|SOPC_cpu:cpu|M_dst_regnum[2]              ; inst|altpll_component|pll|clk[0] ; inst|altpll_component|pll|clk[0] ; 0.000        ; 0.025      ; 4.138      ;
; 3.807 ; SOPC:inst2|altera_reset_controller:rst_controller|altera_reset_synchronizer:alt_rst_sync_uq1|altera_reset_synchronizer_int_chain_out ; SOPC:inst2|SOPC_cpu:cpu|A_regnum_b_cmp_D             ; inst|altpll_component|pll|clk[0] ; inst|altpll_component|pll|clk[0] ; 0.000        ; 0.025      ; 4.138      ;
; 3.807 ; SOPC:inst2|altera_reset_controller:rst_controller|altera_reset_synchronizer:alt_rst_sync_uq1|altera_reset_synchronizer_int_chain_out ; SOPC:inst2|SOPC_cpu:cpu|A_dst_regnum_from_M[4]       ; inst|altpll_component|pll|clk[0] ; inst|altpll_component|pll|clk[0] ; 0.000        ; 0.019      ; 4.132      ;
; 3.807 ; SOPC:inst2|altera_reset_controller:rst_controller|altera_reset_synchronizer:alt_rst_sync_uq1|altera_reset_synchronizer_int_chain_out ; SOPC:inst2|SOPC_cpu:cpu|A_wr_dst_reg_from_M          ; inst|altpll_component|pll|clk[0] ; inst|altpll_component|pll|clk[0] ; 0.000        ; 0.021      ; 4.134      ;
; 3.807 ; SOPC:inst2|altera_reset_controller:rst_controller|altera_reset_synchronizer:alt_rst_sync_uq1|altera_reset_synchronizer_int_chain_out ; SOPC:inst2|SOPC_cpu:cpu|A_dst_regnum_from_M[3]       ; inst|altpll_component|pll|clk[0] ; inst|altpll_component|pll|clk[0] ; 0.000        ; 0.025      ; 4.138      ;
; 3.807 ; SOPC:inst2|altera_reset_controller:rst_controller|altera_reset_synchronizer:alt_rst_sync_uq1|altera_reset_synchronizer_int_chain_out ; SOPC:inst2|SOPC_cpu:cpu|A_dst_regnum_from_M[2]       ; inst|altpll_component|pll|clk[0] ; inst|altpll_component|pll|clk[0] ; 0.000        ; 0.025      ; 4.138      ;
; 3.807 ; SOPC:inst2|altera_reset_controller:rst_controller|altera_reset_synchronizer:alt_rst_sync_uq1|altera_reset_synchronizer_int_chain_out ; SOPC:inst2|SOPC_cpu:cpu|A_dst_regnum_from_M[1]       ; inst|altpll_component|pll|clk[0] ; inst|altpll_component|pll|clk[0] ; 0.000        ; 0.025      ; 4.138      ;
; 3.807 ; SOPC:inst2|altera_reset_controller:rst_controller|altera_reset_synchronizer:alt_rst_sync_uq1|altera_reset_synchronizer_int_chain_out ; SOPC:inst2|SOPC_cpu:cpu|A_dst_regnum_from_M[0]       ; inst|altpll_component|pll|clk[0] ; inst|altpll_component|pll|clk[0] ; 0.000        ; 0.025      ; 4.138      ;
; 3.807 ; SOPC:inst2|altera_reset_controller:rst_controller|altera_reset_synchronizer:alt_rst_sync_uq1|altera_reset_synchronizer_int_chain_out ; SOPC:inst2|SOPC_cpu:cpu|W_regnum_b_cmp_D             ; inst|altpll_component|pll|clk[0] ; inst|altpll_component|pll|clk[0] ; 0.000        ; 0.025      ; 4.138      ;
; 3.807 ; SOPC:inst2|altera_reset_controller:rst_controller|altera_reset_synchronizer:alt_rst_sync_uq1|altera_reset_synchronizer_int_chain_out ; SOPC:inst2|SOPC_cpu:cpu|D_iw[9]                      ; inst|altpll_component|pll|clk[0] ; inst|altpll_component|pll|clk[0] ; 0.000        ; 0.032      ; 4.145      ;
; 3.807 ; SOPC:inst2|altera_reset_controller:rst_controller|altera_reset_synchronizer:alt_rst_sync_uq1|altera_reset_synchronizer_int_chain_out ; SOPC:inst2|SOPC_cpu:cpu|E_src2[3]                    ; inst|altpll_component|pll|clk[0] ; inst|altpll_component|pll|clk[0] ; 0.000        ; 0.040      ; 4.153      ;
; 3.807 ; SOPC:inst2|altera_reset_controller:rst_controller|altera_reset_synchronizer:alt_rst_sync_uq1|altera_reset_synchronizer_int_chain_out ; SOPC:inst2|SOPC_cpu:cpu|M_rot_rn[3]                  ; inst|altpll_component|pll|clk[0] ; inst|altpll_component|pll|clk[0] ; 0.000        ; 0.039      ; 4.152      ;
; 3.807 ; SOPC:inst2|altera_reset_controller:rst_controller|altera_reset_synchronizer:alt_rst_sync_uq1|altera_reset_synchronizer_int_chain_out ; SOPC:inst2|SOPC_cpu:cpu|D_iw[8]                      ; inst|altpll_component|pll|clk[0] ; inst|altpll_component|pll|clk[0] ; 0.000        ; 0.032      ; 4.145      ;
; 3.807 ; SOPC:inst2|altera_reset_controller:rst_controller|altera_reset_synchronizer:alt_rst_sync_uq1|altera_reset_synchronizer_int_chain_out ; SOPC:inst2|SOPC_cpu:cpu|E_logic_op[1]                ; inst|altpll_component|pll|clk[0] ; inst|altpll_component|pll|clk[0] ; 0.000        ; 0.028      ; 4.141      ;
; 3.807 ; SOPC:inst2|altera_reset_controller:rst_controller|altera_reset_synchronizer:alt_rst_sync_uq1|altera_reset_synchronizer_int_chain_out ; SOPC:inst2|SOPC_cpu:cpu|D_ctrl_a_not_src             ; inst|altpll_component|pll|clk[0] ; inst|altpll_component|pll|clk[0] ; 0.000        ; 0.025      ; 4.138      ;
; 3.807 ; SOPC:inst2|altera_reset_controller:rst_controller|altera_reset_synchronizer:alt_rst_sync_uq1|altera_reset_synchronizer_int_chain_out ; SOPC:inst2|SOPC_cpu:cpu|M_regnum_a_cmp_D             ; inst|altpll_component|pll|clk[0] ; inst|altpll_component|pll|clk[0] ; 0.000        ; 0.013      ; 4.126      ;
; 3.807 ; SOPC:inst2|altera_reset_controller:rst_controller|altera_reset_synchronizer:alt_rst_sync_uq1|altera_reset_synchronizer_int_chain_out ; SOPC:inst2|SOPC_cpu:cpu|A_regnum_a_cmp_D             ; inst|altpll_component|pll|clk[0] ; inst|altpll_component|pll|clk[0] ; 0.000        ; 0.025      ; 4.138      ;
; 3.807 ; SOPC:inst2|altera_reset_controller:rst_controller|altera_reset_synchronizer:alt_rst_sync_uq1|altera_reset_synchronizer_int_chain_out ; SOPC:inst2|SOPC_cpu:cpu|W_regnum_a_cmp_D             ; inst|altpll_component|pll|clk[0] ; inst|altpll_component|pll|clk[0] ; 0.000        ; 0.025      ; 4.138      ;
; 3.807 ; SOPC:inst2|altera_reset_controller:rst_controller|altera_reset_synchronizer:alt_rst_sync_uq1|altera_reset_synchronizer_int_chain_out ; SOPC:inst2|SOPC_cpu:cpu|E_src1[2]                    ; inst|altpll_component|pll|clk[0] ; inst|altpll_component|pll|clk[0] ; 0.000        ; 0.032      ; 4.145      ;
; 3.807 ; SOPC:inst2|altera_reset_controller:rst_controller|altera_reset_synchronizer:alt_rst_sync_uq1|altera_reset_synchronizer_int_chain_out ; SOPC:inst2|SOPC_cpu:cpu|E_logic_op[0]                ; inst|altpll_component|pll|clk[0] ; inst|altpll_component|pll|clk[0] ; 0.000        ; 0.028      ; 4.141      ;
; 3.807 ; SOPC:inst2|altera_reset_controller:rst_controller|altera_reset_synchronizer:alt_rst_sync_uq1|altera_reset_synchronizer_int_chain_out ; SOPC:inst2|SOPC_cpu:cpu|M_alu_result[2]              ; inst|altpll_component|pll|clk[0] ; inst|altpll_component|pll|clk[0] ; 0.000        ; 0.032      ; 4.145      ;
; 3.807 ; SOPC:inst2|altera_reset_controller:rst_controller|altera_reset_synchronizer:alt_rst_sync_uq1|altera_reset_synchronizer_int_chain_out ; SOPC:inst2|SOPC_cpu:cpu|M_valid_from_E               ; inst|altpll_component|pll|clk[0] ; inst|altpll_component|pll|clk[0] ; 0.000        ; 0.015      ; 4.128      ;
; 3.807 ; SOPC:inst2|altera_reset_controller:rst_controller|altera_reset_synchronizer:alt_rst_sync_uq1|altera_reset_synchronizer_int_chain_out ; SOPC:inst2|SOPC_cpu:cpu|M_ctrl_wrctl_inst            ; inst|altpll_component|pll|clk[0] ; inst|altpll_component|pll|clk[0] ; 0.000        ; 0.025      ; 4.138      ;
; 3.807 ; SOPC:inst2|altera_reset_controller:rst_controller|altera_reset_synchronizer:alt_rst_sync_uq1|altera_reset_synchronizer_int_chain_out ; SOPC:inst2|SOPC_cpu:cpu|D_iw[7]                      ; inst|altpll_component|pll|clk[0] ; inst|altpll_component|pll|clk[0] ; 0.000        ; 0.025      ; 4.138      ;
; 3.807 ; SOPC:inst2|altera_reset_controller:rst_controller|altera_reset_synchronizer:alt_rst_sync_uq1|altera_reset_synchronizer_int_chain_out ; SOPC:inst2|SOPC_cpu:cpu|E_iw[7]                      ; inst|altpll_component|pll|clk[0] ; inst|altpll_component|pll|clk[0] ; 0.000        ; 0.025      ; 4.138      ;
; 3.807 ; SOPC:inst2|altera_reset_controller:rst_controller|altera_reset_synchronizer:alt_rst_sync_uq1|altera_reset_synchronizer_int_chain_out ; SOPC:inst2|SOPC_cpu:cpu|M_iw[7]                      ; inst|altpll_component|pll|clk[0] ; inst|altpll_component|pll|clk[0] ; 0.000        ; 0.020      ; 4.133      ;
; 3.807 ; SOPC:inst2|altera_reset_controller:rst_controller|altera_reset_synchronizer:alt_rst_sync_uq1|altera_reset_synchronizer_int_chain_out ; SOPC:inst2|SOPC_cpu:cpu|E_iw[8]                      ; inst|altpll_component|pll|clk[0] ; inst|altpll_component|pll|clk[0] ; 0.000        ; 0.028      ; 4.141      ;
; 3.807 ; SOPC:inst2|altera_reset_controller:rst_controller|altera_reset_synchronizer:alt_rst_sync_uq1|altera_reset_synchronizer_int_chain_out ; SOPC:inst2|SOPC_cpu:cpu|M_iw[8]                      ; inst|altpll_component|pll|clk[0] ; inst|altpll_component|pll|clk[0] ; 0.000        ; 0.020      ; 4.133      ;
; 3.807 ; SOPC:inst2|altera_reset_controller:rst_controller|altera_reset_synchronizer:alt_rst_sync_uq1|altera_reset_synchronizer_int_chain_out ; SOPC:inst2|SOPC_cpu:cpu|D_iw[6]                      ; inst|altpll_component|pll|clk[0] ; inst|altpll_component|pll|clk[0] ; 0.000        ; 0.030      ; 4.143      ;
; 3.807 ; SOPC:inst2|altera_reset_controller:rst_controller|altera_reset_synchronizer:alt_rst_sync_uq1|altera_reset_synchronizer_int_chain_out ; SOPC:inst2|SOPC_cpu:cpu|E_iw[6]                      ; inst|altpll_component|pll|clk[0] ; inst|altpll_component|pll|clk[0] ; 0.000        ; 0.042      ; 4.155      ;
; 3.807 ; SOPC:inst2|altera_reset_controller:rst_controller|altera_reset_synchronizer:alt_rst_sync_uq1|altera_reset_synchronizer_int_chain_out ; SOPC:inst2|SOPC_cpu:cpu|M_iw[6]                      ; inst|altpll_component|pll|clk[0] ; inst|altpll_component|pll|clk[0] ; 0.000        ; 0.020      ; 4.133      ;
; 3.807 ; SOPC:inst2|altera_reset_controller:rst_controller|altera_reset_synchronizer:alt_rst_sync_uq1|altera_reset_synchronizer_int_chain_out ; SOPC:inst2|SOPC_cpu:cpu|A_ienable_reg_irq2           ; inst|altpll_component|pll|clk[0] ; inst|altpll_component|pll|clk[0] ; 0.000        ; 0.009      ; 4.122      ;
; 3.807 ; SOPC:inst2|altera_reset_controller:rst_controller|altera_reset_synchronizer:alt_rst_sync_uq1|altera_reset_synchronizer_int_chain_out ; SOPC:inst2|SOPC_cpu:cpu|D_iw_valid                   ; inst|altpll_component|pll|clk[0] ; inst|altpll_component|pll|clk[0] ; 0.000        ; 0.032      ; 4.145      ;
; 3.807 ; SOPC:inst2|altera_reset_controller:rst_controller|altera_reset_synchronizer:alt_rst_sync_uq1|altera_reset_synchronizer_int_chain_out ; SOPC:inst2|SOPC_cpu:cpu|D_ctrl_br                    ; inst|altpll_component|pll|clk[0] ; inst|altpll_component|pll|clk[0] ; 0.000        ; 0.025      ; 4.138      ;
+-------+--------------------------------------------------------------------------------------------------------------------------------------+------------------------------------------------------+----------------------------------+----------------------------------+--------------+------------+------------+


+----------------------------------------------------------------------------------------------------------------------------------------------------------------------------------------------------------------------------------------------------------------------+
; Slow Model Minimum Pulse Width: 'inst|altpll_component|pll|clk[0]'                                                                                                                                                                                                   ;
+-------+--------------+----------------+------------------+----------------------------------+------------+-----------------------------------------------------------------------------------------------------------------------------------------------------------+
; Slack ; Actual Width ; Required Width ; Type             ; Clock                            ; Clock Edge ; Target                                                                                                                                                    ;
+-------+--------------+----------------+------------------+----------------------------------+------------+-----------------------------------------------------------------------------------------------------------------------------------------------------------+
; 5.266 ; 8.333        ; 3.067          ; High Pulse Width ; inst|altpll_component|pll|clk[0] ; Rise       ; SOPC:inst2|SOPC_cpu:cpu|D_bht_data[0]                                                                                                                     ;
; 5.266 ; 8.333        ; 3.067          ; High Pulse Width ; inst|altpll_component|pll|clk[0] ; Rise       ; SOPC:inst2|SOPC_cpu:cpu|D_bht_data[1]                                                                                                                     ;
; 5.266 ; 8.333        ; 3.067          ; High Pulse Width ; inst|altpll_component|pll|clk[0] ; Rise       ; SOPC:inst2|SOPC_cpu:cpu|SOPC_cpu_bht_module:SOPC_cpu_bht|altsyncram:the_altsyncram|altsyncram_d5g1:auto_generated|ram_block1a0~porta_address_reg0         ;
; 5.266 ; 8.333        ; 3.067          ; High Pulse Width ; inst|altpll_component|pll|clk[0] ; Rise       ; SOPC:inst2|SOPC_cpu:cpu|SOPC_cpu_bht_module:SOPC_cpu_bht|altsyncram:the_altsyncram|altsyncram_d5g1:auto_generated|ram_block1a0~porta_address_reg1         ;
; 5.266 ; 8.333        ; 3.067          ; High Pulse Width ; inst|altpll_component|pll|clk[0] ; Rise       ; SOPC:inst2|SOPC_cpu:cpu|SOPC_cpu_bht_module:SOPC_cpu_bht|altsyncram:the_altsyncram|altsyncram_d5g1:auto_generated|ram_block1a0~porta_address_reg2         ;
; 5.266 ; 8.333        ; 3.067          ; High Pulse Width ; inst|altpll_component|pll|clk[0] ; Rise       ; SOPC:inst2|SOPC_cpu:cpu|SOPC_cpu_bht_module:SOPC_cpu_bht|altsyncram:the_altsyncram|altsyncram_d5g1:auto_generated|ram_block1a0~porta_address_reg3         ;
; 5.266 ; 8.333        ; 3.067          ; High Pulse Width ; inst|altpll_component|pll|clk[0] ; Rise       ; SOPC:inst2|SOPC_cpu:cpu|SOPC_cpu_bht_module:SOPC_cpu_bht|altsyncram:the_altsyncram|altsyncram_d5g1:auto_generated|ram_block1a0~porta_address_reg4         ;
; 5.266 ; 8.333        ; 3.067          ; High Pulse Width ; inst|altpll_component|pll|clk[0] ; Rise       ; SOPC:inst2|SOPC_cpu:cpu|SOPC_cpu_bht_module:SOPC_cpu_bht|altsyncram:the_altsyncram|altsyncram_d5g1:auto_generated|ram_block1a0~porta_address_reg5         ;
; 5.266 ; 8.333        ; 3.067          ; High Pulse Width ; inst|altpll_component|pll|clk[0] ; Rise       ; SOPC:inst2|SOPC_cpu:cpu|SOPC_cpu_bht_module:SOPC_cpu_bht|altsyncram:the_altsyncram|altsyncram_d5g1:auto_generated|ram_block1a0~porta_address_reg6         ;
; 5.266 ; 8.333        ; 3.067          ; High Pulse Width ; inst|altpll_component|pll|clk[0] ; Rise       ; SOPC:inst2|SOPC_cpu:cpu|SOPC_cpu_bht_module:SOPC_cpu_bht|altsyncram:the_altsyncram|altsyncram_d5g1:auto_generated|ram_block1a0~porta_address_reg7         ;
; 5.266 ; 8.333        ; 3.067          ; High Pulse Width ; inst|altpll_component|pll|clk[0] ; Rise       ; SOPC:inst2|SOPC_cpu:cpu|SOPC_cpu_bht_module:SOPC_cpu_bht|altsyncram:the_altsyncram|altsyncram_d5g1:auto_generated|ram_block1a0~porta_datain_reg0          ;
; 5.266 ; 8.333        ; 3.067          ; High Pulse Width ; inst|altpll_component|pll|clk[0] ; Rise       ; SOPC:inst2|SOPC_cpu:cpu|SOPC_cpu_bht_module:SOPC_cpu_bht|altsyncram:the_altsyncram|altsyncram_d5g1:auto_generated|ram_block1a0~porta_datain_reg1          ;
; 5.266 ; 8.333        ; 3.067          ; High Pulse Width ; inst|altpll_component|pll|clk[0] ; Rise       ; SOPC:inst2|SOPC_cpu:cpu|SOPC_cpu_bht_module:SOPC_cpu_bht|altsyncram:the_altsyncram|altsyncram_d5g1:auto_generated|ram_block1a0~porta_memory_reg0          ;
; 5.266 ; 8.333        ; 3.067          ; High Pulse Width ; inst|altpll_component|pll|clk[0] ; Rise       ; SOPC:inst2|SOPC_cpu:cpu|SOPC_cpu_bht_module:SOPC_cpu_bht|altsyncram:the_altsyncram|altsyncram_d5g1:auto_generated|ram_block1a0~porta_we_reg               ;
; 5.266 ; 8.333        ; 3.067          ; High Pulse Width ; inst|altpll_component|pll|clk[0] ; Rise       ; SOPC:inst2|SOPC_cpu:cpu|SOPC_cpu_bht_module:SOPC_cpu_bht|altsyncram:the_altsyncram|altsyncram_d5g1:auto_generated|ram_block1a0~portb_address_reg0         ;
; 5.266 ; 8.333        ; 3.067          ; High Pulse Width ; inst|altpll_component|pll|clk[0] ; Rise       ; SOPC:inst2|SOPC_cpu:cpu|SOPC_cpu_bht_module:SOPC_cpu_bht|altsyncram:the_altsyncram|altsyncram_d5g1:auto_generated|ram_block1a0~portb_address_reg1         ;
; 5.266 ; 8.333        ; 3.067          ; High Pulse Width ; inst|altpll_component|pll|clk[0] ; Rise       ; SOPC:inst2|SOPC_cpu:cpu|SOPC_cpu_bht_module:SOPC_cpu_bht|altsyncram:the_altsyncram|altsyncram_d5g1:auto_generated|ram_block1a0~portb_address_reg2         ;
; 5.266 ; 8.333        ; 3.067          ; High Pulse Width ; inst|altpll_component|pll|clk[0] ; Rise       ; SOPC:inst2|SOPC_cpu:cpu|SOPC_cpu_bht_module:SOPC_cpu_bht|altsyncram:the_altsyncram|altsyncram_d5g1:auto_generated|ram_block1a0~portb_address_reg3         ;
; 5.266 ; 8.333        ; 3.067          ; High Pulse Width ; inst|altpll_component|pll|clk[0] ; Rise       ; SOPC:inst2|SOPC_cpu:cpu|SOPC_cpu_bht_module:SOPC_cpu_bht|altsyncram:the_altsyncram|altsyncram_d5g1:auto_generated|ram_block1a0~portb_address_reg4         ;
; 5.266 ; 8.333        ; 3.067          ; High Pulse Width ; inst|altpll_component|pll|clk[0] ; Rise       ; SOPC:inst2|SOPC_cpu:cpu|SOPC_cpu_bht_module:SOPC_cpu_bht|altsyncram:the_altsyncram|altsyncram_d5g1:auto_generated|ram_block1a0~portb_address_reg5         ;
; 5.266 ; 8.333        ; 3.067          ; High Pulse Width ; inst|altpll_component|pll|clk[0] ; Rise       ; SOPC:inst2|SOPC_cpu:cpu|SOPC_cpu_bht_module:SOPC_cpu_bht|altsyncram:the_altsyncram|altsyncram_d5g1:auto_generated|ram_block1a0~portb_address_reg6         ;
; 5.266 ; 8.333        ; 3.067          ; High Pulse Width ; inst|altpll_component|pll|clk[0] ; Rise       ; SOPC:inst2|SOPC_cpu:cpu|SOPC_cpu_bht_module:SOPC_cpu_bht|altsyncram:the_altsyncram|altsyncram_d5g1:auto_generated|ram_block1a0~portb_address_reg7         ;
; 5.266 ; 8.333        ; 3.067          ; High Pulse Width ; inst|altpll_component|pll|clk[0] ; Rise       ; SOPC:inst2|SOPC_cpu:cpu|SOPC_cpu_bht_module:SOPC_cpu_bht|altsyncram:the_altsyncram|altsyncram_d5g1:auto_generated|ram_block1a0~portb_re_reg               ;
; 5.266 ; 8.333        ; 3.067          ; High Pulse Width ; inst|altpll_component|pll|clk[0] ; Rise       ; SOPC:inst2|SOPC_cpu:cpu|SOPC_cpu_bht_module:SOPC_cpu_bht|altsyncram:the_altsyncram|altsyncram_d5g1:auto_generated|ram_block1a1~porta_memory_reg0          ;
; 5.266 ; 8.333        ; 3.067          ; High Pulse Width ; inst|altpll_component|pll|clk[0] ; Rise       ; SOPC:inst2|SOPC_cpu:cpu|SOPC_cpu_ic_data_module:SOPC_cpu_ic_data|altsyncram:the_altsyncram|altsyncram_c9d1:auto_generated|ram_block1a0~porta_address_reg0 ;
; 5.266 ; 8.333        ; 3.067          ; High Pulse Width ; inst|altpll_component|pll|clk[0] ; Rise       ; SOPC:inst2|SOPC_cpu:cpu|SOPC_cpu_ic_data_module:SOPC_cpu_ic_data|altsyncram:the_altsyncram|altsyncram_c9d1:auto_generated|ram_block1a0~porta_address_reg1 ;
; 5.266 ; 8.333        ; 3.067          ; High Pulse Width ; inst|altpll_component|pll|clk[0] ; Rise       ; SOPC:inst2|SOPC_cpu:cpu|SOPC_cpu_ic_data_module:SOPC_cpu_ic_data|altsyncram:the_altsyncram|altsyncram_c9d1:auto_generated|ram_block1a0~porta_address_reg2 ;
; 5.266 ; 8.333        ; 3.067          ; High Pulse Width ; inst|altpll_component|pll|clk[0] ; Rise       ; SOPC:inst2|SOPC_cpu:cpu|SOPC_cpu_ic_data_module:SOPC_cpu_ic_data|altsyncram:the_altsyncram|altsyncram_c9d1:auto_generated|ram_block1a0~porta_address_reg3 ;
; 5.266 ; 8.333        ; 3.067          ; High Pulse Width ; inst|altpll_component|pll|clk[0] ; Rise       ; SOPC:inst2|SOPC_cpu:cpu|SOPC_cpu_ic_data_module:SOPC_cpu_ic_data|altsyncram:the_altsyncram|altsyncram_c9d1:auto_generated|ram_block1a0~porta_address_reg4 ;
; 5.266 ; 8.333        ; 3.067          ; High Pulse Width ; inst|altpll_component|pll|clk[0] ; Rise       ; SOPC:inst2|SOPC_cpu:cpu|SOPC_cpu_ic_data_module:SOPC_cpu_ic_data|altsyncram:the_altsyncram|altsyncram_c9d1:auto_generated|ram_block1a0~porta_address_reg5 ;
; 5.266 ; 8.333        ; 3.067          ; High Pulse Width ; inst|altpll_component|pll|clk[0] ; Rise       ; SOPC:inst2|SOPC_cpu:cpu|SOPC_cpu_ic_data_module:SOPC_cpu_ic_data|altsyncram:the_altsyncram|altsyncram_c9d1:auto_generated|ram_block1a0~porta_address_reg6 ;
; 5.266 ; 8.333        ; 3.067          ; High Pulse Width ; inst|altpll_component|pll|clk[0] ; Rise       ; SOPC:inst2|SOPC_cpu:cpu|SOPC_cpu_ic_data_module:SOPC_cpu_ic_data|altsyncram:the_altsyncram|altsyncram_c9d1:auto_generated|ram_block1a0~porta_address_reg7 ;
; 5.266 ; 8.333        ; 3.067          ; High Pulse Width ; inst|altpll_component|pll|clk[0] ; Rise       ; SOPC:inst2|SOPC_cpu:cpu|SOPC_cpu_ic_data_module:SOPC_cpu_ic_data|altsyncram:the_altsyncram|altsyncram_c9d1:auto_generated|ram_block1a0~porta_address_reg8 ;
; 5.266 ; 8.333        ; 3.067          ; High Pulse Width ; inst|altpll_component|pll|clk[0] ; Rise       ; SOPC:inst2|SOPC_cpu:cpu|SOPC_cpu_ic_data_module:SOPC_cpu_ic_data|altsyncram:the_altsyncram|altsyncram_c9d1:auto_generated|ram_block1a0~porta_datain_reg0  ;
; 5.266 ; 8.333        ; 3.067          ; High Pulse Width ; inst|altpll_component|pll|clk[0] ; Rise       ; SOPC:inst2|SOPC_cpu:cpu|SOPC_cpu_ic_data_module:SOPC_cpu_ic_data|altsyncram:the_altsyncram|altsyncram_c9d1:auto_generated|ram_block1a0~porta_datain_reg1  ;
; 5.266 ; 8.333        ; 3.067          ; High Pulse Width ; inst|altpll_component|pll|clk[0] ; Rise       ; SOPC:inst2|SOPC_cpu:cpu|SOPC_cpu_ic_data_module:SOPC_cpu_ic_data|altsyncram:the_altsyncram|altsyncram_c9d1:auto_generated|ram_block1a0~porta_datain_reg2  ;
; 5.266 ; 8.333        ; 3.067          ; High Pulse Width ; inst|altpll_component|pll|clk[0] ; Rise       ; SOPC:inst2|SOPC_cpu:cpu|SOPC_cpu_ic_data_module:SOPC_cpu_ic_data|altsyncram:the_altsyncram|altsyncram_c9d1:auto_generated|ram_block1a0~porta_datain_reg3  ;
; 5.266 ; 8.333        ; 3.067          ; High Pulse Width ; inst|altpll_component|pll|clk[0] ; Rise       ; SOPC:inst2|SOPC_cpu:cpu|SOPC_cpu_ic_data_module:SOPC_cpu_ic_data|altsyncram:the_altsyncram|altsyncram_c9d1:auto_generated|ram_block1a0~porta_datain_reg4  ;
; 5.266 ; 8.333        ; 3.067          ; High Pulse Width ; inst|altpll_component|pll|clk[0] ; Rise       ; SOPC:inst2|SOPC_cpu:cpu|SOPC_cpu_ic_data_module:SOPC_cpu_ic_data|altsyncram:the_altsyncram|altsyncram_c9d1:auto_generated|ram_block1a0~porta_datain_reg5  ;
; 5.266 ; 8.333        ; 3.067          ; High Pulse Width ; inst|altpll_component|pll|clk[0] ; Rise       ; SOPC:inst2|SOPC_cpu:cpu|SOPC_cpu_ic_data_module:SOPC_cpu_ic_data|altsyncram:the_altsyncram|altsyncram_c9d1:auto_generated|ram_block1a0~porta_datain_reg6  ;
; 5.266 ; 8.333        ; 3.067          ; High Pulse Width ; inst|altpll_component|pll|clk[0] ; Rise       ; SOPC:inst2|SOPC_cpu:cpu|SOPC_cpu_ic_data_module:SOPC_cpu_ic_data|altsyncram:the_altsyncram|altsyncram_c9d1:auto_generated|ram_block1a0~porta_datain_reg7  ;
; 5.266 ; 8.333        ; 3.067          ; High Pulse Width ; inst|altpll_component|pll|clk[0] ; Rise       ; SOPC:inst2|SOPC_cpu:cpu|SOPC_cpu_ic_data_module:SOPC_cpu_ic_data|altsyncram:the_altsyncram|altsyncram_c9d1:auto_generated|ram_block1a0~porta_datain_reg8  ;
; 5.266 ; 8.333        ; 3.067          ; High Pulse Width ; inst|altpll_component|pll|clk[0] ; Rise       ; SOPC:inst2|SOPC_cpu:cpu|SOPC_cpu_ic_data_module:SOPC_cpu_ic_data|altsyncram:the_altsyncram|altsyncram_c9d1:auto_generated|ram_block1a0~porta_memory_reg0  ;
; 5.266 ; 8.333        ; 3.067          ; High Pulse Width ; inst|altpll_component|pll|clk[0] ; Rise       ; SOPC:inst2|SOPC_cpu:cpu|SOPC_cpu_ic_data_module:SOPC_cpu_ic_data|altsyncram:the_altsyncram|altsyncram_c9d1:auto_generated|ram_block1a0~porta_we_reg       ;
; 5.266 ; 8.333        ; 3.067          ; High Pulse Width ; inst|altpll_component|pll|clk[0] ; Rise       ; SOPC:inst2|SOPC_cpu:cpu|SOPC_cpu_ic_data_module:SOPC_cpu_ic_data|altsyncram:the_altsyncram|altsyncram_c9d1:auto_generated|ram_block1a0~portb_address_reg0 ;
; 5.266 ; 8.333        ; 3.067          ; High Pulse Width ; inst|altpll_component|pll|clk[0] ; Rise       ; SOPC:inst2|SOPC_cpu:cpu|SOPC_cpu_ic_data_module:SOPC_cpu_ic_data|altsyncram:the_altsyncram|altsyncram_c9d1:auto_generated|ram_block1a0~portb_address_reg1 ;
; 5.266 ; 8.333        ; 3.067          ; High Pulse Width ; inst|altpll_component|pll|clk[0] ; Rise       ; SOPC:inst2|SOPC_cpu:cpu|SOPC_cpu_ic_data_module:SOPC_cpu_ic_data|altsyncram:the_altsyncram|altsyncram_c9d1:auto_generated|ram_block1a0~portb_address_reg2 ;
; 5.266 ; 8.333        ; 3.067          ; High Pulse Width ; inst|altpll_component|pll|clk[0] ; Rise       ; SOPC:inst2|SOPC_cpu:cpu|SOPC_cpu_ic_data_module:SOPC_cpu_ic_data|altsyncram:the_altsyncram|altsyncram_c9d1:auto_generated|ram_block1a0~portb_address_reg3 ;
; 5.266 ; 8.333        ; 3.067          ; High Pulse Width ; inst|altpll_component|pll|clk[0] ; Rise       ; SOPC:inst2|SOPC_cpu:cpu|SOPC_cpu_ic_data_module:SOPC_cpu_ic_data|altsyncram:the_altsyncram|altsyncram_c9d1:auto_generated|ram_block1a0~portb_address_reg4 ;
; 5.266 ; 8.333        ; 3.067          ; High Pulse Width ; inst|altpll_component|pll|clk[0] ; Rise       ; SOPC:inst2|SOPC_cpu:cpu|SOPC_cpu_ic_data_module:SOPC_cpu_ic_data|altsyncram:the_altsyncram|altsyncram_c9d1:auto_generated|ram_block1a0~portb_address_reg5 ;
; 5.266 ; 8.333        ; 3.067          ; High Pulse Width ; inst|altpll_component|pll|clk[0] ; Rise       ; SOPC:inst2|SOPC_cpu:cpu|SOPC_cpu_ic_data_module:SOPC_cpu_ic_data|altsyncram:the_altsyncram|altsyncram_c9d1:auto_generated|ram_block1a0~portb_address_reg6 ;
; 5.266 ; 8.333        ; 3.067          ; High Pulse Width ; inst|altpll_component|pll|clk[0] ; Rise       ; SOPC:inst2|SOPC_cpu:cpu|SOPC_cpu_ic_data_module:SOPC_cpu_ic_data|altsyncram:the_altsyncram|altsyncram_c9d1:auto_generated|ram_block1a0~portb_address_reg7 ;
; 5.266 ; 8.333        ; 3.067          ; High Pulse Width ; inst|altpll_component|pll|clk[0] ; Rise       ; SOPC:inst2|SOPC_cpu:cpu|SOPC_cpu_ic_data_module:SOPC_cpu_ic_data|altsyncram:the_altsyncram|altsyncram_c9d1:auto_generated|ram_block1a0~portb_address_reg8 ;
; 5.266 ; 8.333        ; 3.067          ; High Pulse Width ; inst|altpll_component|pll|clk[0] ; Rise       ; SOPC:inst2|SOPC_cpu:cpu|SOPC_cpu_ic_data_module:SOPC_cpu_ic_data|altsyncram:the_altsyncram|altsyncram_c9d1:auto_generated|ram_block1a0~portb_re_reg       ;
; 5.266 ; 8.333        ; 3.067          ; High Pulse Width ; inst|altpll_component|pll|clk[0] ; Rise       ; SOPC:inst2|SOPC_cpu:cpu|SOPC_cpu_ic_data_module:SOPC_cpu_ic_data|altsyncram:the_altsyncram|altsyncram_c9d1:auto_generated|ram_block1a10~porta_memory_reg0 ;
; 5.266 ; 8.333        ; 3.067          ; High Pulse Width ; inst|altpll_component|pll|clk[0] ; Rise       ; SOPC:inst2|SOPC_cpu:cpu|SOPC_cpu_ic_data_module:SOPC_cpu_ic_data|altsyncram:the_altsyncram|altsyncram_c9d1:auto_generated|ram_block1a11~porta_memory_reg0 ;
; 5.266 ; 8.333        ; 3.067          ; High Pulse Width ; inst|altpll_component|pll|clk[0] ; Rise       ; SOPC:inst2|SOPC_cpu:cpu|SOPC_cpu_ic_data_module:SOPC_cpu_ic_data|altsyncram:the_altsyncram|altsyncram_c9d1:auto_generated|ram_block1a12~porta_memory_reg0 ;
; 5.266 ; 8.333        ; 3.067          ; High Pulse Width ; inst|altpll_component|pll|clk[0] ; Rise       ; SOPC:inst2|SOPC_cpu:cpu|SOPC_cpu_ic_data_module:SOPC_cpu_ic_data|altsyncram:the_altsyncram|altsyncram_c9d1:auto_generated|ram_block1a13~porta_memory_reg0 ;
; 5.266 ; 8.333        ; 3.067          ; High Pulse Width ; inst|altpll_component|pll|clk[0] ; Rise       ; SOPC:inst2|SOPC_cpu:cpu|SOPC_cpu_ic_data_module:SOPC_cpu_ic_data|altsyncram:the_altsyncram|altsyncram_c9d1:auto_generated|ram_block1a14~porta_memory_reg0 ;
; 5.266 ; 8.333        ; 3.067          ; High Pulse Width ; inst|altpll_component|pll|clk[0] ; Rise       ; SOPC:inst2|SOPC_cpu:cpu|SOPC_cpu_ic_data_module:SOPC_cpu_ic_data|altsyncram:the_altsyncram|altsyncram_c9d1:auto_generated|ram_block1a15~porta_memory_reg0 ;
; 5.266 ; 8.333        ; 3.067          ; High Pulse Width ; inst|altpll_component|pll|clk[0] ; Rise       ; SOPC:inst2|SOPC_cpu:cpu|SOPC_cpu_ic_data_module:SOPC_cpu_ic_data|altsyncram:the_altsyncram|altsyncram_c9d1:auto_generated|ram_block1a16~porta_memory_reg0 ;
; 5.266 ; 8.333        ; 3.067          ; High Pulse Width ; inst|altpll_component|pll|clk[0] ; Rise       ; SOPC:inst2|SOPC_cpu:cpu|SOPC_cpu_ic_data_module:SOPC_cpu_ic_data|altsyncram:the_altsyncram|altsyncram_c9d1:auto_generated|ram_block1a17~porta_memory_reg0 ;
; 5.266 ; 8.333        ; 3.067          ; High Pulse Width ; inst|altpll_component|pll|clk[0] ; Rise       ; SOPC:inst2|SOPC_cpu:cpu|SOPC_cpu_ic_data_module:SOPC_cpu_ic_data|altsyncram:the_altsyncram|altsyncram_c9d1:auto_generated|ram_block1a18~porta_memory_reg0 ;
; 5.266 ; 8.333        ; 3.067          ; High Pulse Width ; inst|altpll_component|pll|clk[0] ; Rise       ; SOPC:inst2|SOPC_cpu:cpu|SOPC_cpu_ic_data_module:SOPC_cpu_ic_data|altsyncram:the_altsyncram|altsyncram_c9d1:auto_generated|ram_block1a19~porta_memory_reg0 ;
; 5.266 ; 8.333        ; 3.067          ; High Pulse Width ; inst|altpll_component|pll|clk[0] ; Rise       ; SOPC:inst2|SOPC_cpu:cpu|SOPC_cpu_ic_data_module:SOPC_cpu_ic_data|altsyncram:the_altsyncram|altsyncram_c9d1:auto_generated|ram_block1a1~porta_memory_reg0  ;
; 5.266 ; 8.333        ; 3.067          ; High Pulse Width ; inst|altpll_component|pll|clk[0] ; Rise       ; SOPC:inst2|SOPC_cpu:cpu|SOPC_cpu_ic_data_module:SOPC_cpu_ic_data|altsyncram:the_altsyncram|altsyncram_c9d1:auto_generated|ram_block1a20~porta_memory_reg0 ;
; 5.266 ; 8.333        ; 3.067          ; High Pulse Width ; inst|altpll_component|pll|clk[0] ; Rise       ; SOPC:inst2|SOPC_cpu:cpu|SOPC_cpu_ic_data_module:SOPC_cpu_ic_data|altsyncram:the_altsyncram|altsyncram_c9d1:auto_generated|ram_block1a21~porta_memory_reg0 ;
; 5.266 ; 8.333        ; 3.067          ; High Pulse Width ; inst|altpll_component|pll|clk[0] ; Rise       ; SOPC:inst2|SOPC_cpu:cpu|SOPC_cpu_ic_data_module:SOPC_cpu_ic_data|altsyncram:the_altsyncram|altsyncram_c9d1:auto_generated|ram_block1a22~porta_memory_reg0 ;
; 5.266 ; 8.333        ; 3.067          ; High Pulse Width ; inst|altpll_component|pll|clk[0] ; Rise       ; SOPC:inst2|SOPC_cpu:cpu|SOPC_cpu_ic_data_module:SOPC_cpu_ic_data|altsyncram:the_altsyncram|altsyncram_c9d1:auto_generated|ram_block1a23~porta_memory_reg0 ;
; 5.266 ; 8.333        ; 3.067          ; High Pulse Width ; inst|altpll_component|pll|clk[0] ; Rise       ; SOPC:inst2|SOPC_cpu:cpu|SOPC_cpu_ic_data_module:SOPC_cpu_ic_data|altsyncram:the_altsyncram|altsyncram_c9d1:auto_generated|ram_block1a24~porta_memory_reg0 ;
; 5.266 ; 8.333        ; 3.067          ; High Pulse Width ; inst|altpll_component|pll|clk[0] ; Rise       ; SOPC:inst2|SOPC_cpu:cpu|SOPC_cpu_ic_data_module:SOPC_cpu_ic_data|altsyncram:the_altsyncram|altsyncram_c9d1:auto_generated|ram_block1a25~porta_memory_reg0 ;
; 5.266 ; 8.333        ; 3.067          ; High Pulse Width ; inst|altpll_component|pll|clk[0] ; Rise       ; SOPC:inst2|SOPC_cpu:cpu|SOPC_cpu_ic_data_module:SOPC_cpu_ic_data|altsyncram:the_altsyncram|altsyncram_c9d1:auto_generated|ram_block1a26~porta_memory_reg0 ;
; 5.266 ; 8.333        ; 3.067          ; High Pulse Width ; inst|altpll_component|pll|clk[0] ; Rise       ; SOPC:inst2|SOPC_cpu:cpu|SOPC_cpu_ic_data_module:SOPC_cpu_ic_data|altsyncram:the_altsyncram|altsyncram_c9d1:auto_generated|ram_block1a27~porta_memory_reg0 ;
; 5.266 ; 8.333        ; 3.067          ; High Pulse Width ; inst|altpll_component|pll|clk[0] ; Rise       ; SOPC:inst2|SOPC_cpu:cpu|SOPC_cpu_ic_data_module:SOPC_cpu_ic_data|altsyncram:the_altsyncram|altsyncram_c9d1:auto_generated|ram_block1a28~porta_memory_reg0 ;
; 5.266 ; 8.333        ; 3.067          ; High Pulse Width ; inst|altpll_component|pll|clk[0] ; Rise       ; SOPC:inst2|SOPC_cpu:cpu|SOPC_cpu_ic_data_module:SOPC_cpu_ic_data|altsyncram:the_altsyncram|altsyncram_c9d1:auto_generated|ram_block1a29~porta_memory_reg0 ;
; 5.266 ; 8.333        ; 3.067          ; High Pulse Width ; inst|altpll_component|pll|clk[0] ; Rise       ; SOPC:inst2|SOPC_cpu:cpu|SOPC_cpu_ic_data_module:SOPC_cpu_ic_data|altsyncram:the_altsyncram|altsyncram_c9d1:auto_generated|ram_block1a2~porta_memory_reg0  ;
; 5.266 ; 8.333        ; 3.067          ; High Pulse Width ; inst|altpll_component|pll|clk[0] ; Rise       ; SOPC:inst2|SOPC_cpu:cpu|SOPC_cpu_ic_data_module:SOPC_cpu_ic_data|altsyncram:the_altsyncram|altsyncram_c9d1:auto_generated|ram_block1a30~porta_memory_reg0 ;
; 5.266 ; 8.333        ; 3.067          ; High Pulse Width ; inst|altpll_component|pll|clk[0] ; Rise       ; SOPC:inst2|SOPC_cpu:cpu|SOPC_cpu_ic_data_module:SOPC_cpu_ic_data|altsyncram:the_altsyncram|altsyncram_c9d1:auto_generated|ram_block1a31~porta_memory_reg0 ;
; 5.266 ; 8.333        ; 3.067          ; High Pulse Width ; inst|altpll_component|pll|clk[0] ; Rise       ; SOPC:inst2|SOPC_cpu:cpu|SOPC_cpu_ic_data_module:SOPC_cpu_ic_data|altsyncram:the_altsyncram|altsyncram_c9d1:auto_generated|ram_block1a3~porta_address_reg0 ;
; 5.266 ; 8.333        ; 3.067          ; High Pulse Width ; inst|altpll_component|pll|clk[0] ; Rise       ; SOPC:inst2|SOPC_cpu:cpu|SOPC_cpu_ic_data_module:SOPC_cpu_ic_data|altsyncram:the_altsyncram|altsyncram_c9d1:auto_generated|ram_block1a3~porta_address_reg1 ;
; 5.266 ; 8.333        ; 3.067          ; High Pulse Width ; inst|altpll_component|pll|clk[0] ; Rise       ; SOPC:inst2|SOPC_cpu:cpu|SOPC_cpu_ic_data_module:SOPC_cpu_ic_data|altsyncram:the_altsyncram|altsyncram_c9d1:auto_generated|ram_block1a3~porta_address_reg2 ;
; 5.266 ; 8.333        ; 3.067          ; High Pulse Width ; inst|altpll_component|pll|clk[0] ; Rise       ; SOPC:inst2|SOPC_cpu:cpu|SOPC_cpu_ic_data_module:SOPC_cpu_ic_data|altsyncram:the_altsyncram|altsyncram_c9d1:auto_generated|ram_block1a3~porta_address_reg3 ;
; 5.266 ; 8.333        ; 3.067          ; High Pulse Width ; inst|altpll_component|pll|clk[0] ; Rise       ; SOPC:inst2|SOPC_cpu:cpu|SOPC_cpu_ic_data_module:SOPC_cpu_ic_data|altsyncram:the_altsyncram|altsyncram_c9d1:auto_generated|ram_block1a3~porta_address_reg4 ;
; 5.266 ; 8.333        ; 3.067          ; High Pulse Width ; inst|altpll_component|pll|clk[0] ; Rise       ; SOPC:inst2|SOPC_cpu:cpu|SOPC_cpu_ic_data_module:SOPC_cpu_ic_data|altsyncram:the_altsyncram|altsyncram_c9d1:auto_generated|ram_block1a3~porta_address_reg5 ;
; 5.266 ; 8.333        ; 3.067          ; High Pulse Width ; inst|altpll_component|pll|clk[0] ; Rise       ; SOPC:inst2|SOPC_cpu:cpu|SOPC_cpu_ic_data_module:SOPC_cpu_ic_data|altsyncram:the_altsyncram|altsyncram_c9d1:auto_generated|ram_block1a3~porta_address_reg6 ;
; 5.266 ; 8.333        ; 3.067          ; High Pulse Width ; inst|altpll_component|pll|clk[0] ; Rise       ; SOPC:inst2|SOPC_cpu:cpu|SOPC_cpu_ic_data_module:SOPC_cpu_ic_data|altsyncram:the_altsyncram|altsyncram_c9d1:auto_generated|ram_block1a3~porta_address_reg7 ;
; 5.266 ; 8.333        ; 3.067          ; High Pulse Width ; inst|altpll_component|pll|clk[0] ; Rise       ; SOPC:inst2|SOPC_cpu:cpu|SOPC_cpu_ic_data_module:SOPC_cpu_ic_data|altsyncram:the_altsyncram|altsyncram_c9d1:auto_generated|ram_block1a3~porta_address_reg8 ;
; 5.266 ; 8.333        ; 3.067          ; High Pulse Width ; inst|altpll_component|pll|clk[0] ; Rise       ; SOPC:inst2|SOPC_cpu:cpu|SOPC_cpu_ic_data_module:SOPC_cpu_ic_data|altsyncram:the_altsyncram|altsyncram_c9d1:auto_generated|ram_block1a3~porta_datain_reg0  ;
; 5.266 ; 8.333        ; 3.067          ; High Pulse Width ; inst|altpll_component|pll|clk[0] ; Rise       ; SOPC:inst2|SOPC_cpu:cpu|SOPC_cpu_ic_data_module:SOPC_cpu_ic_data|altsyncram:the_altsyncram|altsyncram_c9d1:auto_generated|ram_block1a3~porta_datain_reg1  ;
; 5.266 ; 8.333        ; 3.067          ; High Pulse Width ; inst|altpll_component|pll|clk[0] ; Rise       ; SOPC:inst2|SOPC_cpu:cpu|SOPC_cpu_ic_data_module:SOPC_cpu_ic_data|altsyncram:the_altsyncram|altsyncram_c9d1:auto_generated|ram_block1a3~porta_datain_reg2  ;
; 5.266 ; 8.333        ; 3.067          ; High Pulse Width ; inst|altpll_component|pll|clk[0] ; Rise       ; SOPC:inst2|SOPC_cpu:cpu|SOPC_cpu_ic_data_module:SOPC_cpu_ic_data|altsyncram:the_altsyncram|altsyncram_c9d1:auto_generated|ram_block1a3~porta_datain_reg3  ;
; 5.266 ; 8.333        ; 3.067          ; High Pulse Width ; inst|altpll_component|pll|clk[0] ; Rise       ; SOPC:inst2|SOPC_cpu:cpu|SOPC_cpu_ic_data_module:SOPC_cpu_ic_data|altsyncram:the_altsyncram|altsyncram_c9d1:auto_generated|ram_block1a3~porta_datain_reg4  ;
; 5.266 ; 8.333        ; 3.067          ; High Pulse Width ; inst|altpll_component|pll|clk[0] ; Rise       ; SOPC:inst2|SOPC_cpu:cpu|SOPC_cpu_ic_data_module:SOPC_cpu_ic_data|altsyncram:the_altsyncram|altsyncram_c9d1:auto_generated|ram_block1a3~porta_datain_reg5  ;
; 5.266 ; 8.333        ; 3.067          ; High Pulse Width ; inst|altpll_component|pll|clk[0] ; Rise       ; SOPC:inst2|SOPC_cpu:cpu|SOPC_cpu_ic_data_module:SOPC_cpu_ic_data|altsyncram:the_altsyncram|altsyncram_c9d1:auto_generated|ram_block1a3~porta_datain_reg6  ;
; 5.266 ; 8.333        ; 3.067          ; High Pulse Width ; inst|altpll_component|pll|clk[0] ; Rise       ; SOPC:inst2|SOPC_cpu:cpu|SOPC_cpu_ic_data_module:SOPC_cpu_ic_data|altsyncram:the_altsyncram|altsyncram_c9d1:auto_generated|ram_block1a3~porta_datain_reg7  ;
; 5.266 ; 8.333        ; 3.067          ; High Pulse Width ; inst|altpll_component|pll|clk[0] ; Rise       ; SOPC:inst2|SOPC_cpu:cpu|SOPC_cpu_ic_data_module:SOPC_cpu_ic_data|altsyncram:the_altsyncram|altsyncram_c9d1:auto_generated|ram_block1a3~porta_datain_reg8  ;
; 5.266 ; 8.333        ; 3.067          ; High Pulse Width ; inst|altpll_component|pll|clk[0] ; Rise       ; SOPC:inst2|SOPC_cpu:cpu|SOPC_cpu_ic_data_module:SOPC_cpu_ic_data|altsyncram:the_altsyncram|altsyncram_c9d1:auto_generated|ram_block1a3~porta_memory_reg0  ;
; 5.266 ; 8.333        ; 3.067          ; High Pulse Width ; inst|altpll_component|pll|clk[0] ; Rise       ; SOPC:inst2|SOPC_cpu:cpu|SOPC_cpu_ic_data_module:SOPC_cpu_ic_data|altsyncram:the_altsyncram|altsyncram_c9d1:auto_generated|ram_block1a3~porta_we_reg       ;
; 5.266 ; 8.333        ; 3.067          ; High Pulse Width ; inst|altpll_component|pll|clk[0] ; Rise       ; SOPC:inst2|SOPC_cpu:cpu|SOPC_cpu_ic_data_module:SOPC_cpu_ic_data|altsyncram:the_altsyncram|altsyncram_c9d1:auto_generated|ram_block1a3~portb_address_reg0 ;
; 5.266 ; 8.333        ; 3.067          ; High Pulse Width ; inst|altpll_component|pll|clk[0] ; Rise       ; SOPC:inst2|SOPC_cpu:cpu|SOPC_cpu_ic_data_module:SOPC_cpu_ic_data|altsyncram:the_altsyncram|altsyncram_c9d1:auto_generated|ram_block1a3~portb_address_reg1 ;
+-------+--------------+----------------+------------------+----------------------------------+------------+-----------------------------------------------------------------------------------------------------------------------------------------------------------+


+----------------------------------------------------------------------------------------------------------------------+
; Slow Model Minimum Pulse Width: 'clk_in'                                                                             ;
+--------+--------------+----------------+------------------+--------+------------+------------------------------------+
; Slack  ; Actual Width ; Required Width ; Type             ; Clock  ; Clock Edge ; Target                             ;
+--------+--------------+----------------+------------------+--------+------------+------------------------------------+
; 8.333  ; 8.333        ; 0.000          ; High Pulse Width ; clk_in ; Rise       ; CLK|combout                        ;
; 8.333  ; 8.333        ; 0.000          ; High Pulse Width ; clk_in ; Rise       ; inst|altpll_component|pll|clk[0]   ;
; 8.333  ; 8.333        ; 0.000          ; High Pulse Width ; clk_in ; Rise       ; inst|altpll_component|pll|clk[1]   ;
; 8.333  ; 8.333        ; 0.000          ; High Pulse Width ; clk_in ; Rise       ; inst|altpll_component|pll|inclk[0] ;
; 8.334  ; 8.334        ; 0.000          ; Low Pulse Width  ; clk_in ; Rise       ; CLK|combout                        ;
; 8.334  ; 8.334        ; 0.000          ; Low Pulse Width  ; clk_in ; Rise       ; inst|altpll_component|pll|clk[0]   ;
; 8.334  ; 8.334        ; 0.000          ; Low Pulse Width  ; clk_in ; Rise       ; inst|altpll_component|pll|clk[1]   ;
; 8.334  ; 8.334        ; 0.000          ; Low Pulse Width  ; clk_in ; Rise       ; inst|altpll_component|pll|inclk[0] ;
; 13.726 ; 16.667       ; 2.941          ; Port Rate        ; clk_in ; Rise       ; CLK                                ;
+--------+--------------+----------------+------------------+--------+------------+------------------------------------+


+-------------------------------------------------------------------------------------------------------------+
; Slow Model Minimum Pulse Width: 'altera_reserved_tck'                                                       ;
+--------+--------------+----------------+-----------+---------------------+------------+---------------------+
; Slack  ; Actual Width ; Required Width ; Type      ; Clock               ; Clock Edge ; Target              ;
+--------+--------------+----------------+-----------+---------------------+------------+---------------------+
; 97.223 ; 100.000      ; 2.777          ; Port Rate ; altera_reserved_tck ; Rise       ; altera_reserved_tck ;
+--------+--------------+----------------+-----------+---------------------+------------+---------------------+


+-------------------------------------------------------------------------------------------------------------------------+
; Setup Times                                                                                                             ;
+--------------------------------------------+------------+-------+-------+------------+----------------------------------+
; Data Port                                  ; Clock Port ; Rise  ; Fall  ; Clock Edge ; Clock Reference                  ;
+--------------------------------------------+------------+-------+-------+------------+----------------------------------+
; DQ[*]                                      ; clk_in     ; 1.573 ; 1.573 ; Rise       ; inst|altpll_component|pll|clk[0] ;
;  DQ[0]                                     ; clk_in     ; 1.573 ; 1.573 ; Rise       ; inst|altpll_component|pll|clk[0] ;
;  DQ[1]                                     ; clk_in     ; 1.573 ; 1.573 ; Rise       ; inst|altpll_component|pll|clk[0] ;
;  DQ[2]                                     ; clk_in     ; 1.562 ; 1.562 ; Rise       ; inst|altpll_component|pll|clk[0] ;
;  DQ[3]                                     ; clk_in     ; 1.568 ; 1.568 ; Rise       ; inst|altpll_component|pll|clk[0] ;
;  DQ[4]                                     ; clk_in     ; 1.552 ; 1.552 ; Rise       ; inst|altpll_component|pll|clk[0] ;
;  DQ[5]                                     ; clk_in     ; 1.552 ; 1.552 ; Rise       ; inst|altpll_component|pll|clk[0] ;
;  DQ[6]                                     ; clk_in     ; 1.452 ; 1.452 ; Rise       ; inst|altpll_component|pll|clk[0] ;
;  DQ[7]                                     ; clk_in     ; 1.442 ; 1.442 ; Rise       ; inst|altpll_component|pll|clk[0] ;
;  DQ[8]                                     ; clk_in     ; 1.546 ; 1.546 ; Rise       ; inst|altpll_component|pll|clk[0] ;
;  DQ[9]                                     ; clk_in     ; 1.548 ; 1.548 ; Rise       ; inst|altpll_component|pll|clk[0] ;
;  DQ[10]                                    ; clk_in     ; 1.558 ; 1.558 ; Rise       ; inst|altpll_component|pll|clk[0] ;
;  DQ[11]                                    ; clk_in     ; 1.548 ; 1.548 ; Rise       ; inst|altpll_component|pll|clk[0] ;
;  DQ[12]                                    ; clk_in     ; 1.548 ; 1.548 ; Rise       ; inst|altpll_component|pll|clk[0] ;
;  DQ[13]                                    ; clk_in     ; 1.560 ; 1.560 ; Rise       ; inst|altpll_component|pll|clk[0] ;
;  DQ[14]                                    ; clk_in     ; 1.548 ; 1.548 ; Rise       ; inst|altpll_component|pll|clk[0] ;
;  DQ[15]                                    ; clk_in     ; 1.544 ; 1.544 ; Rise       ; inst|altpll_component|pll|clk[0] ;
; MISO_to_the_spi_touch                      ; clk_in     ; 7.911 ; 7.911 ; Rise       ; inst|altpll_component|pll|clk[0] ;
; bidir_port_to_and_from_the_lcd32_data[*]   ; clk_in     ; 8.639 ; 8.639 ; Rise       ; inst|altpll_component|pll|clk[0] ;
;  bidir_port_to_and_from_the_lcd32_data[0]  ; clk_in     ; 7.436 ; 7.436 ; Rise       ; inst|altpll_component|pll|clk[0] ;
;  bidir_port_to_and_from_the_lcd32_data[1]  ; clk_in     ; 7.908 ; 7.908 ; Rise       ; inst|altpll_component|pll|clk[0] ;
;  bidir_port_to_and_from_the_lcd32_data[2]  ; clk_in     ; 7.764 ; 7.764 ; Rise       ; inst|altpll_component|pll|clk[0] ;
;  bidir_port_to_and_from_the_lcd32_data[3]  ; clk_in     ; 7.432 ; 7.432 ; Rise       ; inst|altpll_component|pll|clk[0] ;
;  bidir_port_to_and_from_the_lcd32_data[4]  ; clk_in     ; 7.488 ; 7.488 ; Rise       ; inst|altpll_component|pll|clk[0] ;
;  bidir_port_to_and_from_the_lcd32_data[5]  ; clk_in     ; 7.332 ; 7.332 ; Rise       ; inst|altpll_component|pll|clk[0] ;
;  bidir_port_to_and_from_the_lcd32_data[6]  ; clk_in     ; 7.885 ; 7.885 ; Rise       ; inst|altpll_component|pll|clk[0] ;
;  bidir_port_to_and_from_the_lcd32_data[7]  ; clk_in     ; 7.421 ; 7.421 ; Rise       ; inst|altpll_component|pll|clk[0] ;
;  bidir_port_to_and_from_the_lcd32_data[8]  ; clk_in     ; 7.644 ; 7.644 ; Rise       ; inst|altpll_component|pll|clk[0] ;
;  bidir_port_to_and_from_the_lcd32_data[9]  ; clk_in     ; 8.639 ; 8.639 ; Rise       ; inst|altpll_component|pll|clk[0] ;
;  bidir_port_to_and_from_the_lcd32_data[10] ; clk_in     ; 7.987 ; 7.987 ; Rise       ; inst|altpll_component|pll|clk[0] ;
;  bidir_port_to_and_from_the_lcd32_data[11] ; clk_in     ; 8.401 ; 8.401 ; Rise       ; inst|altpll_component|pll|clk[0] ;
;  bidir_port_to_and_from_the_lcd32_data[12] ; clk_in     ; 8.011 ; 8.011 ; Rise       ; inst|altpll_component|pll|clk[0] ;
;  bidir_port_to_and_from_the_lcd32_data[13] ; clk_in     ; 8.030 ; 8.030 ; Rise       ; inst|altpll_component|pll|clk[0] ;
;  bidir_port_to_and_from_the_lcd32_data[14] ; clk_in     ; 7.999 ; 7.999 ; Rise       ; inst|altpll_component|pll|clk[0] ;
;  bidir_port_to_and_from_the_lcd32_data[15] ; clk_in     ; 8.112 ; 8.112 ; Rise       ; inst|altpll_component|pll|clk[0] ;
+--------------------------------------------+------------+-------+-------+------------+----------------------------------+


+---------------------------------------------------------------------------------------------------------------------------+
; Hold Times                                                                                                                ;
+--------------------------------------------+------------+--------+--------+------------+----------------------------------+
; Data Port                                  ; Clock Port ; Rise   ; Fall   ; Clock Edge ; Clock Reference                  ;
+--------------------------------------------+------------+--------+--------+------------+----------------------------------+
; DQ[*]                                      ; clk_in     ; -1.215 ; -1.215 ; Rise       ; inst|altpll_component|pll|clk[0] ;
;  DQ[0]                                     ; clk_in     ; -1.366 ; -1.366 ; Rise       ; inst|altpll_component|pll|clk[0] ;
;  DQ[1]                                     ; clk_in     ; -1.366 ; -1.366 ; Rise       ; inst|altpll_component|pll|clk[0] ;
;  DQ[2]                                     ; clk_in     ; -1.355 ; -1.355 ; Rise       ; inst|altpll_component|pll|clk[0] ;
;  DQ[3]                                     ; clk_in     ; -1.361 ; -1.361 ; Rise       ; inst|altpll_component|pll|clk[0] ;
;  DQ[4]                                     ; clk_in     ; -1.345 ; -1.345 ; Rise       ; inst|altpll_component|pll|clk[0] ;
;  DQ[5]                                     ; clk_in     ; -1.345 ; -1.345 ; Rise       ; inst|altpll_component|pll|clk[0] ;
;  DQ[6]                                     ; clk_in     ; -1.225 ; -1.225 ; Rise       ; inst|altpll_component|pll|clk[0] ;
;  DQ[7]                                     ; clk_in     ; -1.215 ; -1.215 ; Rise       ; inst|altpll_component|pll|clk[0] ;
;  DQ[8]                                     ; clk_in     ; -1.339 ; -1.339 ; Rise       ; inst|altpll_component|pll|clk[0] ;
;  DQ[9]                                     ; clk_in     ; -1.341 ; -1.341 ; Rise       ; inst|altpll_component|pll|clk[0] ;
;  DQ[10]                                    ; clk_in     ; -1.351 ; -1.351 ; Rise       ; inst|altpll_component|pll|clk[0] ;
;  DQ[11]                                    ; clk_in     ; -1.341 ; -1.341 ; Rise       ; inst|altpll_component|pll|clk[0] ;
;  DQ[12]                                    ; clk_in     ; -1.341 ; -1.341 ; Rise       ; inst|altpll_component|pll|clk[0] ;
;  DQ[13]                                    ; clk_in     ; -1.353 ; -1.353 ; Rise       ; inst|altpll_component|pll|clk[0] ;
;  DQ[14]                                    ; clk_in     ; -1.341 ; -1.341 ; Rise       ; inst|altpll_component|pll|clk[0] ;
;  DQ[15]                                    ; clk_in     ; -1.337 ; -1.337 ; Rise       ; inst|altpll_component|pll|clk[0] ;
; MISO_to_the_spi_touch                      ; clk_in     ; -7.645 ; -7.645 ; Rise       ; inst|altpll_component|pll|clk[0] ;
; bidir_port_to_and_from_the_lcd32_data[*]   ; clk_in     ; -7.066 ; -7.066 ; Rise       ; inst|altpll_component|pll|clk[0] ;
;  bidir_port_to_and_from_the_lcd32_data[0]  ; clk_in     ; -7.170 ; -7.170 ; Rise       ; inst|altpll_component|pll|clk[0] ;
;  bidir_port_to_and_from_the_lcd32_data[1]  ; clk_in     ; -7.642 ; -7.642 ; Rise       ; inst|altpll_component|pll|clk[0] ;
;  bidir_port_to_and_from_the_lcd32_data[2]  ; clk_in     ; -7.498 ; -7.498 ; Rise       ; inst|altpll_component|pll|clk[0] ;
;  bidir_port_to_and_from_the_lcd32_data[3]  ; clk_in     ; -7.166 ; -7.166 ; Rise       ; inst|altpll_component|pll|clk[0] ;
;  bidir_port_to_and_from_the_lcd32_data[4]  ; clk_in     ; -7.222 ; -7.222 ; Rise       ; inst|altpll_component|pll|clk[0] ;
;  bidir_port_to_and_from_the_lcd32_data[5]  ; clk_in     ; -7.066 ; -7.066 ; Rise       ; inst|altpll_component|pll|clk[0] ;
;  bidir_port_to_and_from_the_lcd32_data[6]  ; clk_in     ; -7.619 ; -7.619 ; Rise       ; inst|altpll_component|pll|clk[0] ;
;  bidir_port_to_and_from_the_lcd32_data[7]  ; clk_in     ; -7.155 ; -7.155 ; Rise       ; inst|altpll_component|pll|clk[0] ;
;  bidir_port_to_and_from_the_lcd32_data[8]  ; clk_in     ; -7.378 ; -7.378 ; Rise       ; inst|altpll_component|pll|clk[0] ;
;  bidir_port_to_and_from_the_lcd32_data[9]  ; clk_in     ; -8.373 ; -8.373 ; Rise       ; inst|altpll_component|pll|clk[0] ;
;  bidir_port_to_and_from_the_lcd32_data[10] ; clk_in     ; -7.721 ; -7.721 ; Rise       ; inst|altpll_component|pll|clk[0] ;
;  bidir_port_to_and_from_the_lcd32_data[11] ; clk_in     ; -8.135 ; -8.135 ; Rise       ; inst|altpll_component|pll|clk[0] ;
;  bidir_port_to_and_from_the_lcd32_data[12] ; clk_in     ; -7.745 ; -7.745 ; Rise       ; inst|altpll_component|pll|clk[0] ;
;  bidir_port_to_and_from_the_lcd32_data[13] ; clk_in     ; -7.764 ; -7.764 ; Rise       ; inst|altpll_component|pll|clk[0] ;
;  bidir_port_to_and_from_the_lcd32_data[14] ; clk_in     ; -7.733 ; -7.733 ; Rise       ; inst|altpll_component|pll|clk[0] ;
;  bidir_port_to_and_from_the_lcd32_data[15] ; clk_in     ; -7.846 ; -7.846 ; Rise       ; inst|altpll_component|pll|clk[0] ;
+--------------------------------------------+------------+--------+--------+------------+----------------------------------+


+---------------------------------------------------------------------------------------------------------------------------+
; Clock to Output Times                                                                                                     ;
+--------------------------------------------+------------+--------+--------+------------+----------------------------------+
; Data Port                                  ; Clock Port ; Rise   ; Fall   ; Clock Edge ; Clock Reference                  ;
+--------------------------------------------+------------+--------+--------+------------+----------------------------------+
; BA[*]                                      ; clk_in     ; 3.166  ; 3.166  ; Rise       ; inst|altpll_component|pll|clk[0] ;
;  BA[0]                                     ; clk_in     ; 3.166  ; 3.166  ; Rise       ; inst|altpll_component|pll|clk[0] ;
;  BA[1]                                     ; clk_in     ; 3.154  ; 3.154  ; Rise       ; inst|altpll_component|pll|clk[0] ;
; CAS                                        ; clk_in     ; 3.167  ; 3.167  ; Rise       ; inst|altpll_component|pll|clk[0] ;
; CS                                         ; clk_in     ; 3.156  ; 3.156  ; Rise       ; inst|altpll_component|pll|clk[0] ;
; DQ[*]                                      ; clk_in     ; 3.169  ; 3.169  ; Rise       ; inst|altpll_component|pll|clk[0] ;
;  DQ[0]                                     ; clk_in     ; 2.752  ; 2.752  ; Rise       ; inst|altpll_component|pll|clk[0] ;
;  DQ[1]                                     ; clk_in     ; 2.752  ; 2.752  ; Rise       ; inst|altpll_component|pll|clk[0] ;
;  DQ[2]                                     ; clk_in     ; 2.763  ; 2.763  ; Rise       ; inst|altpll_component|pll|clk[0] ;
;  DQ[3]                                     ; clk_in     ; 2.757  ; 2.757  ; Rise       ; inst|altpll_component|pll|clk[0] ;
;  DQ[4]                                     ; clk_in     ; 2.753  ; 2.753  ; Rise       ; inst|altpll_component|pll|clk[0] ;
;  DQ[5]                                     ; clk_in     ; 2.753  ; 2.753  ; Rise       ; inst|altpll_component|pll|clk[0] ;
;  DQ[6]                                     ; clk_in     ; 3.169  ; 3.169  ; Rise       ; inst|altpll_component|pll|clk[0] ;
;  DQ[7]                                     ; clk_in     ; 3.159  ; 3.159  ; Rise       ; inst|altpll_component|pll|clk[0] ;
;  DQ[8]                                     ; clk_in     ; 2.779  ; 2.779  ; Rise       ; inst|altpll_component|pll|clk[0] ;
;  DQ[9]                                     ; clk_in     ; 2.777  ; 2.777  ; Rise       ; inst|altpll_component|pll|clk[0] ;
;  DQ[10]                                    ; clk_in     ; 2.787  ; 2.787  ; Rise       ; inst|altpll_component|pll|clk[0] ;
;  DQ[11]                                    ; clk_in     ; 2.757  ; 2.757  ; Rise       ; inst|altpll_component|pll|clk[0] ;
;  DQ[12]                                    ; clk_in     ; 2.757  ; 2.757  ; Rise       ; inst|altpll_component|pll|clk[0] ;
;  DQ[13]                                    ; clk_in     ; 2.745  ; 2.745  ; Rise       ; inst|altpll_component|pll|clk[0] ;
;  DQ[14]                                    ; clk_in     ; 2.757  ; 2.757  ; Rise       ; inst|altpll_component|pll|clk[0] ;
;  DQ[15]                                    ; clk_in     ; 2.761  ; 2.761  ; Rise       ; inst|altpll_component|pll|clk[0] ;
; MOSI_from_the_spi_touch                    ; clk_in     ; 5.710  ; 5.710  ; Rise       ; inst|altpll_component|pll|clk[0] ;
; RA[*]                                      ; clk_in     ; 3.178  ; 3.178  ; Rise       ; inst|altpll_component|pll|clk[0] ;
;  RA[0]                                     ; clk_in     ; 3.132  ; 3.132  ; Rise       ; inst|altpll_component|pll|clk[0] ;
;  RA[1]                                     ; clk_in     ; 3.152  ; 3.152  ; Rise       ; inst|altpll_component|pll|clk[0] ;
;  RA[2]                                     ; clk_in     ; 3.133  ; 3.133  ; Rise       ; inst|altpll_component|pll|clk[0] ;
;  RA[3]                                     ; clk_in     ; 3.133  ; 3.133  ; Rise       ; inst|altpll_component|pll|clk[0] ;
;  RA[4]                                     ; clk_in     ; 3.153  ; 3.153  ; Rise       ; inst|altpll_component|pll|clk[0] ;
;  RA[5]                                     ; clk_in     ; 3.153  ; 3.153  ; Rise       ; inst|altpll_component|pll|clk[0] ;
;  RA[6]                                     ; clk_in     ; 3.163  ; 3.163  ; Rise       ; inst|altpll_component|pll|clk[0] ;
;  RA[7]                                     ; clk_in     ; 3.161  ; 3.161  ; Rise       ; inst|altpll_component|pll|clk[0] ;
;  RA[8]                                     ; clk_in     ; 3.157  ; 3.157  ; Rise       ; inst|altpll_component|pll|clk[0] ;
;  RA[9]                                     ; clk_in     ; 3.163  ; 3.163  ; Rise       ; inst|altpll_component|pll|clk[0] ;
;  RA[10]                                    ; clk_in     ; 3.154  ; 3.154  ; Rise       ; inst|altpll_component|pll|clk[0] ;
;  RA[11]                                    ; clk_in     ; 3.178  ; 3.178  ; Rise       ; inst|altpll_component|pll|clk[0] ;
;  RA[12]                                    ; clk_in     ; 3.168  ; 3.168  ; Rise       ; inst|altpll_component|pll|clk[0] ;
; RAS                                        ; clk_in     ; 3.167  ; 3.167  ; Rise       ; inst|altpll_component|pll|clk[0] ;
; SCLK_from_the_spi_touch                    ; clk_in     ; 4.929  ; 4.929  ; Rise       ; inst|altpll_component|pll|clk[0] ;
; SS_n_from_the_spi_touch                    ; clk_in     ; 7.139  ; 7.139  ; Rise       ; inst|altpll_component|pll|clk[0] ;
; S_DQM[*]                                   ; clk_in     ; 3.167  ; 3.167  ; Rise       ; inst|altpll_component|pll|clk[0] ;
;  S_DQM[0]                                  ; clk_in     ; 3.167  ; 3.167  ; Rise       ; inst|altpll_component|pll|clk[0] ;
;  S_DQM[1]                                  ; clk_in     ; 2.789  ; 2.789  ; Rise       ; inst|altpll_component|pll|clk[0] ;
; WE                                         ; clk_in     ; 3.169  ; 3.169  ; Rise       ; inst|altpll_component|pll|clk[0] ;
; bidir_port_to_and_from_the_lcd32_data[*]   ; clk_in     ; 6.029  ; 6.029  ; Rise       ; inst|altpll_component|pll|clk[0] ;
;  bidir_port_to_and_from_the_lcd32_data[0]  ; clk_in     ; 5.932  ; 5.932  ; Rise       ; inst|altpll_component|pll|clk[0] ;
;  bidir_port_to_and_from_the_lcd32_data[1]  ; clk_in     ; 5.976  ; 5.976  ; Rise       ; inst|altpll_component|pll|clk[0] ;
;  bidir_port_to_and_from_the_lcd32_data[2]  ; clk_in     ; 5.937  ; 5.937  ; Rise       ; inst|altpll_component|pll|clk[0] ;
;  bidir_port_to_and_from_the_lcd32_data[3]  ; clk_in     ; 6.029  ; 6.029  ; Rise       ; inst|altpll_component|pll|clk[0] ;
;  bidir_port_to_and_from_the_lcd32_data[4]  ; clk_in     ; 5.554  ; 5.554  ; Rise       ; inst|altpll_component|pll|clk[0] ;
;  bidir_port_to_and_from_the_lcd32_data[5]  ; clk_in     ; 5.518  ; 5.518  ; Rise       ; inst|altpll_component|pll|clk[0] ;
;  bidir_port_to_and_from_the_lcd32_data[6]  ; clk_in     ; 5.064  ; 5.064  ; Rise       ; inst|altpll_component|pll|clk[0] ;
;  bidir_port_to_and_from_the_lcd32_data[7]  ; clk_in     ; 5.743  ; 5.743  ; Rise       ; inst|altpll_component|pll|clk[0] ;
;  bidir_port_to_and_from_the_lcd32_data[8]  ; clk_in     ; 5.342  ; 5.342  ; Rise       ; inst|altpll_component|pll|clk[0] ;
;  bidir_port_to_and_from_the_lcd32_data[9]  ; clk_in     ; 5.619  ; 5.619  ; Rise       ; inst|altpll_component|pll|clk[0] ;
;  bidir_port_to_and_from_the_lcd32_data[10] ; clk_in     ; 5.629  ; 5.629  ; Rise       ; inst|altpll_component|pll|clk[0] ;
;  bidir_port_to_and_from_the_lcd32_data[11] ; clk_in     ; 5.288  ; 5.288  ; Rise       ; inst|altpll_component|pll|clk[0] ;
;  bidir_port_to_and_from_the_lcd32_data[12] ; clk_in     ; 5.277  ; 5.277  ; Rise       ; inst|altpll_component|pll|clk[0] ;
;  bidir_port_to_and_from_the_lcd32_data[13] ; clk_in     ; 4.899  ; 4.899  ; Rise       ; inst|altpll_component|pll|clk[0] ;
;  bidir_port_to_and_from_the_lcd32_data[14] ; clk_in     ; 4.910  ; 4.910  ; Rise       ; inst|altpll_component|pll|clk[0] ;
;  bidir_port_to_and_from_the_lcd32_data[15] ; clk_in     ; 4.917  ; 4.917  ; Rise       ; inst|altpll_component|pll|clk[0] ;
; buzz[*]                                    ; clk_in     ; 5.803  ; 5.803  ; Rise       ; inst|altpll_component|pll|clk[0] ;
;  buzz[0]                                   ; clk_in     ; 5.803  ; 5.803  ; Rise       ; inst|altpll_component|pll|clk[0] ;
;  buzz[1]                                   ; clk_in     ; 5.474  ; 5.474  ; Rise       ; inst|altpll_component|pll|clk[0] ;
;  buzz[2]                                   ; clk_in     ; 5.719  ; 5.719  ; Rise       ; inst|altpll_component|pll|clk[0] ;
;  buzz[3]                                   ; clk_in     ; 5.318  ; 5.318  ; Rise       ; inst|altpll_component|pll|clk[0] ;
; led[*]                                     ; clk_in     ; 6.021  ; 6.021  ; Rise       ; inst|altpll_component|pll|clk[0] ;
;  led[0]                                    ; clk_in     ; 5.252  ; 5.252  ; Rise       ; inst|altpll_component|pll|clk[0] ;
;  led[1]                                    ; clk_in     ; 5.250  ; 5.250  ; Rise       ; inst|altpll_component|pll|clk[0] ;
;  led[2]                                    ; clk_in     ; 6.021  ; 6.021  ; Rise       ; inst|altpll_component|pll|clk[0] ;
;  led[3]                                    ; clk_in     ; 5.766  ; 5.766  ; Rise       ; inst|altpll_component|pll|clk[0] ;
; out_port_from_the_bl_n                     ; clk_in     ; 6.034  ; 6.034  ; Rise       ; inst|altpll_component|pll|clk[0] ;
; out_port_from_the_bl_p                     ; clk_in     ; 5.484  ; 5.484  ; Rise       ; inst|altpll_component|pll|clk[0] ;
; out_port_from_the_lcd_cs                   ; clk_in     ; 5.734  ; 5.734  ; Rise       ; inst|altpll_component|pll|clk[0] ;
; out_port_from_the_lcd_rd                   ; clk_in     ; 5.041  ; 5.041  ; Rise       ; inst|altpll_component|pll|clk[0] ;
; out_port_from_the_lcd_rs                   ; clk_in     ; 5.756  ; 5.756  ; Rise       ; inst|altpll_component|pll|clk[0] ;
; out_port_from_the_lcd_wr                   ; clk_in     ; 5.039  ; 5.039  ; Rise       ; inst|altpll_component|pll|clk[0] ;
; out_port_from_the_reset                    ; clk_in     ; 6.246  ; 6.246  ; Rise       ; inst|altpll_component|pll|clk[0] ;
; out_port_from_the_touch_cs                 ; clk_in     ; 4.974  ; 4.974  ; Rise       ; inst|altpll_component|pll|clk[0] ;
; S_CLK                                      ; clk_in     ; -1.384 ;        ; Rise       ; inst|altpll_component|pll|clk[1] ;
; S_CLK                                      ; clk_in     ;        ; -1.384 ; Fall       ; inst|altpll_component|pll|clk[1] ;
+--------------------------------------------+------------+--------+--------+------------+----------------------------------+


+---------------------------------------------------------------------------------------------------------------------------+
; Minimum Clock to Output Times                                                                                             ;
+--------------------------------------------+------------+--------+--------+------------+----------------------------------+
; Data Port                                  ; Clock Port ; Rise   ; Fall   ; Clock Edge ; Clock Reference                  ;
+--------------------------------------------+------------+--------+--------+------------+----------------------------------+
; BA[*]                                      ; clk_in     ; 3.154  ; 3.154  ; Rise       ; inst|altpll_component|pll|clk[0] ;
;  BA[0]                                     ; clk_in     ; 3.166  ; 3.166  ; Rise       ; inst|altpll_component|pll|clk[0] ;
;  BA[1]                                     ; clk_in     ; 3.154  ; 3.154  ; Rise       ; inst|altpll_component|pll|clk[0] ;
; CAS                                        ; clk_in     ; 3.167  ; 3.167  ; Rise       ; inst|altpll_component|pll|clk[0] ;
; CS                                         ; clk_in     ; 3.156  ; 3.156  ; Rise       ; inst|altpll_component|pll|clk[0] ;
; DQ[*]                                      ; clk_in     ; 2.733  ; 2.733  ; Rise       ; inst|altpll_component|pll|clk[0] ;
;  DQ[0]                                     ; clk_in     ; 2.740  ; 2.740  ; Rise       ; inst|altpll_component|pll|clk[0] ;
;  DQ[1]                                     ; clk_in     ; 2.740  ; 2.740  ; Rise       ; inst|altpll_component|pll|clk[0] ;
;  DQ[2]                                     ; clk_in     ; 2.751  ; 2.751  ; Rise       ; inst|altpll_component|pll|clk[0] ;
;  DQ[3]                                     ; clk_in     ; 2.745  ; 2.745  ; Rise       ; inst|altpll_component|pll|clk[0] ;
;  DQ[4]                                     ; clk_in     ; 2.741  ; 2.741  ; Rise       ; inst|altpll_component|pll|clk[0] ;
;  DQ[5]                                     ; clk_in     ; 2.741  ; 2.741  ; Rise       ; inst|altpll_component|pll|clk[0] ;
;  DQ[6]                                     ; clk_in     ; 3.143  ; 3.143  ; Rise       ; inst|altpll_component|pll|clk[0] ;
;  DQ[7]                                     ; clk_in     ; 3.133  ; 3.133  ; Rise       ; inst|altpll_component|pll|clk[0] ;
;  DQ[8]                                     ; clk_in     ; 2.767  ; 2.767  ; Rise       ; inst|altpll_component|pll|clk[0] ;
;  DQ[9]                                     ; clk_in     ; 2.765  ; 2.765  ; Rise       ; inst|altpll_component|pll|clk[0] ;
;  DQ[10]                                    ; clk_in     ; 2.775  ; 2.775  ; Rise       ; inst|altpll_component|pll|clk[0] ;
;  DQ[11]                                    ; clk_in     ; 2.745  ; 2.745  ; Rise       ; inst|altpll_component|pll|clk[0] ;
;  DQ[12]                                    ; clk_in     ; 2.745  ; 2.745  ; Rise       ; inst|altpll_component|pll|clk[0] ;
;  DQ[13]                                    ; clk_in     ; 2.733  ; 2.733  ; Rise       ; inst|altpll_component|pll|clk[0] ;
;  DQ[14]                                    ; clk_in     ; 2.745  ; 2.745  ; Rise       ; inst|altpll_component|pll|clk[0] ;
;  DQ[15]                                    ; clk_in     ; 2.749  ; 2.749  ; Rise       ; inst|altpll_component|pll|clk[0] ;
; MOSI_from_the_spi_touch                    ; clk_in     ; 5.710  ; 5.710  ; Rise       ; inst|altpll_component|pll|clk[0] ;
; RA[*]                                      ; clk_in     ; 3.132  ; 3.132  ; Rise       ; inst|altpll_component|pll|clk[0] ;
;  RA[0]                                     ; clk_in     ; 3.132  ; 3.132  ; Rise       ; inst|altpll_component|pll|clk[0] ;
;  RA[1]                                     ; clk_in     ; 3.152  ; 3.152  ; Rise       ; inst|altpll_component|pll|clk[0] ;
;  RA[2]                                     ; clk_in     ; 3.133  ; 3.133  ; Rise       ; inst|altpll_component|pll|clk[0] ;
;  RA[3]                                     ; clk_in     ; 3.133  ; 3.133  ; Rise       ; inst|altpll_component|pll|clk[0] ;
;  RA[4]                                     ; clk_in     ; 3.153  ; 3.153  ; Rise       ; inst|altpll_component|pll|clk[0] ;
;  RA[5]                                     ; clk_in     ; 3.153  ; 3.153  ; Rise       ; inst|altpll_component|pll|clk[0] ;
;  RA[6]                                     ; clk_in     ; 3.163  ; 3.163  ; Rise       ; inst|altpll_component|pll|clk[0] ;
;  RA[7]                                     ; clk_in     ; 3.161  ; 3.161  ; Rise       ; inst|altpll_component|pll|clk[0] ;
;  RA[8]                                     ; clk_in     ; 3.157  ; 3.157  ; Rise       ; inst|altpll_component|pll|clk[0] ;
;  RA[9]                                     ; clk_in     ; 3.163  ; 3.163  ; Rise       ; inst|altpll_component|pll|clk[0] ;
;  RA[10]                                    ; clk_in     ; 3.154  ; 3.154  ; Rise       ; inst|altpll_component|pll|clk[0] ;
;  RA[11]                                    ; clk_in     ; 3.178  ; 3.178  ; Rise       ; inst|altpll_component|pll|clk[0] ;
;  RA[12]                                    ; clk_in     ; 3.168  ; 3.168  ; Rise       ; inst|altpll_component|pll|clk[0] ;
; RAS                                        ; clk_in     ; 3.167  ; 3.167  ; Rise       ; inst|altpll_component|pll|clk[0] ;
; SCLK_from_the_spi_touch                    ; clk_in     ; 4.929  ; 4.929  ; Rise       ; inst|altpll_component|pll|clk[0] ;
; SS_n_from_the_spi_touch                    ; clk_in     ; 5.842  ; 5.842  ; Rise       ; inst|altpll_component|pll|clk[0] ;
; S_DQM[*]                                   ; clk_in     ; 2.789  ; 2.789  ; Rise       ; inst|altpll_component|pll|clk[0] ;
;  S_DQM[0]                                  ; clk_in     ; 3.167  ; 3.167  ; Rise       ; inst|altpll_component|pll|clk[0] ;
;  S_DQM[1]                                  ; clk_in     ; 2.789  ; 2.789  ; Rise       ; inst|altpll_component|pll|clk[0] ;
; WE                                         ; clk_in     ; 3.169  ; 3.169  ; Rise       ; inst|altpll_component|pll|clk[0] ;
; bidir_port_to_and_from_the_lcd32_data[*]   ; clk_in     ; 4.899  ; 4.899  ; Rise       ; inst|altpll_component|pll|clk[0] ;
;  bidir_port_to_and_from_the_lcd32_data[0]  ; clk_in     ; 5.932  ; 5.932  ; Rise       ; inst|altpll_component|pll|clk[0] ;
;  bidir_port_to_and_from_the_lcd32_data[1]  ; clk_in     ; 5.976  ; 5.976  ; Rise       ; inst|altpll_component|pll|clk[0] ;
;  bidir_port_to_and_from_the_lcd32_data[2]  ; clk_in     ; 5.937  ; 5.937  ; Rise       ; inst|altpll_component|pll|clk[0] ;
;  bidir_port_to_and_from_the_lcd32_data[3]  ; clk_in     ; 6.029  ; 6.029  ; Rise       ; inst|altpll_component|pll|clk[0] ;
;  bidir_port_to_and_from_the_lcd32_data[4]  ; clk_in     ; 5.554  ; 5.554  ; Rise       ; inst|altpll_component|pll|clk[0] ;
;  bidir_port_to_and_from_the_lcd32_data[5]  ; clk_in     ; 5.518  ; 5.518  ; Rise       ; inst|altpll_component|pll|clk[0] ;
;  bidir_port_to_and_from_the_lcd32_data[6]  ; clk_in     ; 5.064  ; 5.064  ; Rise       ; inst|altpll_component|pll|clk[0] ;
;  bidir_port_to_and_from_the_lcd32_data[7]  ; clk_in     ; 5.743  ; 5.743  ; Rise       ; inst|altpll_component|pll|clk[0] ;
;  bidir_port_to_and_from_the_lcd32_data[8]  ; clk_in     ; 5.342  ; 5.342  ; Rise       ; inst|altpll_component|pll|clk[0] ;
;  bidir_port_to_and_from_the_lcd32_data[9]  ; clk_in     ; 5.619  ; 5.619  ; Rise       ; inst|altpll_component|pll|clk[0] ;
;  bidir_port_to_and_from_the_lcd32_data[10] ; clk_in     ; 5.629  ; 5.629  ; Rise       ; inst|altpll_component|pll|clk[0] ;
;  bidir_port_to_and_from_the_lcd32_data[11] ; clk_in     ; 5.288  ; 5.288  ; Rise       ; inst|altpll_component|pll|clk[0] ;
;  bidir_port_to_and_from_the_lcd32_data[12] ; clk_in     ; 5.277  ; 5.277  ; Rise       ; inst|altpll_component|pll|clk[0] ;
;  bidir_port_to_and_from_the_lcd32_data[13] ; clk_in     ; 4.899  ; 4.899  ; Rise       ; inst|altpll_component|pll|clk[0] ;
;  bidir_port_to_and_from_the_lcd32_data[14] ; clk_in     ; 4.910  ; 4.910  ; Rise       ; inst|altpll_component|pll|clk[0] ;
;  bidir_port_to_and_from_the_lcd32_data[15] ; clk_in     ; 4.917  ; 4.917  ; Rise       ; inst|altpll_component|pll|clk[0] ;
; buzz[*]                                    ; clk_in     ; 5.318  ; 5.318  ; Rise       ; inst|altpll_component|pll|clk[0] ;
;  buzz[0]                                   ; clk_in     ; 5.803  ; 5.803  ; Rise       ; inst|altpll_component|pll|clk[0] ;
;  buzz[1]                                   ; clk_in     ; 5.474  ; 5.474  ; Rise       ; inst|altpll_component|pll|clk[0] ;
;  buzz[2]                                   ; clk_in     ; 5.719  ; 5.719  ; Rise       ; inst|altpll_component|pll|clk[0] ;
;  buzz[3]                                   ; clk_in     ; 5.318  ; 5.318  ; Rise       ; inst|altpll_component|pll|clk[0] ;
; led[*]                                     ; clk_in     ; 5.250  ; 5.250  ; Rise       ; inst|altpll_component|pll|clk[0] ;
;  led[0]                                    ; clk_in     ; 5.252  ; 5.252  ; Rise       ; inst|altpll_component|pll|clk[0] ;
;  led[1]                                    ; clk_in     ; 5.250  ; 5.250  ; Rise       ; inst|altpll_component|pll|clk[0] ;
;  led[2]                                    ; clk_in     ; 6.021  ; 6.021  ; Rise       ; inst|altpll_component|pll|clk[0] ;
;  led[3]                                    ; clk_in     ; 5.766  ; 5.766  ; Rise       ; inst|altpll_component|pll|clk[0] ;
; out_port_from_the_bl_n                     ; clk_in     ; 6.034  ; 6.034  ; Rise       ; inst|altpll_component|pll|clk[0] ;
; out_port_from_the_bl_p                     ; clk_in     ; 5.484  ; 5.484  ; Rise       ; inst|altpll_component|pll|clk[0] ;
; out_port_from_the_lcd_cs                   ; clk_in     ; 5.734  ; 5.734  ; Rise       ; inst|altpll_component|pll|clk[0] ;
; out_port_from_the_lcd_rd                   ; clk_in     ; 5.041  ; 5.041  ; Rise       ; inst|altpll_component|pll|clk[0] ;
; out_port_from_the_lcd_rs                   ; clk_in     ; 5.756  ; 5.756  ; Rise       ; inst|altpll_component|pll|clk[0] ;
; out_port_from_the_lcd_wr                   ; clk_in     ; 5.039  ; 5.039  ; Rise       ; inst|altpll_component|pll|clk[0] ;
; out_port_from_the_reset                    ; clk_in     ; 6.246  ; 6.246  ; Rise       ; inst|altpll_component|pll|clk[0] ;
; out_port_from_the_touch_cs                 ; clk_in     ; 4.974  ; 4.974  ; Rise       ; inst|altpll_component|pll|clk[0] ;
; S_CLK                                      ; clk_in     ; -1.384 ;        ; Rise       ; inst|altpll_component|pll|clk[1] ;
; S_CLK                                      ; clk_in     ;        ; -1.384 ; Fall       ; inst|altpll_component|pll|clk[1] ;
+--------------------------------------------+------------+--------+--------+------------+----------------------------------+


+------------------------------------------------------------------------------------------------------------------------+
; Output Enable Times                                                                                                    ;
+--------------------------------------------+------------+-------+------+------------+----------------------------------+
; Data Port                                  ; Clock Port ; Rise  ; Fall ; Clock Edge ; Clock Reference                  ;
+--------------------------------------------+------------+-------+------+------------+----------------------------------+
; bidir_port_to_and_from_the_lcd32_data[*]   ; clk_in     ; 4.848 ;      ; Rise       ; inst|altpll_component|pll|clk[0] ;
;  bidir_port_to_and_from_the_lcd32_data[0]  ; clk_in     ; 6.056 ;      ; Rise       ; inst|altpll_component|pll|clk[0] ;
;  bidir_port_to_and_from_the_lcd32_data[1]  ; clk_in     ; 5.876 ;      ; Rise       ; inst|altpll_component|pll|clk[0] ;
;  bidir_port_to_and_from_the_lcd32_data[2]  ; clk_in     ; 5.876 ;      ; Rise       ; inst|altpll_component|pll|clk[0] ;
;  bidir_port_to_and_from_the_lcd32_data[3]  ; clk_in     ; 5.904 ;      ; Rise       ; inst|altpll_component|pll|clk[0] ;
;  bidir_port_to_and_from_the_lcd32_data[4]  ; clk_in     ; 5.399 ;      ; Rise       ; inst|altpll_component|pll|clk[0] ;
;  bidir_port_to_and_from_the_lcd32_data[5]  ; clk_in     ; 5.527 ;      ; Rise       ; inst|altpll_component|pll|clk[0] ;
;  bidir_port_to_and_from_the_lcd32_data[6]  ; clk_in     ; 5.451 ;      ; Rise       ; inst|altpll_component|pll|clk[0] ;
;  bidir_port_to_and_from_the_lcd32_data[7]  ; clk_in     ; 5.837 ;      ; Rise       ; inst|altpll_component|pll|clk[0] ;
;  bidir_port_to_and_from_the_lcd32_data[8]  ; clk_in     ; 5.662 ;      ; Rise       ; inst|altpll_component|pll|clk[0] ;
;  bidir_port_to_and_from_the_lcd32_data[9]  ; clk_in     ; 5.556 ;      ; Rise       ; inst|altpll_component|pll|clk[0] ;
;  bidir_port_to_and_from_the_lcd32_data[10] ; clk_in     ; 5.576 ;      ; Rise       ; inst|altpll_component|pll|clk[0] ;
;  bidir_port_to_and_from_the_lcd32_data[11] ; clk_in     ; 5.411 ;      ; Rise       ; inst|altpll_component|pll|clk[0] ;
;  bidir_port_to_and_from_the_lcd32_data[12] ; clk_in     ; 5.677 ;      ; Rise       ; inst|altpll_component|pll|clk[0] ;
;  bidir_port_to_and_from_the_lcd32_data[13] ; clk_in     ; 5.262 ;      ; Rise       ; inst|altpll_component|pll|clk[0] ;
;  bidir_port_to_and_from_the_lcd32_data[14] ; clk_in     ; 5.218 ;      ; Rise       ; inst|altpll_component|pll|clk[0] ;
;  bidir_port_to_and_from_the_lcd32_data[15] ; clk_in     ; 4.848 ;      ; Rise       ; inst|altpll_component|pll|clk[0] ;
+--------------------------------------------+------------+-------+------+------------+----------------------------------+


+------------------------------------------------------------------------------------------------------------------------+
; Minimum Output Enable Times                                                                                            ;
+--------------------------------------------+------------+-------+------+------------+----------------------------------+
; Data Port                                  ; Clock Port ; Rise  ; Fall ; Clock Edge ; Clock Reference                  ;
+--------------------------------------------+------------+-------+------+------------+----------------------------------+
; bidir_port_to_and_from_the_lcd32_data[*]   ; clk_in     ; 4.848 ;      ; Rise       ; inst|altpll_component|pll|clk[0] ;
;  bidir_port_to_and_from_the_lcd32_data[0]  ; clk_in     ; 6.056 ;      ; Rise       ; inst|altpll_component|pll|clk[0] ;
;  bidir_port_to_and_from_the_lcd32_data[1]  ; clk_in     ; 5.876 ;      ; Rise       ; inst|altpll_component|pll|clk[0] ;
;  bidir_port_to_and_from_the_lcd32_data[2]  ; clk_in     ; 5.876 ;      ; Rise       ; inst|altpll_component|pll|clk[0] ;
;  bidir_port_to_and_from_the_lcd32_data[3]  ; clk_in     ; 5.904 ;      ; Rise       ; inst|altpll_component|pll|clk[0] ;
;  bidir_port_to_and_from_the_lcd32_data[4]  ; clk_in     ; 5.399 ;      ; Rise       ; inst|altpll_component|pll|clk[0] ;
;  bidir_port_to_and_from_the_lcd32_data[5]  ; clk_in     ; 5.527 ;      ; Rise       ; inst|altpll_component|pll|clk[0] ;
;  bidir_port_to_and_from_the_lcd32_data[6]  ; clk_in     ; 5.451 ;      ; Rise       ; inst|altpll_component|pll|clk[0] ;
;  bidir_port_to_and_from_the_lcd32_data[7]  ; clk_in     ; 5.837 ;      ; Rise       ; inst|altpll_component|pll|clk[0] ;
;  bidir_port_to_and_from_the_lcd32_data[8]  ; clk_in     ; 5.662 ;      ; Rise       ; inst|altpll_component|pll|clk[0] ;
;  bidir_port_to_and_from_the_lcd32_data[9]  ; clk_in     ; 5.556 ;      ; Rise       ; inst|altpll_component|pll|clk[0] ;
;  bidir_port_to_and_from_the_lcd32_data[10] ; clk_in     ; 5.576 ;      ; Rise       ; inst|altpll_component|pll|clk[0] ;
;  bidir_port_to_and_from_the_lcd32_data[11] ; clk_in     ; 5.411 ;      ; Rise       ; inst|altpll_component|pll|clk[0] ;
;  bidir_port_to_and_from_the_lcd32_data[12] ; clk_in     ; 5.677 ;      ; Rise       ; inst|altpll_component|pll|clk[0] ;
;  bidir_port_to_and_from_the_lcd32_data[13] ; clk_in     ; 5.262 ;      ; Rise       ; inst|altpll_component|pll|clk[0] ;
;  bidir_port_to_and_from_the_lcd32_data[14] ; clk_in     ; 5.218 ;      ; Rise       ; inst|altpll_component|pll|clk[0] ;
;  bidir_port_to_and_from_the_lcd32_data[15] ; clk_in     ; 4.848 ;      ; Rise       ; inst|altpll_component|pll|clk[0] ;
+--------------------------------------------+------------+-------+------+------------+----------------------------------+


+---------------------------------------------------------------------------------------------------------------------------------+
; Output Disable Times                                                                                                            ;
+--------------------------------------------+------------+-----------+-----------+------------+----------------------------------+
; Data Port                                  ; Clock Port ; 0 to Hi-Z ; 1 to Hi-Z ; Clock Edge ; Clock Reference                  ;
+--------------------------------------------+------------+-----------+-----------+------------+----------------------------------+
; bidir_port_to_and_from_the_lcd32_data[*]   ; clk_in     ; 4.848     ;           ; Rise       ; inst|altpll_component|pll|clk[0] ;
;  bidir_port_to_and_from_the_lcd32_data[0]  ; clk_in     ; 6.056     ;           ; Rise       ; inst|altpll_component|pll|clk[0] ;
;  bidir_port_to_and_from_the_lcd32_data[1]  ; clk_in     ; 5.876     ;           ; Rise       ; inst|altpll_component|pll|clk[0] ;
;  bidir_port_to_and_from_the_lcd32_data[2]  ; clk_in     ; 5.876     ;           ; Rise       ; inst|altpll_component|pll|clk[0] ;
;  bidir_port_to_and_from_the_lcd32_data[3]  ; clk_in     ; 5.904     ;           ; Rise       ; inst|altpll_component|pll|clk[0] ;
;  bidir_port_to_and_from_the_lcd32_data[4]  ; clk_in     ; 5.399     ;           ; Rise       ; inst|altpll_component|pll|clk[0] ;
;  bidir_port_to_and_from_the_lcd32_data[5]  ; clk_in     ; 5.527     ;           ; Rise       ; inst|altpll_component|pll|clk[0] ;
;  bidir_port_to_and_from_the_lcd32_data[6]  ; clk_in     ; 5.451     ;           ; Rise       ; inst|altpll_component|pll|clk[0] ;
;  bidir_port_to_and_from_the_lcd32_data[7]  ; clk_in     ; 5.837     ;           ; Rise       ; inst|altpll_component|pll|clk[0] ;
;  bidir_port_to_and_from_the_lcd32_data[8]  ; clk_in     ; 5.662     ;           ; Rise       ; inst|altpll_component|pll|clk[0] ;
;  bidir_port_to_and_from_the_lcd32_data[9]  ; clk_in     ; 5.556     ;           ; Rise       ; inst|altpll_component|pll|clk[0] ;
;  bidir_port_to_and_from_the_lcd32_data[10] ; clk_in     ; 5.576     ;           ; Rise       ; inst|altpll_component|pll|clk[0] ;
;  bidir_port_to_and_from_the_lcd32_data[11] ; clk_in     ; 5.411     ;           ; Rise       ; inst|altpll_component|pll|clk[0] ;
;  bidir_port_to_and_from_the_lcd32_data[12] ; clk_in     ; 5.677     ;           ; Rise       ; inst|altpll_component|pll|clk[0] ;
;  bidir_port_to_and_from_the_lcd32_data[13] ; clk_in     ; 5.262     ;           ; Rise       ; inst|altpll_component|pll|clk[0] ;
;  bidir_port_to_and_from_the_lcd32_data[14] ; clk_in     ; 5.218     ;           ; Rise       ; inst|altpll_component|pll|clk[0] ;
;  bidir_port_to_and_from_the_lcd32_data[15] ; clk_in     ; 4.848     ;           ; Rise       ; inst|altpll_component|pll|clk[0] ;
+--------------------------------------------+------------+-----------+-----------+------------+----------------------------------+


+---------------------------------------------------------------------------------------------------------------------------------+
; Minimum Output Disable Times                                                                                                    ;
+--------------------------------------------+------------+-----------+-----------+------------+----------------------------------+
; Data Port                                  ; Clock Port ; 0 to Hi-Z ; 1 to Hi-Z ; Clock Edge ; Clock Reference                  ;
+--------------------------------------------+------------+-----------+-----------+------------+----------------------------------+
; bidir_port_to_and_from_the_lcd32_data[*]   ; clk_in     ; 4.848     ;           ; Rise       ; inst|altpll_component|pll|clk[0] ;
;  bidir_port_to_and_from_the_lcd32_data[0]  ; clk_in     ; 6.056     ;           ; Rise       ; inst|altpll_component|pll|clk[0] ;
;  bidir_port_to_and_from_the_lcd32_data[1]  ; clk_in     ; 5.876     ;           ; Rise       ; inst|altpll_component|pll|clk[0] ;
;  bidir_port_to_and_from_the_lcd32_data[2]  ; clk_in     ; 5.876     ;           ; Rise       ; inst|altpll_component|pll|clk[0] ;
;  bidir_port_to_and_from_the_lcd32_data[3]  ; clk_in     ; 5.904     ;           ; Rise       ; inst|altpll_component|pll|clk[0] ;
;  bidir_port_to_and_from_the_lcd32_data[4]  ; clk_in     ; 5.399     ;           ; Rise       ; inst|altpll_component|pll|clk[0] ;
;  bidir_port_to_and_from_the_lcd32_data[5]  ; clk_in     ; 5.527     ;           ; Rise       ; inst|altpll_component|pll|clk[0] ;
;  bidir_port_to_and_from_the_lcd32_data[6]  ; clk_in     ; 5.451     ;           ; Rise       ; inst|altpll_component|pll|clk[0] ;
;  bidir_port_to_and_from_the_lcd32_data[7]  ; clk_in     ; 5.837     ;           ; Rise       ; inst|altpll_component|pll|clk[0] ;
;  bidir_port_to_and_from_the_lcd32_data[8]  ; clk_in     ; 5.662     ;           ; Rise       ; inst|altpll_component|pll|clk[0] ;
;  bidir_port_to_and_from_the_lcd32_data[9]  ; clk_in     ; 5.556     ;           ; Rise       ; inst|altpll_component|pll|clk[0] ;
;  bidir_port_to_and_from_the_lcd32_data[10] ; clk_in     ; 5.576     ;           ; Rise       ; inst|altpll_component|pll|clk[0] ;
;  bidir_port_to_and_from_the_lcd32_data[11] ; clk_in     ; 5.411     ;           ; Rise       ; inst|altpll_component|pll|clk[0] ;
;  bidir_port_to_and_from_the_lcd32_data[12] ; clk_in     ; 5.677     ;           ; Rise       ; inst|altpll_component|pll|clk[0] ;
;  bidir_port_to_and_from_the_lcd32_data[13] ; clk_in     ; 5.262     ;           ; Rise       ; inst|altpll_component|pll|clk[0] ;
;  bidir_port_to_and_from_the_lcd32_data[14] ; clk_in     ; 5.218     ;           ; Rise       ; inst|altpll_component|pll|clk[0] ;
;  bidir_port_to_and_from_the_lcd32_data[15] ; clk_in     ; 4.848     ;           ; Rise       ; inst|altpll_component|pll|clk[0] ;
+--------------------------------------------+------------+-----------+-----------+------------+----------------------------------+


+----------------------------------------------------------+
; Fast Model Setup Summary                                 ;
+----------------------------------+-------+---------------+
; Clock                            ; Slack ; End Point TNS ;
+----------------------------------+-------+---------------+
; inst|altpll_component|pll|clk[0] ; 6.927 ; 0.000         ;
+----------------------------------+-------+---------------+


+----------------------------------------------------------+
; Fast Model Hold Summary                                  ;
+----------------------------------+-------+---------------+
; Clock                            ; Slack ; End Point TNS ;
+----------------------------------+-------+---------------+
; inst|altpll_component|pll|clk[0] ; 0.215 ; 0.000         ;
+----------------------------------+-------+---------------+


+----------------------------------------------------------+
; Fast Model Recovery Summary                              ;
+----------------------------------+-------+---------------+
; Clock                            ; Slack ; End Point TNS ;
+----------------------------------+-------+---------------+
; inst|altpll_component|pll|clk[0] ; 6.595 ; 0.000         ;
+----------------------------------+-------+---------------+


+----------------------------------------------------------+
; Fast Model Removal Summary                               ;
+----------------------------------+-------+---------------+
; Clock                            ; Slack ; End Point TNS ;
+----------------------------------+-------+---------------+
; inst|altpll_component|pll|clk[0] ; 1.618 ; 0.000         ;
+----------------------------------+-------+---------------+


+-----------------------------------------------------------+
; Fast Model Minimum Pulse Width Summary                    ;
+----------------------------------+--------+---------------+
; Clock                            ; Slack  ; End Point TNS ;
+----------------------------------+--------+---------------+
; inst|altpll_component|pll|clk[0] ; 6.206  ; 0.000         ;
; clk_in                           ; 8.333  ; 0.000         ;
; altera_reserved_tck              ; 97.778 ; 0.000         ;
+----------------------------------+--------+---------------+


+-----------------------------------------------------------------------------------------------------------------------------------------------------------------------------------------------------------+
; Fast Model Setup: 'inst|altpll_component|pll|clk[0]'                                                                                                                                                      ;
+-------+-----------------------------------------+------------------------------------------+----------------------------------+----------------------------------+--------------+------------+------------+
; Slack ; From Node                               ; To Node                                  ; Launch Clock                     ; Latch Clock                      ; Relationship ; Clock Skew ; Data Delay ;
+-------+-----------------------------------------+------------------------------------------+----------------------------------+----------------------------------+--------------+------------+------------+
; 6.927 ; SOPC:inst2|SOPC_cpu:cpu|M_rot_step1[0]  ; SOPC:inst2|SOPC_cpu:cpu|Mn_rot_step2[8]  ; inst|altpll_component|pll|clk[0] ; inst|altpll_component|pll|clk[0] ; 8.333        ; 0.003      ; 1.441      ;
; 7.007 ; SOPC:inst2|SOPC_cpu:cpu|M_rot_rn[2]     ; SOPC:inst2|SOPC_cpu:cpu|Mn_rot_step2[25] ; inst|altpll_component|pll|clk[0] ; inst|altpll_component|pll|clk[0] ; 8.333        ; 0.000      ; 1.358      ;
; 7.091 ; SOPC:inst2|SOPC_cpu:cpu|M_rot_rn[2]     ; SOPC:inst2|SOPC_cpu:cpu|Mn_rot_step2[1]  ; inst|altpll_component|pll|clk[0] ; inst|altpll_component|pll|clk[0] ; 8.333        ; 0.000      ; 1.274      ;
; 7.093 ; SOPC:inst2|SOPC_cpu:cpu|M_rot_rn[2]     ; SOPC:inst2|SOPC_cpu:cpu|Mn_rot_step2[27] ; inst|altpll_component|pll|clk[0] ; inst|altpll_component|pll|clk[0] ; 8.333        ; 0.000      ; 1.272      ;
; 7.095 ; SOPC:inst2|SOPC_cpu:cpu|M_rot_rn[2]     ; SOPC:inst2|SOPC_cpu:cpu|Mn_rot_step2[15] ; inst|altpll_component|pll|clk[0] ; inst|altpll_component|pll|clk[0] ; 8.333        ; 0.000      ; 1.270      ;
; 7.096 ; SOPC:inst2|SOPC_cpu:cpu|M_rot_rn[2]     ; SOPC:inst2|SOPC_cpu:cpu|Mn_rot_step2[17] ; inst|altpll_component|pll|clk[0] ; inst|altpll_component|pll|clk[0] ; 8.333        ; 0.000      ; 1.269      ;
; 7.098 ; SOPC:inst2|SOPC_cpu:cpu|M_rot_step1[0]  ; SOPC:inst2|SOPC_cpu:cpu|Mn_rot_step2[12] ; inst|altpll_component|pll|clk[0] ; inst|altpll_component|pll|clk[0] ; 8.333        ; 0.003      ; 1.270      ;
; 7.101 ; SOPC:inst2|SOPC_cpu:cpu|M_rot_rn[2]     ; SOPC:inst2|SOPC_cpu:cpu|Mn_rot_step2[21] ; inst|altpll_component|pll|clk[0] ; inst|altpll_component|pll|clk[0] ; 8.333        ; 0.000      ; 1.264      ;
; 7.103 ; SOPC:inst2|SOPC_cpu:cpu|M_rot_rn[2]     ; SOPC:inst2|SOPC_cpu:cpu|Mn_rot_step2[19] ; inst|altpll_component|pll|clk[0] ; inst|altpll_component|pll|clk[0] ; 8.333        ; 0.000      ; 1.262      ;
; 7.109 ; SOPC:inst2|SOPC_cpu:cpu|M_rot_rn[2]     ; SOPC:inst2|SOPC_cpu:cpu|Mn_rot_step2[13] ; inst|altpll_component|pll|clk[0] ; inst|altpll_component|pll|clk[0] ; 8.333        ; 0.000      ; 1.256      ;
; 7.111 ; SOPC:inst2|SOPC_cpu:cpu|M_rot_step1[28] ; SOPC:inst2|SOPC_cpu:cpu|Mn_rot_step2[8]  ; inst|altpll_component|pll|clk[0] ; inst|altpll_component|pll|clk[0] ; 8.333        ; 0.003      ; 1.257      ;
; 7.113 ; SOPC:inst2|SOPC_cpu:cpu|M_rot_step1[22] ; SOPC:inst2|SOPC_cpu:cpu|Mn_rot_step2[30] ; inst|altpll_component|pll|clk[0] ; inst|altpll_component|pll|clk[0] ; 8.333        ; 0.002      ; 1.254      ;
; 7.115 ; SOPC:inst2|SOPC_cpu:cpu|M_rot_step1[18] ; SOPC:inst2|SOPC_cpu:cpu|Mn_rot_step2[30] ; inst|altpll_component|pll|clk[0] ; inst|altpll_component|pll|clk[0] ; 8.333        ; 0.002      ; 1.252      ;
; 7.125 ; SOPC:inst2|SOPC_cpu:cpu|M_rot_rn[2]     ; SOPC:inst2|SOPC_cpu:cpu|Mn_rot_step2[31] ; inst|altpll_component|pll|clk[0] ; inst|altpll_component|pll|clk[0] ; 8.333        ; 0.000      ; 1.240      ;
; 7.174 ; SOPC:inst2|SOPC_cpu:cpu|M_rot_rn[2]     ; SOPC:inst2|SOPC_cpu:cpu|Mn_rot_step2[5]  ; inst|altpll_component|pll|clk[0] ; inst|altpll_component|pll|clk[0] ; 8.333        ; 0.000      ; 1.191      ;
; 7.174 ; SOPC:inst2|SOPC_cpu:cpu|M_rot_rn[2]     ; SOPC:inst2|SOPC_cpu:cpu|Mn_rot_step2[7]  ; inst|altpll_component|pll|clk[0] ; inst|altpll_component|pll|clk[0] ; 8.333        ; 0.000      ; 1.191      ;
; 7.180 ; SOPC:inst2|SOPC_cpu:cpu|M_rot_rn[2]     ; SOPC:inst2|SOPC_cpu:cpu|Mn_rot_step2[23] ; inst|altpll_component|pll|clk[0] ; inst|altpll_component|pll|clk[0] ; 8.333        ; 0.000      ; 1.185      ;
; 7.185 ; SOPC:inst2|SOPC_cpu:cpu|M_rot_rn[2]     ; SOPC:inst2|SOPC_cpu:cpu|Mn_rot_step2[9]  ; inst|altpll_component|pll|clk[0] ; inst|altpll_component|pll|clk[0] ; 8.333        ; 0.000      ; 1.180      ;
; 7.188 ; SOPC:inst2|SOPC_cpu:cpu|M_rot_rn[2]     ; SOPC:inst2|SOPC_cpu:cpu|Mn_rot_step2[14] ; inst|altpll_component|pll|clk[0] ; inst|altpll_component|pll|clk[0] ; 8.333        ; 0.004      ; 1.181      ;
; 7.197 ; SOPC:inst2|SOPC_cpu:cpu|M_rot_rn[2]     ; SOPC:inst2|SOPC_cpu:cpu|Mn_rot_step2[26] ; inst|altpll_component|pll|clk[0] ; inst|altpll_component|pll|clk[0] ; 8.333        ; 0.004      ; 1.172      ;
; 7.197 ; SOPC:inst2|SOPC_cpu:cpu|M_rot_rn[2]     ; SOPC:inst2|SOPC_cpu:cpu|Mn_rot_step2[28] ; inst|altpll_component|pll|clk[0] ; inst|altpll_component|pll|clk[0] ; 8.333        ; 0.004      ; 1.172      ;
; 7.200 ; SOPC:inst2|SOPC_cpu:cpu|M_rot_step1[22] ; SOPC:inst2|SOPC_cpu:cpu|Mn_rot_step2[2]  ; inst|altpll_component|pll|clk[0] ; inst|altpll_component|pll|clk[0] ; 8.333        ; 0.002      ; 1.167      ;
; 7.203 ; SOPC:inst2|SOPC_cpu:cpu|M_rot_rn[2]     ; SOPC:inst2|SOPC_cpu:cpu|Mn_rot_step2[22] ; inst|altpll_component|pll|clk[0] ; inst|altpll_component|pll|clk[0] ; 8.333        ; 0.004      ; 1.166      ;
; 7.205 ; SOPC:inst2|SOPC_cpu:cpu|M_rot_step1[6]  ; SOPC:inst2|SOPC_cpu:cpu|Mn_rot_step2[14] ; inst|altpll_component|pll|clk[0] ; inst|altpll_component|pll|clk[0] ; 8.333        ; 0.003      ; 1.163      ;
; 7.206 ; SOPC:inst2|SOPC_cpu:cpu|M_rot_step1[7]  ; SOPC:inst2|SOPC_cpu:cpu|Mn_rot_step2[15] ; inst|altpll_component|pll|clk[0] ; inst|altpll_component|pll|clk[0] ; 8.333        ; 0.005      ; 1.164      ;
; 7.207 ; SOPC:inst2|SOPC_cpu:cpu|M_rot_rn[2]     ; SOPC:inst2|SOPC_cpu:cpu|Mn_rot_step2[4]  ; inst|altpll_component|pll|clk[0] ; inst|altpll_component|pll|clk[0] ; 8.333        ; 0.004      ; 1.162      ;
; 7.207 ; SOPC:inst2|SOPC_cpu:cpu|M_rot_step1[28] ; SOPC:inst2|SOPC_cpu:cpu|Mn_rot_step2[4]  ; inst|altpll_component|pll|clk[0] ; inst|altpll_component|pll|clk[0] ; 8.333        ; 0.003      ; 1.161      ;
; 7.209 ; SOPC:inst2|SOPC_cpu:cpu|M_rot_step1[6]  ; SOPC:inst2|SOPC_cpu:cpu|Mn_rot_step2[18] ; inst|altpll_component|pll|clk[0] ; inst|altpll_component|pll|clk[0] ; 8.333        ; 0.003      ; 1.159      ;
; 7.210 ; SOPC:inst2|SOPC_cpu:cpu|M_rot_step1[7]  ; SOPC:inst2|SOPC_cpu:cpu|Mn_rot_step2[19] ; inst|altpll_component|pll|clk[0] ; inst|altpll_component|pll|clk[0] ; 8.333        ; 0.005      ; 1.160      ;
; 7.214 ; SOPC:inst2|SOPC_cpu:cpu|M_rot_step1[23] ; SOPC:inst2|SOPC_cpu:cpu|Mn_rot_step2[31] ; inst|altpll_component|pll|clk[0] ; inst|altpll_component|pll|clk[0] ; 8.333        ; -0.002     ; 1.149      ;
; 7.218 ; SOPC:inst2|SOPC_cpu:cpu|M_rot_step1[19] ; SOPC:inst2|SOPC_cpu:cpu|Mn_rot_step2[31] ; inst|altpll_component|pll|clk[0] ; inst|altpll_component|pll|clk[0] ; 8.333        ; -0.002     ; 1.145      ;
; 7.220 ; SOPC:inst2|SOPC_cpu:cpu|M_rot_step1[18] ; SOPC:inst2|SOPC_cpu:cpu|Mn_rot_step2[26] ; inst|altpll_component|pll|clk[0] ; inst|altpll_component|pll|clk[0] ; 8.333        ; 0.002      ; 1.147      ;
; 7.222 ; SOPC:inst2|SOPC_cpu:cpu|M_rot_step1[8]  ; SOPC:inst2|SOPC_cpu:cpu|Mn_rot_step2[20] ; inst|altpll_component|pll|clk[0] ; inst|altpll_component|pll|clk[0] ; 8.333        ; 0.009      ; 1.152      ;
; 7.222 ; SOPC:inst2|SOPC_cpu:cpu|M_rot_rn[2]     ; SOPC:inst2|SOPC_cpu:cpu|Mn_rot_step2[30] ; inst|altpll_component|pll|clk[0] ; inst|altpll_component|pll|clk[0] ; 8.333        ; 0.004      ; 1.147      ;
; 7.223 ; SOPC:inst2|SOPC_cpu:cpu|M_rot_rn[2]     ; SOPC:inst2|SOPC_cpu:cpu|Mn_rot_step2[8]  ; inst|altpll_component|pll|clk[0] ; inst|altpll_component|pll|clk[0] ; 8.333        ; 0.004      ; 1.146      ;
; 7.225 ; SOPC:inst2|SOPC_cpu:cpu|M_rot_step1[13] ; SOPC:inst2|SOPC_cpu:cpu|Mn_rot_step2[25] ; inst|altpll_component|pll|clk[0] ; inst|altpll_component|pll|clk[0] ; 8.333        ; -0.002     ; 1.138      ;
; 7.227 ; SOPC:inst2|SOPC_cpu:cpu|M_rot_rn[2]     ; SOPC:inst2|SOPC_cpu:cpu|Mn_rot_step2[29] ; inst|altpll_component|pll|clk[0] ; inst|altpll_component|pll|clk[0] ; 8.333        ; 0.000      ; 1.138      ;
; 7.262 ; SOPC:inst2|SOPC_cpu:cpu|M_rot_rn[3]     ; SOPC:inst2|SOPC_cpu:cpu|Mn_rot_step2[12] ; inst|altpll_component|pll|clk[0] ; inst|altpll_component|pll|clk[0] ; 8.333        ; 0.004      ; 1.107      ;
; 7.262 ; SOPC:inst2|SOPC_cpu:cpu|M_rot_rn[3]     ; SOPC:inst2|SOPC_cpu:cpu|Mn_rot_step2[14] ; inst|altpll_component|pll|clk[0] ; inst|altpll_component|pll|clk[0] ; 8.333        ; 0.004      ; 1.107      ;
; 7.262 ; SOPC:inst2|SOPC_cpu:cpu|M_rot_rn[3]     ; SOPC:inst2|SOPC_cpu:cpu|Mn_rot_step2[26] ; inst|altpll_component|pll|clk[0] ; inst|altpll_component|pll|clk[0] ; 8.333        ; 0.004      ; 1.107      ;
; 7.262 ; SOPC:inst2|SOPC_cpu:cpu|M_rot_rn[3]     ; SOPC:inst2|SOPC_cpu:cpu|Mn_rot_step2[4]  ; inst|altpll_component|pll|clk[0] ; inst|altpll_component|pll|clk[0] ; 8.333        ; 0.004      ; 1.107      ;
; 7.262 ; SOPC:inst2|SOPC_cpu:cpu|M_rot_rn[3]     ; SOPC:inst2|SOPC_cpu:cpu|Mn_rot_step2[2]  ; inst|altpll_component|pll|clk[0] ; inst|altpll_component|pll|clk[0] ; 8.333        ; 0.004      ; 1.107      ;
; 7.262 ; SOPC:inst2|SOPC_cpu:cpu|M_rot_rn[3]     ; SOPC:inst2|SOPC_cpu:cpu|Mn_rot_step2[18] ; inst|altpll_component|pll|clk[0] ; inst|altpll_component|pll|clk[0] ; 8.333        ; 0.004      ; 1.107      ;
; 7.262 ; SOPC:inst2|SOPC_cpu:cpu|M_rot_rn[3]     ; SOPC:inst2|SOPC_cpu:cpu|Mn_rot_step2[28] ; inst|altpll_component|pll|clk[0] ; inst|altpll_component|pll|clk[0] ; 8.333        ; 0.004      ; 1.107      ;
; 7.262 ; SOPC:inst2|SOPC_cpu:cpu|M_rot_rn[3]     ; SOPC:inst2|SOPC_cpu:cpu|Mn_rot_step2[10] ; inst|altpll_component|pll|clk[0] ; inst|altpll_component|pll|clk[0] ; 8.333        ; 0.004      ; 1.107      ;
; 7.262 ; SOPC:inst2|SOPC_cpu:cpu|M_rot_rn[3]     ; SOPC:inst2|SOPC_cpu:cpu|Mn_rot_step2[0]  ; inst|altpll_component|pll|clk[0] ; inst|altpll_component|pll|clk[0] ; 8.333        ; 0.004      ; 1.107      ;
; 7.262 ; SOPC:inst2|SOPC_cpu:cpu|M_rot_rn[3]     ; SOPC:inst2|SOPC_cpu:cpu|Mn_rot_step2[8]  ; inst|altpll_component|pll|clk[0] ; inst|altpll_component|pll|clk[0] ; 8.333        ; 0.004      ; 1.107      ;
; 7.262 ; SOPC:inst2|SOPC_cpu:cpu|M_rot_rn[3]     ; SOPC:inst2|SOPC_cpu:cpu|Mn_rot_step2[24] ; inst|altpll_component|pll|clk[0] ; inst|altpll_component|pll|clk[0] ; 8.333        ; 0.004      ; 1.107      ;
; 7.262 ; SOPC:inst2|SOPC_cpu:cpu|M_rot_rn[3]     ; SOPC:inst2|SOPC_cpu:cpu|Mn_rot_step2[16] ; inst|altpll_component|pll|clk[0] ; inst|altpll_component|pll|clk[0] ; 8.333        ; 0.004      ; 1.107      ;
; 7.262 ; SOPC:inst2|SOPC_cpu:cpu|M_rot_rn[3]     ; SOPC:inst2|SOPC_cpu:cpu|Mn_rot_step2[20] ; inst|altpll_component|pll|clk[0] ; inst|altpll_component|pll|clk[0] ; 8.333        ; 0.004      ; 1.107      ;
; 7.262 ; SOPC:inst2|SOPC_cpu:cpu|M_rot_rn[3]     ; SOPC:inst2|SOPC_cpu:cpu|Mn_rot_step2[30] ; inst|altpll_component|pll|clk[0] ; inst|altpll_component|pll|clk[0] ; 8.333        ; 0.004      ; 1.107      ;
; 7.262 ; SOPC:inst2|SOPC_cpu:cpu|M_rot_rn[3]     ; SOPC:inst2|SOPC_cpu:cpu|Mn_rot_step2[22] ; inst|altpll_component|pll|clk[0] ; inst|altpll_component|pll|clk[0] ; 8.333        ; 0.004      ; 1.107      ;
; 7.262 ; SOPC:inst2|SOPC_cpu:cpu|M_rot_rn[3]     ; SOPC:inst2|SOPC_cpu:cpu|Mn_rot_step2[6]  ; inst|altpll_component|pll|clk[0] ; inst|altpll_component|pll|clk[0] ; 8.333        ; 0.004      ; 1.107      ;
; 7.268 ; SOPC:inst2|SOPC_cpu:cpu|M_rot_rn[2]     ; SOPC:inst2|SOPC_cpu:cpu|Mn_rot_step2[24] ; inst|altpll_component|pll|clk[0] ; inst|altpll_component|pll|clk[0] ; 8.333        ; 0.004      ; 1.101      ;
; 7.271 ; SOPC:inst2|SOPC_cpu:cpu|M_rot_step1[2]  ; SOPC:inst2|SOPC_cpu:cpu|Mn_rot_step2[10] ; inst|altpll_component|pll|clk[0] ; inst|altpll_component|pll|clk[0] ; 8.333        ; 0.003      ; 1.097      ;
; 7.277 ; SOPC:inst2|SOPC_cpu:cpu|M_rot_rn[2]     ; SOPC:inst2|SOPC_cpu:cpu|Mn_rot_step2[0]  ; inst|altpll_component|pll|clk[0] ; inst|altpll_component|pll|clk[0] ; 8.333        ; 0.004      ; 1.092      ;
; 7.289 ; SOPC:inst2|SOPC_cpu:cpu|M_rot_step1[10] ; SOPC:inst2|SOPC_cpu:cpu|Mn_rot_step2[18] ; inst|altpll_component|pll|clk[0] ; inst|altpll_component|pll|clk[0] ; 8.333        ; 0.009      ; 1.085      ;
; 7.291 ; SOPC:inst2|SOPC_cpu:cpu|M_rot_step1[21] ; SOPC:inst2|SOPC_cpu:cpu|Mn_rot_step2[1]  ; inst|altpll_component|pll|clk[0] ; inst|altpll_component|pll|clk[0] ; 8.333        ; -0.002     ; 1.072      ;
; 7.296 ; SOPC:inst2|SOPC_cpu:cpu|M_rot_step1[21] ; SOPC:inst2|SOPC_cpu:cpu|Mn_rot_step2[29] ; inst|altpll_component|pll|clk[0] ; inst|altpll_component|pll|clk[0] ; 8.333        ; -0.002     ; 1.067      ;
; 7.298 ; SOPC:inst2|SOPC_cpu:cpu|M_rot_step1[4]  ; SOPC:inst2|SOPC_cpu:cpu|Mn_rot_step2[16] ; inst|altpll_component|pll|clk[0] ; inst|altpll_component|pll|clk[0] ; 8.333        ; 0.003      ; 1.070      ;
; 7.300 ; SOPC:inst2|SOPC_cpu:cpu|M_rot_step1[17] ; SOPC:inst2|SOPC_cpu:cpu|Mn_rot_step2[29] ; inst|altpll_component|pll|clk[0] ; inst|altpll_component|pll|clk[0] ; 8.333        ; -0.002     ; 1.063      ;
; 7.301 ; SOPC:inst2|SOPC_cpu:cpu|M_rot_rn[2]     ; SOPC:inst2|SOPC_cpu:cpu|Mn_rot_step2[11] ; inst|altpll_component|pll|clk[0] ; inst|altpll_component|pll|clk[0] ; 8.333        ; 0.000      ; 1.064      ;
; 7.301 ; SOPC:inst2|SOPC_cpu:cpu|M_rot_step1[4]  ; SOPC:inst2|SOPC_cpu:cpu|Mn_rot_step2[12] ; inst|altpll_component|pll|clk[0] ; inst|altpll_component|pll|clk[0] ; 8.333        ; 0.003      ; 1.067      ;
; 7.303 ; SOPC:inst2|SOPC_cpu:cpu|M_rot_step1[9]  ; SOPC:inst2|SOPC_cpu:cpu|Mn_rot_step2[21] ; inst|altpll_component|pll|clk[0] ; inst|altpll_component|pll|clk[0] ; 8.333        ; 0.005      ; 1.067      ;
; 7.308 ; SOPC:inst2|SOPC_cpu:cpu|M_rot_step1[9]  ; SOPC:inst2|SOPC_cpu:cpu|Mn_rot_step2[17] ; inst|altpll_component|pll|clk[0] ; inst|altpll_component|pll|clk[0] ; 8.333        ; 0.005      ; 1.062      ;
; 7.309 ; SOPC:inst2|SOPC_cpu:cpu|M_rot_step1[14] ; SOPC:inst2|SOPC_cpu:cpu|Mn_rot_step2[22] ; inst|altpll_component|pll|clk[0] ; inst|altpll_component|pll|clk[0] ; 8.333        ; 0.002      ; 1.058      ;
; 7.312 ; SOPC:inst2|SOPC_cpu:cpu|M_rot_step1[2]  ; SOPC:inst2|SOPC_cpu:cpu|Mn_rot_step2[14] ; inst|altpll_component|pll|clk[0] ; inst|altpll_component|pll|clk[0] ; 8.333        ; 0.003      ; 1.056      ;
; 7.313 ; SOPC:inst2|SOPC_cpu:cpu|M_rot_rn[2]     ; SOPC:inst2|SOPC_cpu:cpu|Mn_rot_step2[3]  ; inst|altpll_component|pll|clk[0] ; inst|altpll_component|pll|clk[0] ; 8.333        ; 0.000      ; 1.052      ;
; 7.314 ; SOPC:inst2|SOPC_cpu:cpu|M_rot_step1[20] ; SOPC:inst2|SOPC_cpu:cpu|Mn_rot_step2[28] ; inst|altpll_component|pll|clk[0] ; inst|altpll_component|pll|clk[0] ; 8.333        ; 0.002      ; 1.053      ;
; 7.315 ; SOPC:inst2|SOPC_cpu:cpu|M_rot_step1[13] ; SOPC:inst2|SOPC_cpu:cpu|Mn_rot_step2[21] ; inst|altpll_component|pll|clk[0] ; inst|altpll_component|pll|clk[0] ; 8.333        ; -0.002     ; 1.048      ;
; 7.315 ; SOPC:inst2|SOPC_cpu:cpu|M_rot_step1[12] ; SOPC:inst2|SOPC_cpu:cpu|Mn_rot_step2[20] ; inst|altpll_component|pll|clk[0] ; inst|altpll_component|pll|clk[0] ; 8.333        ; 0.002      ; 1.052      ;
; 7.315 ; SOPC:inst2|SOPC_cpu:cpu|M_rot_rn[2]     ; SOPC:inst2|SOPC_cpu:cpu|Mn_rot_step2[20] ; inst|altpll_component|pll|clk[0] ; inst|altpll_component|pll|clk[0] ; 8.333        ; 0.004      ; 1.054      ;
; 7.316 ; SOPC:inst2|SOPC_cpu:cpu|M_rot_rn[2]     ; SOPC:inst2|SOPC_cpu:cpu|Mn_rot_step2[18] ; inst|altpll_component|pll|clk[0] ; inst|altpll_component|pll|clk[0] ; 8.333        ; 0.004      ; 1.053      ;
; 7.317 ; SOPC:inst2|SOPC_cpu:cpu|M_rot_step1[8]  ; SOPC:inst2|SOPC_cpu:cpu|Mn_rot_step2[16] ; inst|altpll_component|pll|clk[0] ; inst|altpll_component|pll|clk[0] ; 8.333        ; 0.009      ; 1.057      ;
; 7.323 ; SOPC:inst2|SOPC_cpu:cpu|M_rot_step1[26] ; SOPC:inst2|SOPC_cpu:cpu|Mn_rot_step2[2]  ; inst|altpll_component|pll|clk[0] ; inst|altpll_component|pll|clk[0] ; 8.333        ; 0.003      ; 1.045      ;
; 7.325 ; SOPC:inst2|SOPC_cpu:cpu|M_rot_rn[2]     ; SOPC:inst2|SOPC_cpu:cpu|Mn_rot_step2[2]  ; inst|altpll_component|pll|clk[0] ; inst|altpll_component|pll|clk[0] ; 8.333        ; 0.004      ; 1.044      ;
; 7.327 ; SOPC:inst2|SOPC_cpu:cpu|M_rot_step1[15] ; SOPC:inst2|SOPC_cpu:cpu|Mn_rot_step2[27] ; inst|altpll_component|pll|clk[0] ; inst|altpll_component|pll|clk[0] ; 8.333        ; -0.002     ; 1.036      ;
; 7.334 ; SOPC:inst2|SOPC_cpu:cpu|M_rot_step1[17] ; SOPC:inst2|SOPC_cpu:cpu|Mn_rot_step2[25] ; inst|altpll_component|pll|clk[0] ; inst|altpll_component|pll|clk[0] ; 8.333        ; -0.002     ; 1.029      ;
; 7.352 ; SOPC:inst2|SOPC_cpu:cpu|M_rot_step1[0]  ; SOPC:inst2|SOPC_cpu:cpu|Mn_rot_step2[4]  ; inst|altpll_component|pll|clk[0] ; inst|altpll_component|pll|clk[0] ; 8.333        ; 0.003      ; 1.016      ;
; 7.355 ; SOPC:inst2|SOPC_cpu:cpu|M_rot_step1[0]  ; SOPC:inst2|SOPC_cpu:cpu|Mn_rot_step2[0]  ; inst|altpll_component|pll|clk[0] ; inst|altpll_component|pll|clk[0] ; 8.333        ; 0.003      ; 1.013      ;
; 7.386 ; SOPC:inst2|SOPC_cpu:cpu|M_rot_step1[23] ; SOPC:inst2|SOPC_cpu:cpu|Mn_rot_step2[3]  ; inst|altpll_component|pll|clk[0] ; inst|altpll_component|pll|clk[0] ; 8.333        ; -0.002     ; 0.977      ;
; 7.389 ; SOPC:inst2|SOPC_cpu:cpu|M_rot_step1[11] ; SOPC:inst2|SOPC_cpu:cpu|Mn_rot_step2[19] ; inst|altpll_component|pll|clk[0] ; inst|altpll_component|pll|clk[0] ; 8.333        ; -0.002     ; 0.974      ;
; 7.390 ; SOPC:inst2|SOPC_cpu:cpu|M_rot_step1[26] ; SOPC:inst2|SOPC_cpu:cpu|Mn_rot_step2[6]  ; inst|altpll_component|pll|clk[0] ; inst|altpll_component|pll|clk[0] ; 8.333        ; 0.003      ; 0.978      ;
; 7.394 ; SOPC:inst2|SOPC_cpu:cpu|M_rot_rn[2]     ; SOPC:inst2|SOPC_cpu:cpu|Mn_rot_step2[6]  ; inst|altpll_component|pll|clk[0] ; inst|altpll_component|pll|clk[0] ; 8.333        ; 0.004      ; 0.975      ;
; 7.398 ; SOPC:inst2|SOPC_cpu:cpu|M_rot_step1[20] ; SOPC:inst2|SOPC_cpu:cpu|Mn_rot_step2[0]  ; inst|altpll_component|pll|clk[0] ; inst|altpll_component|pll|clk[0] ; 8.333        ; 0.002      ; 0.969      ;
; 7.399 ; SOPC:inst2|SOPC_cpu:cpu|M_rot_step1[12] ; SOPC:inst2|SOPC_cpu:cpu|Mn_rot_step2[24] ; inst|altpll_component|pll|clk[0] ; inst|altpll_component|pll|clk[0] ; 8.333        ; 0.002      ; 0.968      ;
; 7.399 ; SOPC:inst2|SOPC_cpu:cpu|M_rot_rn[2]     ; SOPC:inst2|SOPC_cpu:cpu|Mn_rot_step2[10] ; inst|altpll_component|pll|clk[0] ; inst|altpll_component|pll|clk[0] ; 8.333        ; 0.004      ; 0.970      ;
; 7.400 ; SOPC:inst2|SOPC_cpu:cpu|M_rot_step1[30] ; SOPC:inst2|SOPC_cpu:cpu|Mn_rot_step2[6]  ; inst|altpll_component|pll|clk[0] ; inst|altpll_component|pll|clk[0] ; 8.333        ; 0.003      ; 0.968      ;
; 7.401 ; SOPC:inst2|SOPC_cpu:cpu|M_rot_step1[30] ; SOPC:inst2|SOPC_cpu:cpu|Mn_rot_step2[10] ; inst|altpll_component|pll|clk[0] ; inst|altpll_component|pll|clk[0] ; 8.333        ; 0.003      ; 0.967      ;
; 7.402 ; SOPC:inst2|SOPC_cpu:cpu|M_rot_step1[27] ; SOPC:inst2|SOPC_cpu:cpu|Mn_rot_step2[3]  ; inst|altpll_component|pll|clk[0] ; inst|altpll_component|pll|clk[0] ; 8.333        ; -0.001     ; 0.962      ;
; 7.406 ; SOPC:inst2|SOPC_cpu:cpu|M_rot_rn[2]     ; SOPC:inst2|SOPC_cpu:cpu|Mn_rot_step2[12] ; inst|altpll_component|pll|clk[0] ; inst|altpll_component|pll|clk[0] ; 8.333        ; 0.004      ; 0.963      ;
; 7.408 ; SOPC:inst2|SOPC_cpu:cpu|M_rot_rn[2]     ; SOPC:inst2|SOPC_cpu:cpu|Mn_rot_step2[16] ; inst|altpll_component|pll|clk[0] ; inst|altpll_component|pll|clk[0] ; 8.333        ; 0.004      ; 0.961      ;
; 7.410 ; SOPC:inst2|SOPC_cpu:cpu|M_rot_step1[15] ; SOPC:inst2|SOPC_cpu:cpu|Mn_rot_step2[23] ; inst|altpll_component|pll|clk[0] ; inst|altpll_component|pll|clk[0] ; 8.333        ; -0.002     ; 0.953      ;
; 7.412 ; SOPC:inst2|SOPC_cpu:cpu|M_rot_step1[27] ; SOPC:inst2|SOPC_cpu:cpu|Mn_rot_step2[7]  ; inst|altpll_component|pll|clk[0] ; inst|altpll_component|pll|clk[0] ; 8.333        ; -0.001     ; 0.952      ;
; 7.413 ; SOPC:inst2|SOPC_cpu:cpu|M_rot_step1[10] ; SOPC:inst2|SOPC_cpu:cpu|Mn_rot_step2[22] ; inst|altpll_component|pll|clk[0] ; inst|altpll_component|pll|clk[0] ; 8.333        ; 0.009      ; 0.961      ;
; 7.416 ; SOPC:inst2|SOPC_cpu:cpu|M_rot_rn[3]     ; SOPC:inst2|SOPC_cpu:cpu|Mn_rot_step2[13] ; inst|altpll_component|pll|clk[0] ; inst|altpll_component|pll|clk[0] ; 8.333        ; 0.000      ; 0.949      ;
; 7.416 ; SOPC:inst2|SOPC_cpu:cpu|M_rot_rn[3]     ; SOPC:inst2|SOPC_cpu:cpu|Mn_rot_step2[11] ; inst|altpll_component|pll|clk[0] ; inst|altpll_component|pll|clk[0] ; 8.333        ; 0.000      ; 0.949      ;
; 7.416 ; SOPC:inst2|SOPC_cpu:cpu|M_rot_rn[3]     ; SOPC:inst2|SOPC_cpu:cpu|Mn_rot_step2[25] ; inst|altpll_component|pll|clk[0] ; inst|altpll_component|pll|clk[0] ; 8.333        ; 0.000      ; 0.949      ;
; 7.416 ; SOPC:inst2|SOPC_cpu:cpu|M_rot_rn[3]     ; SOPC:inst2|SOPC_cpu:cpu|Mn_rot_step2[9]  ; inst|altpll_component|pll|clk[0] ; inst|altpll_component|pll|clk[0] ; 8.333        ; 0.000      ; 0.949      ;
; 7.416 ; SOPC:inst2|SOPC_cpu:cpu|M_rot_rn[3]     ; SOPC:inst2|SOPC_cpu:cpu|Mn_rot_step2[1]  ; inst|altpll_component|pll|clk[0] ; inst|altpll_component|pll|clk[0] ; 8.333        ; 0.000      ; 0.949      ;
+-------+-----------------------------------------+------------------------------------------+----------------------------------+----------------------------------+--------------+------------+------------+


+------------------------------------------------------------------------------------------------------------------------------------------------------------------------------------------------------------------------------------------------------------------------------------------------------------------------------------------------------------------------------------------------------------------------------------------------------------------------------------------------------------+
; Fast Model Hold: 'inst|altpll_component|pll|clk[0]'                                                                                                                                                                                                                                                                                                                                                                                                                                                        ;
+-------+------------------------------------------------------------------------------------------------------------------------------------------------------------------------------------------+------------------------------------------------------------------------------------------------------------------------------------------------------------------------------------------+----------------------------------+----------------------------------+--------------+------------+------------+
; Slack ; From Node                                                                                                                                                                                ; To Node                                                                                                                                                                                  ; Launch Clock                     ; Latch Clock                      ; Relationship ; Clock Skew ; Data Delay ;
+-------+------------------------------------------------------------------------------------------------------------------------------------------------------------------------------------------+------------------------------------------------------------------------------------------------------------------------------------------------------------------------------------------+----------------------------------+----------------------------------+--------------+------------+------------+
; 0.215 ; SOPC:inst2|SOPC_cpu:cpu|SOPC_cpu_nios2_oci:the_SOPC_cpu_nios2_oci|SOPC_cpu_nios2_ocimem:the_SOPC_cpu_nios2_ocimem|jtag_rd                                                                ; SOPC:inst2|SOPC_cpu:cpu|SOPC_cpu_nios2_oci:the_SOPC_cpu_nios2_oci|SOPC_cpu_nios2_ocimem:the_SOPC_cpu_nios2_ocimem|jtag_rd                                                                ; inst|altpll_component|pll|clk[0] ; inst|altpll_component|pll|clk[0] ; 0.000        ; 0.000      ; 0.367      ;
; 0.215 ; SOPC:inst2|SOPC_spi_touch:spi_touch|slowcount[0]                                                                                                                                         ; SOPC:inst2|SOPC_spi_touch:spi_touch|slowcount[0]                                                                                                                                         ; inst|altpll_component|pll|clk[0] ; inst|altpll_component|pll|clk[0] ; 0.000        ; 0.000      ; 0.367      ;
; 0.215 ; SOPC:inst2|SOPC_spi_touch:spi_touch|state[4]                                                                                                                                             ; SOPC:inst2|SOPC_spi_touch:spi_touch|state[4]                                                                                                                                             ; inst|altpll_component|pll|clk[0] ; inst|altpll_component|pll|clk[0] ; 0.000        ; 0.000      ; 0.367      ;
; 0.215 ; SOPC:inst2|SOPC_cpu:cpu|A_shift_rot_stall                                                                                                                                                ; SOPC:inst2|SOPC_cpu:cpu|A_shift_rot_stall                                                                                                                                                ; inst|altpll_component|pll|clk[0] ; inst|altpll_component|pll|clk[0] ; 0.000        ; 0.000      ; 0.367      ;
; 0.215 ; SOPC:inst2|altera_avalon_sc_fifo:sdram_s1_translator_avalon_universal_slave_0_agent_rdata_fifo|rd_ptr[1]                                                                                 ; SOPC:inst2|altera_avalon_sc_fifo:sdram_s1_translator_avalon_universal_slave_0_agent_rdata_fifo|rd_ptr[1]                                                                                 ; inst|altpll_component|pll|clk[0] ; inst|altpll_component|pll|clk[0] ; 0.000        ; 0.000      ; 0.367      ;
; 0.215 ; SOPC:inst2|altera_avalon_sc_fifo:sdram_s1_translator_avalon_universal_slave_0_agent_rdata_fifo|rd_ptr[2]                                                                                 ; SOPC:inst2|altera_avalon_sc_fifo:sdram_s1_translator_avalon_universal_slave_0_agent_rdata_fifo|rd_ptr[2]                                                                                 ; inst|altpll_component|pll|clk[0] ; inst|altpll_component|pll|clk[0] ; 0.000        ; 0.000      ; 0.367      ;
; 0.215 ; SOPC:inst2|altera_avalon_sc_fifo:sdram_s1_translator_avalon_universal_slave_0_agent_rdata_fifo|wr_ptr[0]                                                                                 ; SOPC:inst2|altera_avalon_sc_fifo:sdram_s1_translator_avalon_universal_slave_0_agent_rdata_fifo|wr_ptr[0]                                                                                 ; inst|altpll_component|pll|clk[0] ; inst|altpll_component|pll|clk[0] ; 0.000        ; 0.000      ; 0.367      ;
; 0.215 ; SOPC:inst2|altera_avalon_sc_fifo:sdram_s1_translator_avalon_universal_slave_0_agent_rdata_fifo|wr_ptr[1]                                                                                 ; SOPC:inst2|altera_avalon_sc_fifo:sdram_s1_translator_avalon_universal_slave_0_agent_rdata_fifo|wr_ptr[1]                                                                                 ; inst|altpll_component|pll|clk[0] ; inst|altpll_component|pll|clk[0] ; 0.000        ; 0.000      ; 0.367      ;
; 0.215 ; SOPC:inst2|altera_avalon_sc_fifo:sdram_s1_translator_avalon_universal_slave_0_agent_rdata_fifo|empty                                                                                     ; SOPC:inst2|altera_avalon_sc_fifo:sdram_s1_translator_avalon_universal_slave_0_agent_rdata_fifo|empty                                                                                     ; inst|altpll_component|pll|clk[0] ; inst|altpll_component|pll|clk[0] ; 0.000        ; 0.000      ; 0.367      ;
; 0.215 ; SOPC:inst2|altera_avalon_sc_fifo:sdram_s1_translator_avalon_universal_slave_0_agent_rdata_fifo|rd_ptr[0]                                                                                 ; SOPC:inst2|altera_avalon_sc_fifo:sdram_s1_translator_avalon_universal_slave_0_agent_rdata_fifo|rd_ptr[0]                                                                                 ; inst|altpll_component|pll|clk[0] ; inst|altpll_component|pll|clk[0] ; 0.000        ; 0.000      ; 0.367      ;
; 0.215 ; SOPC:inst2|SOPC_sdram:sdram|i_count[0]                                                                                                                                                   ; SOPC:inst2|SOPC_sdram:sdram|i_count[0]                                                                                                                                                   ; inst|altpll_component|pll|clk[0] ; inst|altpll_component|pll|clk[0] ; 0.000        ; 0.000      ; 0.367      ;
; 0.215 ; SOPC:inst2|SOPC_sdram:sdram|i_count[2]                                                                                                                                                   ; SOPC:inst2|SOPC_sdram:sdram|i_count[2]                                                                                                                                                   ; inst|altpll_component|pll|clk[0] ; inst|altpll_component|pll|clk[0] ; 0.000        ; 0.000      ; 0.367      ;
; 0.215 ; SOPC:inst2|SOPC_sdram:sdram|i_refs[0]                                                                                                                                                    ; SOPC:inst2|SOPC_sdram:sdram|i_refs[0]                                                                                                                                                    ; inst|altpll_component|pll|clk[0] ; inst|altpll_component|pll|clk[0] ; 0.000        ; 0.000      ; 0.367      ;
; 0.215 ; SOPC:inst2|SOPC_sdram:sdram|i_refs[1]                                                                                                                                                    ; SOPC:inst2|SOPC_sdram:sdram|i_refs[1]                                                                                                                                                    ; inst|altpll_component|pll|clk[0] ; inst|altpll_component|pll|clk[0] ; 0.000        ; 0.000      ; 0.367      ;
; 0.215 ; SOPC:inst2|SOPC_sdram:sdram|i_refs[2]                                                                                                                                                    ; SOPC:inst2|SOPC_sdram:sdram|i_refs[2]                                                                                                                                                    ; inst|altpll_component|pll|clk[0] ; inst|altpll_component|pll|clk[0] ; 0.000        ; 0.000      ; 0.367      ;
; 0.215 ; SOPC:inst2|SOPC_sdram:sdram|i_count[1]                                                                                                                                                   ; SOPC:inst2|SOPC_sdram:sdram|i_count[1]                                                                                                                                                   ; inst|altpll_component|pll|clk[0] ; inst|altpll_component|pll|clk[0] ; 0.000        ; 0.000      ; 0.367      ;
; 0.215 ; SOPC:inst2|SOPC_sdram:sdram|i_next.000                                                                                                                                                   ; SOPC:inst2|SOPC_sdram:sdram|i_next.000                                                                                                                                                   ; inst|altpll_component|pll|clk[0] ; inst|altpll_component|pll|clk[0] ; 0.000        ; 0.000      ; 0.367      ;
; 0.215 ; SOPC:inst2|SOPC_sdram:sdram|i_state.000                                                                                                                                                  ; SOPC:inst2|SOPC_sdram:sdram|i_state.000                                                                                                                                                  ; inst|altpll_component|pll|clk[0] ; inst|altpll_component|pll|clk[0] ; 0.000        ; 0.000      ; 0.367      ;
; 0.215 ; SOPC:inst2|SOPC_sdram:sdram|i_next.101                                                                                                                                                   ; SOPC:inst2|SOPC_sdram:sdram|i_next.101                                                                                                                                                   ; inst|altpll_component|pll|clk[0] ; inst|altpll_component|pll|clk[0] ; 0.000        ; 0.000      ; 0.367      ;
; 0.215 ; SOPC:inst2|SOPC_sdram:sdram|i_state.101                                                                                                                                                  ; SOPC:inst2|SOPC_sdram:sdram|i_state.101                                                                                                                                                  ; inst|altpll_component|pll|clk[0] ; inst|altpll_component|pll|clk[0] ; 0.000        ; 0.000      ; 0.367      ;
; 0.215 ; SOPC:inst2|SOPC_sdram:sdram|init_done                                                                                                                                                    ; SOPC:inst2|SOPC_sdram:sdram|init_done                                                                                                                                                    ; inst|altpll_component|pll|clk[0] ; inst|altpll_component|pll|clk[0] ; 0.000        ; 0.000      ; 0.367      ;
; 0.215 ; SOPC:inst2|SOPC_sdram:sdram|active_cs_n                                                                                                                                                  ; SOPC:inst2|SOPC_sdram:sdram|active_cs_n                                                                                                                                                  ; inst|altpll_component|pll|clk[0] ; inst|altpll_component|pll|clk[0] ; 0.000        ; 0.000      ; 0.367      ;
; 0.215 ; SOPC:inst2|SOPC_sdram:sdram|SOPC_sdram_input_efifo_module:the_SOPC_sdram_input_efifo_module|wr_address                                                                                   ; SOPC:inst2|SOPC_sdram:sdram|SOPC_sdram_input_efifo_module:the_SOPC_sdram_input_efifo_module|wr_address                                                                                   ; inst|altpll_component|pll|clk[0] ; inst|altpll_component|pll|clk[0] ; 0.000        ; 0.000      ; 0.367      ;
; 0.215 ; SOPC:inst2|altera_avalon_sc_fifo:sdram_s1_translator_avalon_universal_slave_0_agent_rsp_fifo|mem[7][66]                                                                                  ; SOPC:inst2|altera_avalon_sc_fifo:sdram_s1_translator_avalon_universal_slave_0_agent_rsp_fifo|mem[7][66]                                                                                  ; inst|altpll_component|pll|clk[0] ; inst|altpll_component|pll|clk[0] ; 0.000        ; 0.000      ; 0.367      ;
; 0.215 ; SOPC:inst2|altera_avalon_sc_fifo:sysid_control_slave_translator_avalon_universal_slave_0_agent_rsp_fifo|mem_used[0]                                                                      ; SOPC:inst2|altera_avalon_sc_fifo:sysid_control_slave_translator_avalon_universal_slave_0_agent_rsp_fifo|mem_used[0]                                                                      ; inst|altpll_component|pll|clk[0] ; inst|altpll_component|pll|clk[0] ; 0.000        ; 0.000      ; 0.367      ;
; 0.215 ; SOPC:inst2|altera_avalon_sc_fifo:sysid_control_slave_translator_avalon_universal_slave_0_agent_rsp_fifo|mem_used[1]                                                                      ; SOPC:inst2|altera_avalon_sc_fifo:sysid_control_slave_translator_avalon_universal_slave_0_agent_rsp_fifo|mem_used[1]                                                                      ; inst|altpll_component|pll|clk[0] ; inst|altpll_component|pll|clk[0] ; 0.000        ; 0.000      ; 0.367      ;
; 0.215 ; SOPC:inst2|altera_merlin_slave_translator:sysid_control_slave_translator|wait_latency_counter[0]                                                                                         ; SOPC:inst2|altera_merlin_slave_translator:sysid_control_slave_translator|wait_latency_counter[0]                                                                                         ; inst|altpll_component|pll|clk[0] ; inst|altpll_component|pll|clk[0] ; 0.000        ; 0.000      ; 0.367      ;
; 0.215 ; SOPC:inst2|SOPC_jtag_uart:jtag_uart|SOPC_jtag_uart_scfifo_r:the_SOPC_jtag_uart_scfifo_r|scfifo:rfifo|scfifo_1n21:auto_generated|a_dpfifo_8t21:dpfifo|a_fefifo_7cf:fifo_state|b_full      ; SOPC:inst2|SOPC_jtag_uart:jtag_uart|SOPC_jtag_uart_scfifo_r:the_SOPC_jtag_uart_scfifo_r|scfifo:rfifo|scfifo_1n21:auto_generated|a_dpfifo_8t21:dpfifo|a_fefifo_7cf:fifo_state|b_full      ; inst|altpll_component|pll|clk[0] ; inst|altpll_component|pll|clk[0] ; 0.000        ; 0.000      ; 0.367      ;
; 0.215 ; SOPC:inst2|SOPC_jtag_uart:jtag_uart|SOPC_jtag_uart_scfifo_r:the_SOPC_jtag_uart_scfifo_r|scfifo:rfifo|scfifo_1n21:auto_generated|a_dpfifo_8t21:dpfifo|a_fefifo_7cf:fifo_state|b_non_empty ; SOPC:inst2|SOPC_jtag_uart:jtag_uart|SOPC_jtag_uart_scfifo_r:the_SOPC_jtag_uart_scfifo_r|scfifo:rfifo|scfifo_1n21:auto_generated|a_dpfifo_8t21:dpfifo|a_fefifo_7cf:fifo_state|b_non_empty ; inst|altpll_component|pll|clk[0] ; inst|altpll_component|pll|clk[0] ; 0.000        ; 0.000      ; 0.367      ;
; 0.215 ; SOPC:inst2|SOPC_jtag_uart:jtag_uart|r_val                                                                                                                                                ; SOPC:inst2|SOPC_jtag_uart:jtag_uart|r_val                                                                                                                                                ; inst|altpll_component|pll|clk[0] ; inst|altpll_component|pll|clk[0] ; 0.000        ; 0.000      ; 0.367      ;
; 0.215 ; SOPC:inst2|SOPC_jtag_uart:jtag_uart|av_waitrequest                                                                                                                                       ; SOPC:inst2|SOPC_jtag_uart:jtag_uart|av_waitrequest                                                                                                                                       ; inst|altpll_component|pll|clk[0] ; inst|altpll_component|pll|clk[0] ; 0.000        ; 0.000      ; 0.367      ;
; 0.215 ; SOPC:inst2|SOPC_jtag_uart:jtag_uart|SOPC_jtag_uart_scfifo_w:the_SOPC_jtag_uart_scfifo_w|scfifo:wfifo|scfifo_1n21:auto_generated|a_dpfifo_8t21:dpfifo|a_fefifo_7cf:fifo_state|b_non_empty ; SOPC:inst2|SOPC_jtag_uart:jtag_uart|SOPC_jtag_uart_scfifo_w:the_SOPC_jtag_uart_scfifo_w|scfifo:wfifo|scfifo_1n21:auto_generated|a_dpfifo_8t21:dpfifo|a_fefifo_7cf:fifo_state|b_non_empty ; inst|altpll_component|pll|clk[0] ; inst|altpll_component|pll|clk[0] ; 0.000        ; 0.000      ; 0.367      ;
; 0.215 ; SOPC:inst2|SOPC_jtag_uart:jtag_uart|SOPC_jtag_uart_scfifo_w:the_SOPC_jtag_uart_scfifo_w|scfifo:wfifo|scfifo_1n21:auto_generated|a_dpfifo_8t21:dpfifo|a_fefifo_7cf:fifo_state|b_full      ; SOPC:inst2|SOPC_jtag_uart:jtag_uart|SOPC_jtag_uart_scfifo_w:the_SOPC_jtag_uart_scfifo_w|scfifo:wfifo|scfifo_1n21:auto_generated|a_dpfifo_8t21:dpfifo|a_fefifo_7cf:fifo_state|b_full      ; inst|altpll_component|pll|clk[0] ; inst|altpll_component|pll|clk[0] ; 0.000        ; 0.000      ; 0.367      ;
; 0.215 ; SOPC:inst2|SOPC_jtag_uart:jtag_uart|alt_jtag_atlantic:SOPC_jtag_uart_alt_jtag_atlantic|r_ena1                                                                                            ; SOPC:inst2|SOPC_jtag_uart:jtag_uart|alt_jtag_atlantic:SOPC_jtag_uart_alt_jtag_atlantic|r_ena1                                                                                            ; inst|altpll_component|pll|clk[0] ; inst|altpll_component|pll|clk[0] ; 0.000        ; 0.000      ; 0.367      ;
; 0.215 ; SOPC:inst2|SOPC_cpu:cpu|ic_fill_line[2]                                                                                                                                                  ; SOPC:inst2|SOPC_cpu:cpu|ic_fill_line[2]                                                                                                                                                  ; inst|altpll_component|pll|clk[0] ; inst|altpll_component|pll|clk[0] ; 0.000        ; 0.000      ; 0.367      ;
; 0.215 ; SOPC:inst2|SOPC_cpu:cpu|ic_fill_line[4]                                                                                                                                                  ; SOPC:inst2|SOPC_cpu:cpu|ic_fill_line[4]                                                                                                                                                  ; inst|altpll_component|pll|clk[0] ; inst|altpll_component|pll|clk[0] ; 0.000        ; 0.000      ; 0.367      ;
; 0.215 ; SOPC:inst2|SOPC_cpu:cpu|SOPC_cpu_nios2_oci:the_SOPC_cpu_nios2_oci|write                                                                                                                  ; SOPC:inst2|SOPC_cpu:cpu|SOPC_cpu_nios2_oci:the_SOPC_cpu_nios2_oci|write                                                                                                                  ; inst|altpll_component|pll|clk[0] ; inst|altpll_component|pll|clk[0] ; 0.000        ; 0.000      ; 0.367      ;
; 0.215 ; SOPC:inst2|altera_merlin_width_adapter:width_adapter|count[0]                                                                                                                            ; SOPC:inst2|altera_merlin_width_adapter:width_adapter|count[0]                                                                                                                            ; inst|altpll_component|pll|clk[0] ; inst|altpll_component|pll|clk[0] ; 0.000        ; 0.000      ; 0.367      ;
; 0.215 ; SOPC:inst2|altera_avalon_sc_fifo:cpu_jtag_debug_module_translator_avalon_universal_slave_0_agent_rsp_fifo|mem[1][84]                                                                     ; SOPC:inst2|altera_avalon_sc_fifo:cpu_jtag_debug_module_translator_avalon_universal_slave_0_agent_rsp_fifo|mem[1][84]                                                                     ; inst|altpll_component|pll|clk[0] ; inst|altpll_component|pll|clk[0] ; 0.000        ; 0.000      ; 0.367      ;
; 0.215 ; SOPC:inst2|SOPC_jtag_uart:jtag_uart|woverflow                                                                                                                                            ; SOPC:inst2|SOPC_jtag_uart:jtag_uart|woverflow                                                                                                                                            ; inst|altpll_component|pll|clk[0] ; inst|altpll_component|pll|clk[0] ; 0.000        ; 0.000      ; 0.367      ;
; 0.215 ; SOPC:inst2|altera_avalon_sc_fifo:sdram_s1_translator_avalon_universal_slave_0_agent_rsp_fifo|mem[7][87]                                                                                  ; SOPC:inst2|altera_avalon_sc_fifo:sdram_s1_translator_avalon_universal_slave_0_agent_rsp_fifo|mem[7][87]                                                                                  ; inst|altpll_component|pll|clk[0] ; inst|altpll_component|pll|clk[0] ; 0.000        ; 0.000      ; 0.367      ;
; 0.215 ; SOPC:inst2|altera_merlin_width_adapter:width_adapter_001|data_reg[14]                                                                                                                    ; SOPC:inst2|altera_merlin_width_adapter:width_adapter_001|data_reg[14]                                                                                                                    ; inst|altpll_component|pll|clk[0] ; inst|altpll_component|pll|clk[0] ; 0.000        ; 0.000      ; 0.367      ;
; 0.215 ; SOPC:inst2|altera_merlin_slave_translator:lcd32_data_s1_translator|wait_latency_counter[0]                                                                                               ; SOPC:inst2|altera_merlin_slave_translator:lcd32_data_s1_translator|wait_latency_counter[0]                                                                                               ; inst|altpll_component|pll|clk[0] ; inst|altpll_component|pll|clk[0] ; 0.000        ; 0.000      ; 0.367      ;
; 0.215 ; SOPC:inst2|altera_merlin_slave_translator:lcd32_data_s1_translator|wait_latency_counter[1]                                                                                               ; SOPC:inst2|altera_merlin_slave_translator:lcd32_data_s1_translator|wait_latency_counter[1]                                                                                               ; inst|altpll_component|pll|clk[0] ; inst|altpll_component|pll|clk[0] ; 0.000        ; 0.000      ; 0.367      ;
; 0.215 ; SOPC:inst2|altera_avalon_sc_fifo:lcd32_data_s1_translator_avalon_universal_slave_0_agent_rsp_fifo|mem_used[0]                                                                            ; SOPC:inst2|altera_avalon_sc_fifo:lcd32_data_s1_translator_avalon_universal_slave_0_agent_rsp_fifo|mem_used[0]                                                                            ; inst|altpll_component|pll|clk[0] ; inst|altpll_component|pll|clk[0] ; 0.000        ; 0.000      ; 0.367      ;
; 0.215 ; SOPC:inst2|altera_avalon_sc_fifo:lcd32_data_s1_translator_avalon_universal_slave_0_agent_rsp_fifo|mem_used[1]                                                                            ; SOPC:inst2|altera_avalon_sc_fifo:lcd32_data_s1_translator_avalon_universal_slave_0_agent_rsp_fifo|mem_used[1]                                                                            ; inst|altpll_component|pll|clk[0] ; inst|altpll_component|pll|clk[0] ; 0.000        ; 0.000      ; 0.367      ;
; 0.215 ; SOPC:inst2|SOPC_spi_touch:spi_touch|wr_strobe                                                                                                                                            ; SOPC:inst2|SOPC_spi_touch:spi_touch|wr_strobe                                                                                                                                            ; inst|altpll_component|pll|clk[0] ; inst|altpll_component|pll|clk[0] ; 0.000        ; 0.000      ; 0.367      ;
; 0.215 ; SOPC:inst2|altera_avalon_sc_fifo:epcs_epcs_control_port_translator_avalon_universal_slave_0_agent_rsp_fifo|mem[1][105]                                                                   ; SOPC:inst2|altera_avalon_sc_fifo:epcs_epcs_control_port_translator_avalon_universal_slave_0_agent_rsp_fifo|mem[1][105]                                                                   ; inst|altpll_component|pll|clk[0] ; inst|altpll_component|pll|clk[0] ; 0.000        ; 0.000      ; 0.367      ;
; 0.215 ; SOPC:inst2|altera_avalon_sc_fifo:cpu_jtag_debug_module_translator_avalon_universal_slave_0_agent_rsp_fifo|mem[1][105]                                                                    ; SOPC:inst2|altera_avalon_sc_fifo:cpu_jtag_debug_module_translator_avalon_universal_slave_0_agent_rsp_fifo|mem[1][105]                                                                    ; inst|altpll_component|pll|clk[0] ; inst|altpll_component|pll|clk[0] ; 0.000        ; 0.000      ; 0.367      ;
; 0.215 ; SOPC:inst2|altera_merlin_traffic_limiter:limiter|pending_response_count[0]                                                                                                               ; SOPC:inst2|altera_merlin_traffic_limiter:limiter|pending_response_count[0]                                                                                                               ; inst|altpll_component|pll|clk[0] ; inst|altpll_component|pll|clk[0] ; 0.000        ; 0.000      ; 0.367      ;
; 0.215 ; SOPC:inst2|altera_merlin_traffic_limiter:limiter|has_pending_responses                                                                                                                   ; SOPC:inst2|altera_merlin_traffic_limiter:limiter|has_pending_responses                                                                                                                   ; inst|altpll_component|pll|clk[0] ; inst|altpll_component|pll|clk[0] ; 0.000        ; 0.000      ; 0.367      ;
; 0.215 ; SOPC:inst2|altera_merlin_slave_translator:epcs_epcs_control_port_translator|wait_latency_counter[0]                                                                                      ; SOPC:inst2|altera_merlin_slave_translator:epcs_epcs_control_port_translator|wait_latency_counter[0]                                                                                      ; inst|altpll_component|pll|clk[0] ; inst|altpll_component|pll|clk[0] ; 0.000        ; 0.000      ; 0.367      ;
; 0.215 ; SOPC:inst2|altera_merlin_slave_translator:epcs_epcs_control_port_translator|wait_latency_counter[1]                                                                                      ; SOPC:inst2|altera_merlin_slave_translator:epcs_epcs_control_port_translator|wait_latency_counter[1]                                                                                      ; inst|altpll_component|pll|clk[0] ; inst|altpll_component|pll|clk[0] ; 0.000        ; 0.000      ; 0.367      ;
; 0.215 ; SOPC:inst2|SOPC_epcs:epcs|SOPC_epcs_sub:the_SOPC_epcs_sub|tx_holding_primed                                                                                                              ; SOPC:inst2|SOPC_epcs:epcs|SOPC_epcs_sub:the_SOPC_epcs_sub|tx_holding_primed                                                                                                              ; inst|altpll_component|pll|clk[0] ; inst|altpll_component|pll|clk[0] ; 0.000        ; 0.000      ; 0.367      ;
; 0.215 ; SOPC:inst2|SOPC_epcs:epcs|SOPC_epcs_sub:the_SOPC_epcs_sub|slowcount[0]                                                                                                                   ; SOPC:inst2|SOPC_epcs:epcs|SOPC_epcs_sub:the_SOPC_epcs_sub|slowcount[0]                                                                                                                   ; inst|altpll_component|pll|clk[0] ; inst|altpll_component|pll|clk[0] ; 0.000        ; 0.000      ; 0.367      ;
; 0.215 ; SOPC:inst2|SOPC_epcs:epcs|SOPC_epcs_sub:the_SOPC_epcs_sub|state[4]                                                                                                                       ; SOPC:inst2|SOPC_epcs:epcs|SOPC_epcs_sub:the_SOPC_epcs_sub|state[4]                                                                                                                       ; inst|altpll_component|pll|clk[0] ; inst|altpll_component|pll|clk[0] ; 0.000        ; 0.000      ; 0.367      ;
; 0.215 ; SOPC:inst2|SOPC_epcs:epcs|SOPC_epcs_sub:the_SOPC_epcs_sub|transmitting                                                                                                                   ; SOPC:inst2|SOPC_epcs:epcs|SOPC_epcs_sub:the_SOPC_epcs_sub|transmitting                                                                                                                   ; inst|altpll_component|pll|clk[0] ; inst|altpll_component|pll|clk[0] ; 0.000        ; 0.000      ; 0.367      ;
; 0.215 ; SOPC:inst2|SOPC_epcs:epcs|SOPC_epcs_sub:the_SOPC_epcs_sub|rd_strobe                                                                                                                      ; SOPC:inst2|SOPC_epcs:epcs|SOPC_epcs_sub:the_SOPC_epcs_sub|rd_strobe                                                                                                                      ; inst|altpll_component|pll|clk[0] ; inst|altpll_component|pll|clk[0] ; 0.000        ; 0.000      ; 0.367      ;
; 0.215 ; SOPC:inst2|SOPC_epcs:epcs|SOPC_epcs_sub:the_SOPC_epcs_sub|RRDY                                                                                                                           ; SOPC:inst2|SOPC_epcs:epcs|SOPC_epcs_sub:the_SOPC_epcs_sub|RRDY                                                                                                                           ; inst|altpll_component|pll|clk[0] ; inst|altpll_component|pll|clk[0] ; 0.000        ; 0.000      ; 0.367      ;
; 0.215 ; SOPC:inst2|SOPC_epcs:epcs|SOPC_epcs_sub:the_SOPC_epcs_sub|SCLK_reg                                                                                                                       ; SOPC:inst2|SOPC_epcs:epcs|SOPC_epcs_sub:the_SOPC_epcs_sub|SCLK_reg                                                                                                                       ; inst|altpll_component|pll|clk[0] ; inst|altpll_component|pll|clk[0] ; 0.000        ; 0.000      ; 0.367      ;
; 0.215 ; SOPC:inst2|SOPC_epcs:epcs|SOPC_epcs_sub:the_SOPC_epcs_sub|MISO_reg                                                                                                                       ; SOPC:inst2|SOPC_epcs:epcs|SOPC_epcs_sub:the_SOPC_epcs_sub|MISO_reg                                                                                                                       ; inst|altpll_component|pll|clk[0] ; inst|altpll_component|pll|clk[0] ; 0.000        ; 0.000      ; 0.367      ;
; 0.215 ; SOPC:inst2|altera_merlin_width_adapter:width_adapter_001|data_reg[7]                                                                                                                     ; SOPC:inst2|altera_merlin_width_adapter:width_adapter_001|data_reg[7]                                                                                                                     ; inst|altpll_component|pll|clk[0] ; inst|altpll_component|pll|clk[0] ; 0.000        ; 0.000      ; 0.367      ;
; 0.215 ; SOPC:inst2|SOPC_spi_touch:spi_touch|SCLK_reg                                                                                                                                             ; SOPC:inst2|SOPC_spi_touch:spi_touch|SCLK_reg                                                                                                                                             ; inst|altpll_component|pll|clk[0] ; inst|altpll_component|pll|clk[0] ; 0.000        ; 0.000      ; 0.367      ;
; 0.215 ; SOPC:inst2|SOPC_spi_touch:spi_touch|MISO_reg                                                                                                                                             ; SOPC:inst2|SOPC_spi_touch:spi_touch|MISO_reg                                                                                                                                             ; inst|altpll_component|pll|clk[0] ; inst|altpll_component|pll|clk[0] ; 0.000        ; 0.000      ; 0.367      ;
; 0.215 ; SOPC:inst2|SOPC_spi_touch:spi_touch|rd_strobe                                                                                                                                            ; SOPC:inst2|SOPC_spi_touch:spi_touch|rd_strobe                                                                                                                                            ; inst|altpll_component|pll|clk[0] ; inst|altpll_component|pll|clk[0] ; 0.000        ; 0.000      ; 0.367      ;
; 0.215 ; SOPC:inst2|SOPC_spi_touch:spi_touch|RRDY                                                                                                                                                 ; SOPC:inst2|SOPC_spi_touch:spi_touch|RRDY                                                                                                                                                 ; inst|altpll_component|pll|clk[0] ; inst|altpll_component|pll|clk[0] ; 0.000        ; 0.000      ; 0.367      ;
; 0.215 ; SOPC:inst2|altera_merlin_width_adapter:width_adapter_001|data_reg[15]                                                                                                                    ; SOPC:inst2|altera_merlin_width_adapter:width_adapter_001|data_reg[15]                                                                                                                    ; inst|altpll_component|pll|clk[0] ; inst|altpll_component|pll|clk[0] ; 0.000        ; 0.000      ; 0.367      ;
; 0.215 ; SOPC:inst2|SOPC_jtag_uart:jtag_uart|rvalid                                                                                                                                               ; SOPC:inst2|SOPC_jtag_uart:jtag_uart|rvalid                                                                                                                                               ; inst|altpll_component|pll|clk[0] ; inst|altpll_component|pll|clk[0] ; 0.000        ; 0.000      ; 0.367      ;
; 0.215 ; SOPC:inst2|altera_merlin_width_adapter:width_adapter_001|data_reg[12]                                                                                                                    ; SOPC:inst2|altera_merlin_width_adapter:width_adapter_001|data_reg[12]                                                                                                                    ; inst|altpll_component|pll|clk[0] ; inst|altpll_component|pll|clk[0] ; 0.000        ; 0.000      ; 0.367      ;
; 0.215 ; SOPC:inst2|altera_avalon_sc_fifo:epcs_epcs_control_port_translator_avalon_universal_slave_0_agent_rsp_fifo|mem_used[0]                                                                   ; SOPC:inst2|altera_avalon_sc_fifo:epcs_epcs_control_port_translator_avalon_universal_slave_0_agent_rsp_fifo|mem_used[0]                                                                   ; inst|altpll_component|pll|clk[0] ; inst|altpll_component|pll|clk[0] ; 0.000        ; 0.000      ; 0.367      ;
; 0.215 ; SOPC:inst2|altera_avalon_sc_fifo:epcs_epcs_control_port_translator_avalon_universal_slave_0_agent_rsp_fifo|mem_used[1]                                                                   ; SOPC:inst2|altera_avalon_sc_fifo:epcs_epcs_control_port_translator_avalon_universal_slave_0_agent_rsp_fifo|mem_used[1]                                                                   ; inst|altpll_component|pll|clk[0] ; inst|altpll_component|pll|clk[0] ; 0.000        ; 0.000      ; 0.367      ;
; 0.215 ; SOPC:inst2|altera_merlin_width_adapter:width_adapter_001|data_reg[11]                                                                                                                    ; SOPC:inst2|altera_merlin_width_adapter:width_adapter_001|data_reg[11]                                                                                                                    ; inst|altpll_component|pll|clk[0] ; inst|altpll_component|pll|clk[0] ; 0.000        ; 0.000      ; 0.367      ;
; 0.215 ; SOPC:inst2|altera_merlin_width_adapter:width_adapter_001|data_reg[10]                                                                                                                    ; SOPC:inst2|altera_merlin_width_adapter:width_adapter_001|data_reg[10]                                                                                                                    ; inst|altpll_component|pll|clk[0] ; inst|altpll_component|pll|clk[0] ; 0.000        ; 0.000      ; 0.367      ;
; 0.215 ; SOPC:inst2|SOPC_jtag_uart:jtag_uart|ac                                                                                                                                                   ; SOPC:inst2|SOPC_jtag_uart:jtag_uart|ac                                                                                                                                                   ; inst|altpll_component|pll|clk[0] ; inst|altpll_component|pll|clk[0] ; 0.000        ; 0.000      ; 0.367      ;
; 0.215 ; SOPC:inst2|altera_avalon_sc_fifo:jtag_uart_avalon_jtag_slave_translator_avalon_universal_slave_0_agent_rsp_fifo|mem_used[1]                                                              ; SOPC:inst2|altera_avalon_sc_fifo:jtag_uart_avalon_jtag_slave_translator_avalon_universal_slave_0_agent_rsp_fifo|mem_used[1]                                                              ; inst|altpll_component|pll|clk[0] ; inst|altpll_component|pll|clk[0] ; 0.000        ; 0.000      ; 0.367      ;
; 0.215 ; SOPC:inst2|altera_merlin_width_adapter:width_adapter_001|data_reg[9]                                                                                                                     ; SOPC:inst2|altera_merlin_width_adapter:width_adapter_001|data_reg[9]                                                                                                                     ; inst|altpll_component|pll|clk[0] ; inst|altpll_component|pll|clk[0] ; 0.000        ; 0.000      ; 0.367      ;
; 0.215 ; SOPC:inst2|SOPC_epcs:epcs|SOPC_epcs_sub:the_SOPC_epcs_sub|EOP                                                                                                                            ; SOPC:inst2|SOPC_epcs:epcs|SOPC_epcs_sub:the_SOPC_epcs_sub|EOP                                                                                                                            ; inst|altpll_component|pll|clk[0] ; inst|altpll_component|pll|clk[0] ; 0.000        ; 0.000      ; 0.367      ;
; 0.215 ; SOPC:inst2|SOPC_spi_touch:spi_touch|EOP                                                                                                                                                  ; SOPC:inst2|SOPC_spi_touch:spi_touch|EOP                                                                                                                                                  ; inst|altpll_component|pll|clk[0] ; inst|altpll_component|pll|clk[0] ; 0.000        ; 0.000      ; 0.367      ;
; 0.215 ; SOPC:inst2|altera_merlin_width_adapter:width_adapter_001|data_reg[8]                                                                                                                     ; SOPC:inst2|altera_merlin_width_adapter:width_adapter_001|data_reg[8]                                                                                                                     ; inst|altpll_component|pll|clk[0] ; inst|altpll_component|pll|clk[0] ; 0.000        ; 0.000      ; 0.367      ;
; 0.215 ; SOPC:inst2|SOPC_spi_touch:spi_touch|ROE                                                                                                                                                  ; SOPC:inst2|SOPC_spi_touch:spi_touch|ROE                                                                                                                                                  ; inst|altpll_component|pll|clk[0] ; inst|altpll_component|pll|clk[0] ; 0.000        ; 0.000      ; 0.367      ;
; 0.215 ; SOPC:inst2|SOPC_spi_touch:spi_touch|TOE                                                                                                                                                  ; SOPC:inst2|SOPC_spi_touch:spi_touch|TOE                                                                                                                                                  ; inst|altpll_component|pll|clk[0] ; inst|altpll_component|pll|clk[0] ; 0.000        ; 0.000      ; 0.367      ;
; 0.215 ; SOPC:inst2|SOPC_jtag_uart:jtag_uart|pause_irq                                                                                                                                            ; SOPC:inst2|SOPC_jtag_uart:jtag_uart|pause_irq                                                                                                                                            ; inst|altpll_component|pll|clk[0] ; inst|altpll_component|pll|clk[0] ; 0.000        ; 0.000      ; 0.367      ;
; 0.215 ; SOPC:inst2|SOPC_epcs:epcs|SOPC_epcs_sub:the_SOPC_epcs_sub|ROE                                                                                                                            ; SOPC:inst2|SOPC_epcs:epcs|SOPC_epcs_sub:the_SOPC_epcs_sub|ROE                                                                                                                            ; inst|altpll_component|pll|clk[0] ; inst|altpll_component|pll|clk[0] ; 0.000        ; 0.000      ; 0.367      ;
; 0.215 ; SOPC:inst2|SOPC_epcs:epcs|SOPC_epcs_sub:the_SOPC_epcs_sub|TOE                                                                                                                            ; SOPC:inst2|SOPC_epcs:epcs|SOPC_epcs_sub:the_SOPC_epcs_sub|TOE                                                                                                                            ; inst|altpll_component|pll|clk[0] ; inst|altpll_component|pll|clk[0] ; 0.000        ; 0.000      ; 0.367      ;
; 0.215 ; SOPC:inst2|SOPC_cpu:cpu|ic_fill_line[0]                                                                                                                                                  ; SOPC:inst2|SOPC_cpu:cpu|ic_fill_line[0]                                                                                                                                                  ; inst|altpll_component|pll|clk[0] ; inst|altpll_component|pll|clk[0] ; 0.000        ; 0.000      ; 0.367      ;
; 0.215 ; SOPC:inst2|altera_merlin_width_adapter:width_adapter_001|data_reg[13]                                                                                                                    ; SOPC:inst2|altera_merlin_width_adapter:width_adapter_001|data_reg[13]                                                                                                                    ; inst|altpll_component|pll|clk[0] ; inst|altpll_component|pll|clk[0] ; 0.000        ; 0.000      ; 0.367      ;
; 0.215 ; SOPC:inst2|SOPC_cpu:cpu|ic_fill_ap_cnt[0]                                                                                                                                                ; SOPC:inst2|SOPC_cpu:cpu|ic_fill_ap_cnt[0]                                                                                                                                                ; inst|altpll_component|pll|clk[0] ; inst|altpll_component|pll|clk[0] ; 0.000        ; 0.000      ; 0.367      ;
; 0.215 ; SOPC:inst2|altera_avalon_sc_fifo:sdram_s1_translator_avalon_universal_slave_0_agent_rsp_fifo|mem[7][47]                                                                                  ; SOPC:inst2|altera_avalon_sc_fifo:sdram_s1_translator_avalon_universal_slave_0_agent_rsp_fifo|mem[7][47]                                                                                  ; inst|altpll_component|pll|clk[0] ; inst|altpll_component|pll|clk[0] ; 0.000        ; 0.000      ; 0.367      ;
; 0.215 ; SOPC:inst2|altera_avalon_sc_fifo:cpu_jtag_debug_module_translator_avalon_universal_slave_0_agent_rsp_fifo|mem[1][65]                                                                     ; SOPC:inst2|altera_avalon_sc_fifo:cpu_jtag_debug_module_translator_avalon_universal_slave_0_agent_rsp_fifo|mem[1][65]                                                                     ; inst|altpll_component|pll|clk[0] ; inst|altpll_component|pll|clk[0] ; 0.000        ; 0.000      ; 0.367      ;
; 0.215 ; SOPC:inst2|altera_avalon_sc_fifo:epcs_epcs_control_port_translator_avalon_universal_slave_0_agent_rsp_fifo|mem[1][65]                                                                    ; SOPC:inst2|altera_avalon_sc_fifo:epcs_epcs_control_port_translator_avalon_universal_slave_0_agent_rsp_fifo|mem[1][65]                                                                    ; inst|altpll_component|pll|clk[0] ; inst|altpll_component|pll|clk[0] ; 0.000        ; 0.000      ; 0.367      ;
; 0.215 ; SOPC:inst2|SOPC_cpu:cpu|ic_fill_dp_offset[1]                                                                                                                                             ; SOPC:inst2|SOPC_cpu:cpu|ic_fill_dp_offset[1]                                                                                                                                             ; inst|altpll_component|pll|clk[0] ; inst|altpll_component|pll|clk[0] ; 0.000        ; 0.000      ; 0.367      ;
; 0.215 ; SOPC:inst2|SOPC_cpu:cpu|ic_fill_dp_offset[0]                                                                                                                                             ; SOPC:inst2|SOPC_cpu:cpu|ic_fill_dp_offset[0]                                                                                                                                             ; inst|altpll_component|pll|clk[0] ; inst|altpll_component|pll|clk[0] ; 0.000        ; 0.000      ; 0.367      ;
; 0.215 ; SOPC:inst2|SOPC_cpu:cpu|ic_fill_prevent_refill                                                                                                                                           ; SOPC:inst2|SOPC_cpu:cpu|ic_fill_prevent_refill                                                                                                                                           ; inst|altpll_component|pll|clk[0] ; inst|altpll_component|pll|clk[0] ; 0.000        ; 0.000      ; 0.367      ;
; 0.215 ; SOPC:inst2|SOPC_cpu:cpu|ic_fill_active                                                                                                                                                   ; SOPC:inst2|SOPC_cpu:cpu|ic_fill_active                                                                                                                                                   ; inst|altpll_component|pll|clk[0] ; inst|altpll_component|pll|clk[0] ; 0.000        ; 0.000      ; 0.367      ;
; 0.215 ; SOPC:inst2|SOPC_cpu:cpu|i_read~reg0                                                                                                                                                      ; SOPC:inst2|SOPC_cpu:cpu|i_read~reg0                                                                                                                                                      ; inst|altpll_component|pll|clk[0] ; inst|altpll_component|pll|clk[0] ; 0.000        ; 0.000      ; 0.367      ;
; 0.215 ; SOPC:inst2|altera_merlin_width_adapter:width_adapter|use_reg                                                                                                                             ; SOPC:inst2|altera_merlin_width_adapter:width_adapter|use_reg                                                                                                                             ; inst|altpll_component|pll|clk[0] ; inst|altpll_component|pll|clk[0] ; 0.000        ; 0.000      ; 0.367      ;
; 0.215 ; SOPC:inst2|SOPC_sdram:sdram|m_state.000100000                                                                                                                                            ; SOPC:inst2|SOPC_sdram:sdram|m_state.000100000                                                                                                                                            ; inst|altpll_component|pll|clk[0] ; inst|altpll_component|pll|clk[0] ; 0.000        ; 0.000      ; 0.367      ;
; 0.215 ; SOPC:inst2|SOPC_sdram:sdram|m_count[1]                                                                                                                                                   ; SOPC:inst2|SOPC_sdram:sdram|m_count[1]                                                                                                                                                   ; inst|altpll_component|pll|clk[0] ; inst|altpll_component|pll|clk[0] ; 0.000        ; 0.000      ; 0.367      ;
; 0.215 ; SOPC:inst2|SOPC_sdram:sdram|m_next.010000000                                                                                                                                             ; SOPC:inst2|SOPC_sdram:sdram|m_next.010000000                                                                                                                                             ; inst|altpll_component|pll|clk[0] ; inst|altpll_component|pll|clk[0] ; 0.000        ; 0.000      ; 0.367      ;
; 0.215 ; SOPC:inst2|SOPC_sdram:sdram|ack_refresh_request                                                                                                                                          ; SOPC:inst2|SOPC_sdram:sdram|ack_refresh_request                                                                                                                                          ; inst|altpll_component|pll|clk[0] ; inst|altpll_component|pll|clk[0] ; 0.000        ; 0.000      ; 0.367      ;
+-------+------------------------------------------------------------------------------------------------------------------------------------------------------------------------------------------+------------------------------------------------------------------------------------------------------------------------------------------------------------------------------------------+----------------------------------+----------------------------------+--------------+------------+------------+


+-------------------------------------------------------------------------------------------------------------------------------------------------------------------------------------------------------------------------------------------------------------------------------------------------------------+
; Fast Model Recovery: 'inst|altpll_component|pll|clk[0]'                                                                                                                                                                                                                                                     ;
+--------+--------------------------------------------------------------------------------------------------------------------------------------+----------------------------------------------+----------------------------------+----------------------------------+--------------+------------+------------+
; Slack  ; From Node                                                                                                                            ; To Node                                      ; Launch Clock                     ; Latch Clock                      ; Relationship ; Clock Skew ; Data Delay ;
+--------+--------------------------------------------------------------------------------------------------------------------------------------+----------------------------------------------+----------------------------------+----------------------------------+--------------+------------+------------+
; 6.595  ; SOPC:inst2|altera_reset_controller:rst_controller|altera_reset_synchronizer:alt_rst_sync_uq1|altera_reset_synchronizer_int_chain_out ; SOPC:inst2|SOPC_cpu:cpu|Mn_rot_step2[13]     ; inst|altpll_component|pll|clk[0] ; inst|altpll_component|pll|clk[0] ; 8.333        ; 0.035      ; 1.805      ;
; 6.595  ; SOPC:inst2|altera_reset_controller:rst_controller|altera_reset_synchronizer:alt_rst_sync_uq1|altera_reset_synchronizer_int_chain_out ; SOPC:inst2|SOPC_cpu:cpu|Mn_rot_step2[11]     ; inst|altpll_component|pll|clk[0] ; inst|altpll_component|pll|clk[0] ; 8.333        ; 0.035      ; 1.805      ;
; 6.595  ; SOPC:inst2|altera_reset_controller:rst_controller|altera_reset_synchronizer:alt_rst_sync_uq1|altera_reset_synchronizer_int_chain_out ; SOPC:inst2|SOPC_cpu:cpu|Mn_rot_step2[12]     ; inst|altpll_component|pll|clk[0] ; inst|altpll_component|pll|clk[0] ; 8.333        ; 0.039      ; 1.809      ;
; 6.595  ; SOPC:inst2|altera_reset_controller:rst_controller|altera_reset_synchronizer:alt_rst_sync_uq1|altera_reset_synchronizer_int_chain_out ; SOPC:inst2|SOPC_cpu:cpu|Mn_rot_step2[14]     ; inst|altpll_component|pll|clk[0] ; inst|altpll_component|pll|clk[0] ; 8.333        ; 0.039      ; 1.809      ;
; 6.595  ; SOPC:inst2|altera_reset_controller:rst_controller|altera_reset_synchronizer:alt_rst_sync_uq1|altera_reset_synchronizer_int_chain_out ; SOPC:inst2|SOPC_cpu:cpu|Mn_rot_step2[25]     ; inst|altpll_component|pll|clk[0] ; inst|altpll_component|pll|clk[0] ; 8.333        ; 0.035      ; 1.805      ;
; 6.595  ; SOPC:inst2|altera_reset_controller:rst_controller|altera_reset_synchronizer:alt_rst_sync_uq1|altera_reset_synchronizer_int_chain_out ; SOPC:inst2|SOPC_cpu:cpu|Mn_rot_step2[26]     ; inst|altpll_component|pll|clk[0] ; inst|altpll_component|pll|clk[0] ; 8.333        ; 0.039      ; 1.809      ;
; 6.595  ; SOPC:inst2|altera_reset_controller:rst_controller|altera_reset_synchronizer:alt_rst_sync_uq1|altera_reset_synchronizer_int_chain_out ; SOPC:inst2|SOPC_cpu:cpu|Mn_rot_step2[9]      ; inst|altpll_component|pll|clk[0] ; inst|altpll_component|pll|clk[0] ; 8.333        ; 0.035      ; 1.805      ;
; 6.595  ; SOPC:inst2|altera_reset_controller:rst_controller|altera_reset_synchronizer:alt_rst_sync_uq1|altera_reset_synchronizer_int_chain_out ; SOPC:inst2|SOPC_cpu:cpu|Mn_rot_step2[4]      ; inst|altpll_component|pll|clk[0] ; inst|altpll_component|pll|clk[0] ; 8.333        ; 0.039      ; 1.809      ;
; 6.595  ; SOPC:inst2|altera_reset_controller:rst_controller|altera_reset_synchronizer:alt_rst_sync_uq1|altera_reset_synchronizer_int_chain_out ; SOPC:inst2|SOPC_cpu:cpu|Mn_rot_step2[2]      ; inst|altpll_component|pll|clk[0] ; inst|altpll_component|pll|clk[0] ; 8.333        ; 0.039      ; 1.809      ;
; 6.595  ; SOPC:inst2|altera_reset_controller:rst_controller|altera_reset_synchronizer:alt_rst_sync_uq1|altera_reset_synchronizer_int_chain_out ; SOPC:inst2|SOPC_cpu:cpu|Mn_rot_step2[18]     ; inst|altpll_component|pll|clk[0] ; inst|altpll_component|pll|clk[0] ; 8.333        ; 0.039      ; 1.809      ;
; 6.595  ; SOPC:inst2|altera_reset_controller:rst_controller|altera_reset_synchronizer:alt_rst_sync_uq1|altera_reset_synchronizer_int_chain_out ; SOPC:inst2|SOPC_cpu:cpu|Mn_rot_step2[28]     ; inst|altpll_component|pll|clk[0] ; inst|altpll_component|pll|clk[0] ; 8.333        ; 0.039      ; 1.809      ;
; 6.595  ; SOPC:inst2|altera_reset_controller:rst_controller|altera_reset_synchronizer:alt_rst_sync_uq1|altera_reset_synchronizer_int_chain_out ; SOPC:inst2|SOPC_cpu:cpu|Mn_rot_step2[1]      ; inst|altpll_component|pll|clk[0] ; inst|altpll_component|pll|clk[0] ; 8.333        ; 0.035      ; 1.805      ;
; 6.595  ; SOPC:inst2|altera_reset_controller:rst_controller|altera_reset_synchronizer:alt_rst_sync_uq1|altera_reset_synchronizer_int_chain_out ; SOPC:inst2|SOPC_cpu:cpu|Mn_rot_step2[17]     ; inst|altpll_component|pll|clk[0] ; inst|altpll_component|pll|clk[0] ; 8.333        ; 0.035      ; 1.805      ;
; 6.595  ; SOPC:inst2|altera_reset_controller:rst_controller|altera_reset_synchronizer:alt_rst_sync_uq1|altera_reset_synchronizer_int_chain_out ; SOPC:inst2|SOPC_cpu:cpu|Mn_rot_step2[27]     ; inst|altpll_component|pll|clk[0] ; inst|altpll_component|pll|clk[0] ; 8.333        ; 0.035      ; 1.805      ;
; 6.595  ; SOPC:inst2|altera_reset_controller:rst_controller|altera_reset_synchronizer:alt_rst_sync_uq1|altera_reset_synchronizer_int_chain_out ; SOPC:inst2|SOPC_cpu:cpu|Mn_rot_step2[10]     ; inst|altpll_component|pll|clk[0] ; inst|altpll_component|pll|clk[0] ; 8.333        ; 0.039      ; 1.809      ;
; 6.595  ; SOPC:inst2|altera_reset_controller:rst_controller|altera_reset_synchronizer:alt_rst_sync_uq1|altera_reset_synchronizer_int_chain_out ; SOPC:inst2|SOPC_cpu:cpu|Mn_rot_step2[0]      ; inst|altpll_component|pll|clk[0] ; inst|altpll_component|pll|clk[0] ; 8.333        ; 0.039      ; 1.809      ;
; 6.595  ; SOPC:inst2|altera_reset_controller:rst_controller|altera_reset_synchronizer:alt_rst_sync_uq1|altera_reset_synchronizer_int_chain_out ; SOPC:inst2|SOPC_cpu:cpu|Mn_rot_step2[15]     ; inst|altpll_component|pll|clk[0] ; inst|altpll_component|pll|clk[0] ; 8.333        ; 0.035      ; 1.805      ;
; 6.595  ; SOPC:inst2|altera_reset_controller:rst_controller|altera_reset_synchronizer:alt_rst_sync_uq1|altera_reset_synchronizer_int_chain_out ; SOPC:inst2|SOPC_cpu:cpu|Mn_rot_step2[31]     ; inst|altpll_component|pll|clk[0] ; inst|altpll_component|pll|clk[0] ; 8.333        ; 0.035      ; 1.805      ;
; 6.595  ; SOPC:inst2|altera_reset_controller:rst_controller|altera_reset_synchronizer:alt_rst_sync_uq1|altera_reset_synchronizer_int_chain_out ; SOPC:inst2|SOPC_cpu:cpu|Mn_rot_step2[5]      ; inst|altpll_component|pll|clk[0] ; inst|altpll_component|pll|clk[0] ; 8.333        ; 0.035      ; 1.805      ;
; 6.595  ; SOPC:inst2|altera_reset_controller:rst_controller|altera_reset_synchronizer:alt_rst_sync_uq1|altera_reset_synchronizer_int_chain_out ; SOPC:inst2|SOPC_cpu:cpu|Mn_rot_step2[23]     ; inst|altpll_component|pll|clk[0] ; inst|altpll_component|pll|clk[0] ; 8.333        ; 0.035      ; 1.805      ;
; 6.595  ; SOPC:inst2|altera_reset_controller:rst_controller|altera_reset_synchronizer:alt_rst_sync_uq1|altera_reset_synchronizer_int_chain_out ; SOPC:inst2|SOPC_cpu:cpu|Mn_rot_step2[8]      ; inst|altpll_component|pll|clk[0] ; inst|altpll_component|pll|clk[0] ; 8.333        ; 0.039      ; 1.809      ;
; 6.595  ; SOPC:inst2|altera_reset_controller:rst_controller|altera_reset_synchronizer:alt_rst_sync_uq1|altera_reset_synchronizer_int_chain_out ; SOPC:inst2|SOPC_cpu:cpu|Mn_rot_step2[24]     ; inst|altpll_component|pll|clk[0] ; inst|altpll_component|pll|clk[0] ; 8.333        ; 0.039      ; 1.809      ;
; 6.595  ; SOPC:inst2|altera_reset_controller:rst_controller|altera_reset_synchronizer:alt_rst_sync_uq1|altera_reset_synchronizer_int_chain_out ; SOPC:inst2|SOPC_cpu:cpu|Mn_rot_step2[3]      ; inst|altpll_component|pll|clk[0] ; inst|altpll_component|pll|clk[0] ; 8.333        ; 0.035      ; 1.805      ;
; 6.595  ; SOPC:inst2|altera_reset_controller:rst_controller|altera_reset_synchronizer:alt_rst_sync_uq1|altera_reset_synchronizer_int_chain_out ; SOPC:inst2|SOPC_cpu:cpu|Mn_rot_step2[19]     ; inst|altpll_component|pll|clk[0] ; inst|altpll_component|pll|clk[0] ; 8.333        ; 0.035      ; 1.805      ;
; 6.595  ; SOPC:inst2|altera_reset_controller:rst_controller|altera_reset_synchronizer:alt_rst_sync_uq1|altera_reset_synchronizer_int_chain_out ; SOPC:inst2|SOPC_cpu:cpu|Mn_rot_step2[29]     ; inst|altpll_component|pll|clk[0] ; inst|altpll_component|pll|clk[0] ; 8.333        ; 0.035      ; 1.805      ;
; 6.595  ; SOPC:inst2|altera_reset_controller:rst_controller|altera_reset_synchronizer:alt_rst_sync_uq1|altera_reset_synchronizer_int_chain_out ; SOPC:inst2|SOPC_cpu:cpu|Mn_rot_step2[7]      ; inst|altpll_component|pll|clk[0] ; inst|altpll_component|pll|clk[0] ; 8.333        ; 0.035      ; 1.805      ;
; 6.595  ; SOPC:inst2|altera_reset_controller:rst_controller|altera_reset_synchronizer:alt_rst_sync_uq1|altera_reset_synchronizer_int_chain_out ; SOPC:inst2|SOPC_cpu:cpu|Mn_rot_step2[21]     ; inst|altpll_component|pll|clk[0] ; inst|altpll_component|pll|clk[0] ; 8.333        ; 0.035      ; 1.805      ;
; 6.595  ; SOPC:inst2|altera_reset_controller:rst_controller|altera_reset_synchronizer:alt_rst_sync_uq1|altera_reset_synchronizer_int_chain_out ; SOPC:inst2|SOPC_cpu:cpu|Mn_rot_step2[16]     ; inst|altpll_component|pll|clk[0] ; inst|altpll_component|pll|clk[0] ; 8.333        ; 0.039      ; 1.809      ;
; 6.595  ; SOPC:inst2|altera_reset_controller:rst_controller|altera_reset_synchronizer:alt_rst_sync_uq1|altera_reset_synchronizer_int_chain_out ; SOPC:inst2|SOPC_cpu:cpu|Mn_rot_step2[20]     ; inst|altpll_component|pll|clk[0] ; inst|altpll_component|pll|clk[0] ; 8.333        ; 0.039      ; 1.809      ;
; 6.595  ; SOPC:inst2|altera_reset_controller:rst_controller|altera_reset_synchronizer:alt_rst_sync_uq1|altera_reset_synchronizer_int_chain_out ; SOPC:inst2|SOPC_cpu:cpu|Mn_rot_step2[30]     ; inst|altpll_component|pll|clk[0] ; inst|altpll_component|pll|clk[0] ; 8.333        ; 0.039      ; 1.809      ;
; 6.595  ; SOPC:inst2|altera_reset_controller:rst_controller|altera_reset_synchronizer:alt_rst_sync_uq1|altera_reset_synchronizer_int_chain_out ; SOPC:inst2|SOPC_cpu:cpu|Mn_rot_step2[22]     ; inst|altpll_component|pll|clk[0] ; inst|altpll_component|pll|clk[0] ; 8.333        ; 0.039      ; 1.809      ;
; 6.595  ; SOPC:inst2|altera_reset_controller:rst_controller|altera_reset_synchronizer:alt_rst_sync_uq1|altera_reset_synchronizer_int_chain_out ; SOPC:inst2|SOPC_cpu:cpu|Mn_rot_step2[6]      ; inst|altpll_component|pll|clk[0] ; inst|altpll_component|pll|clk[0] ; 8.333        ; 0.039      ; 1.809      ;
; 14.293 ; SOPC:inst2|altera_reset_controller:rst_controller|altera_reset_synchronizer:alt_rst_sync_uq1|altera_reset_synchronizer_int_chain_out ; SOPC:inst2|SOPC_sdram:sdram|m_data[1]        ; inst|altpll_component|pll|clk[0] ; inst|altpll_component|pll|clk[0] ; 16.667       ; -0.140     ; 2.199      ;
; 14.293 ; SOPC:inst2|altera_reset_controller:rst_controller|altera_reset_synchronizer:alt_rst_sync_uq1|altera_reset_synchronizer_int_chain_out ; SOPC:inst2|SOPC_sdram:sdram|m_data[0]        ; inst|altpll_component|pll|clk[0] ; inst|altpll_component|pll|clk[0] ; 16.667       ; -0.140     ; 2.199      ;
; 14.294 ; SOPC:inst2|altera_reset_controller:rst_controller|altera_reset_synchronizer:alt_rst_sync_uq1|altera_reset_synchronizer_int_chain_out ; SOPC:inst2|SOPC_sdram:sdram|m_data[4]        ; inst|altpll_component|pll|clk[0] ; inst|altpll_component|pll|clk[0] ; 16.667       ; -0.129     ; 2.209      ;
; 14.294 ; SOPC:inst2|altera_reset_controller:rst_controller|altera_reset_synchronizer:alt_rst_sync_uq1|altera_reset_synchronizer_int_chain_out ; SOPC:inst2|SOPC_sdram:sdram|m_data[2]        ; inst|altpll_component|pll|clk[0] ; inst|altpll_component|pll|clk[0] ; 16.667       ; -0.129     ; 2.209      ;
; 14.294 ; SOPC:inst2|altera_reset_controller:rst_controller|altera_reset_synchronizer:alt_rst_sync_uq1|altera_reset_synchronizer_int_chain_out ; SOPC:inst2|SOPC_sdram:sdram|m_data[5]        ; inst|altpll_component|pll|clk[0] ; inst|altpll_component|pll|clk[0] ; 16.667       ; -0.129     ; 2.209      ;
; 14.294 ; SOPC:inst2|altera_reset_controller:rst_controller|altera_reset_synchronizer:alt_rst_sync_uq1|altera_reset_synchronizer_int_chain_out ; SOPC:inst2|SOPC_sdram:sdram|m_data[3]        ; inst|altpll_component|pll|clk[0] ; inst|altpll_component|pll|clk[0] ; 16.667       ; -0.135     ; 2.203      ;
; 14.303 ; SOPC:inst2|altera_reset_controller:rst_controller|altera_reset_synchronizer:alt_rst_sync_uq1|altera_reset_synchronizer_int_chain_out ; SOPC:inst2|SOPC_sdram:sdram|oe~_Duplicate_14 ; inst|altpll_component|pll|clk[0] ; inst|altpll_component|pll|clk[0] ; 16.667       ; -0.132     ; 2.197      ;
; 14.303 ; SOPC:inst2|altera_reset_controller:rst_controller|altera_reset_synchronizer:alt_rst_sync_uq1|altera_reset_synchronizer_int_chain_out ; SOPC:inst2|SOPC_sdram:sdram|oe~_Duplicate_15 ; inst|altpll_component|pll|clk[0] ; inst|altpll_component|pll|clk[0] ; 16.667       ; -0.132     ; 2.197      ;
; 14.304 ; SOPC:inst2|altera_reset_controller:rst_controller|altera_reset_synchronizer:alt_rst_sync_uq1|altera_reset_synchronizer_int_chain_out ; SOPC:inst2|SOPC_sdram:sdram|oe~_Duplicate_11 ; inst|altpll_component|pll|clk[0] ; inst|altpll_component|pll|clk[0] ; 16.667       ; -0.121     ; 2.207      ;
; 14.304 ; SOPC:inst2|altera_reset_controller:rst_controller|altera_reset_synchronizer:alt_rst_sync_uq1|altera_reset_synchronizer_int_chain_out ; SOPC:inst2|SOPC_sdram:sdram|oe~_Duplicate_13 ; inst|altpll_component|pll|clk[0] ; inst|altpll_component|pll|clk[0] ; 16.667       ; -0.121     ; 2.207      ;
; 14.304 ; SOPC:inst2|altera_reset_controller:rst_controller|altera_reset_synchronizer:alt_rst_sync_uq1|altera_reset_synchronizer_int_chain_out ; SOPC:inst2|SOPC_sdram:sdram|oe~_Duplicate_10 ; inst|altpll_component|pll|clk[0] ; inst|altpll_component|pll|clk[0] ; 16.667       ; -0.121     ; 2.207      ;
; 14.304 ; SOPC:inst2|altera_reset_controller:rst_controller|altera_reset_synchronizer:alt_rst_sync_uq1|altera_reset_synchronizer_int_chain_out ; SOPC:inst2|SOPC_sdram:sdram|oe~_Duplicate_12 ; inst|altpll_component|pll|clk[0] ; inst|altpll_component|pll|clk[0] ; 16.667       ; -0.127     ; 2.201      ;
; 14.307 ; SOPC:inst2|altera_reset_controller:rst_controller|altera_reset_synchronizer:alt_rst_sync_uq1|altera_reset_synchronizer_int_chain_out ; SOPC:inst2|SOPC_sdram:sdram|za_data[1]       ; inst|altpll_component|pll|clk[0] ; inst|altpll_component|pll|clk[0] ; 16.667       ; -0.142     ; 2.183      ;
; 14.307 ; SOPC:inst2|altera_reset_controller:rst_controller|altera_reset_synchronizer:alt_rst_sync_uq1|altera_reset_synchronizer_int_chain_out ; SOPC:inst2|SOPC_sdram:sdram|za_data[0]       ; inst|altpll_component|pll|clk[0] ; inst|altpll_component|pll|clk[0] ; 16.667       ; -0.142     ; 2.183      ;
; 14.308 ; SOPC:inst2|altera_reset_controller:rst_controller|altera_reset_synchronizer:alt_rst_sync_uq1|altera_reset_synchronizer_int_chain_out ; SOPC:inst2|SOPC_sdram:sdram|za_data[4]       ; inst|altpll_component|pll|clk[0] ; inst|altpll_component|pll|clk[0] ; 16.667       ; -0.131     ; 2.193      ;
; 14.308 ; SOPC:inst2|altera_reset_controller:rst_controller|altera_reset_synchronizer:alt_rst_sync_uq1|altera_reset_synchronizer_int_chain_out ; SOPC:inst2|SOPC_sdram:sdram|za_data[2]       ; inst|altpll_component|pll|clk[0] ; inst|altpll_component|pll|clk[0] ; 16.667       ; -0.131     ; 2.193      ;
; 14.308 ; SOPC:inst2|altera_reset_controller:rst_controller|altera_reset_synchronizer:alt_rst_sync_uq1|altera_reset_synchronizer_int_chain_out ; SOPC:inst2|SOPC_sdram:sdram|za_data[5]       ; inst|altpll_component|pll|clk[0] ; inst|altpll_component|pll|clk[0] ; 16.667       ; -0.131     ; 2.193      ;
; 14.308 ; SOPC:inst2|altera_reset_controller:rst_controller|altera_reset_synchronizer:alt_rst_sync_uq1|altera_reset_synchronizer_int_chain_out ; SOPC:inst2|SOPC_sdram:sdram|za_data[3]       ; inst|altpll_component|pll|clk[0] ; inst|altpll_component|pll|clk[0] ; 16.667       ; -0.137     ; 2.187      ;
; 14.316 ; SOPC:inst2|altera_reset_controller:rst_controller|altera_reset_synchronizer:alt_rst_sync_uq1|altera_reset_synchronizer_int_chain_out ; SOPC:inst2|SOPC_sdram:sdram|m_data[13]       ; inst|altpll_component|pll|clk[0] ; inst|altpll_component|pll|clk[0] ; 16.667       ; -0.139     ; 2.177      ;
; 14.316 ; SOPC:inst2|altera_reset_controller:rst_controller|altera_reset_synchronizer:alt_rst_sync_uq1|altera_reset_synchronizer_int_chain_out ; SOPC:inst2|SOPC_sdram:sdram|m_data[14]       ; inst|altpll_component|pll|clk[0] ; inst|altpll_component|pll|clk[0] ; 16.667       ; -0.127     ; 2.189      ;
; 14.316 ; SOPC:inst2|altera_reset_controller:rst_controller|altera_reset_synchronizer:alt_rst_sync_uq1|altera_reset_synchronizer_int_chain_out ; SOPC:inst2|SOPC_sdram:sdram|m_data[15]       ; inst|altpll_component|pll|clk[0] ; inst|altpll_component|pll|clk[0] ; 16.667       ; -0.124     ; 2.192      ;
; 14.316 ; SOPC:inst2|altera_reset_controller:rst_controller|altera_reset_synchronizer:alt_rst_sync_uq1|altera_reset_synchronizer_int_chain_out ; SOPC:inst2|SOPC_sdram:sdram|m_data[11]       ; inst|altpll_component|pll|clk[0] ; inst|altpll_component|pll|clk[0] ; 16.667       ; -0.127     ; 2.189      ;
; 14.316 ; SOPC:inst2|altera_reset_controller:rst_controller|altera_reset_synchronizer:alt_rst_sync_uq1|altera_reset_synchronizer_int_chain_out ; SOPC:inst2|SOPC_sdram:sdram|m_data[8]        ; inst|altpll_component|pll|clk[0] ; inst|altpll_component|pll|clk[0] ; 16.667       ; -0.115     ; 2.201      ;
; 14.316 ; SOPC:inst2|altera_reset_controller:rst_controller|altera_reset_synchronizer:alt_rst_sync_uq1|altera_reset_synchronizer_int_chain_out ; SOPC:inst2|SOPC_sdram:sdram|m_data[12]       ; inst|altpll_component|pll|clk[0] ; inst|altpll_component|pll|clk[0] ; 16.667       ; -0.127     ; 2.189      ;
; 14.316 ; SOPC:inst2|altera_reset_controller:rst_controller|altera_reset_synchronizer:alt_rst_sync_uq1|altera_reset_synchronizer_int_chain_out ; SOPC:inst2|SOPC_sdram:sdram|m_dqm[1]         ; inst|altpll_component|pll|clk[0] ; inst|altpll_component|pll|clk[0] ; 16.667       ; -0.115     ; 2.201      ;
; 14.317 ; SOPC:inst2|altera_reset_controller:rst_controller|altera_reset_synchronizer:alt_rst_sync_uq1|altera_reset_synchronizer_int_chain_out ; SOPC:inst2|SOPC_sdram:sdram|m_data[9]        ; inst|altpll_component|pll|clk[0] ; inst|altpll_component|pll|clk[0] ; 16.667       ; -0.116     ; 2.199      ;
; 14.317 ; SOPC:inst2|altera_reset_controller:rst_controller|altera_reset_synchronizer:alt_rst_sync_uq1|altera_reset_synchronizer_int_chain_out ; SOPC:inst2|SOPC_sdram:sdram|m_data[10]       ; inst|altpll_component|pll|clk[0] ; inst|altpll_component|pll|clk[0] ; 16.667       ; -0.116     ; 2.199      ;
; 14.326 ; SOPC:inst2|altera_reset_controller:rst_controller|altera_reset_synchronizer:alt_rst_sync_uq1|altera_reset_synchronizer_int_chain_out ; SOPC:inst2|SOPC_sdram:sdram|oe~_Duplicate_2  ; inst|altpll_component|pll|clk[0] ; inst|altpll_component|pll|clk[0] ; 16.667       ; -0.131     ; 2.175      ;
; 14.326 ; SOPC:inst2|altera_reset_controller:rst_controller|altera_reset_synchronizer:alt_rst_sync_uq1|altera_reset_synchronizer_int_chain_out ; SOPC:inst2|SOPC_sdram:sdram|oe~_Duplicate_1  ; inst|altpll_component|pll|clk[0] ; inst|altpll_component|pll|clk[0] ; 16.667       ; -0.119     ; 2.187      ;
; 14.326 ; SOPC:inst2|altera_reset_controller:rst_controller|altera_reset_synchronizer:alt_rst_sync_uq1|altera_reset_synchronizer_int_chain_out ; SOPC:inst2|SOPC_sdram:sdram|oe               ; inst|altpll_component|pll|clk[0] ; inst|altpll_component|pll|clk[0] ; 16.667       ; -0.116     ; 2.190      ;
; 14.326 ; SOPC:inst2|altera_reset_controller:rst_controller|altera_reset_synchronizer:alt_rst_sync_uq1|altera_reset_synchronizer_int_chain_out ; SOPC:inst2|SOPC_sdram:sdram|oe~_Duplicate_4  ; inst|altpll_component|pll|clk[0] ; inst|altpll_component|pll|clk[0] ; 16.667       ; -0.119     ; 2.187      ;
; 14.326 ; SOPC:inst2|altera_reset_controller:rst_controller|altera_reset_synchronizer:alt_rst_sync_uq1|altera_reset_synchronizer_int_chain_out ; SOPC:inst2|SOPC_sdram:sdram|oe~_Duplicate_7  ; inst|altpll_component|pll|clk[0] ; inst|altpll_component|pll|clk[0] ; 16.667       ; -0.107     ; 2.199      ;
; 14.326 ; SOPC:inst2|altera_reset_controller:rst_controller|altera_reset_synchronizer:alt_rst_sync_uq1|altera_reset_synchronizer_int_chain_out ; SOPC:inst2|SOPC_sdram:sdram|oe~_Duplicate_3  ; inst|altpll_component|pll|clk[0] ; inst|altpll_component|pll|clk[0] ; 16.667       ; -0.119     ; 2.187      ;
; 14.327 ; SOPC:inst2|altera_reset_controller:rst_controller|altera_reset_synchronizer:alt_rst_sync_uq1|altera_reset_synchronizer_int_chain_out ; SOPC:inst2|SOPC_sdram:sdram|oe~_Duplicate_6  ; inst|altpll_component|pll|clk[0] ; inst|altpll_component|pll|clk[0] ; 16.667       ; -0.108     ; 2.197      ;
; 14.327 ; SOPC:inst2|altera_reset_controller:rst_controller|altera_reset_synchronizer:alt_rst_sync_uq1|altera_reset_synchronizer_int_chain_out ; SOPC:inst2|SOPC_sdram:sdram|oe~_Duplicate_5  ; inst|altpll_component|pll|clk[0] ; inst|altpll_component|pll|clk[0] ; 16.667       ; -0.108     ; 2.197      ;
; 14.330 ; SOPC:inst2|altera_reset_controller:rst_controller|altera_reset_synchronizer:alt_rst_sync_uq1|altera_reset_synchronizer_int_chain_out ; SOPC:inst2|SOPC_sdram:sdram|za_data[14]      ; inst|altpll_component|pll|clk[0] ; inst|altpll_component|pll|clk[0] ; 16.667       ; -0.129     ; 2.173      ;
; 14.330 ; SOPC:inst2|altera_reset_controller:rst_controller|altera_reset_synchronizer:alt_rst_sync_uq1|altera_reset_synchronizer_int_chain_out ; SOPC:inst2|SOPC_sdram:sdram|za_data[15]      ; inst|altpll_component|pll|clk[0] ; inst|altpll_component|pll|clk[0] ; 16.667       ; -0.126     ; 2.176      ;
; 14.330 ; SOPC:inst2|altera_reset_controller:rst_controller|altera_reset_synchronizer:alt_rst_sync_uq1|altera_reset_synchronizer_int_chain_out ; SOPC:inst2|SOPC_sdram:sdram|za_data[11]      ; inst|altpll_component|pll|clk[0] ; inst|altpll_component|pll|clk[0] ; 16.667       ; -0.129     ; 2.173      ;
; 14.330 ; SOPC:inst2|altera_reset_controller:rst_controller|altera_reset_synchronizer:alt_rst_sync_uq1|altera_reset_synchronizer_int_chain_out ; SOPC:inst2|SOPC_sdram:sdram|za_data[8]       ; inst|altpll_component|pll|clk[0] ; inst|altpll_component|pll|clk[0] ; 16.667       ; -0.117     ; 2.185      ;
; 14.330 ; SOPC:inst2|altera_reset_controller:rst_controller|altera_reset_synchronizer:alt_rst_sync_uq1|altera_reset_synchronizer_int_chain_out ; SOPC:inst2|SOPC_sdram:sdram|za_data[13]      ; inst|altpll_component|pll|clk[0] ; inst|altpll_component|pll|clk[0] ; 16.667       ; -0.141     ; 2.161      ;
; 14.330 ; SOPC:inst2|altera_reset_controller:rst_controller|altera_reset_synchronizer:alt_rst_sync_uq1|altera_reset_synchronizer_int_chain_out ; SOPC:inst2|SOPC_sdram:sdram|za_data[12]      ; inst|altpll_component|pll|clk[0] ; inst|altpll_component|pll|clk[0] ; 16.667       ; -0.129     ; 2.173      ;
; 14.331 ; SOPC:inst2|altera_reset_controller:rst_controller|altera_reset_synchronizer:alt_rst_sync_uq1|altera_reset_synchronizer_int_chain_out ; SOPC:inst2|SOPC_sdram:sdram|za_data[10]      ; inst|altpll_component|pll|clk[0] ; inst|altpll_component|pll|clk[0] ; 16.667       ; -0.118     ; 2.183      ;
; 14.331 ; SOPC:inst2|altera_reset_controller:rst_controller|altera_reset_synchronizer:alt_rst_sync_uq1|altera_reset_synchronizer_int_chain_out ; SOPC:inst2|SOPC_sdram:sdram|za_data[9]       ; inst|altpll_component|pll|clk[0] ; inst|altpll_component|pll|clk[0] ; 16.667       ; -0.118     ; 2.183      ;
; 14.346 ; SOPC:inst2|altera_reset_controller:rst_controller|altera_reset_synchronizer:alt_rst_sync_uq1|altera_reset_synchronizer_int_chain_out ; SOPC:inst2|SOPC_sdram:sdram|oe~_Duplicate_8  ; inst|altpll_component|pll|clk[0] ; inst|altpll_component|pll|clk[0] ; 16.667       ; -0.045     ; 2.238      ;
; 14.346 ; SOPC:inst2|altera_reset_controller:rst_controller|altera_reset_synchronizer:alt_rst_sync_uq1|altera_reset_synchronizer_int_chain_out ; SOPC:inst2|SOPC_sdram:sdram|oe~_Duplicate_9  ; inst|altpll_component|pll|clk[0] ; inst|altpll_component|pll|clk[0] ; 16.667       ; -0.045     ; 2.238      ;
; 14.346 ; SOPC:inst2|altera_reset_controller:rst_controller|altera_reset_synchronizer:alt_rst_sync_uq1|altera_reset_synchronizer_int_chain_out ; SOPC:inst2|SOPC_sdram:sdram|m_bank[1]        ; inst|altpll_component|pll|clk[0] ; inst|altpll_component|pll|clk[0] ; 16.667       ; -0.043     ; 2.240      ;
; 14.346 ; SOPC:inst2|altera_reset_controller:rst_controller|altera_reset_synchronizer:alt_rst_sync_uq1|altera_reset_synchronizer_int_chain_out ; SOPC:inst2|SOPC_sdram:sdram|m_addr[10]       ; inst|altpll_component|pll|clk[0] ; inst|altpll_component|pll|clk[0] ; 16.667       ; -0.043     ; 2.240      ;
; 14.347 ; SOPC:inst2|altera_reset_controller:rst_controller|altera_reset_synchronizer:alt_rst_sync_uq1|altera_reset_synchronizer_int_chain_out ; SOPC:inst2|SOPC_sdram:sdram|m_cmd[1]         ; inst|altpll_component|pll|clk[0] ; inst|altpll_component|pll|clk[0] ; 16.667       ; -0.040     ; 2.242      ;
; 14.347 ; SOPC:inst2|altera_reset_controller:rst_controller|altera_reset_synchronizer:alt_rst_sync_uq1|altera_reset_synchronizer_int_chain_out ; SOPC:inst2|SOPC_sdram:sdram|m_cmd[2]         ; inst|altpll_component|pll|clk[0] ; inst|altpll_component|pll|clk[0] ; 16.667       ; -0.040     ; 2.242      ;
; 14.347 ; SOPC:inst2|altera_reset_controller:rst_controller|altera_reset_synchronizer:alt_rst_sync_uq1|altera_reset_synchronizer_int_chain_out ; SOPC:inst2|SOPC_sdram:sdram|m_dqm[0]         ; inst|altpll_component|pll|clk[0] ; inst|altpll_component|pll|clk[0] ; 16.667       ; -0.040     ; 2.242      ;
; 14.348 ; SOPC:inst2|altera_reset_controller:rst_controller|altera_reset_synchronizer:alt_rst_sync_uq1|altera_reset_synchronizer_int_chain_out ; SOPC:inst2|SOPC_sdram:sdram|m_data[7]        ; inst|altpll_component|pll|clk[0] ; inst|altpll_component|pll|clk[0] ; 16.667       ; -0.039     ; 2.242      ;
; 14.348 ; SOPC:inst2|altera_reset_controller:rst_controller|altera_reset_synchronizer:alt_rst_sync_uq1|altera_reset_synchronizer_int_chain_out ; SOPC:inst2|SOPC_sdram:sdram|m_data[6]        ; inst|altpll_component|pll|clk[0] ; inst|altpll_component|pll|clk[0] ; 16.667       ; -0.039     ; 2.242      ;
; 14.348 ; SOPC:inst2|altera_reset_controller:rst_controller|altera_reset_synchronizer:alt_rst_sync_uq1|altera_reset_synchronizer_int_chain_out ; SOPC:inst2|SOPC_sdram:sdram|m_cmd[0]         ; inst|altpll_component|pll|clk[0] ; inst|altpll_component|pll|clk[0] ; 16.667       ; -0.039     ; 2.242      ;
; 14.348 ; SOPC:inst2|altera_reset_controller:rst_controller|altera_reset_synchronizer:alt_rst_sync_uq1|altera_reset_synchronizer_int_chain_out ; SOPC:inst2|SOPC_sdram:sdram|m_addr[3]        ; inst|altpll_component|pll|clk[0] ; inst|altpll_component|pll|clk[0] ; 16.667       ; -0.054     ; 2.227      ;
; 14.348 ; SOPC:inst2|altera_reset_controller:rst_controller|altera_reset_synchronizer:alt_rst_sync_uq1|altera_reset_synchronizer_int_chain_out ; SOPC:inst2|SOPC_sdram:sdram|m_addr[2]        ; inst|altpll_component|pll|clk[0] ; inst|altpll_component|pll|clk[0] ; 16.667       ; -0.054     ; 2.227      ;
; 14.349 ; SOPC:inst2|altera_reset_controller:rst_controller|altera_reset_synchronizer:alt_rst_sync_uq1|altera_reset_synchronizer_int_chain_out ; SOPC:inst2|SOPC_sdram:sdram|m_cmd[3]         ; inst|altpll_component|pll|clk[0] ; inst|altpll_component|pll|clk[0] ; 16.667       ; -0.041     ; 2.239      ;
; 14.349 ; SOPC:inst2|altera_reset_controller:rst_controller|altera_reset_synchronizer:alt_rst_sync_uq1|altera_reset_synchronizer_int_chain_out ; SOPC:inst2|SOPC_sdram:sdram|m_bank[0]        ; inst|altpll_component|pll|clk[0] ; inst|altpll_component|pll|clk[0] ; 16.667       ; -0.041     ; 2.239      ;
; 14.349 ; SOPC:inst2|altera_reset_controller:rst_controller|altera_reset_synchronizer:alt_rst_sync_uq1|altera_reset_synchronizer_int_chain_out ; SOPC:inst2|SOPC_sdram:sdram|m_addr[12]       ; inst|altpll_component|pll|clk[0] ; inst|altpll_component|pll|clk[0] ; 16.667       ; -0.030     ; 2.250      ;
; 14.349 ; SOPC:inst2|altera_reset_controller:rst_controller|altera_reset_synchronizer:alt_rst_sync_uq1|altera_reset_synchronizer_int_chain_out ; SOPC:inst2|SOPC_sdram:sdram|m_addr[11]       ; inst|altpll_component|pll|clk[0] ; inst|altpll_component|pll|clk[0] ; 16.667       ; -0.030     ; 2.250      ;
; 14.349 ; SOPC:inst2|altera_reset_controller:rst_controller|altera_reset_synchronizer:alt_rst_sync_uq1|altera_reset_synchronizer_int_chain_out ; SOPC:inst2|SOPC_sdram:sdram|m_addr[9]        ; inst|altpll_component|pll|clk[0] ; inst|altpll_component|pll|clk[0] ; 16.667       ; -0.034     ; 2.246      ;
; 14.349 ; SOPC:inst2|altera_reset_controller:rst_controller|altera_reset_synchronizer:alt_rst_sync_uq1|altera_reset_synchronizer_int_chain_out ; SOPC:inst2|SOPC_sdram:sdram|m_addr[8]        ; inst|altpll_component|pll|clk[0] ; inst|altpll_component|pll|clk[0] ; 16.667       ; -0.030     ; 2.250      ;
; 14.349 ; SOPC:inst2|altera_reset_controller:rst_controller|altera_reset_synchronizer:alt_rst_sync_uq1|altera_reset_synchronizer_int_chain_out ; SOPC:inst2|SOPC_sdram:sdram|m_addr[7]        ; inst|altpll_component|pll|clk[0] ; inst|altpll_component|pll|clk[0] ; 16.667       ; -0.036     ; 2.244      ;
; 14.349 ; SOPC:inst2|altera_reset_controller:rst_controller|altera_reset_synchronizer:alt_rst_sync_uq1|altera_reset_synchronizer_int_chain_out ; SOPC:inst2|SOPC_sdram:sdram|m_addr[6]        ; inst|altpll_component|pll|clk[0] ; inst|altpll_component|pll|clk[0] ; 16.667       ; -0.034     ; 2.246      ;
; 14.349 ; SOPC:inst2|altera_reset_controller:rst_controller|altera_reset_synchronizer:alt_rst_sync_uq1|altera_reset_synchronizer_int_chain_out ; SOPC:inst2|SOPC_sdram:sdram|m_addr[5]        ; inst|altpll_component|pll|clk[0] ; inst|altpll_component|pll|clk[0] ; 16.667       ; -0.045     ; 2.235      ;
; 14.349 ; SOPC:inst2|altera_reset_controller:rst_controller|altera_reset_synchronizer:alt_rst_sync_uq1|altera_reset_synchronizer_int_chain_out ; SOPC:inst2|SOPC_sdram:sdram|m_addr[4]        ; inst|altpll_component|pll|clk[0] ; inst|altpll_component|pll|clk[0] ; 16.667       ; -0.045     ; 2.235      ;
; 14.349 ; SOPC:inst2|altera_reset_controller:rst_controller|altera_reset_synchronizer:alt_rst_sync_uq1|altera_reset_synchronizer_int_chain_out ; SOPC:inst2|SOPC_sdram:sdram|m_addr[1]        ; inst|altpll_component|pll|clk[0] ; inst|altpll_component|pll|clk[0] ; 16.667       ; -0.045     ; 2.235      ;
; 14.349 ; SOPC:inst2|altera_reset_controller:rst_controller|altera_reset_synchronizer:alt_rst_sync_uq1|altera_reset_synchronizer_int_chain_out ; SOPC:inst2|SOPC_sdram:sdram|m_addr[0]        ; inst|altpll_component|pll|clk[0] ; inst|altpll_component|pll|clk[0] ; 16.667       ; -0.045     ; 2.235      ;
; 14.351 ; SOPC:inst2|altera_reset_controller:rst_controller|altera_reset_synchronizer:alt_rst_sync_uq1|altera_reset_synchronizer_int_chain_out ; SOPC:inst2|SOPC_sdram:sdram|za_data[7]       ; inst|altpll_component|pll|clk[0] ; inst|altpll_component|pll|clk[0] ; 16.667       ; -0.054     ; 2.224      ;
+--------+--------------------------------------------------------------------------------------------------------------------------------------+----------------------------------------------+----------------------------------+----------------------------------+--------------+------------+------------+


+--------------------------------------------------------------------------------------------------------------------------------------------------------------------------------------------------------------------------------------------------------------------------------------------------------------------+
; Fast Model Removal: 'inst|altpll_component|pll|clk[0]'                                                                                                                                                                                                                                                             ;
+-------+--------------------------------------------------------------------------------------------------------------------------------------+------------------------------------------------------+----------------------------------+----------------------------------+--------------+------------+------------+
; Slack ; From Node                                                                                                                            ; To Node                                              ; Launch Clock                     ; Latch Clock                      ; Relationship ; Clock Skew ; Data Delay ;
+-------+--------------------------------------------------------------------------------------------------------------------------------------+------------------------------------------------------+----------------------------------+----------------------------------+--------------+------------+------------+
; 1.618 ; SOPC:inst2|altera_reset_controller:rst_controller|altera_reset_synchronizer:alt_rst_sync_uq1|altera_reset_synchronizer_int_chain_out ; SOPC:inst2|SOPC_cpu:cpu|E_valid_from_D               ; inst|altpll_component|pll|clk[0] ; inst|altpll_component|pll|clk[0] ; 0.000        ; 0.018      ; 1.788      ;
; 1.618 ; SOPC:inst2|altera_reset_controller:rst_controller|altera_reset_synchronizer:alt_rst_sync_uq1|altera_reset_synchronizer_int_chain_out ; SOPC:inst2|SOPC_cpu:cpu|M_sel_data_master            ; inst|altpll_component|pll|clk[0] ; inst|altpll_component|pll|clk[0] ; 0.000        ; 0.010      ; 1.780      ;
; 1.618 ; SOPC:inst2|altera_reset_controller:rst_controller|altera_reset_synchronizer:alt_rst_sync_uq1|altera_reset_synchronizer_int_chain_out ; SOPC:inst2|SOPC_cpu:cpu|D_iw[1]                      ; inst|altpll_component|pll|clk[0] ; inst|altpll_component|pll|clk[0] ; 0.000        ; 0.010      ; 1.780      ;
; 1.618 ; SOPC:inst2|altera_reset_controller:rst_controller|altera_reset_synchronizer:alt_rst_sync_uq1|altera_reset_synchronizer_int_chain_out ; SOPC:inst2|SOPC_cpu:cpu|E_ctrl_ld                    ; inst|altpll_component|pll|clk[0] ; inst|altpll_component|pll|clk[0] ; 0.000        ; 0.022      ; 1.792      ;
; 1.618 ; SOPC:inst2|altera_reset_controller:rst_controller|altera_reset_synchronizer:alt_rst_sync_uq1|altera_reset_synchronizer_int_chain_out ; SOPC:inst2|SOPC_cpu:cpu|M_ctrl_ld                    ; inst|altpll_component|pll|clk[0] ; inst|altpll_component|pll|clk[0] ; 0.000        ; 0.032      ; 1.802      ;
; 1.618 ; SOPC:inst2|altera_reset_controller:rst_controller|altera_reset_synchronizer:alt_rst_sync_uq1|altera_reset_synchronizer_int_chain_out ; SOPC:inst2|SOPC_cpu:cpu|D_iw[12]                     ; inst|altpll_component|pll|clk[0] ; inst|altpll_component|pll|clk[0] ; 0.000        ; 0.011      ; 1.781      ;
; 1.618 ; SOPC:inst2|altera_reset_controller:rst_controller|altera_reset_synchronizer:alt_rst_sync_uq1|altera_reset_synchronizer_int_chain_out ; SOPC:inst2|SOPC_cpu:cpu|D_ctrl_hi_imm16              ; inst|altpll_component|pll|clk[0] ; inst|altpll_component|pll|clk[0] ; 0.000        ; 0.010      ; 1.780      ;
; 1.618 ; SOPC:inst2|altera_reset_controller:rst_controller|altera_reset_synchronizer:alt_rst_sync_uq1|altera_reset_synchronizer_int_chain_out ; SOPC:inst2|SOPC_cpu:cpu|D_ctrl_b_is_dst              ; inst|altpll_component|pll|clk[0] ; inst|altpll_component|pll|clk[0] ; 0.000        ; 0.022      ; 1.792      ;
; 1.618 ; SOPC:inst2|altera_reset_controller:rst_controller|altera_reset_synchronizer:alt_rst_sync_uq1|altera_reset_synchronizer_int_chain_out ; SOPC:inst2|SOPC_cpu:cpu|D_iw[14]                     ; inst|altpll_component|pll|clk[0] ; inst|altpll_component|pll|clk[0] ; 0.000        ; 0.011      ; 1.781      ;
; 1.618 ; SOPC:inst2|altera_reset_controller:rst_controller|altera_reset_synchronizer:alt_rst_sync_uq1|altera_reset_synchronizer_int_chain_out ; SOPC:inst2|SOPC_cpu:cpu|E_iw[14]                     ; inst|altpll_component|pll|clk[0] ; inst|altpll_component|pll|clk[0] ; 0.000        ; 0.022      ; 1.792      ;
; 1.618 ; SOPC:inst2|altera_reset_controller:rst_controller|altera_reset_synchronizer:alt_rst_sync_uq1|altera_reset_synchronizer_int_chain_out ; SOPC:inst2|SOPC_cpu:cpu|D_iw[5]                      ; inst|altpll_component|pll|clk[0] ; inst|altpll_component|pll|clk[0] ; 0.000        ; 0.010      ; 1.780      ;
; 1.618 ; SOPC:inst2|altera_reset_controller:rst_controller|altera_reset_synchronizer:alt_rst_sync_uq1|altera_reset_synchronizer_int_chain_out ; SOPC:inst2|SOPC_cpu:cpu|E_iw[5]                      ; inst|altpll_component|pll|clk[0] ; inst|altpll_component|pll|clk[0] ; 0.000        ; 0.003      ; 1.773      ;
; 1.618 ; SOPC:inst2|altera_reset_controller:rst_controller|altera_reset_synchronizer:alt_rst_sync_uq1|altera_reset_synchronizer_int_chain_out ; SOPC:inst2|SOPC_cpu:cpu|E_iw[4]                      ; inst|altpll_component|pll|clk[0] ; inst|altpll_component|pll|clk[0] ; 0.000        ; 0.003      ; 1.773      ;
; 1.618 ; SOPC:inst2|altera_reset_controller:rst_controller|altera_reset_synchronizer:alt_rst_sync_uq1|altera_reset_synchronizer_int_chain_out ; SOPC:inst2|SOPC_cpu:cpu|D_iw[3]                      ; inst|altpll_component|pll|clk[0] ; inst|altpll_component|pll|clk[0] ; 0.000        ; 0.010      ; 1.780      ;
; 1.618 ; SOPC:inst2|altera_reset_controller:rst_controller|altera_reset_synchronizer:alt_rst_sync_uq1|altera_reset_synchronizer_int_chain_out ; SOPC:inst2|SOPC_cpu:cpu|E_iw[3]                      ; inst|altpll_component|pll|clk[0] ; inst|altpll_component|pll|clk[0] ; 0.000        ; 0.015      ; 1.785      ;
; 1.618 ; SOPC:inst2|altera_reset_controller:rst_controller|altera_reset_synchronizer:alt_rst_sync_uq1|altera_reset_synchronizer_int_chain_out ; SOPC:inst2|SOPC_cpu:cpu|E_iw[1]                      ; inst|altpll_component|pll|clk[0] ; inst|altpll_component|pll|clk[0] ; 0.000        ; 0.003      ; 1.773      ;
; 1.618 ; SOPC:inst2|altera_reset_controller:rst_controller|altera_reset_synchronizer:alt_rst_sync_uq1|altera_reset_synchronizer_int_chain_out ; SOPC:inst2|SOPC_cpu:cpu|E_iw[0]                      ; inst|altpll_component|pll|clk[0] ; inst|altpll_component|pll|clk[0] ; 0.000        ; 0.003      ; 1.773      ;
; 1.618 ; SOPC:inst2|altera_reset_controller:rst_controller|altera_reset_synchronizer:alt_rst_sync_uq1|altera_reset_synchronizer_int_chain_out ; SOPC:inst2|SOPC_cpu:cpu|E_iw[12]                     ; inst|altpll_component|pll|clk[0] ; inst|altpll_component|pll|clk[0] ; 0.000        ; 0.022      ; 1.792      ;
; 1.618 ; SOPC:inst2|altera_reset_controller:rst_controller|altera_reset_synchronizer:alt_rst_sync_uq1|altera_reset_synchronizer_int_chain_out ; SOPC:inst2|SOPC_cpu:cpu|D_iw[16]                     ; inst|altpll_component|pll|clk[0] ; inst|altpll_component|pll|clk[0] ; 0.000        ; 0.030      ; 1.800      ;
; 1.618 ; SOPC:inst2|altera_reset_controller:rst_controller|altera_reset_synchronizer:alt_rst_sync_uq1|altera_reset_synchronizer_int_chain_out ; SOPC:inst2|SOPC_cpu:cpu|E_iw[16]                     ; inst|altpll_component|pll|clk[0] ; inst|altpll_component|pll|clk[0] ; 0.000        ; 0.022      ; 1.792      ;
; 1.618 ; SOPC:inst2|altera_reset_controller:rst_controller|altera_reset_synchronizer:alt_rst_sync_uq1|altera_reset_synchronizer_int_chain_out ; SOPC:inst2|SOPC_cpu:cpu|E_iw[15]                     ; inst|altpll_component|pll|clk[0] ; inst|altpll_component|pll|clk[0] ; 0.000        ; 0.022      ; 1.792      ;
; 1.618 ; SOPC:inst2|altera_reset_controller:rst_controller|altera_reset_synchronizer:alt_rst_sync_uq1|altera_reset_synchronizer_int_chain_out ; SOPC:inst2|SOPC_cpu:cpu|D_iw[13]                     ; inst|altpll_component|pll|clk[0] ; inst|altpll_component|pll|clk[0] ; 0.000        ; 0.011      ; 1.781      ;
; 1.618 ; SOPC:inst2|altera_reset_controller:rst_controller|altera_reset_synchronizer:alt_rst_sync_uq1|altera_reset_synchronizer_int_chain_out ; SOPC:inst2|SOPC_cpu:cpu|E_iw[13]                     ; inst|altpll_component|pll|clk[0] ; inst|altpll_component|pll|clk[0] ; 0.000        ; 0.022      ; 1.792      ;
; 1.618 ; SOPC:inst2|altera_reset_controller:rst_controller|altera_reset_synchronizer:alt_rst_sync_uq1|altera_reset_synchronizer_int_chain_out ; SOPC:inst2|SOPC_cpu:cpu|D_iw[11]                     ; inst|altpll_component|pll|clk[0] ; inst|altpll_component|pll|clk[0] ; 0.000        ; 0.011      ; 1.781      ;
; 1.618 ; SOPC:inst2|altera_reset_controller:rst_controller|altera_reset_synchronizer:alt_rst_sync_uq1|altera_reset_synchronizer_int_chain_out ; SOPC:inst2|SOPC_cpu:cpu|E_iw[11]                     ; inst|altpll_component|pll|clk[0] ; inst|altpll_component|pll|clk[0] ; 0.000        ; 0.022      ; 1.792      ;
; 1.618 ; SOPC:inst2|altera_reset_controller:rst_controller|altera_reset_synchronizer:alt_rst_sync_uq1|altera_reset_synchronizer_int_chain_out ; SOPC:inst2|SOPC_cpu:cpu|M_ctrl_rdctl_inst            ; inst|altpll_component|pll|clk[0] ; inst|altpll_component|pll|clk[0] ; 0.000        ; 0.022      ; 1.792      ;
; 1.618 ; SOPC:inst2|altera_reset_controller:rst_controller|altera_reset_synchronizer:alt_rst_sync_uq1|altera_reset_synchronizer_int_chain_out ; SOPC:inst2|SOPC_cpu:cpu|A_inst_result[6]             ; inst|altpll_component|pll|clk[0] ; inst|altpll_component|pll|clk[0] ; 0.000        ; 0.041      ; 1.811      ;
; 1.618 ; SOPC:inst2|altera_reset_controller:rst_controller|altera_reset_synchronizer:alt_rst_sync_uq1|altera_reset_synchronizer_int_chain_out ; SOPC:inst2|SOPC_cpu:cpu|A_mul_stall_d1               ; inst|altpll_component|pll|clk[0] ; inst|altpll_component|pll|clk[0] ; 0.000        ; 0.043      ; 1.813      ;
; 1.618 ; SOPC:inst2|altera_reset_controller:rst_controller|altera_reset_synchronizer:alt_rst_sync_uq1|altera_reset_synchronizer_int_chain_out ; SOPC:inst2|SOPC_cpu:cpu|A_mul_stall_d2               ; inst|altpll_component|pll|clk[0] ; inst|altpll_component|pll|clk[0] ; 0.000        ; 0.043      ; 1.813      ;
; 1.618 ; SOPC:inst2|altera_reset_controller:rst_controller|altera_reset_synchronizer:alt_rst_sync_uq1|altera_reset_synchronizer_int_chain_out ; SOPC:inst2|SOPC_cpu:cpu|A_mul_stall_d3               ; inst|altpll_component|pll|clk[0] ; inst|altpll_component|pll|clk[0] ; 0.000        ; 0.043      ; 1.813      ;
; 1.618 ; SOPC:inst2|altera_reset_controller:rst_controller|altera_reset_synchronizer:alt_rst_sync_uq1|altera_reset_synchronizer_int_chain_out ; SOPC:inst2|SOPC_cpu:cpu|M_src2[6]                    ; inst|altpll_component|pll|clk[0] ; inst|altpll_component|pll|clk[0] ; 0.000        ; 0.043      ; 1.813      ;
; 1.618 ; SOPC:inst2|altera_reset_controller:rst_controller|altera_reset_synchronizer:alt_rst_sync_uq1|altera_reset_synchronizer_int_chain_out ; SOPC:inst2|SOPC_cpu:cpu|D_ctrl_unsigned_lo_imm16     ; inst|altpll_component|pll|clk[0] ; inst|altpll_component|pll|clk[0] ; 0.000        ; 0.010      ; 1.780      ;
; 1.618 ; SOPC:inst2|altera_reset_controller:rst_controller|altera_reset_synchronizer:alt_rst_sync_uq1|altera_reset_synchronizer_int_chain_out ; SOPC:inst2|SOPC_cpu:cpu|D_iw[21]                     ; inst|altpll_component|pll|clk[0] ; inst|altpll_component|pll|clk[0] ; 0.000        ; 0.029      ; 1.799      ;
; 1.618 ; SOPC:inst2|altera_reset_controller:rst_controller|altera_reset_synchronizer:alt_rst_sync_uq1|altera_reset_synchronizer_int_chain_out ; SOPC:inst2|SOPC_cpu:cpu|E_ctrl_retaddr               ; inst|altpll_component|pll|clk[0] ; inst|altpll_component|pll|clk[0] ; 0.000        ; 0.011      ; 1.781      ;
; 1.618 ; SOPC:inst2|altera_reset_controller:rst_controller|altera_reset_synchronizer:alt_rst_sync_uq1|altera_reset_synchronizer_int_chain_out ; SOPC:inst2|SOPC_cpu:cpu|E_ctrl_cmp                   ; inst|altpll_component|pll|clk[0] ; inst|altpll_component|pll|clk[0] ; 0.000        ; 0.031      ; 1.801      ;
; 1.618 ; SOPC:inst2|altera_reset_controller:rst_controller|altera_reset_synchronizer:alt_rst_sync_uq1|altera_reset_synchronizer_int_chain_out ; SOPC:inst2|SOPC_cpu:cpu|D_ctrl_ignore_dst            ; inst|altpll_component|pll|clk[0] ; inst|altpll_component|pll|clk[0] ; 0.000        ; 0.022      ; 1.792      ;
; 1.618 ; SOPC:inst2|altera_reset_controller:rst_controller|altera_reset_synchronizer:alt_rst_sync_uq1|altera_reset_synchronizer_int_chain_out ; SOPC:inst2|SOPC_cpu:cpu|D_iw[25]                     ; inst|altpll_component|pll|clk[0] ; inst|altpll_component|pll|clk[0] ; 0.000        ; 0.022      ; 1.792      ;
; 1.618 ; SOPC:inst2|altera_reset_controller:rst_controller|altera_reset_synchronizer:alt_rst_sync_uq1|altera_reset_synchronizer_int_chain_out ; SOPC:inst2|SOPC_cpu:cpu|E_pc[10]                     ; inst|altpll_component|pll|clk[0] ; inst|altpll_component|pll|clk[0] ; 0.000        ; 0.027      ; 1.797      ;
; 1.618 ; SOPC:inst2|altera_reset_controller:rst_controller|altera_reset_synchronizer:alt_rst_sync_uq1|altera_reset_synchronizer_int_chain_out ; SOPC:inst2|SOPC_cpu:cpu|E_ctrl_jmp_indirect          ; inst|altpll_component|pll|clk[0] ; inst|altpll_component|pll|clk[0] ; 0.000        ; 0.018      ; 1.788      ;
; 1.618 ; SOPC:inst2|altera_reset_controller:rst_controller|altera_reset_synchronizer:alt_rst_sync_uq1|altera_reset_synchronizer_int_chain_out ; SOPC:inst2|SOPC_cpu:cpu|E_ctrl_exception             ; inst|altpll_component|pll|clk[0] ; inst|altpll_component|pll|clk[0] ; 0.000        ; 0.027      ; 1.797      ;
; 1.618 ; SOPC:inst2|altera_reset_controller:rst_controller|altera_reset_synchronizer:alt_rst_sync_uq1|altera_reset_synchronizer_int_chain_out ; SOPC:inst2|SOPC_cpu:cpu|E_ctrl_crst                  ; inst|altpll_component|pll|clk[0] ; inst|altpll_component|pll|clk[0] ; 0.000        ; 0.031      ; 1.801      ;
; 1.618 ; SOPC:inst2|altera_reset_controller:rst_controller|altera_reset_synchronizer:alt_rst_sync_uq1|altera_reset_synchronizer_int_chain_out ; SOPC:inst2|SOPC_cpu:cpu|E_ctrl_break                 ; inst|altpll_component|pll|clk[0] ; inst|altpll_component|pll|clk[0] ; 0.000        ; 0.027      ; 1.797      ;
; 1.618 ; SOPC:inst2|altera_reset_controller:rst_controller|altera_reset_synchronizer:alt_rst_sync_uq1|altera_reset_synchronizer_int_chain_out ; SOPC:inst2|SOPC_cpu:cpu|D_pc[0]                      ; inst|altpll_component|pll|clk[0] ; inst|altpll_component|pll|clk[0] ; 0.000        ; 0.026      ; 1.796      ;
; 1.618 ; SOPC:inst2|altera_reset_controller:rst_controller|altera_reset_synchronizer:alt_rst_sync_uq1|altera_reset_synchronizer_int_chain_out ; SOPC:inst2|SOPC_cpu:cpu|E_pc[0]                      ; inst|altpll_component|pll|clk[0] ; inst|altpll_component|pll|clk[0] ; 0.000        ; 0.027      ; 1.797      ;
; 1.618 ; SOPC:inst2|altera_reset_controller:rst_controller|altera_reset_synchronizer:alt_rst_sync_uq1|altera_reset_synchronizer_int_chain_out ; SOPC:inst2|SOPC_cpu:cpu|E_compare_op[1]              ; inst|altpll_component|pll|clk[0] ; inst|altpll_component|pll|clk[0] ; 0.000        ; 0.031      ; 1.801      ;
; 1.618 ; SOPC:inst2|altera_reset_controller:rst_controller|altera_reset_synchronizer:alt_rst_sync_uq1|altera_reset_synchronizer_int_chain_out ; SOPC:inst2|SOPC_cpu:cpu|E_compare_op[0]              ; inst|altpll_component|pll|clk[0] ; inst|altpll_component|pll|clk[0] ; 0.000        ; 0.031      ; 1.801      ;
; 1.618 ; SOPC:inst2|altera_reset_controller:rst_controller|altera_reset_synchronizer:alt_rst_sync_uq1|altera_reset_synchronizer_int_chain_out ; SOPC:inst2|SOPC_cpu:cpu|D_ctrl_implicit_dst_retaddr  ; inst|altpll_component|pll|clk[0] ; inst|altpll_component|pll|clk[0] ; 0.000        ; 0.022      ; 1.792      ;
; 1.618 ; SOPC:inst2|altera_reset_controller:rst_controller|altera_reset_synchronizer:alt_rst_sync_uq1|altera_reset_synchronizer_int_chain_out ; SOPC:inst2|SOPC_cpu:cpu|D_ctrl_implicit_dst_eretaddr ; inst|altpll_component|pll|clk[0] ; inst|altpll_component|pll|clk[0] ; 0.000        ; 0.011      ; 1.781      ;
; 1.618 ; SOPC:inst2|altera_reset_controller:rst_controller|altera_reset_synchronizer:alt_rst_sync_uq1|altera_reset_synchronizer_int_chain_out ; SOPC:inst2|SOPC_cpu:cpu|D_iw[18]                     ; inst|altpll_component|pll|clk[0] ; inst|altpll_component|pll|clk[0] ; 0.000        ; 0.011      ; 1.781      ;
; 1.618 ; SOPC:inst2|altera_reset_controller:rst_controller|altera_reset_synchronizer:alt_rst_sync_uq1|altera_reset_synchronizer_int_chain_out ; SOPC:inst2|SOPC_cpu:cpu|D_iw[23]                     ; inst|altpll_component|pll|clk[0] ; inst|altpll_component|pll|clk[0] ; 0.000        ; 0.022      ; 1.792      ;
; 1.618 ; SOPC:inst2|altera_reset_controller:rst_controller|altera_reset_synchronizer:alt_rst_sync_uq1|altera_reset_synchronizer_int_chain_out ; SOPC:inst2|SOPC_cpu:cpu|E_dst_regnum[1]              ; inst|altpll_component|pll|clk[0] ; inst|altpll_component|pll|clk[0] ; 0.000        ; 0.027      ; 1.797      ;
; 1.618 ; SOPC:inst2|altera_reset_controller:rst_controller|altera_reset_synchronizer:alt_rst_sync_uq1|altera_reset_synchronizer_int_chain_out ; SOPC:inst2|SOPC_cpu:cpu|M_dst_regnum[1]              ; inst|altpll_component|pll|clk[0] ; inst|altpll_component|pll|clk[0] ; 0.000        ; 0.022      ; 1.792      ;
; 1.618 ; SOPC:inst2|altera_reset_controller:rst_controller|altera_reset_synchronizer:alt_rst_sync_uq1|altera_reset_synchronizer_int_chain_out ; SOPC:inst2|SOPC_cpu:cpu|D_iw[17]                     ; inst|altpll_component|pll|clk[0] ; inst|altpll_component|pll|clk[0] ; 0.000        ; 0.011      ; 1.781      ;
; 1.618 ; SOPC:inst2|altera_reset_controller:rst_controller|altera_reset_synchronizer:alt_rst_sync_uq1|altera_reset_synchronizer_int_chain_out ; SOPC:inst2|SOPC_cpu:cpu|D_iw[22]                     ; inst|altpll_component|pll|clk[0] ; inst|altpll_component|pll|clk[0] ; 0.000        ; 0.022      ; 1.792      ;
; 1.618 ; SOPC:inst2|altera_reset_controller:rst_controller|altera_reset_synchronizer:alt_rst_sync_uq1|altera_reset_synchronizer_int_chain_out ; SOPC:inst2|SOPC_cpu:cpu|E_dst_regnum[0]              ; inst|altpll_component|pll|clk[0] ; inst|altpll_component|pll|clk[0] ; 0.000        ; 0.027      ; 1.797      ;
; 1.618 ; SOPC:inst2|altera_reset_controller:rst_controller|altera_reset_synchronizer:alt_rst_sync_uq1|altera_reset_synchronizer_int_chain_out ; SOPC:inst2|SOPC_cpu:cpu|M_dst_regnum[0]              ; inst|altpll_component|pll|clk[0] ; inst|altpll_component|pll|clk[0] ; 0.000        ; 0.022      ; 1.792      ;
; 1.618 ; SOPC:inst2|altera_reset_controller:rst_controller|altera_reset_synchronizer:alt_rst_sync_uq1|altera_reset_synchronizer_int_chain_out ; SOPC:inst2|SOPC_cpu:cpu|D_iw[26]                     ; inst|altpll_component|pll|clk[0] ; inst|altpll_component|pll|clk[0] ; 0.000        ; 0.032      ; 1.802      ;
; 1.618 ; SOPC:inst2|altera_reset_controller:rst_controller|altera_reset_synchronizer:alt_rst_sync_uq1|altera_reset_synchronizer_int_chain_out ; SOPC:inst2|SOPC_cpu:cpu|E_dst_regnum[4]              ; inst|altpll_component|pll|clk[0] ; inst|altpll_component|pll|clk[0] ; 0.000        ; 0.027      ; 1.797      ;
; 1.618 ; SOPC:inst2|altera_reset_controller:rst_controller|altera_reset_synchronizer:alt_rst_sync_uq1|altera_reset_synchronizer_int_chain_out ; SOPC:inst2|SOPC_cpu:cpu|M_dst_regnum[4]              ; inst|altpll_component|pll|clk[0] ; inst|altpll_component|pll|clk[0] ; 0.000        ; 0.019      ; 1.789      ;
; 1.618 ; SOPC:inst2|altera_reset_controller:rst_controller|altera_reset_synchronizer:alt_rst_sync_uq1|altera_reset_synchronizer_int_chain_out ; SOPC:inst2|SOPC_cpu:cpu|E_wr_dst_reg_from_D          ; inst|altpll_component|pll|clk[0] ; inst|altpll_component|pll|clk[0] ; 0.000        ; 0.018      ; 1.788      ;
; 1.618 ; SOPC:inst2|altera_reset_controller:rst_controller|altera_reset_synchronizer:alt_rst_sync_uq1|altera_reset_synchronizer_int_chain_out ; SOPC:inst2|SOPC_cpu:cpu|M_wr_dst_reg_from_E          ; inst|altpll_component|pll|clk[0] ; inst|altpll_component|pll|clk[0] ; 0.000        ; 0.018      ; 1.788      ;
; 1.618 ; SOPC:inst2|altera_reset_controller:rst_controller|altera_reset_synchronizer:alt_rst_sync_uq1|altera_reset_synchronizer_int_chain_out ; SOPC:inst2|SOPC_cpu:cpu|E_dst_regnum[3]              ; inst|altpll_component|pll|clk[0] ; inst|altpll_component|pll|clk[0] ; 0.000        ; 0.027      ; 1.797      ;
; 1.618 ; SOPC:inst2|altera_reset_controller:rst_controller|altera_reset_synchronizer:alt_rst_sync_uq1|altera_reset_synchronizer_int_chain_out ; SOPC:inst2|SOPC_cpu:cpu|M_dst_regnum[3]              ; inst|altpll_component|pll|clk[0] ; inst|altpll_component|pll|clk[0] ; 0.000        ; 0.022      ; 1.792      ;
; 1.618 ; SOPC:inst2|altera_reset_controller:rst_controller|altera_reset_synchronizer:alt_rst_sync_uq1|altera_reset_synchronizer_int_chain_out ; SOPC:inst2|SOPC_cpu:cpu|D_iw[19]                     ; inst|altpll_component|pll|clk[0] ; inst|altpll_component|pll|clk[0] ; 0.000        ; 0.010      ; 1.780      ;
; 1.618 ; SOPC:inst2|altera_reset_controller:rst_controller|altera_reset_synchronizer:alt_rst_sync_uq1|altera_reset_synchronizer_int_chain_out ; SOPC:inst2|SOPC_cpu:cpu|D_iw[24]                     ; inst|altpll_component|pll|clk[0] ; inst|altpll_component|pll|clk[0] ; 0.000        ; 0.032      ; 1.802      ;
; 1.618 ; SOPC:inst2|altera_reset_controller:rst_controller|altera_reset_synchronizer:alt_rst_sync_uq1|altera_reset_synchronizer_int_chain_out ; SOPC:inst2|SOPC_cpu:cpu|E_dst_regnum[2]              ; inst|altpll_component|pll|clk[0] ; inst|altpll_component|pll|clk[0] ; 0.000        ; 0.027      ; 1.797      ;
; 1.618 ; SOPC:inst2|altera_reset_controller:rst_controller|altera_reset_synchronizer:alt_rst_sync_uq1|altera_reset_synchronizer_int_chain_out ; SOPC:inst2|SOPC_cpu:cpu|M_dst_regnum[2]              ; inst|altpll_component|pll|clk[0] ; inst|altpll_component|pll|clk[0] ; 0.000        ; 0.022      ; 1.792      ;
; 1.618 ; SOPC:inst2|altera_reset_controller:rst_controller|altera_reset_synchronizer:alt_rst_sync_uq1|altera_reset_synchronizer_int_chain_out ; SOPC:inst2|SOPC_cpu:cpu|A_regnum_b_cmp_D             ; inst|altpll_component|pll|clk[0] ; inst|altpll_component|pll|clk[0] ; 0.000        ; 0.022      ; 1.792      ;
; 1.618 ; SOPC:inst2|altera_reset_controller:rst_controller|altera_reset_synchronizer:alt_rst_sync_uq1|altera_reset_synchronizer_int_chain_out ; SOPC:inst2|SOPC_cpu:cpu|A_dst_regnum_from_M[4]       ; inst|altpll_component|pll|clk[0] ; inst|altpll_component|pll|clk[0] ; 0.000        ; 0.019      ; 1.789      ;
; 1.618 ; SOPC:inst2|altera_reset_controller:rst_controller|altera_reset_synchronizer:alt_rst_sync_uq1|altera_reset_synchronizer_int_chain_out ; SOPC:inst2|SOPC_cpu:cpu|A_wr_dst_reg_from_M          ; inst|altpll_component|pll|clk[0] ; inst|altpll_component|pll|clk[0] ; 0.000        ; 0.018      ; 1.788      ;
; 1.618 ; SOPC:inst2|altera_reset_controller:rst_controller|altera_reset_synchronizer:alt_rst_sync_uq1|altera_reset_synchronizer_int_chain_out ; SOPC:inst2|SOPC_cpu:cpu|A_dst_regnum_from_M[3]       ; inst|altpll_component|pll|clk[0] ; inst|altpll_component|pll|clk[0] ; 0.000        ; 0.022      ; 1.792      ;
; 1.618 ; SOPC:inst2|altera_reset_controller:rst_controller|altera_reset_synchronizer:alt_rst_sync_uq1|altera_reset_synchronizer_int_chain_out ; SOPC:inst2|SOPC_cpu:cpu|A_dst_regnum_from_M[2]       ; inst|altpll_component|pll|clk[0] ; inst|altpll_component|pll|clk[0] ; 0.000        ; 0.022      ; 1.792      ;
; 1.618 ; SOPC:inst2|altera_reset_controller:rst_controller|altera_reset_synchronizer:alt_rst_sync_uq1|altera_reset_synchronizer_int_chain_out ; SOPC:inst2|SOPC_cpu:cpu|A_dst_regnum_from_M[1]       ; inst|altpll_component|pll|clk[0] ; inst|altpll_component|pll|clk[0] ; 0.000        ; 0.022      ; 1.792      ;
; 1.618 ; SOPC:inst2|altera_reset_controller:rst_controller|altera_reset_synchronizer:alt_rst_sync_uq1|altera_reset_synchronizer_int_chain_out ; SOPC:inst2|SOPC_cpu:cpu|A_dst_regnum_from_M[0]       ; inst|altpll_component|pll|clk[0] ; inst|altpll_component|pll|clk[0] ; 0.000        ; 0.022      ; 1.792      ;
; 1.618 ; SOPC:inst2|altera_reset_controller:rst_controller|altera_reset_synchronizer:alt_rst_sync_uq1|altera_reset_synchronizer_int_chain_out ; SOPC:inst2|SOPC_cpu:cpu|W_regnum_b_cmp_D             ; inst|altpll_component|pll|clk[0] ; inst|altpll_component|pll|clk[0] ; 0.000        ; 0.022      ; 1.792      ;
; 1.618 ; SOPC:inst2|altera_reset_controller:rst_controller|altera_reset_synchronizer:alt_rst_sync_uq1|altera_reset_synchronizer_int_chain_out ; SOPC:inst2|SOPC_cpu:cpu|D_iw[9]                      ; inst|altpll_component|pll|clk[0] ; inst|altpll_component|pll|clk[0] ; 0.000        ; 0.030      ; 1.800      ;
; 1.618 ; SOPC:inst2|altera_reset_controller:rst_controller|altera_reset_synchronizer:alt_rst_sync_uq1|altera_reset_synchronizer_int_chain_out ; SOPC:inst2|SOPC_cpu:cpu|E_src2[3]                    ; inst|altpll_component|pll|clk[0] ; inst|altpll_component|pll|clk[0] ; 0.000        ; 0.036      ; 1.806      ;
; 1.618 ; SOPC:inst2|altera_reset_controller:rst_controller|altera_reset_synchronizer:alt_rst_sync_uq1|altera_reset_synchronizer_int_chain_out ; SOPC:inst2|SOPC_cpu:cpu|M_rot_rn[3]                  ; inst|altpll_component|pll|clk[0] ; inst|altpll_component|pll|clk[0] ; 0.000        ; 0.035      ; 1.805      ;
; 1.618 ; SOPC:inst2|altera_reset_controller:rst_controller|altera_reset_synchronizer:alt_rst_sync_uq1|altera_reset_synchronizer_int_chain_out ; SOPC:inst2|SOPC_cpu:cpu|D_iw[8]                      ; inst|altpll_component|pll|clk[0] ; inst|altpll_component|pll|clk[0] ; 0.000        ; 0.030      ; 1.800      ;
; 1.618 ; SOPC:inst2|altera_reset_controller:rst_controller|altera_reset_synchronizer:alt_rst_sync_uq1|altera_reset_synchronizer_int_chain_out ; SOPC:inst2|SOPC_cpu:cpu|E_logic_op[1]                ; inst|altpll_component|pll|clk[0] ; inst|altpll_component|pll|clk[0] ; 0.000        ; 0.025      ; 1.795      ;
; 1.618 ; SOPC:inst2|altera_reset_controller:rst_controller|altera_reset_synchronizer:alt_rst_sync_uq1|altera_reset_synchronizer_int_chain_out ; SOPC:inst2|SOPC_cpu:cpu|D_ctrl_a_not_src             ; inst|altpll_component|pll|clk[0] ; inst|altpll_component|pll|clk[0] ; 0.000        ; 0.022      ; 1.792      ;
; 1.618 ; SOPC:inst2|altera_reset_controller:rst_controller|altera_reset_synchronizer:alt_rst_sync_uq1|altera_reset_synchronizer_int_chain_out ; SOPC:inst2|SOPC_cpu:cpu|M_regnum_a_cmp_D             ; inst|altpll_component|pll|clk[0] ; inst|altpll_component|pll|clk[0] ; 0.000        ; 0.010      ; 1.780      ;
; 1.618 ; SOPC:inst2|altera_reset_controller:rst_controller|altera_reset_synchronizer:alt_rst_sync_uq1|altera_reset_synchronizer_int_chain_out ; SOPC:inst2|SOPC_cpu:cpu|A_regnum_a_cmp_D             ; inst|altpll_component|pll|clk[0] ; inst|altpll_component|pll|clk[0] ; 0.000        ; 0.022      ; 1.792      ;
; 1.618 ; SOPC:inst2|altera_reset_controller:rst_controller|altera_reset_synchronizer:alt_rst_sync_uq1|altera_reset_synchronizer_int_chain_out ; SOPC:inst2|SOPC_cpu:cpu|W_regnum_a_cmp_D             ; inst|altpll_component|pll|clk[0] ; inst|altpll_component|pll|clk[0] ; 0.000        ; 0.022      ; 1.792      ;
; 1.618 ; SOPC:inst2|altera_reset_controller:rst_controller|altera_reset_synchronizer:alt_rst_sync_uq1|altera_reset_synchronizer_int_chain_out ; SOPC:inst2|SOPC_cpu:cpu|E_src1[2]                    ; inst|altpll_component|pll|clk[0] ; inst|altpll_component|pll|clk[0] ; 0.000        ; 0.027      ; 1.797      ;
; 1.618 ; SOPC:inst2|altera_reset_controller:rst_controller|altera_reset_synchronizer:alt_rst_sync_uq1|altera_reset_synchronizer_int_chain_out ; SOPC:inst2|SOPC_cpu:cpu|E_logic_op[0]                ; inst|altpll_component|pll|clk[0] ; inst|altpll_component|pll|clk[0] ; 0.000        ; 0.025      ; 1.795      ;
; 1.618 ; SOPC:inst2|altera_reset_controller:rst_controller|altera_reset_synchronizer:alt_rst_sync_uq1|altera_reset_synchronizer_int_chain_out ; SOPC:inst2|SOPC_cpu:cpu|M_alu_result[2]              ; inst|altpll_component|pll|clk[0] ; inst|altpll_component|pll|clk[0] ; 0.000        ; 0.027      ; 1.797      ;
; 1.618 ; SOPC:inst2|altera_reset_controller:rst_controller|altera_reset_synchronizer:alt_rst_sync_uq1|altera_reset_synchronizer_int_chain_out ; SOPC:inst2|SOPC_cpu:cpu|M_valid_from_E               ; inst|altpll_component|pll|clk[0] ; inst|altpll_component|pll|clk[0] ; 0.000        ; 0.010      ; 1.780      ;
; 1.618 ; SOPC:inst2|altera_reset_controller:rst_controller|altera_reset_synchronizer:alt_rst_sync_uq1|altera_reset_synchronizer_int_chain_out ; SOPC:inst2|SOPC_cpu:cpu|M_ctrl_wrctl_inst            ; inst|altpll_component|pll|clk[0] ; inst|altpll_component|pll|clk[0] ; 0.000        ; 0.022      ; 1.792      ;
; 1.618 ; SOPC:inst2|altera_reset_controller:rst_controller|altera_reset_synchronizer:alt_rst_sync_uq1|altera_reset_synchronizer_int_chain_out ; SOPC:inst2|SOPC_cpu:cpu|D_iw[7]                      ; inst|altpll_component|pll|clk[0] ; inst|altpll_component|pll|clk[0] ; 0.000        ; 0.022      ; 1.792      ;
; 1.618 ; SOPC:inst2|altera_reset_controller:rst_controller|altera_reset_synchronizer:alt_rst_sync_uq1|altera_reset_synchronizer_int_chain_out ; SOPC:inst2|SOPC_cpu:cpu|E_iw[7]                      ; inst|altpll_component|pll|clk[0] ; inst|altpll_component|pll|clk[0] ; 0.000        ; 0.020      ; 1.790      ;
; 1.618 ; SOPC:inst2|altera_reset_controller:rst_controller|altera_reset_synchronizer:alt_rst_sync_uq1|altera_reset_synchronizer_int_chain_out ; SOPC:inst2|SOPC_cpu:cpu|M_iw[7]                      ; inst|altpll_component|pll|clk[0] ; inst|altpll_component|pll|clk[0] ; 0.000        ; 0.018      ; 1.788      ;
; 1.618 ; SOPC:inst2|altera_reset_controller:rst_controller|altera_reset_synchronizer:alt_rst_sync_uq1|altera_reset_synchronizer_int_chain_out ; SOPC:inst2|SOPC_cpu:cpu|E_iw[8]                      ; inst|altpll_component|pll|clk[0] ; inst|altpll_component|pll|clk[0] ; 0.000        ; 0.024      ; 1.794      ;
; 1.618 ; SOPC:inst2|altera_reset_controller:rst_controller|altera_reset_synchronizer:alt_rst_sync_uq1|altera_reset_synchronizer_int_chain_out ; SOPC:inst2|SOPC_cpu:cpu|M_iw[8]                      ; inst|altpll_component|pll|clk[0] ; inst|altpll_component|pll|clk[0] ; 0.000        ; 0.018      ; 1.788      ;
; 1.618 ; SOPC:inst2|altera_reset_controller:rst_controller|altera_reset_synchronizer:alt_rst_sync_uq1|altera_reset_synchronizer_int_chain_out ; SOPC:inst2|SOPC_cpu:cpu|D_iw[6]                      ; inst|altpll_component|pll|clk[0] ; inst|altpll_component|pll|clk[0] ; 0.000        ; 0.026      ; 1.796      ;
; 1.618 ; SOPC:inst2|altera_reset_controller:rst_controller|altera_reset_synchronizer:alt_rst_sync_uq1|altera_reset_synchronizer_int_chain_out ; SOPC:inst2|SOPC_cpu:cpu|E_iw[6]                      ; inst|altpll_component|pll|clk[0] ; inst|altpll_component|pll|clk[0] ; 0.000        ; 0.037      ; 1.807      ;
; 1.618 ; SOPC:inst2|altera_reset_controller:rst_controller|altera_reset_synchronizer:alt_rst_sync_uq1|altera_reset_synchronizer_int_chain_out ; SOPC:inst2|SOPC_cpu:cpu|M_iw[6]                      ; inst|altpll_component|pll|clk[0] ; inst|altpll_component|pll|clk[0] ; 0.000        ; 0.018      ; 1.788      ;
; 1.618 ; SOPC:inst2|altera_reset_controller:rst_controller|altera_reset_synchronizer:alt_rst_sync_uq1|altera_reset_synchronizer_int_chain_out ; SOPC:inst2|SOPC_cpu:cpu|A_ienable_reg_irq2           ; inst|altpll_component|pll|clk[0] ; inst|altpll_component|pll|clk[0] ; 0.000        ; 0.009      ; 1.779      ;
; 1.618 ; SOPC:inst2|altera_reset_controller:rst_controller|altera_reset_synchronizer:alt_rst_sync_uq1|altera_reset_synchronizer_int_chain_out ; SOPC:inst2|SOPC_cpu:cpu|D_iw_valid                   ; inst|altpll_component|pll|clk[0] ; inst|altpll_component|pll|clk[0] ; 0.000        ; 0.030      ; 1.800      ;
; 1.618 ; SOPC:inst2|altera_reset_controller:rst_controller|altera_reset_synchronizer:alt_rst_sync_uq1|altera_reset_synchronizer_int_chain_out ; SOPC:inst2|SOPC_cpu:cpu|D_ctrl_br                    ; inst|altpll_component|pll|clk[0] ; inst|altpll_component|pll|clk[0] ; 0.000        ; 0.022      ; 1.792      ;
+-------+--------------------------------------------------------------------------------------------------------------------------------------+------------------------------------------------------+----------------------------------+----------------------------------+--------------+------------+------------+


+----------------------------------------------------------------------------------------------------------------------------------------------------------------------------------------------------------------------------------------------------------------------+
; Fast Model Minimum Pulse Width: 'inst|altpll_component|pll|clk[0]'                                                                                                                                                                                                   ;
+-------+--------------+----------------+------------------+----------------------------------+------------+-----------------------------------------------------------------------------------------------------------------------------------------------------------+
; Slack ; Actual Width ; Required Width ; Type             ; Clock                            ; Clock Edge ; Target                                                                                                                                                    ;
+-------+--------------+----------------+------------------+----------------------------------+------------+-----------------------------------------------------------------------------------------------------------------------------------------------------------+
; 6.206 ; 8.333        ; 2.127          ; High Pulse Width ; inst|altpll_component|pll|clk[0] ; Rise       ; SOPC:inst2|SOPC_cpu:cpu|D_bht_data[0]                                                                                                                     ;
; 6.206 ; 8.333        ; 2.127          ; High Pulse Width ; inst|altpll_component|pll|clk[0] ; Rise       ; SOPC:inst2|SOPC_cpu:cpu|D_bht_data[1]                                                                                                                     ;
; 6.206 ; 8.333        ; 2.127          ; High Pulse Width ; inst|altpll_component|pll|clk[0] ; Rise       ; SOPC:inst2|SOPC_cpu:cpu|SOPC_cpu_bht_module:SOPC_cpu_bht|altsyncram:the_altsyncram|altsyncram_d5g1:auto_generated|ram_block1a0~porta_address_reg0         ;
; 6.206 ; 8.333        ; 2.127          ; High Pulse Width ; inst|altpll_component|pll|clk[0] ; Rise       ; SOPC:inst2|SOPC_cpu:cpu|SOPC_cpu_bht_module:SOPC_cpu_bht|altsyncram:the_altsyncram|altsyncram_d5g1:auto_generated|ram_block1a0~porta_address_reg1         ;
; 6.206 ; 8.333        ; 2.127          ; High Pulse Width ; inst|altpll_component|pll|clk[0] ; Rise       ; SOPC:inst2|SOPC_cpu:cpu|SOPC_cpu_bht_module:SOPC_cpu_bht|altsyncram:the_altsyncram|altsyncram_d5g1:auto_generated|ram_block1a0~porta_address_reg2         ;
; 6.206 ; 8.333        ; 2.127          ; High Pulse Width ; inst|altpll_component|pll|clk[0] ; Rise       ; SOPC:inst2|SOPC_cpu:cpu|SOPC_cpu_bht_module:SOPC_cpu_bht|altsyncram:the_altsyncram|altsyncram_d5g1:auto_generated|ram_block1a0~porta_address_reg3         ;
; 6.206 ; 8.333        ; 2.127          ; High Pulse Width ; inst|altpll_component|pll|clk[0] ; Rise       ; SOPC:inst2|SOPC_cpu:cpu|SOPC_cpu_bht_module:SOPC_cpu_bht|altsyncram:the_altsyncram|altsyncram_d5g1:auto_generated|ram_block1a0~porta_address_reg4         ;
; 6.206 ; 8.333        ; 2.127          ; High Pulse Width ; inst|altpll_component|pll|clk[0] ; Rise       ; SOPC:inst2|SOPC_cpu:cpu|SOPC_cpu_bht_module:SOPC_cpu_bht|altsyncram:the_altsyncram|altsyncram_d5g1:auto_generated|ram_block1a0~porta_address_reg5         ;
; 6.206 ; 8.333        ; 2.127          ; High Pulse Width ; inst|altpll_component|pll|clk[0] ; Rise       ; SOPC:inst2|SOPC_cpu:cpu|SOPC_cpu_bht_module:SOPC_cpu_bht|altsyncram:the_altsyncram|altsyncram_d5g1:auto_generated|ram_block1a0~porta_address_reg6         ;
; 6.206 ; 8.333        ; 2.127          ; High Pulse Width ; inst|altpll_component|pll|clk[0] ; Rise       ; SOPC:inst2|SOPC_cpu:cpu|SOPC_cpu_bht_module:SOPC_cpu_bht|altsyncram:the_altsyncram|altsyncram_d5g1:auto_generated|ram_block1a0~porta_address_reg7         ;
; 6.206 ; 8.333        ; 2.127          ; High Pulse Width ; inst|altpll_component|pll|clk[0] ; Rise       ; SOPC:inst2|SOPC_cpu:cpu|SOPC_cpu_bht_module:SOPC_cpu_bht|altsyncram:the_altsyncram|altsyncram_d5g1:auto_generated|ram_block1a0~porta_datain_reg0          ;
; 6.206 ; 8.333        ; 2.127          ; High Pulse Width ; inst|altpll_component|pll|clk[0] ; Rise       ; SOPC:inst2|SOPC_cpu:cpu|SOPC_cpu_bht_module:SOPC_cpu_bht|altsyncram:the_altsyncram|altsyncram_d5g1:auto_generated|ram_block1a0~porta_datain_reg1          ;
; 6.206 ; 8.333        ; 2.127          ; High Pulse Width ; inst|altpll_component|pll|clk[0] ; Rise       ; SOPC:inst2|SOPC_cpu:cpu|SOPC_cpu_bht_module:SOPC_cpu_bht|altsyncram:the_altsyncram|altsyncram_d5g1:auto_generated|ram_block1a0~porta_memory_reg0          ;
; 6.206 ; 8.333        ; 2.127          ; High Pulse Width ; inst|altpll_component|pll|clk[0] ; Rise       ; SOPC:inst2|SOPC_cpu:cpu|SOPC_cpu_bht_module:SOPC_cpu_bht|altsyncram:the_altsyncram|altsyncram_d5g1:auto_generated|ram_block1a0~porta_we_reg               ;
; 6.206 ; 8.333        ; 2.127          ; High Pulse Width ; inst|altpll_component|pll|clk[0] ; Rise       ; SOPC:inst2|SOPC_cpu:cpu|SOPC_cpu_bht_module:SOPC_cpu_bht|altsyncram:the_altsyncram|altsyncram_d5g1:auto_generated|ram_block1a0~portb_address_reg0         ;
; 6.206 ; 8.333        ; 2.127          ; High Pulse Width ; inst|altpll_component|pll|clk[0] ; Rise       ; SOPC:inst2|SOPC_cpu:cpu|SOPC_cpu_bht_module:SOPC_cpu_bht|altsyncram:the_altsyncram|altsyncram_d5g1:auto_generated|ram_block1a0~portb_address_reg1         ;
; 6.206 ; 8.333        ; 2.127          ; High Pulse Width ; inst|altpll_component|pll|clk[0] ; Rise       ; SOPC:inst2|SOPC_cpu:cpu|SOPC_cpu_bht_module:SOPC_cpu_bht|altsyncram:the_altsyncram|altsyncram_d5g1:auto_generated|ram_block1a0~portb_address_reg2         ;
; 6.206 ; 8.333        ; 2.127          ; High Pulse Width ; inst|altpll_component|pll|clk[0] ; Rise       ; SOPC:inst2|SOPC_cpu:cpu|SOPC_cpu_bht_module:SOPC_cpu_bht|altsyncram:the_altsyncram|altsyncram_d5g1:auto_generated|ram_block1a0~portb_address_reg3         ;
; 6.206 ; 8.333        ; 2.127          ; High Pulse Width ; inst|altpll_component|pll|clk[0] ; Rise       ; SOPC:inst2|SOPC_cpu:cpu|SOPC_cpu_bht_module:SOPC_cpu_bht|altsyncram:the_altsyncram|altsyncram_d5g1:auto_generated|ram_block1a0~portb_address_reg4         ;
; 6.206 ; 8.333        ; 2.127          ; High Pulse Width ; inst|altpll_component|pll|clk[0] ; Rise       ; SOPC:inst2|SOPC_cpu:cpu|SOPC_cpu_bht_module:SOPC_cpu_bht|altsyncram:the_altsyncram|altsyncram_d5g1:auto_generated|ram_block1a0~portb_address_reg5         ;
; 6.206 ; 8.333        ; 2.127          ; High Pulse Width ; inst|altpll_component|pll|clk[0] ; Rise       ; SOPC:inst2|SOPC_cpu:cpu|SOPC_cpu_bht_module:SOPC_cpu_bht|altsyncram:the_altsyncram|altsyncram_d5g1:auto_generated|ram_block1a0~portb_address_reg6         ;
; 6.206 ; 8.333        ; 2.127          ; High Pulse Width ; inst|altpll_component|pll|clk[0] ; Rise       ; SOPC:inst2|SOPC_cpu:cpu|SOPC_cpu_bht_module:SOPC_cpu_bht|altsyncram:the_altsyncram|altsyncram_d5g1:auto_generated|ram_block1a0~portb_address_reg7         ;
; 6.206 ; 8.333        ; 2.127          ; High Pulse Width ; inst|altpll_component|pll|clk[0] ; Rise       ; SOPC:inst2|SOPC_cpu:cpu|SOPC_cpu_bht_module:SOPC_cpu_bht|altsyncram:the_altsyncram|altsyncram_d5g1:auto_generated|ram_block1a0~portb_re_reg               ;
; 6.206 ; 8.333        ; 2.127          ; High Pulse Width ; inst|altpll_component|pll|clk[0] ; Rise       ; SOPC:inst2|SOPC_cpu:cpu|SOPC_cpu_bht_module:SOPC_cpu_bht|altsyncram:the_altsyncram|altsyncram_d5g1:auto_generated|ram_block1a1~porta_memory_reg0          ;
; 6.206 ; 8.333        ; 2.127          ; High Pulse Width ; inst|altpll_component|pll|clk[0] ; Rise       ; SOPC:inst2|SOPC_cpu:cpu|SOPC_cpu_ic_data_module:SOPC_cpu_ic_data|altsyncram:the_altsyncram|altsyncram_c9d1:auto_generated|ram_block1a0~porta_address_reg0 ;
; 6.206 ; 8.333        ; 2.127          ; High Pulse Width ; inst|altpll_component|pll|clk[0] ; Rise       ; SOPC:inst2|SOPC_cpu:cpu|SOPC_cpu_ic_data_module:SOPC_cpu_ic_data|altsyncram:the_altsyncram|altsyncram_c9d1:auto_generated|ram_block1a0~porta_address_reg1 ;
; 6.206 ; 8.333        ; 2.127          ; High Pulse Width ; inst|altpll_component|pll|clk[0] ; Rise       ; SOPC:inst2|SOPC_cpu:cpu|SOPC_cpu_ic_data_module:SOPC_cpu_ic_data|altsyncram:the_altsyncram|altsyncram_c9d1:auto_generated|ram_block1a0~porta_address_reg2 ;
; 6.206 ; 8.333        ; 2.127          ; High Pulse Width ; inst|altpll_component|pll|clk[0] ; Rise       ; SOPC:inst2|SOPC_cpu:cpu|SOPC_cpu_ic_data_module:SOPC_cpu_ic_data|altsyncram:the_altsyncram|altsyncram_c9d1:auto_generated|ram_block1a0~porta_address_reg3 ;
; 6.206 ; 8.333        ; 2.127          ; High Pulse Width ; inst|altpll_component|pll|clk[0] ; Rise       ; SOPC:inst2|SOPC_cpu:cpu|SOPC_cpu_ic_data_module:SOPC_cpu_ic_data|altsyncram:the_altsyncram|altsyncram_c9d1:auto_generated|ram_block1a0~porta_address_reg4 ;
; 6.206 ; 8.333        ; 2.127          ; High Pulse Width ; inst|altpll_component|pll|clk[0] ; Rise       ; SOPC:inst2|SOPC_cpu:cpu|SOPC_cpu_ic_data_module:SOPC_cpu_ic_data|altsyncram:the_altsyncram|altsyncram_c9d1:auto_generated|ram_block1a0~porta_address_reg5 ;
; 6.206 ; 8.333        ; 2.127          ; High Pulse Width ; inst|altpll_component|pll|clk[0] ; Rise       ; SOPC:inst2|SOPC_cpu:cpu|SOPC_cpu_ic_data_module:SOPC_cpu_ic_data|altsyncram:the_altsyncram|altsyncram_c9d1:auto_generated|ram_block1a0~porta_address_reg6 ;
; 6.206 ; 8.333        ; 2.127          ; High Pulse Width ; inst|altpll_component|pll|clk[0] ; Rise       ; SOPC:inst2|SOPC_cpu:cpu|SOPC_cpu_ic_data_module:SOPC_cpu_ic_data|altsyncram:the_altsyncram|altsyncram_c9d1:auto_generated|ram_block1a0~porta_address_reg7 ;
; 6.206 ; 8.333        ; 2.127          ; High Pulse Width ; inst|altpll_component|pll|clk[0] ; Rise       ; SOPC:inst2|SOPC_cpu:cpu|SOPC_cpu_ic_data_module:SOPC_cpu_ic_data|altsyncram:the_altsyncram|altsyncram_c9d1:auto_generated|ram_block1a0~porta_address_reg8 ;
; 6.206 ; 8.333        ; 2.127          ; High Pulse Width ; inst|altpll_component|pll|clk[0] ; Rise       ; SOPC:inst2|SOPC_cpu:cpu|SOPC_cpu_ic_data_module:SOPC_cpu_ic_data|altsyncram:the_altsyncram|altsyncram_c9d1:auto_generated|ram_block1a0~porta_datain_reg0  ;
; 6.206 ; 8.333        ; 2.127          ; High Pulse Width ; inst|altpll_component|pll|clk[0] ; Rise       ; SOPC:inst2|SOPC_cpu:cpu|SOPC_cpu_ic_data_module:SOPC_cpu_ic_data|altsyncram:the_altsyncram|altsyncram_c9d1:auto_generated|ram_block1a0~porta_datain_reg1  ;
; 6.206 ; 8.333        ; 2.127          ; High Pulse Width ; inst|altpll_component|pll|clk[0] ; Rise       ; SOPC:inst2|SOPC_cpu:cpu|SOPC_cpu_ic_data_module:SOPC_cpu_ic_data|altsyncram:the_altsyncram|altsyncram_c9d1:auto_generated|ram_block1a0~porta_datain_reg2  ;
; 6.206 ; 8.333        ; 2.127          ; High Pulse Width ; inst|altpll_component|pll|clk[0] ; Rise       ; SOPC:inst2|SOPC_cpu:cpu|SOPC_cpu_ic_data_module:SOPC_cpu_ic_data|altsyncram:the_altsyncram|altsyncram_c9d1:auto_generated|ram_block1a0~porta_datain_reg3  ;
; 6.206 ; 8.333        ; 2.127          ; High Pulse Width ; inst|altpll_component|pll|clk[0] ; Rise       ; SOPC:inst2|SOPC_cpu:cpu|SOPC_cpu_ic_data_module:SOPC_cpu_ic_data|altsyncram:the_altsyncram|altsyncram_c9d1:auto_generated|ram_block1a0~porta_datain_reg4  ;
; 6.206 ; 8.333        ; 2.127          ; High Pulse Width ; inst|altpll_component|pll|clk[0] ; Rise       ; SOPC:inst2|SOPC_cpu:cpu|SOPC_cpu_ic_data_module:SOPC_cpu_ic_data|altsyncram:the_altsyncram|altsyncram_c9d1:auto_generated|ram_block1a0~porta_datain_reg5  ;
; 6.206 ; 8.333        ; 2.127          ; High Pulse Width ; inst|altpll_component|pll|clk[0] ; Rise       ; SOPC:inst2|SOPC_cpu:cpu|SOPC_cpu_ic_data_module:SOPC_cpu_ic_data|altsyncram:the_altsyncram|altsyncram_c9d1:auto_generated|ram_block1a0~porta_datain_reg6  ;
; 6.206 ; 8.333        ; 2.127          ; High Pulse Width ; inst|altpll_component|pll|clk[0] ; Rise       ; SOPC:inst2|SOPC_cpu:cpu|SOPC_cpu_ic_data_module:SOPC_cpu_ic_data|altsyncram:the_altsyncram|altsyncram_c9d1:auto_generated|ram_block1a0~porta_datain_reg7  ;
; 6.206 ; 8.333        ; 2.127          ; High Pulse Width ; inst|altpll_component|pll|clk[0] ; Rise       ; SOPC:inst2|SOPC_cpu:cpu|SOPC_cpu_ic_data_module:SOPC_cpu_ic_data|altsyncram:the_altsyncram|altsyncram_c9d1:auto_generated|ram_block1a0~porta_datain_reg8  ;
; 6.206 ; 8.333        ; 2.127          ; High Pulse Width ; inst|altpll_component|pll|clk[0] ; Rise       ; SOPC:inst2|SOPC_cpu:cpu|SOPC_cpu_ic_data_module:SOPC_cpu_ic_data|altsyncram:the_altsyncram|altsyncram_c9d1:auto_generated|ram_block1a0~porta_memory_reg0  ;
; 6.206 ; 8.333        ; 2.127          ; High Pulse Width ; inst|altpll_component|pll|clk[0] ; Rise       ; SOPC:inst2|SOPC_cpu:cpu|SOPC_cpu_ic_data_module:SOPC_cpu_ic_data|altsyncram:the_altsyncram|altsyncram_c9d1:auto_generated|ram_block1a0~porta_we_reg       ;
; 6.206 ; 8.333        ; 2.127          ; High Pulse Width ; inst|altpll_component|pll|clk[0] ; Rise       ; SOPC:inst2|SOPC_cpu:cpu|SOPC_cpu_ic_data_module:SOPC_cpu_ic_data|altsyncram:the_altsyncram|altsyncram_c9d1:auto_generated|ram_block1a0~portb_address_reg0 ;
; 6.206 ; 8.333        ; 2.127          ; High Pulse Width ; inst|altpll_component|pll|clk[0] ; Rise       ; SOPC:inst2|SOPC_cpu:cpu|SOPC_cpu_ic_data_module:SOPC_cpu_ic_data|altsyncram:the_altsyncram|altsyncram_c9d1:auto_generated|ram_block1a0~portb_address_reg1 ;
; 6.206 ; 8.333        ; 2.127          ; High Pulse Width ; inst|altpll_component|pll|clk[0] ; Rise       ; SOPC:inst2|SOPC_cpu:cpu|SOPC_cpu_ic_data_module:SOPC_cpu_ic_data|altsyncram:the_altsyncram|altsyncram_c9d1:auto_generated|ram_block1a0~portb_address_reg2 ;
; 6.206 ; 8.333        ; 2.127          ; High Pulse Width ; inst|altpll_component|pll|clk[0] ; Rise       ; SOPC:inst2|SOPC_cpu:cpu|SOPC_cpu_ic_data_module:SOPC_cpu_ic_data|altsyncram:the_altsyncram|altsyncram_c9d1:auto_generated|ram_block1a0~portb_address_reg3 ;
; 6.206 ; 8.333        ; 2.127          ; High Pulse Width ; inst|altpll_component|pll|clk[0] ; Rise       ; SOPC:inst2|SOPC_cpu:cpu|SOPC_cpu_ic_data_module:SOPC_cpu_ic_data|altsyncram:the_altsyncram|altsyncram_c9d1:auto_generated|ram_block1a0~portb_address_reg4 ;
; 6.206 ; 8.333        ; 2.127          ; High Pulse Width ; inst|altpll_component|pll|clk[0] ; Rise       ; SOPC:inst2|SOPC_cpu:cpu|SOPC_cpu_ic_data_module:SOPC_cpu_ic_data|altsyncram:the_altsyncram|altsyncram_c9d1:auto_generated|ram_block1a0~portb_address_reg5 ;
; 6.206 ; 8.333        ; 2.127          ; High Pulse Width ; inst|altpll_component|pll|clk[0] ; Rise       ; SOPC:inst2|SOPC_cpu:cpu|SOPC_cpu_ic_data_module:SOPC_cpu_ic_data|altsyncram:the_altsyncram|altsyncram_c9d1:auto_generated|ram_block1a0~portb_address_reg6 ;
; 6.206 ; 8.333        ; 2.127          ; High Pulse Width ; inst|altpll_component|pll|clk[0] ; Rise       ; SOPC:inst2|SOPC_cpu:cpu|SOPC_cpu_ic_data_module:SOPC_cpu_ic_data|altsyncram:the_altsyncram|altsyncram_c9d1:auto_generated|ram_block1a0~portb_address_reg7 ;
; 6.206 ; 8.333        ; 2.127          ; High Pulse Width ; inst|altpll_component|pll|clk[0] ; Rise       ; SOPC:inst2|SOPC_cpu:cpu|SOPC_cpu_ic_data_module:SOPC_cpu_ic_data|altsyncram:the_altsyncram|altsyncram_c9d1:auto_generated|ram_block1a0~portb_address_reg8 ;
; 6.206 ; 8.333        ; 2.127          ; High Pulse Width ; inst|altpll_component|pll|clk[0] ; Rise       ; SOPC:inst2|SOPC_cpu:cpu|SOPC_cpu_ic_data_module:SOPC_cpu_ic_data|altsyncram:the_altsyncram|altsyncram_c9d1:auto_generated|ram_block1a0~portb_re_reg       ;
; 6.206 ; 8.333        ; 2.127          ; High Pulse Width ; inst|altpll_component|pll|clk[0] ; Rise       ; SOPC:inst2|SOPC_cpu:cpu|SOPC_cpu_ic_data_module:SOPC_cpu_ic_data|altsyncram:the_altsyncram|altsyncram_c9d1:auto_generated|ram_block1a10~porta_memory_reg0 ;
; 6.206 ; 8.333        ; 2.127          ; High Pulse Width ; inst|altpll_component|pll|clk[0] ; Rise       ; SOPC:inst2|SOPC_cpu:cpu|SOPC_cpu_ic_data_module:SOPC_cpu_ic_data|altsyncram:the_altsyncram|altsyncram_c9d1:auto_generated|ram_block1a11~porta_memory_reg0 ;
; 6.206 ; 8.333        ; 2.127          ; High Pulse Width ; inst|altpll_component|pll|clk[0] ; Rise       ; SOPC:inst2|SOPC_cpu:cpu|SOPC_cpu_ic_data_module:SOPC_cpu_ic_data|altsyncram:the_altsyncram|altsyncram_c9d1:auto_generated|ram_block1a12~porta_memory_reg0 ;
; 6.206 ; 8.333        ; 2.127          ; High Pulse Width ; inst|altpll_component|pll|clk[0] ; Rise       ; SOPC:inst2|SOPC_cpu:cpu|SOPC_cpu_ic_data_module:SOPC_cpu_ic_data|altsyncram:the_altsyncram|altsyncram_c9d1:auto_generated|ram_block1a13~porta_memory_reg0 ;
; 6.206 ; 8.333        ; 2.127          ; High Pulse Width ; inst|altpll_component|pll|clk[0] ; Rise       ; SOPC:inst2|SOPC_cpu:cpu|SOPC_cpu_ic_data_module:SOPC_cpu_ic_data|altsyncram:the_altsyncram|altsyncram_c9d1:auto_generated|ram_block1a14~porta_memory_reg0 ;
; 6.206 ; 8.333        ; 2.127          ; High Pulse Width ; inst|altpll_component|pll|clk[0] ; Rise       ; SOPC:inst2|SOPC_cpu:cpu|SOPC_cpu_ic_data_module:SOPC_cpu_ic_data|altsyncram:the_altsyncram|altsyncram_c9d1:auto_generated|ram_block1a15~porta_memory_reg0 ;
; 6.206 ; 8.333        ; 2.127          ; High Pulse Width ; inst|altpll_component|pll|clk[0] ; Rise       ; SOPC:inst2|SOPC_cpu:cpu|SOPC_cpu_ic_data_module:SOPC_cpu_ic_data|altsyncram:the_altsyncram|altsyncram_c9d1:auto_generated|ram_block1a16~porta_memory_reg0 ;
; 6.206 ; 8.333        ; 2.127          ; High Pulse Width ; inst|altpll_component|pll|clk[0] ; Rise       ; SOPC:inst2|SOPC_cpu:cpu|SOPC_cpu_ic_data_module:SOPC_cpu_ic_data|altsyncram:the_altsyncram|altsyncram_c9d1:auto_generated|ram_block1a17~porta_memory_reg0 ;
; 6.206 ; 8.333        ; 2.127          ; High Pulse Width ; inst|altpll_component|pll|clk[0] ; Rise       ; SOPC:inst2|SOPC_cpu:cpu|SOPC_cpu_ic_data_module:SOPC_cpu_ic_data|altsyncram:the_altsyncram|altsyncram_c9d1:auto_generated|ram_block1a18~porta_memory_reg0 ;
; 6.206 ; 8.333        ; 2.127          ; High Pulse Width ; inst|altpll_component|pll|clk[0] ; Rise       ; SOPC:inst2|SOPC_cpu:cpu|SOPC_cpu_ic_data_module:SOPC_cpu_ic_data|altsyncram:the_altsyncram|altsyncram_c9d1:auto_generated|ram_block1a19~porta_memory_reg0 ;
; 6.206 ; 8.333        ; 2.127          ; High Pulse Width ; inst|altpll_component|pll|clk[0] ; Rise       ; SOPC:inst2|SOPC_cpu:cpu|SOPC_cpu_ic_data_module:SOPC_cpu_ic_data|altsyncram:the_altsyncram|altsyncram_c9d1:auto_generated|ram_block1a1~porta_memory_reg0  ;
; 6.206 ; 8.333        ; 2.127          ; High Pulse Width ; inst|altpll_component|pll|clk[0] ; Rise       ; SOPC:inst2|SOPC_cpu:cpu|SOPC_cpu_ic_data_module:SOPC_cpu_ic_data|altsyncram:the_altsyncram|altsyncram_c9d1:auto_generated|ram_block1a20~porta_memory_reg0 ;
; 6.206 ; 8.333        ; 2.127          ; High Pulse Width ; inst|altpll_component|pll|clk[0] ; Rise       ; SOPC:inst2|SOPC_cpu:cpu|SOPC_cpu_ic_data_module:SOPC_cpu_ic_data|altsyncram:the_altsyncram|altsyncram_c9d1:auto_generated|ram_block1a21~porta_memory_reg0 ;
; 6.206 ; 8.333        ; 2.127          ; High Pulse Width ; inst|altpll_component|pll|clk[0] ; Rise       ; SOPC:inst2|SOPC_cpu:cpu|SOPC_cpu_ic_data_module:SOPC_cpu_ic_data|altsyncram:the_altsyncram|altsyncram_c9d1:auto_generated|ram_block1a22~porta_memory_reg0 ;
; 6.206 ; 8.333        ; 2.127          ; High Pulse Width ; inst|altpll_component|pll|clk[0] ; Rise       ; SOPC:inst2|SOPC_cpu:cpu|SOPC_cpu_ic_data_module:SOPC_cpu_ic_data|altsyncram:the_altsyncram|altsyncram_c9d1:auto_generated|ram_block1a23~porta_memory_reg0 ;
; 6.206 ; 8.333        ; 2.127          ; High Pulse Width ; inst|altpll_component|pll|clk[0] ; Rise       ; SOPC:inst2|SOPC_cpu:cpu|SOPC_cpu_ic_data_module:SOPC_cpu_ic_data|altsyncram:the_altsyncram|altsyncram_c9d1:auto_generated|ram_block1a24~porta_memory_reg0 ;
; 6.206 ; 8.333        ; 2.127          ; High Pulse Width ; inst|altpll_component|pll|clk[0] ; Rise       ; SOPC:inst2|SOPC_cpu:cpu|SOPC_cpu_ic_data_module:SOPC_cpu_ic_data|altsyncram:the_altsyncram|altsyncram_c9d1:auto_generated|ram_block1a25~porta_memory_reg0 ;
; 6.206 ; 8.333        ; 2.127          ; High Pulse Width ; inst|altpll_component|pll|clk[0] ; Rise       ; SOPC:inst2|SOPC_cpu:cpu|SOPC_cpu_ic_data_module:SOPC_cpu_ic_data|altsyncram:the_altsyncram|altsyncram_c9d1:auto_generated|ram_block1a26~porta_memory_reg0 ;
; 6.206 ; 8.333        ; 2.127          ; High Pulse Width ; inst|altpll_component|pll|clk[0] ; Rise       ; SOPC:inst2|SOPC_cpu:cpu|SOPC_cpu_ic_data_module:SOPC_cpu_ic_data|altsyncram:the_altsyncram|altsyncram_c9d1:auto_generated|ram_block1a27~porta_memory_reg0 ;
; 6.206 ; 8.333        ; 2.127          ; High Pulse Width ; inst|altpll_component|pll|clk[0] ; Rise       ; SOPC:inst2|SOPC_cpu:cpu|SOPC_cpu_ic_data_module:SOPC_cpu_ic_data|altsyncram:the_altsyncram|altsyncram_c9d1:auto_generated|ram_block1a28~porta_memory_reg0 ;
; 6.206 ; 8.333        ; 2.127          ; High Pulse Width ; inst|altpll_component|pll|clk[0] ; Rise       ; SOPC:inst2|SOPC_cpu:cpu|SOPC_cpu_ic_data_module:SOPC_cpu_ic_data|altsyncram:the_altsyncram|altsyncram_c9d1:auto_generated|ram_block1a29~porta_memory_reg0 ;
; 6.206 ; 8.333        ; 2.127          ; High Pulse Width ; inst|altpll_component|pll|clk[0] ; Rise       ; SOPC:inst2|SOPC_cpu:cpu|SOPC_cpu_ic_data_module:SOPC_cpu_ic_data|altsyncram:the_altsyncram|altsyncram_c9d1:auto_generated|ram_block1a2~porta_memory_reg0  ;
; 6.206 ; 8.333        ; 2.127          ; High Pulse Width ; inst|altpll_component|pll|clk[0] ; Rise       ; SOPC:inst2|SOPC_cpu:cpu|SOPC_cpu_ic_data_module:SOPC_cpu_ic_data|altsyncram:the_altsyncram|altsyncram_c9d1:auto_generated|ram_block1a30~porta_memory_reg0 ;
; 6.206 ; 8.333        ; 2.127          ; High Pulse Width ; inst|altpll_component|pll|clk[0] ; Rise       ; SOPC:inst2|SOPC_cpu:cpu|SOPC_cpu_ic_data_module:SOPC_cpu_ic_data|altsyncram:the_altsyncram|altsyncram_c9d1:auto_generated|ram_block1a31~porta_memory_reg0 ;
; 6.206 ; 8.333        ; 2.127          ; High Pulse Width ; inst|altpll_component|pll|clk[0] ; Rise       ; SOPC:inst2|SOPC_cpu:cpu|SOPC_cpu_ic_data_module:SOPC_cpu_ic_data|altsyncram:the_altsyncram|altsyncram_c9d1:auto_generated|ram_block1a3~porta_address_reg0 ;
; 6.206 ; 8.333        ; 2.127          ; High Pulse Width ; inst|altpll_component|pll|clk[0] ; Rise       ; SOPC:inst2|SOPC_cpu:cpu|SOPC_cpu_ic_data_module:SOPC_cpu_ic_data|altsyncram:the_altsyncram|altsyncram_c9d1:auto_generated|ram_block1a3~porta_address_reg1 ;
; 6.206 ; 8.333        ; 2.127          ; High Pulse Width ; inst|altpll_component|pll|clk[0] ; Rise       ; SOPC:inst2|SOPC_cpu:cpu|SOPC_cpu_ic_data_module:SOPC_cpu_ic_data|altsyncram:the_altsyncram|altsyncram_c9d1:auto_generated|ram_block1a3~porta_address_reg2 ;
; 6.206 ; 8.333        ; 2.127          ; High Pulse Width ; inst|altpll_component|pll|clk[0] ; Rise       ; SOPC:inst2|SOPC_cpu:cpu|SOPC_cpu_ic_data_module:SOPC_cpu_ic_data|altsyncram:the_altsyncram|altsyncram_c9d1:auto_generated|ram_block1a3~porta_address_reg3 ;
; 6.206 ; 8.333        ; 2.127          ; High Pulse Width ; inst|altpll_component|pll|clk[0] ; Rise       ; SOPC:inst2|SOPC_cpu:cpu|SOPC_cpu_ic_data_module:SOPC_cpu_ic_data|altsyncram:the_altsyncram|altsyncram_c9d1:auto_generated|ram_block1a3~porta_address_reg4 ;
; 6.206 ; 8.333        ; 2.127          ; High Pulse Width ; inst|altpll_component|pll|clk[0] ; Rise       ; SOPC:inst2|SOPC_cpu:cpu|SOPC_cpu_ic_data_module:SOPC_cpu_ic_data|altsyncram:the_altsyncram|altsyncram_c9d1:auto_generated|ram_block1a3~porta_address_reg5 ;
; 6.206 ; 8.333        ; 2.127          ; High Pulse Width ; inst|altpll_component|pll|clk[0] ; Rise       ; SOPC:inst2|SOPC_cpu:cpu|SOPC_cpu_ic_data_module:SOPC_cpu_ic_data|altsyncram:the_altsyncram|altsyncram_c9d1:auto_generated|ram_block1a3~porta_address_reg6 ;
; 6.206 ; 8.333        ; 2.127          ; High Pulse Width ; inst|altpll_component|pll|clk[0] ; Rise       ; SOPC:inst2|SOPC_cpu:cpu|SOPC_cpu_ic_data_module:SOPC_cpu_ic_data|altsyncram:the_altsyncram|altsyncram_c9d1:auto_generated|ram_block1a3~porta_address_reg7 ;
; 6.206 ; 8.333        ; 2.127          ; High Pulse Width ; inst|altpll_component|pll|clk[0] ; Rise       ; SOPC:inst2|SOPC_cpu:cpu|SOPC_cpu_ic_data_module:SOPC_cpu_ic_data|altsyncram:the_altsyncram|altsyncram_c9d1:auto_generated|ram_block1a3~porta_address_reg8 ;
; 6.206 ; 8.333        ; 2.127          ; High Pulse Width ; inst|altpll_component|pll|clk[0] ; Rise       ; SOPC:inst2|SOPC_cpu:cpu|SOPC_cpu_ic_data_module:SOPC_cpu_ic_data|altsyncram:the_altsyncram|altsyncram_c9d1:auto_generated|ram_block1a3~porta_datain_reg0  ;
; 6.206 ; 8.333        ; 2.127          ; High Pulse Width ; inst|altpll_component|pll|clk[0] ; Rise       ; SOPC:inst2|SOPC_cpu:cpu|SOPC_cpu_ic_data_module:SOPC_cpu_ic_data|altsyncram:the_altsyncram|altsyncram_c9d1:auto_generated|ram_block1a3~porta_datain_reg1  ;
; 6.206 ; 8.333        ; 2.127          ; High Pulse Width ; inst|altpll_component|pll|clk[0] ; Rise       ; SOPC:inst2|SOPC_cpu:cpu|SOPC_cpu_ic_data_module:SOPC_cpu_ic_data|altsyncram:the_altsyncram|altsyncram_c9d1:auto_generated|ram_block1a3~porta_datain_reg2  ;
; 6.206 ; 8.333        ; 2.127          ; High Pulse Width ; inst|altpll_component|pll|clk[0] ; Rise       ; SOPC:inst2|SOPC_cpu:cpu|SOPC_cpu_ic_data_module:SOPC_cpu_ic_data|altsyncram:the_altsyncram|altsyncram_c9d1:auto_generated|ram_block1a3~porta_datain_reg3  ;
; 6.206 ; 8.333        ; 2.127          ; High Pulse Width ; inst|altpll_component|pll|clk[0] ; Rise       ; SOPC:inst2|SOPC_cpu:cpu|SOPC_cpu_ic_data_module:SOPC_cpu_ic_data|altsyncram:the_altsyncram|altsyncram_c9d1:auto_generated|ram_block1a3~porta_datain_reg4  ;
; 6.206 ; 8.333        ; 2.127          ; High Pulse Width ; inst|altpll_component|pll|clk[0] ; Rise       ; SOPC:inst2|SOPC_cpu:cpu|SOPC_cpu_ic_data_module:SOPC_cpu_ic_data|altsyncram:the_altsyncram|altsyncram_c9d1:auto_generated|ram_block1a3~porta_datain_reg5  ;
; 6.206 ; 8.333        ; 2.127          ; High Pulse Width ; inst|altpll_component|pll|clk[0] ; Rise       ; SOPC:inst2|SOPC_cpu:cpu|SOPC_cpu_ic_data_module:SOPC_cpu_ic_data|altsyncram:the_altsyncram|altsyncram_c9d1:auto_generated|ram_block1a3~porta_datain_reg6  ;
; 6.206 ; 8.333        ; 2.127          ; High Pulse Width ; inst|altpll_component|pll|clk[0] ; Rise       ; SOPC:inst2|SOPC_cpu:cpu|SOPC_cpu_ic_data_module:SOPC_cpu_ic_data|altsyncram:the_altsyncram|altsyncram_c9d1:auto_generated|ram_block1a3~porta_datain_reg7  ;
; 6.206 ; 8.333        ; 2.127          ; High Pulse Width ; inst|altpll_component|pll|clk[0] ; Rise       ; SOPC:inst2|SOPC_cpu:cpu|SOPC_cpu_ic_data_module:SOPC_cpu_ic_data|altsyncram:the_altsyncram|altsyncram_c9d1:auto_generated|ram_block1a3~porta_datain_reg8  ;
; 6.206 ; 8.333        ; 2.127          ; High Pulse Width ; inst|altpll_component|pll|clk[0] ; Rise       ; SOPC:inst2|SOPC_cpu:cpu|SOPC_cpu_ic_data_module:SOPC_cpu_ic_data|altsyncram:the_altsyncram|altsyncram_c9d1:auto_generated|ram_block1a3~porta_memory_reg0  ;
; 6.206 ; 8.333        ; 2.127          ; High Pulse Width ; inst|altpll_component|pll|clk[0] ; Rise       ; SOPC:inst2|SOPC_cpu:cpu|SOPC_cpu_ic_data_module:SOPC_cpu_ic_data|altsyncram:the_altsyncram|altsyncram_c9d1:auto_generated|ram_block1a3~porta_we_reg       ;
; 6.206 ; 8.333        ; 2.127          ; High Pulse Width ; inst|altpll_component|pll|clk[0] ; Rise       ; SOPC:inst2|SOPC_cpu:cpu|SOPC_cpu_ic_data_module:SOPC_cpu_ic_data|altsyncram:the_altsyncram|altsyncram_c9d1:auto_generated|ram_block1a3~portb_address_reg0 ;
; 6.206 ; 8.333        ; 2.127          ; High Pulse Width ; inst|altpll_component|pll|clk[0] ; Rise       ; SOPC:inst2|SOPC_cpu:cpu|SOPC_cpu_ic_data_module:SOPC_cpu_ic_data|altsyncram:the_altsyncram|altsyncram_c9d1:auto_generated|ram_block1a3~portb_address_reg1 ;
+-------+--------------+----------------+------------------+----------------------------------+------------+-----------------------------------------------------------------------------------------------------------------------------------------------------------+


+----------------------------------------------------------------------------------------------------------------------+
; Fast Model Minimum Pulse Width: 'clk_in'                                                                             ;
+--------+--------------+----------------+------------------+--------+------------+------------------------------------+
; Slack  ; Actual Width ; Required Width ; Type             ; Clock  ; Clock Edge ; Target                             ;
+--------+--------------+----------------+------------------+--------+------------+------------------------------------+
; 8.333  ; 8.333        ; 0.000          ; High Pulse Width ; clk_in ; Rise       ; CLK|combout                        ;
; 8.333  ; 8.333        ; 0.000          ; High Pulse Width ; clk_in ; Rise       ; inst|altpll_component|pll|clk[0]   ;
; 8.333  ; 8.333        ; 0.000          ; High Pulse Width ; clk_in ; Rise       ; inst|altpll_component|pll|clk[1]   ;
; 8.333  ; 8.333        ; 0.000          ; High Pulse Width ; clk_in ; Rise       ; inst|altpll_component|pll|inclk[0] ;
; 8.334  ; 8.334        ; 0.000          ; Low Pulse Width  ; clk_in ; Rise       ; CLK|combout                        ;
; 8.334  ; 8.334        ; 0.000          ; Low Pulse Width  ; clk_in ; Rise       ; inst|altpll_component|pll|clk[0]   ;
; 8.334  ; 8.334        ; 0.000          ; Low Pulse Width  ; clk_in ; Rise       ; inst|altpll_component|pll|clk[1]   ;
; 8.334  ; 8.334        ; 0.000          ; Low Pulse Width  ; clk_in ; Rise       ; inst|altpll_component|pll|inclk[0] ;
; 14.287 ; 16.667       ; 2.380          ; Port Rate        ; clk_in ; Rise       ; CLK                                ;
+--------+--------------+----------------+------------------+--------+------------+------------------------------------+


+-------------------------------------------------------------------------------------------------------------+
; Fast Model Minimum Pulse Width: 'altera_reserved_tck'                                                       ;
+--------+--------------+----------------+-----------+---------------------+------------+---------------------+
; Slack  ; Actual Width ; Required Width ; Type      ; Clock               ; Clock Edge ; Target              ;
+--------+--------------+----------------+-----------+---------------------+------------+---------------------+
; 97.778 ; 100.000      ; 2.222          ; Port Rate ; altera_reserved_tck ; Rise       ; altera_reserved_tck ;
+--------+--------------+----------------+-----------+---------------------+------------+---------------------+


+-------------------------------------------------------------------------------------------------------------------------+
; Setup Times                                                                                                             ;
+--------------------------------------------+------------+-------+-------+------------+----------------------------------+
; Data Port                                  ; Clock Port ; Rise  ; Fall  ; Clock Edge ; Clock Reference                  ;
+--------------------------------------------+------------+-------+-------+------------+----------------------------------+
; DQ[*]                                      ; clk_in     ; 1.034 ; 1.034 ; Rise       ; inst|altpll_component|pll|clk[0] ;
;  DQ[0]                                     ; clk_in     ; 1.034 ; 1.034 ; Rise       ; inst|altpll_component|pll|clk[0] ;
;  DQ[1]                                     ; clk_in     ; 1.034 ; 1.034 ; Rise       ; inst|altpll_component|pll|clk[0] ;
;  DQ[2]                                     ; clk_in     ; 1.023 ; 1.023 ; Rise       ; inst|altpll_component|pll|clk[0] ;
;  DQ[3]                                     ; clk_in     ; 1.029 ; 1.029 ; Rise       ; inst|altpll_component|pll|clk[0] ;
;  DQ[4]                                     ; clk_in     ; 1.013 ; 1.013 ; Rise       ; inst|altpll_component|pll|clk[0] ;
;  DQ[5]                                     ; clk_in     ; 1.013 ; 1.013 ; Rise       ; inst|altpll_component|pll|clk[0] ;
;  DQ[6]                                     ; clk_in     ; 0.947 ; 0.947 ; Rise       ; inst|altpll_component|pll|clk[0] ;
;  DQ[7]                                     ; clk_in     ; 0.937 ; 0.937 ; Rise       ; inst|altpll_component|pll|clk[0] ;
;  DQ[8]                                     ; clk_in     ; 1.009 ; 1.009 ; Rise       ; inst|altpll_component|pll|clk[0] ;
;  DQ[9]                                     ; clk_in     ; 1.010 ; 1.010 ; Rise       ; inst|altpll_component|pll|clk[0] ;
;  DQ[10]                                    ; clk_in     ; 1.020 ; 1.020 ; Rise       ; inst|altpll_component|pll|clk[0] ;
;  DQ[11]                                    ; clk_in     ; 1.011 ; 1.011 ; Rise       ; inst|altpll_component|pll|clk[0] ;
;  DQ[12]                                    ; clk_in     ; 1.011 ; 1.011 ; Rise       ; inst|altpll_component|pll|clk[0] ;
;  DQ[13]                                    ; clk_in     ; 1.023 ; 1.023 ; Rise       ; inst|altpll_component|pll|clk[0] ;
;  DQ[14]                                    ; clk_in     ; 1.011 ; 1.011 ; Rise       ; inst|altpll_component|pll|clk[0] ;
;  DQ[15]                                    ; clk_in     ; 1.008 ; 1.008 ; Rise       ; inst|altpll_component|pll|clk[0] ;
; MISO_to_the_spi_touch                      ; clk_in     ; 3.791 ; 3.791 ; Rise       ; inst|altpll_component|pll|clk[0] ;
; bidir_port_to_and_from_the_lcd32_data[*]   ; clk_in     ; 4.136 ; 4.136 ; Rise       ; inst|altpll_component|pll|clk[0] ;
;  bidir_port_to_and_from_the_lcd32_data[0]  ; clk_in     ; 3.771 ; 3.771 ; Rise       ; inst|altpll_component|pll|clk[0] ;
;  bidir_port_to_and_from_the_lcd32_data[1]  ; clk_in     ; 3.892 ; 3.892 ; Rise       ; inst|altpll_component|pll|clk[0] ;
;  bidir_port_to_and_from_the_lcd32_data[2]  ; clk_in     ; 3.845 ; 3.845 ; Rise       ; inst|altpll_component|pll|clk[0] ;
;  bidir_port_to_and_from_the_lcd32_data[3]  ; clk_in     ; 3.763 ; 3.763 ; Rise       ; inst|altpll_component|pll|clk[0] ;
;  bidir_port_to_and_from_the_lcd32_data[4]  ; clk_in     ; 3.733 ; 3.733 ; Rise       ; inst|altpll_component|pll|clk[0] ;
;  bidir_port_to_and_from_the_lcd32_data[5]  ; clk_in     ; 3.707 ; 3.707 ; Rise       ; inst|altpll_component|pll|clk[0] ;
;  bidir_port_to_and_from_the_lcd32_data[6]  ; clk_in     ; 3.890 ; 3.890 ; Rise       ; inst|altpll_component|pll|clk[0] ;
;  bidir_port_to_and_from_the_lcd32_data[7]  ; clk_in     ; 3.763 ; 3.763 ; Rise       ; inst|altpll_component|pll|clk[0] ;
;  bidir_port_to_and_from_the_lcd32_data[8]  ; clk_in     ; 3.840 ; 3.840 ; Rise       ; inst|altpll_component|pll|clk[0] ;
;  bidir_port_to_and_from_the_lcd32_data[9]  ; clk_in     ; 4.136 ; 4.136 ; Rise       ; inst|altpll_component|pll|clk[0] ;
;  bidir_port_to_and_from_the_lcd32_data[10] ; clk_in     ; 3.942 ; 3.942 ; Rise       ; inst|altpll_component|pll|clk[0] ;
;  bidir_port_to_and_from_the_lcd32_data[11] ; clk_in     ; 4.037 ; 4.037 ; Rise       ; inst|altpll_component|pll|clk[0] ;
;  bidir_port_to_and_from_the_lcd32_data[12] ; clk_in     ; 3.930 ; 3.930 ; Rise       ; inst|altpll_component|pll|clk[0] ;
;  bidir_port_to_and_from_the_lcd32_data[13] ; clk_in     ; 3.895 ; 3.895 ; Rise       ; inst|altpll_component|pll|clk[0] ;
;  bidir_port_to_and_from_the_lcd32_data[14] ; clk_in     ; 3.851 ; 3.851 ; Rise       ; inst|altpll_component|pll|clk[0] ;
;  bidir_port_to_and_from_the_lcd32_data[15] ; clk_in     ; 3.943 ; 3.943 ; Rise       ; inst|altpll_component|pll|clk[0] ;
+--------------------------------------------+------------+-------+-------+------------+----------------------------------+


+---------------------------------------------------------------------------------------------------------------------------+
; Hold Times                                                                                                                ;
+--------------------------------------------+------------+--------+--------+------------+----------------------------------+
; Data Port                                  ; Clock Port ; Rise   ; Fall   ; Clock Edge ; Clock Reference                  ;
+--------------------------------------------+------------+--------+--------+------------+----------------------------------+
; DQ[*]                                      ; clk_in     ; -0.836 ; -0.836 ; Rise       ; inst|altpll_component|pll|clk[0] ;
;  DQ[0]                                     ; clk_in     ; -0.948 ; -0.948 ; Rise       ; inst|altpll_component|pll|clk[0] ;
;  DQ[1]                                     ; clk_in     ; -0.948 ; -0.948 ; Rise       ; inst|altpll_component|pll|clk[0] ;
;  DQ[2]                                     ; clk_in     ; -0.937 ; -0.937 ; Rise       ; inst|altpll_component|pll|clk[0] ;
;  DQ[3]                                     ; clk_in     ; -0.943 ; -0.943 ; Rise       ; inst|altpll_component|pll|clk[0] ;
;  DQ[4]                                     ; clk_in     ; -0.927 ; -0.927 ; Rise       ; inst|altpll_component|pll|clk[0] ;
;  DQ[5]                                     ; clk_in     ; -0.927 ; -0.927 ; Rise       ; inst|altpll_component|pll|clk[0] ;
;  DQ[6]                                     ; clk_in     ; -0.846 ; -0.846 ; Rise       ; inst|altpll_component|pll|clk[0] ;
;  DQ[7]                                     ; clk_in     ; -0.836 ; -0.836 ; Rise       ; inst|altpll_component|pll|clk[0] ;
;  DQ[8]                                     ; clk_in     ; -0.923 ; -0.923 ; Rise       ; inst|altpll_component|pll|clk[0] ;
;  DQ[9]                                     ; clk_in     ; -0.924 ; -0.924 ; Rise       ; inst|altpll_component|pll|clk[0] ;
;  DQ[10]                                    ; clk_in     ; -0.934 ; -0.934 ; Rise       ; inst|altpll_component|pll|clk[0] ;
;  DQ[11]                                    ; clk_in     ; -0.925 ; -0.925 ; Rise       ; inst|altpll_component|pll|clk[0] ;
;  DQ[12]                                    ; clk_in     ; -0.925 ; -0.925 ; Rise       ; inst|altpll_component|pll|clk[0] ;
;  DQ[13]                                    ; clk_in     ; -0.937 ; -0.937 ; Rise       ; inst|altpll_component|pll|clk[0] ;
;  DQ[14]                                    ; clk_in     ; -0.925 ; -0.925 ; Rise       ; inst|altpll_component|pll|clk[0] ;
;  DQ[15]                                    ; clk_in     ; -0.922 ; -0.922 ; Rise       ; inst|altpll_component|pll|clk[0] ;
; MISO_to_the_spi_touch                      ; clk_in     ; -3.671 ; -3.671 ; Rise       ; inst|altpll_component|pll|clk[0] ;
; bidir_port_to_and_from_the_lcd32_data[*]   ; clk_in     ; -3.587 ; -3.587 ; Rise       ; inst|altpll_component|pll|clk[0] ;
;  bidir_port_to_and_from_the_lcd32_data[0]  ; clk_in     ; -3.651 ; -3.651 ; Rise       ; inst|altpll_component|pll|clk[0] ;
;  bidir_port_to_and_from_the_lcd32_data[1]  ; clk_in     ; -3.772 ; -3.772 ; Rise       ; inst|altpll_component|pll|clk[0] ;
;  bidir_port_to_and_from_the_lcd32_data[2]  ; clk_in     ; -3.725 ; -3.725 ; Rise       ; inst|altpll_component|pll|clk[0] ;
;  bidir_port_to_and_from_the_lcd32_data[3]  ; clk_in     ; -3.643 ; -3.643 ; Rise       ; inst|altpll_component|pll|clk[0] ;
;  bidir_port_to_and_from_the_lcd32_data[4]  ; clk_in     ; -3.613 ; -3.613 ; Rise       ; inst|altpll_component|pll|clk[0] ;
;  bidir_port_to_and_from_the_lcd32_data[5]  ; clk_in     ; -3.587 ; -3.587 ; Rise       ; inst|altpll_component|pll|clk[0] ;
;  bidir_port_to_and_from_the_lcd32_data[6]  ; clk_in     ; -3.770 ; -3.770 ; Rise       ; inst|altpll_component|pll|clk[0] ;
;  bidir_port_to_and_from_the_lcd32_data[7]  ; clk_in     ; -3.643 ; -3.643 ; Rise       ; inst|altpll_component|pll|clk[0] ;
;  bidir_port_to_and_from_the_lcd32_data[8]  ; clk_in     ; -3.720 ; -3.720 ; Rise       ; inst|altpll_component|pll|clk[0] ;
;  bidir_port_to_and_from_the_lcd32_data[9]  ; clk_in     ; -4.016 ; -4.016 ; Rise       ; inst|altpll_component|pll|clk[0] ;
;  bidir_port_to_and_from_the_lcd32_data[10] ; clk_in     ; -3.822 ; -3.822 ; Rise       ; inst|altpll_component|pll|clk[0] ;
;  bidir_port_to_and_from_the_lcd32_data[11] ; clk_in     ; -3.917 ; -3.917 ; Rise       ; inst|altpll_component|pll|clk[0] ;
;  bidir_port_to_and_from_the_lcd32_data[12] ; clk_in     ; -3.810 ; -3.810 ; Rise       ; inst|altpll_component|pll|clk[0] ;
;  bidir_port_to_and_from_the_lcd32_data[13] ; clk_in     ; -3.775 ; -3.775 ; Rise       ; inst|altpll_component|pll|clk[0] ;
;  bidir_port_to_and_from_the_lcd32_data[14] ; clk_in     ; -3.731 ; -3.731 ; Rise       ; inst|altpll_component|pll|clk[0] ;
;  bidir_port_to_and_from_the_lcd32_data[15] ; clk_in     ; -3.823 ; -3.823 ; Rise       ; inst|altpll_component|pll|clk[0] ;
+--------------------------------------------+------------+--------+--------+------------+----------------------------------+


+---------------------------------------------------------------------------------------------------------------------------+
; Clock to Output Times                                                                                                     ;
+--------------------------------------------+------------+--------+--------+------------+----------------------------------+
; Data Port                                  ; Clock Port ; Rise   ; Fall   ; Clock Edge ; Clock Reference                  ;
+--------------------------------------------+------------+--------+--------+------------+----------------------------------+
; BA[*]                                      ; clk_in     ; 1.290  ; 1.290  ; Rise       ; inst|altpll_component|pll|clk[0] ;
;  BA[0]                                     ; clk_in     ; 1.290  ; 1.290  ; Rise       ; inst|altpll_component|pll|clk[0] ;
;  BA[1]                                     ; clk_in     ; 1.278  ; 1.278  ; Rise       ; inst|altpll_component|pll|clk[0] ;
; CAS                                        ; clk_in     ; 1.291  ; 1.291  ; Rise       ; inst|altpll_component|pll|clk[0] ;
; CS                                         ; clk_in     ; 1.280  ; 1.280  ; Rise       ; inst|altpll_component|pll|clk[0] ;
; DQ[*]                                      ; clk_in     ; 1.302  ; 1.302  ; Rise       ; inst|altpll_component|pll|clk[0] ;
;  DQ[0]                                     ; clk_in     ; 1.084  ; 1.084  ; Rise       ; inst|altpll_component|pll|clk[0] ;
;  DQ[1]                                     ; clk_in     ; 1.084  ; 1.084  ; Rise       ; inst|altpll_component|pll|clk[0] ;
;  DQ[2]                                     ; clk_in     ; 1.095  ; 1.095  ; Rise       ; inst|altpll_component|pll|clk[0] ;
;  DQ[3]                                     ; clk_in     ; 1.089  ; 1.089  ; Rise       ; inst|altpll_component|pll|clk[0] ;
;  DQ[4]                                     ; clk_in     ; 1.085  ; 1.085  ; Rise       ; inst|altpll_component|pll|clk[0] ;
;  DQ[5]                                     ; clk_in     ; 1.085  ; 1.085  ; Rise       ; inst|altpll_component|pll|clk[0] ;
;  DQ[6]                                     ; clk_in     ; 1.302  ; 1.302  ; Rise       ; inst|altpll_component|pll|clk[0] ;
;  DQ[7]                                     ; clk_in     ; 1.292  ; 1.292  ; Rise       ; inst|altpll_component|pll|clk[0] ;
;  DQ[8]                                     ; clk_in     ; 1.109  ; 1.109  ; Rise       ; inst|altpll_component|pll|clk[0] ;
;  DQ[9]                                     ; clk_in     ; 1.108  ; 1.108  ; Rise       ; inst|altpll_component|pll|clk[0] ;
;  DQ[10]                                    ; clk_in     ; 1.118  ; 1.118  ; Rise       ; inst|altpll_component|pll|clk[0] ;
;  DQ[11]                                    ; clk_in     ; 1.087  ; 1.087  ; Rise       ; inst|altpll_component|pll|clk[0] ;
;  DQ[12]                                    ; clk_in     ; 1.087  ; 1.087  ; Rise       ; inst|altpll_component|pll|clk[0] ;
;  DQ[13]                                    ; clk_in     ; 1.075  ; 1.075  ; Rise       ; inst|altpll_component|pll|clk[0] ;
;  DQ[14]                                    ; clk_in     ; 1.087  ; 1.087  ; Rise       ; inst|altpll_component|pll|clk[0] ;
;  DQ[15]                                    ; clk_in     ; 1.090  ; 1.090  ; Rise       ; inst|altpll_component|pll|clk[0] ;
; MOSI_from_the_spi_touch                    ; clk_in     ; 2.231  ; 2.231  ; Rise       ; inst|altpll_component|pll|clk[0] ;
; RA[*]                                      ; clk_in     ; 1.301  ; 1.301  ; Rise       ; inst|altpll_component|pll|clk[0] ;
;  RA[0]                                     ; clk_in     ; 1.256  ; 1.256  ; Rise       ; inst|altpll_component|pll|clk[0] ;
;  RA[1]                                     ; clk_in     ; 1.276  ; 1.276  ; Rise       ; inst|altpll_component|pll|clk[0] ;
;  RA[2]                                     ; clk_in     ; 1.257  ; 1.257  ; Rise       ; inst|altpll_component|pll|clk[0] ;
;  RA[3]                                     ; clk_in     ; 1.257  ; 1.257  ; Rise       ; inst|altpll_component|pll|clk[0] ;
;  RA[4]                                     ; clk_in     ; 1.276  ; 1.276  ; Rise       ; inst|altpll_component|pll|clk[0] ;
;  RA[5]                                     ; clk_in     ; 1.276  ; 1.276  ; Rise       ; inst|altpll_component|pll|clk[0] ;
;  RA[6]                                     ; clk_in     ; 1.287  ; 1.287  ; Rise       ; inst|altpll_component|pll|clk[0] ;
;  RA[7]                                     ; clk_in     ; 1.285  ; 1.285  ; Rise       ; inst|altpll_component|pll|clk[0] ;
;  RA[8]                                     ; clk_in     ; 1.281  ; 1.281  ; Rise       ; inst|altpll_component|pll|clk[0] ;
;  RA[9]                                     ; clk_in     ; 1.287  ; 1.287  ; Rise       ; inst|altpll_component|pll|clk[0] ;
;  RA[10]                                    ; clk_in     ; 1.278  ; 1.278  ; Rise       ; inst|altpll_component|pll|clk[0] ;
;  RA[11]                                    ; clk_in     ; 1.301  ; 1.301  ; Rise       ; inst|altpll_component|pll|clk[0] ;
;  RA[12]                                    ; clk_in     ; 1.291  ; 1.291  ; Rise       ; inst|altpll_component|pll|clk[0] ;
; RAS                                        ; clk_in     ; 1.291  ; 1.291  ; Rise       ; inst|altpll_component|pll|clk[0] ;
; SCLK_from_the_spi_touch                    ; clk_in     ; 1.983  ; 1.983  ; Rise       ; inst|altpll_component|pll|clk[0] ;
; SS_n_from_the_spi_touch                    ; clk_in     ; 2.645  ; 2.645  ; Rise       ; inst|altpll_component|pll|clk[0] ;
; S_DQM[*]                                   ; clk_in     ; 1.291  ; 1.291  ; Rise       ; inst|altpll_component|pll|clk[0] ;
;  S_DQM[0]                                  ; clk_in     ; 1.291  ; 1.291  ; Rise       ; inst|altpll_component|pll|clk[0] ;
;  S_DQM[1]                                  ; clk_in     ; 1.106  ; 1.106  ; Rise       ; inst|altpll_component|pll|clk[0] ;
; WE                                         ; clk_in     ; 1.292  ; 1.292  ; Rise       ; inst|altpll_component|pll|clk[0] ;
; bidir_port_to_and_from_the_lcd32_data[*]   ; clk_in     ; 2.261  ; 2.261  ; Rise       ; inst|altpll_component|pll|clk[0] ;
;  bidir_port_to_and_from_the_lcd32_data[0]  ; clk_in     ; 2.223  ; 2.223  ; Rise       ; inst|altpll_component|pll|clk[0] ;
;  bidir_port_to_and_from_the_lcd32_data[1]  ; clk_in     ; 2.239  ; 2.239  ; Rise       ; inst|altpll_component|pll|clk[0] ;
;  bidir_port_to_and_from_the_lcd32_data[2]  ; clk_in     ; 2.215  ; 2.215  ; Rise       ; inst|altpll_component|pll|clk[0] ;
;  bidir_port_to_and_from_the_lcd32_data[3]  ; clk_in     ; 2.261  ; 2.261  ; Rise       ; inst|altpll_component|pll|clk[0] ;
;  bidir_port_to_and_from_the_lcd32_data[4]  ; clk_in     ; 2.097  ; 2.097  ; Rise       ; inst|altpll_component|pll|clk[0] ;
;  bidir_port_to_and_from_the_lcd32_data[5]  ; clk_in     ; 2.082  ; 2.082  ; Rise       ; inst|altpll_component|pll|clk[0] ;
;  bidir_port_to_and_from_the_lcd32_data[6]  ; clk_in     ; 1.990  ; 1.990  ; Rise       ; inst|altpll_component|pll|clk[0] ;
;  bidir_port_to_and_from_the_lcd32_data[7]  ; clk_in     ; 2.231  ; 2.231  ; Rise       ; inst|altpll_component|pll|clk[0] ;
;  bidir_port_to_and_from_the_lcd32_data[8]  ; clk_in     ; 2.103  ; 2.103  ; Rise       ; inst|altpll_component|pll|clk[0] ;
;  bidir_port_to_and_from_the_lcd32_data[9]  ; clk_in     ; 2.187  ; 2.187  ; Rise       ; inst|altpll_component|pll|clk[0] ;
;  bidir_port_to_and_from_the_lcd32_data[10] ; clk_in     ; 2.188  ; 2.188  ; Rise       ; inst|altpll_component|pll|clk[0] ;
;  bidir_port_to_and_from_the_lcd32_data[11] ; clk_in     ; 2.092  ; 2.092  ; Rise       ; inst|altpll_component|pll|clk[0] ;
;  bidir_port_to_and_from_the_lcd32_data[12] ; clk_in     ; 2.087  ; 2.087  ; Rise       ; inst|altpll_component|pll|clk[0] ;
;  bidir_port_to_and_from_the_lcd32_data[13] ; clk_in     ; 1.962  ; 1.962  ; Rise       ; inst|altpll_component|pll|clk[0] ;
;  bidir_port_to_and_from_the_lcd32_data[14] ; clk_in     ; 1.972  ; 1.972  ; Rise       ; inst|altpll_component|pll|clk[0] ;
;  bidir_port_to_and_from_the_lcd32_data[15] ; clk_in     ; 1.975  ; 1.975  ; Rise       ; inst|altpll_component|pll|clk[0] ;
; buzz[*]                                    ; clk_in     ; 2.237  ; 2.237  ; Rise       ; inst|altpll_component|pll|clk[0] ;
;  buzz[0]                                   ; clk_in     ; 2.237  ; 2.237  ; Rise       ; inst|altpll_component|pll|clk[0] ;
;  buzz[1]                                   ; clk_in     ; 2.162  ; 2.162  ; Rise       ; inst|altpll_component|pll|clk[0] ;
;  buzz[2]                                   ; clk_in     ; 2.199  ; 2.199  ; Rise       ; inst|altpll_component|pll|clk[0] ;
;  buzz[3]                                   ; clk_in     ; 2.192  ; 2.192  ; Rise       ; inst|altpll_component|pll|clk[0] ;
; led[*]                                     ; clk_in     ; 2.336  ; 2.336  ; Rise       ; inst|altpll_component|pll|clk[0] ;
;  led[0]                                    ; clk_in     ; 2.019  ; 2.019  ; Rise       ; inst|altpll_component|pll|clk[0] ;
;  led[1]                                    ; clk_in     ; 2.017  ; 2.017  ; Rise       ; inst|altpll_component|pll|clk[0] ;
;  led[2]                                    ; clk_in     ; 2.336  ; 2.336  ; Rise       ; inst|altpll_component|pll|clk[0] ;
;  led[3]                                    ; clk_in     ; 2.223  ; 2.223  ; Rise       ; inst|altpll_component|pll|clk[0] ;
; out_port_from_the_bl_n                     ; clk_in     ; 2.268  ; 2.268  ; Rise       ; inst|altpll_component|pll|clk[0] ;
; out_port_from_the_bl_p                     ; clk_in     ; 2.174  ; 2.174  ; Rise       ; inst|altpll_component|pll|clk[0] ;
; out_port_from_the_lcd_cs                   ; clk_in     ; 2.246  ; 2.246  ; Rise       ; inst|altpll_component|pll|clk[0] ;
; out_port_from_the_lcd_rd                   ; clk_in     ; 2.045  ; 2.045  ; Rise       ; inst|altpll_component|pll|clk[0] ;
; out_port_from_the_lcd_rs                   ; clk_in     ; 2.260  ; 2.260  ; Rise       ; inst|altpll_component|pll|clk[0] ;
; out_port_from_the_lcd_wr                   ; clk_in     ; 2.042  ; 2.042  ; Rise       ; inst|altpll_component|pll|clk[0] ;
; out_port_from_the_reset                    ; clk_in     ; 2.438  ; 2.438  ; Rise       ; inst|altpll_component|pll|clk[0] ;
; out_port_from_the_touch_cs                 ; clk_in     ; 2.005  ; 2.005  ; Rise       ; inst|altpll_component|pll|clk[0] ;
; S_CLK                                      ; clk_in     ; -3.298 ;        ; Rise       ; inst|altpll_component|pll|clk[1] ;
; S_CLK                                      ; clk_in     ;        ; -3.298 ; Fall       ; inst|altpll_component|pll|clk[1] ;
+--------------------------------------------+------------+--------+--------+------------+----------------------------------+


+---------------------------------------------------------------------------------------------------------------------------+
; Minimum Clock to Output Times                                                                                             ;
+--------------------------------------------+------------+--------+--------+------------+----------------------------------+
; Data Port                                  ; Clock Port ; Rise   ; Fall   ; Clock Edge ; Clock Reference                  ;
+--------------------------------------------+------------+--------+--------+------------+----------------------------------+
; BA[*]                                      ; clk_in     ; 1.278  ; 1.278  ; Rise       ; inst|altpll_component|pll|clk[0] ;
;  BA[0]                                     ; clk_in     ; 1.290  ; 1.290  ; Rise       ; inst|altpll_component|pll|clk[0] ;
;  BA[1]                                     ; clk_in     ; 1.278  ; 1.278  ; Rise       ; inst|altpll_component|pll|clk[0] ;
; CAS                                        ; clk_in     ; 1.291  ; 1.291  ; Rise       ; inst|altpll_component|pll|clk[0] ;
; CS                                         ; clk_in     ; 1.280  ; 1.280  ; Rise       ; inst|altpll_component|pll|clk[0] ;
; DQ[*]                                      ; clk_in     ; 1.062  ; 1.062  ; Rise       ; inst|altpll_component|pll|clk[0] ;
;  DQ[0]                                     ; clk_in     ; 1.071  ; 1.071  ; Rise       ; inst|altpll_component|pll|clk[0] ;
;  DQ[1]                                     ; clk_in     ; 1.071  ; 1.071  ; Rise       ; inst|altpll_component|pll|clk[0] ;
;  DQ[2]                                     ; clk_in     ; 1.082  ; 1.082  ; Rise       ; inst|altpll_component|pll|clk[0] ;
;  DQ[3]                                     ; clk_in     ; 1.076  ; 1.076  ; Rise       ; inst|altpll_component|pll|clk[0] ;
;  DQ[4]                                     ; clk_in     ; 1.072  ; 1.072  ; Rise       ; inst|altpll_component|pll|clk[0] ;
;  DQ[5]                                     ; clk_in     ; 1.072  ; 1.072  ; Rise       ; inst|altpll_component|pll|clk[0] ;
;  DQ[6]                                     ; clk_in     ; 1.292  ; 1.292  ; Rise       ; inst|altpll_component|pll|clk[0] ;
;  DQ[7]                                     ; clk_in     ; 1.282  ; 1.282  ; Rise       ; inst|altpll_component|pll|clk[0] ;
;  DQ[8]                                     ; clk_in     ; 1.096  ; 1.096  ; Rise       ; inst|altpll_component|pll|clk[0] ;
;  DQ[9]                                     ; clk_in     ; 1.095  ; 1.095  ; Rise       ; inst|altpll_component|pll|clk[0] ;
;  DQ[10]                                    ; clk_in     ; 1.105  ; 1.105  ; Rise       ; inst|altpll_component|pll|clk[0] ;
;  DQ[11]                                    ; clk_in     ; 1.074  ; 1.074  ; Rise       ; inst|altpll_component|pll|clk[0] ;
;  DQ[12]                                    ; clk_in     ; 1.074  ; 1.074  ; Rise       ; inst|altpll_component|pll|clk[0] ;
;  DQ[13]                                    ; clk_in     ; 1.062  ; 1.062  ; Rise       ; inst|altpll_component|pll|clk[0] ;
;  DQ[14]                                    ; clk_in     ; 1.074  ; 1.074  ; Rise       ; inst|altpll_component|pll|clk[0] ;
;  DQ[15]                                    ; clk_in     ; 1.077  ; 1.077  ; Rise       ; inst|altpll_component|pll|clk[0] ;
; MOSI_from_the_spi_touch                    ; clk_in     ; 2.231  ; 2.231  ; Rise       ; inst|altpll_component|pll|clk[0] ;
; RA[*]                                      ; clk_in     ; 1.256  ; 1.256  ; Rise       ; inst|altpll_component|pll|clk[0] ;
;  RA[0]                                     ; clk_in     ; 1.256  ; 1.256  ; Rise       ; inst|altpll_component|pll|clk[0] ;
;  RA[1]                                     ; clk_in     ; 1.276  ; 1.276  ; Rise       ; inst|altpll_component|pll|clk[0] ;
;  RA[2]                                     ; clk_in     ; 1.257  ; 1.257  ; Rise       ; inst|altpll_component|pll|clk[0] ;
;  RA[3]                                     ; clk_in     ; 1.257  ; 1.257  ; Rise       ; inst|altpll_component|pll|clk[0] ;
;  RA[4]                                     ; clk_in     ; 1.276  ; 1.276  ; Rise       ; inst|altpll_component|pll|clk[0] ;
;  RA[5]                                     ; clk_in     ; 1.276  ; 1.276  ; Rise       ; inst|altpll_component|pll|clk[0] ;
;  RA[6]                                     ; clk_in     ; 1.287  ; 1.287  ; Rise       ; inst|altpll_component|pll|clk[0] ;
;  RA[7]                                     ; clk_in     ; 1.285  ; 1.285  ; Rise       ; inst|altpll_component|pll|clk[0] ;
;  RA[8]                                     ; clk_in     ; 1.281  ; 1.281  ; Rise       ; inst|altpll_component|pll|clk[0] ;
;  RA[9]                                     ; clk_in     ; 1.287  ; 1.287  ; Rise       ; inst|altpll_component|pll|clk[0] ;
;  RA[10]                                    ; clk_in     ; 1.278  ; 1.278  ; Rise       ; inst|altpll_component|pll|clk[0] ;
;  RA[11]                                    ; clk_in     ; 1.301  ; 1.301  ; Rise       ; inst|altpll_component|pll|clk[0] ;
;  RA[12]                                    ; clk_in     ; 1.291  ; 1.291  ; Rise       ; inst|altpll_component|pll|clk[0] ;
; RAS                                        ; clk_in     ; 1.291  ; 1.291  ; Rise       ; inst|altpll_component|pll|clk[0] ;
; SCLK_from_the_spi_touch                    ; clk_in     ; 1.983  ; 1.983  ; Rise       ; inst|altpll_component|pll|clk[0] ;
; SS_n_from_the_spi_touch                    ; clk_in     ; 2.247  ; 2.247  ; Rise       ; inst|altpll_component|pll|clk[0] ;
; S_DQM[*]                                   ; clk_in     ; 1.106  ; 1.106  ; Rise       ; inst|altpll_component|pll|clk[0] ;
;  S_DQM[0]                                  ; clk_in     ; 1.291  ; 1.291  ; Rise       ; inst|altpll_component|pll|clk[0] ;
;  S_DQM[1]                                  ; clk_in     ; 1.106  ; 1.106  ; Rise       ; inst|altpll_component|pll|clk[0] ;
; WE                                         ; clk_in     ; 1.292  ; 1.292  ; Rise       ; inst|altpll_component|pll|clk[0] ;
; bidir_port_to_and_from_the_lcd32_data[*]   ; clk_in     ; 1.962  ; 1.962  ; Rise       ; inst|altpll_component|pll|clk[0] ;
;  bidir_port_to_and_from_the_lcd32_data[0]  ; clk_in     ; 2.223  ; 2.223  ; Rise       ; inst|altpll_component|pll|clk[0] ;
;  bidir_port_to_and_from_the_lcd32_data[1]  ; clk_in     ; 2.239  ; 2.239  ; Rise       ; inst|altpll_component|pll|clk[0] ;
;  bidir_port_to_and_from_the_lcd32_data[2]  ; clk_in     ; 2.215  ; 2.215  ; Rise       ; inst|altpll_component|pll|clk[0] ;
;  bidir_port_to_and_from_the_lcd32_data[3]  ; clk_in     ; 2.261  ; 2.261  ; Rise       ; inst|altpll_component|pll|clk[0] ;
;  bidir_port_to_and_from_the_lcd32_data[4]  ; clk_in     ; 2.097  ; 2.097  ; Rise       ; inst|altpll_component|pll|clk[0] ;
;  bidir_port_to_and_from_the_lcd32_data[5]  ; clk_in     ; 2.082  ; 2.082  ; Rise       ; inst|altpll_component|pll|clk[0] ;
;  bidir_port_to_and_from_the_lcd32_data[6]  ; clk_in     ; 1.990  ; 1.990  ; Rise       ; inst|altpll_component|pll|clk[0] ;
;  bidir_port_to_and_from_the_lcd32_data[7]  ; clk_in     ; 2.231  ; 2.231  ; Rise       ; inst|altpll_component|pll|clk[0] ;
;  bidir_port_to_and_from_the_lcd32_data[8]  ; clk_in     ; 2.103  ; 2.103  ; Rise       ; inst|altpll_component|pll|clk[0] ;
;  bidir_port_to_and_from_the_lcd32_data[9]  ; clk_in     ; 2.187  ; 2.187  ; Rise       ; inst|altpll_component|pll|clk[0] ;
;  bidir_port_to_and_from_the_lcd32_data[10] ; clk_in     ; 2.188  ; 2.188  ; Rise       ; inst|altpll_component|pll|clk[0] ;
;  bidir_port_to_and_from_the_lcd32_data[11] ; clk_in     ; 2.092  ; 2.092  ; Rise       ; inst|altpll_component|pll|clk[0] ;
;  bidir_port_to_and_from_the_lcd32_data[12] ; clk_in     ; 2.087  ; 2.087  ; Rise       ; inst|altpll_component|pll|clk[0] ;
;  bidir_port_to_and_from_the_lcd32_data[13] ; clk_in     ; 1.962  ; 1.962  ; Rise       ; inst|altpll_component|pll|clk[0] ;
;  bidir_port_to_and_from_the_lcd32_data[14] ; clk_in     ; 1.972  ; 1.972  ; Rise       ; inst|altpll_component|pll|clk[0] ;
;  bidir_port_to_and_from_the_lcd32_data[15] ; clk_in     ; 1.975  ; 1.975  ; Rise       ; inst|altpll_component|pll|clk[0] ;
; buzz[*]                                    ; clk_in     ; 2.162  ; 2.162  ; Rise       ; inst|altpll_component|pll|clk[0] ;
;  buzz[0]                                   ; clk_in     ; 2.237  ; 2.237  ; Rise       ; inst|altpll_component|pll|clk[0] ;
;  buzz[1]                                   ; clk_in     ; 2.162  ; 2.162  ; Rise       ; inst|altpll_component|pll|clk[0] ;
;  buzz[2]                                   ; clk_in     ; 2.199  ; 2.199  ; Rise       ; inst|altpll_component|pll|clk[0] ;
;  buzz[3]                                   ; clk_in     ; 2.192  ; 2.192  ; Rise       ; inst|altpll_component|pll|clk[0] ;
; led[*]                                     ; clk_in     ; 2.017  ; 2.017  ; Rise       ; inst|altpll_component|pll|clk[0] ;
;  led[0]                                    ; clk_in     ; 2.019  ; 2.019  ; Rise       ; inst|altpll_component|pll|clk[0] ;
;  led[1]                                    ; clk_in     ; 2.017  ; 2.017  ; Rise       ; inst|altpll_component|pll|clk[0] ;
;  led[2]                                    ; clk_in     ; 2.336  ; 2.336  ; Rise       ; inst|altpll_component|pll|clk[0] ;
;  led[3]                                    ; clk_in     ; 2.223  ; 2.223  ; Rise       ; inst|altpll_component|pll|clk[0] ;
; out_port_from_the_bl_n                     ; clk_in     ; 2.268  ; 2.268  ; Rise       ; inst|altpll_component|pll|clk[0] ;
; out_port_from_the_bl_p                     ; clk_in     ; 2.174  ; 2.174  ; Rise       ; inst|altpll_component|pll|clk[0] ;
; out_port_from_the_lcd_cs                   ; clk_in     ; 2.246  ; 2.246  ; Rise       ; inst|altpll_component|pll|clk[0] ;
; out_port_from_the_lcd_rd                   ; clk_in     ; 2.045  ; 2.045  ; Rise       ; inst|altpll_component|pll|clk[0] ;
; out_port_from_the_lcd_rs                   ; clk_in     ; 2.260  ; 2.260  ; Rise       ; inst|altpll_component|pll|clk[0] ;
; out_port_from_the_lcd_wr                   ; clk_in     ; 2.042  ; 2.042  ; Rise       ; inst|altpll_component|pll|clk[0] ;
; out_port_from_the_reset                    ; clk_in     ; 2.438  ; 2.438  ; Rise       ; inst|altpll_component|pll|clk[0] ;
; out_port_from_the_touch_cs                 ; clk_in     ; 2.005  ; 2.005  ; Rise       ; inst|altpll_component|pll|clk[0] ;
; S_CLK                                      ; clk_in     ; -3.298 ;        ; Rise       ; inst|altpll_component|pll|clk[1] ;
; S_CLK                                      ; clk_in     ;        ; -3.298 ; Fall       ; inst|altpll_component|pll|clk[1] ;
+--------------------------------------------+------------+--------+--------+------------+----------------------------------+


+------------------------------------------------------------------------------------------------------------------------+
; Output Enable Times                                                                                                    ;
+--------------------------------------------+------------+-------+------+------------+----------------------------------+
; Data Port                                  ; Clock Port ; Rise  ; Fall ; Clock Edge ; Clock Reference                  ;
+--------------------------------------------+------------+-------+------+------------+----------------------------------+
; bidir_port_to_and_from_the_lcd32_data[*]   ; clk_in     ; 1.945 ;      ; Rise       ; inst|altpll_component|pll|clk[0] ;
;  bidir_port_to_and_from_the_lcd32_data[0]  ; clk_in     ; 2.265 ;      ; Rise       ; inst|altpll_component|pll|clk[0] ;
;  bidir_port_to_and_from_the_lcd32_data[1]  ; clk_in     ; 2.185 ;      ; Rise       ; inst|altpll_component|pll|clk[0] ;
;  bidir_port_to_and_from_the_lcd32_data[2]  ; clk_in     ; 2.180 ;      ; Rise       ; inst|altpll_component|pll|clk[0] ;
;  bidir_port_to_and_from_the_lcd32_data[3]  ; clk_in     ; 2.196 ;      ; Rise       ; inst|altpll_component|pll|clk[0] ;
;  bidir_port_to_and_from_the_lcd32_data[4]  ; clk_in     ; 2.008 ;      ; Rise       ; inst|altpll_component|pll|clk[0] ;
;  bidir_port_to_and_from_the_lcd32_data[5]  ; clk_in     ; 2.087 ;      ; Rise       ; inst|altpll_component|pll|clk[0] ;
;  bidir_port_to_and_from_the_lcd32_data[6]  ; clk_in     ; 2.041 ;      ; Rise       ; inst|altpll_component|pll|clk[0] ;
;  bidir_port_to_and_from_the_lcd32_data[7]  ; clk_in     ; 2.162 ;      ; Rise       ; inst|altpll_component|pll|clk[0] ;
;  bidir_port_to_and_from_the_lcd32_data[8]  ; clk_in     ; 2.160 ;      ; Rise       ; inst|altpll_component|pll|clk[0] ;
;  bidir_port_to_and_from_the_lcd32_data[9]  ; clk_in     ; 2.158 ;      ; Rise       ; inst|altpll_component|pll|clk[0] ;
;  bidir_port_to_and_from_the_lcd32_data[10] ; clk_in     ; 2.165 ;      ; Rise       ; inst|altpll_component|pll|clk[0] ;
;  bidir_port_to_and_from_the_lcd32_data[11] ; clk_in     ; 2.145 ;      ; Rise       ; inst|altpll_component|pll|clk[0] ;
;  bidir_port_to_and_from_the_lcd32_data[12] ; clk_in     ; 2.217 ;      ; Rise       ; inst|altpll_component|pll|clk[0] ;
;  bidir_port_to_and_from_the_lcd32_data[13] ; clk_in     ; 2.076 ;      ; Rise       ; inst|altpll_component|pll|clk[0] ;
;  bidir_port_to_and_from_the_lcd32_data[14] ; clk_in     ; 2.054 ;      ; Rise       ; inst|altpll_component|pll|clk[0] ;
;  bidir_port_to_and_from_the_lcd32_data[15] ; clk_in     ; 1.945 ;      ; Rise       ; inst|altpll_component|pll|clk[0] ;
+--------------------------------------------+------------+-------+------+------------+----------------------------------+


+------------------------------------------------------------------------------------------------------------------------+
; Minimum Output Enable Times                                                                                            ;
+--------------------------------------------+------------+-------+------+------------+----------------------------------+
; Data Port                                  ; Clock Port ; Rise  ; Fall ; Clock Edge ; Clock Reference                  ;
+--------------------------------------------+------------+-------+------+------------+----------------------------------+
; bidir_port_to_and_from_the_lcd32_data[*]   ; clk_in     ; 1.945 ;      ; Rise       ; inst|altpll_component|pll|clk[0] ;
;  bidir_port_to_and_from_the_lcd32_data[0]  ; clk_in     ; 2.265 ;      ; Rise       ; inst|altpll_component|pll|clk[0] ;
;  bidir_port_to_and_from_the_lcd32_data[1]  ; clk_in     ; 2.185 ;      ; Rise       ; inst|altpll_component|pll|clk[0] ;
;  bidir_port_to_and_from_the_lcd32_data[2]  ; clk_in     ; 2.180 ;      ; Rise       ; inst|altpll_component|pll|clk[0] ;
;  bidir_port_to_and_from_the_lcd32_data[3]  ; clk_in     ; 2.196 ;      ; Rise       ; inst|altpll_component|pll|clk[0] ;
;  bidir_port_to_and_from_the_lcd32_data[4]  ; clk_in     ; 2.008 ;      ; Rise       ; inst|altpll_component|pll|clk[0] ;
;  bidir_port_to_and_from_the_lcd32_data[5]  ; clk_in     ; 2.087 ;      ; Rise       ; inst|altpll_component|pll|clk[0] ;
;  bidir_port_to_and_from_the_lcd32_data[6]  ; clk_in     ; 2.041 ;      ; Rise       ; inst|altpll_component|pll|clk[0] ;
;  bidir_port_to_and_from_the_lcd32_data[7]  ; clk_in     ; 2.162 ;      ; Rise       ; inst|altpll_component|pll|clk[0] ;
;  bidir_port_to_and_from_the_lcd32_data[8]  ; clk_in     ; 2.160 ;      ; Rise       ; inst|altpll_component|pll|clk[0] ;
;  bidir_port_to_and_from_the_lcd32_data[9]  ; clk_in     ; 2.158 ;      ; Rise       ; inst|altpll_component|pll|clk[0] ;
;  bidir_port_to_and_from_the_lcd32_data[10] ; clk_in     ; 2.165 ;      ; Rise       ; inst|altpll_component|pll|clk[0] ;
;  bidir_port_to_and_from_the_lcd32_data[11] ; clk_in     ; 2.145 ;      ; Rise       ; inst|altpll_component|pll|clk[0] ;
;  bidir_port_to_and_from_the_lcd32_data[12] ; clk_in     ; 2.217 ;      ; Rise       ; inst|altpll_component|pll|clk[0] ;
;  bidir_port_to_and_from_the_lcd32_data[13] ; clk_in     ; 2.076 ;      ; Rise       ; inst|altpll_component|pll|clk[0] ;
;  bidir_port_to_and_from_the_lcd32_data[14] ; clk_in     ; 2.054 ;      ; Rise       ; inst|altpll_component|pll|clk[0] ;
;  bidir_port_to_and_from_the_lcd32_data[15] ; clk_in     ; 1.945 ;      ; Rise       ; inst|altpll_component|pll|clk[0] ;
+--------------------------------------------+------------+-------+------+------------+----------------------------------+


+---------------------------------------------------------------------------------------------------------------------------------+
; Output Disable Times                                                                                                            ;
+--------------------------------------------+------------+-----------+-----------+------------+----------------------------------+
; Data Port                                  ; Clock Port ; 0 to Hi-Z ; 1 to Hi-Z ; Clock Edge ; Clock Reference                  ;
+--------------------------------------------+------------+-----------+-----------+------------+----------------------------------+
; bidir_port_to_and_from_the_lcd32_data[*]   ; clk_in     ; 1.945     ;           ; Rise       ; inst|altpll_component|pll|clk[0] ;
;  bidir_port_to_and_from_the_lcd32_data[0]  ; clk_in     ; 2.265     ;           ; Rise       ; inst|altpll_component|pll|clk[0] ;
;  bidir_port_to_and_from_the_lcd32_data[1]  ; clk_in     ; 2.185     ;           ; Rise       ; inst|altpll_component|pll|clk[0] ;
;  bidir_port_to_and_from_the_lcd32_data[2]  ; clk_in     ; 2.180     ;           ; Rise       ; inst|altpll_component|pll|clk[0] ;
;  bidir_port_to_and_from_the_lcd32_data[3]  ; clk_in     ; 2.196     ;           ; Rise       ; inst|altpll_component|pll|clk[0] ;
;  bidir_port_to_and_from_the_lcd32_data[4]  ; clk_in     ; 2.008     ;           ; Rise       ; inst|altpll_component|pll|clk[0] ;
;  bidir_port_to_and_from_the_lcd32_data[5]  ; clk_in     ; 2.087     ;           ; Rise       ; inst|altpll_component|pll|clk[0] ;
;  bidir_port_to_and_from_the_lcd32_data[6]  ; clk_in     ; 2.041     ;           ; Rise       ; inst|altpll_component|pll|clk[0] ;
;  bidir_port_to_and_from_the_lcd32_data[7]  ; clk_in     ; 2.162     ;           ; Rise       ; inst|altpll_component|pll|clk[0] ;
;  bidir_port_to_and_from_the_lcd32_data[8]  ; clk_in     ; 2.160     ;           ; Rise       ; inst|altpll_component|pll|clk[0] ;
;  bidir_port_to_and_from_the_lcd32_data[9]  ; clk_in     ; 2.158     ;           ; Rise       ; inst|altpll_component|pll|clk[0] ;
;  bidir_port_to_and_from_the_lcd32_data[10] ; clk_in     ; 2.165     ;           ; Rise       ; inst|altpll_component|pll|clk[0] ;
;  bidir_port_to_and_from_the_lcd32_data[11] ; clk_in     ; 2.145     ;           ; Rise       ; inst|altpll_component|pll|clk[0] ;
;  bidir_port_to_and_from_the_lcd32_data[12] ; clk_in     ; 2.217     ;           ; Rise       ; inst|altpll_component|pll|clk[0] ;
;  bidir_port_to_and_from_the_lcd32_data[13] ; clk_in     ; 2.076     ;           ; Rise       ; inst|altpll_component|pll|clk[0] ;
;  bidir_port_to_and_from_the_lcd32_data[14] ; clk_in     ; 2.054     ;           ; Rise       ; inst|altpll_component|pll|clk[0] ;
;  bidir_port_to_and_from_the_lcd32_data[15] ; clk_in     ; 1.945     ;           ; Rise       ; inst|altpll_component|pll|clk[0] ;
+--------------------------------------------+------------+-----------+-----------+------------+----------------------------------+


+---------------------------------------------------------------------------------------------------------------------------------+
; Minimum Output Disable Times                                                                                                    ;
+--------------------------------------------+------------+-----------+-----------+------------+----------------------------------+
; Data Port                                  ; Clock Port ; 0 to Hi-Z ; 1 to Hi-Z ; Clock Edge ; Clock Reference                  ;
+--------------------------------------------+------------+-----------+-----------+------------+----------------------------------+
; bidir_port_to_and_from_the_lcd32_data[*]   ; clk_in     ; 1.945     ;           ; Rise       ; inst|altpll_component|pll|clk[0] ;
;  bidir_port_to_and_from_the_lcd32_data[0]  ; clk_in     ; 2.265     ;           ; Rise       ; inst|altpll_component|pll|clk[0] ;
;  bidir_port_to_and_from_the_lcd32_data[1]  ; clk_in     ; 2.185     ;           ; Rise       ; inst|altpll_component|pll|clk[0] ;
;  bidir_port_to_and_from_the_lcd32_data[2]  ; clk_in     ; 2.180     ;           ; Rise       ; inst|altpll_component|pll|clk[0] ;
;  bidir_port_to_and_from_the_lcd32_data[3]  ; clk_in     ; 2.196     ;           ; Rise       ; inst|altpll_component|pll|clk[0] ;
;  bidir_port_to_and_from_the_lcd32_data[4]  ; clk_in     ; 2.008     ;           ; Rise       ; inst|altpll_component|pll|clk[0] ;
;  bidir_port_to_and_from_the_lcd32_data[5]  ; clk_in     ; 2.087     ;           ; Rise       ; inst|altpll_component|pll|clk[0] ;
;  bidir_port_to_and_from_the_lcd32_data[6]  ; clk_in     ; 2.041     ;           ; Rise       ; inst|altpll_component|pll|clk[0] ;
;  bidir_port_to_and_from_the_lcd32_data[7]  ; clk_in     ; 2.162     ;           ; Rise       ; inst|altpll_component|pll|clk[0] ;
;  bidir_port_to_and_from_the_lcd32_data[8]  ; clk_in     ; 2.160     ;           ; Rise       ; inst|altpll_component|pll|clk[0] ;
;  bidir_port_to_and_from_the_lcd32_data[9]  ; clk_in     ; 2.158     ;           ; Rise       ; inst|altpll_component|pll|clk[0] ;
;  bidir_port_to_and_from_the_lcd32_data[10] ; clk_in     ; 2.165     ;           ; Rise       ; inst|altpll_component|pll|clk[0] ;
;  bidir_port_to_and_from_the_lcd32_data[11] ; clk_in     ; 2.145     ;           ; Rise       ; inst|altpll_component|pll|clk[0] ;
;  bidir_port_to_and_from_the_lcd32_data[12] ; clk_in     ; 2.217     ;           ; Rise       ; inst|altpll_component|pll|clk[0] ;
;  bidir_port_to_and_from_the_lcd32_data[13] ; clk_in     ; 2.076     ;           ; Rise       ; inst|altpll_component|pll|clk[0] ;
;  bidir_port_to_and_from_the_lcd32_data[14] ; clk_in     ; 2.054     ;           ; Rise       ; inst|altpll_component|pll|clk[0] ;
;  bidir_port_to_and_from_the_lcd32_data[15] ; clk_in     ; 1.945     ;           ; Rise       ; inst|altpll_component|pll|clk[0] ;
+--------------------------------------------+------------+-----------+-----------+------------+----------------------------------+


+----------------------------------------------------------------------------------------------+
; Multicorner Timing Analysis Summary                                                          ;
+-----------------------------------+-------+-------+----------+---------+---------------------+
; Clock                             ; Setup ; Hold  ; Recovery ; Removal ; Minimum Pulse Width ;
+-----------------------------------+-------+-------+----------+---------+---------------------+
; Worst-case Slack                  ; 2.887 ; 0.215 ; 4.260    ; 1.618   ; 5.266               ;
;  altera_reserved_tck              ; N/A   ; N/A   ; N/A      ; N/A     ; 97.223              ;
;  clk_in                           ; N/A   ; N/A   ; N/A      ; N/A     ; 8.333               ;
;  inst|altpll_component|pll|clk[0] ; 2.887 ; 0.215 ; 4.260    ; 1.618   ; 5.266               ;
; Design-wide TNS                   ; 0.0   ; 0.0   ; 0.0      ; 0.0     ; 0.0                 ;
;  altera_reserved_tck              ; N/A   ; N/A   ; N/A      ; N/A     ; 0.000               ;
;  clk_in                           ; N/A   ; N/A   ; N/A      ; N/A     ; 0.000               ;
;  inst|altpll_component|pll|clk[0] ; 0.000 ; 0.000 ; 0.000    ; 0.000   ; 0.000               ;
+-----------------------------------+-------+-------+----------+---------+---------------------+


+-------------------------------------------------------------------------------------------------------------------------+
; Setup Times                                                                                                             ;
+--------------------------------------------+------------+-------+-------+------------+----------------------------------+
; Data Port                                  ; Clock Port ; Rise  ; Fall  ; Clock Edge ; Clock Reference                  ;
+--------------------------------------------+------------+-------+-------+------------+----------------------------------+
; DQ[*]                                      ; clk_in     ; 1.573 ; 1.573 ; Rise       ; inst|altpll_component|pll|clk[0] ;
;  DQ[0]                                     ; clk_in     ; 1.573 ; 1.573 ; Rise       ; inst|altpll_component|pll|clk[0] ;
;  DQ[1]                                     ; clk_in     ; 1.573 ; 1.573 ; Rise       ; inst|altpll_component|pll|clk[0] ;
;  DQ[2]                                     ; clk_in     ; 1.562 ; 1.562 ; Rise       ; inst|altpll_component|pll|clk[0] ;
;  DQ[3]                                     ; clk_in     ; 1.568 ; 1.568 ; Rise       ; inst|altpll_component|pll|clk[0] ;
;  DQ[4]                                     ; clk_in     ; 1.552 ; 1.552 ; Rise       ; inst|altpll_component|pll|clk[0] ;
;  DQ[5]                                     ; clk_in     ; 1.552 ; 1.552 ; Rise       ; inst|altpll_component|pll|clk[0] ;
;  DQ[6]                                     ; clk_in     ; 1.452 ; 1.452 ; Rise       ; inst|altpll_component|pll|clk[0] ;
;  DQ[7]                                     ; clk_in     ; 1.442 ; 1.442 ; Rise       ; inst|altpll_component|pll|clk[0] ;
;  DQ[8]                                     ; clk_in     ; 1.546 ; 1.546 ; Rise       ; inst|altpll_component|pll|clk[0] ;
;  DQ[9]                                     ; clk_in     ; 1.548 ; 1.548 ; Rise       ; inst|altpll_component|pll|clk[0] ;
;  DQ[10]                                    ; clk_in     ; 1.558 ; 1.558 ; Rise       ; inst|altpll_component|pll|clk[0] ;
;  DQ[11]                                    ; clk_in     ; 1.548 ; 1.548 ; Rise       ; inst|altpll_component|pll|clk[0] ;
;  DQ[12]                                    ; clk_in     ; 1.548 ; 1.548 ; Rise       ; inst|altpll_component|pll|clk[0] ;
;  DQ[13]                                    ; clk_in     ; 1.560 ; 1.560 ; Rise       ; inst|altpll_component|pll|clk[0] ;
;  DQ[14]                                    ; clk_in     ; 1.548 ; 1.548 ; Rise       ; inst|altpll_component|pll|clk[0] ;
;  DQ[15]                                    ; clk_in     ; 1.544 ; 1.544 ; Rise       ; inst|altpll_component|pll|clk[0] ;
; MISO_to_the_spi_touch                      ; clk_in     ; 7.911 ; 7.911 ; Rise       ; inst|altpll_component|pll|clk[0] ;
; bidir_port_to_and_from_the_lcd32_data[*]   ; clk_in     ; 8.639 ; 8.639 ; Rise       ; inst|altpll_component|pll|clk[0] ;
;  bidir_port_to_and_from_the_lcd32_data[0]  ; clk_in     ; 7.436 ; 7.436 ; Rise       ; inst|altpll_component|pll|clk[0] ;
;  bidir_port_to_and_from_the_lcd32_data[1]  ; clk_in     ; 7.908 ; 7.908 ; Rise       ; inst|altpll_component|pll|clk[0] ;
;  bidir_port_to_and_from_the_lcd32_data[2]  ; clk_in     ; 7.764 ; 7.764 ; Rise       ; inst|altpll_component|pll|clk[0] ;
;  bidir_port_to_and_from_the_lcd32_data[3]  ; clk_in     ; 7.432 ; 7.432 ; Rise       ; inst|altpll_component|pll|clk[0] ;
;  bidir_port_to_and_from_the_lcd32_data[4]  ; clk_in     ; 7.488 ; 7.488 ; Rise       ; inst|altpll_component|pll|clk[0] ;
;  bidir_port_to_and_from_the_lcd32_data[5]  ; clk_in     ; 7.332 ; 7.332 ; Rise       ; inst|altpll_component|pll|clk[0] ;
;  bidir_port_to_and_from_the_lcd32_data[6]  ; clk_in     ; 7.885 ; 7.885 ; Rise       ; inst|altpll_component|pll|clk[0] ;
;  bidir_port_to_and_from_the_lcd32_data[7]  ; clk_in     ; 7.421 ; 7.421 ; Rise       ; inst|altpll_component|pll|clk[0] ;
;  bidir_port_to_and_from_the_lcd32_data[8]  ; clk_in     ; 7.644 ; 7.644 ; Rise       ; inst|altpll_component|pll|clk[0] ;
;  bidir_port_to_and_from_the_lcd32_data[9]  ; clk_in     ; 8.639 ; 8.639 ; Rise       ; inst|altpll_component|pll|clk[0] ;
;  bidir_port_to_and_from_the_lcd32_data[10] ; clk_in     ; 7.987 ; 7.987 ; Rise       ; inst|altpll_component|pll|clk[0] ;
;  bidir_port_to_and_from_the_lcd32_data[11] ; clk_in     ; 8.401 ; 8.401 ; Rise       ; inst|altpll_component|pll|clk[0] ;
;  bidir_port_to_and_from_the_lcd32_data[12] ; clk_in     ; 8.011 ; 8.011 ; Rise       ; inst|altpll_component|pll|clk[0] ;
;  bidir_port_to_and_from_the_lcd32_data[13] ; clk_in     ; 8.030 ; 8.030 ; Rise       ; inst|altpll_component|pll|clk[0] ;
;  bidir_port_to_and_from_the_lcd32_data[14] ; clk_in     ; 7.999 ; 7.999 ; Rise       ; inst|altpll_component|pll|clk[0] ;
;  bidir_port_to_and_from_the_lcd32_data[15] ; clk_in     ; 8.112 ; 8.112 ; Rise       ; inst|altpll_component|pll|clk[0] ;
+--------------------------------------------+------------+-------+-------+------------+----------------------------------+


+---------------------------------------------------------------------------------------------------------------------------+
; Hold Times                                                                                                                ;
+--------------------------------------------+------------+--------+--------+------------+----------------------------------+
; Data Port                                  ; Clock Port ; Rise   ; Fall   ; Clock Edge ; Clock Reference                  ;
+--------------------------------------------+------------+--------+--------+------------+----------------------------------+
; DQ[*]                                      ; clk_in     ; -0.836 ; -0.836 ; Rise       ; inst|altpll_component|pll|clk[0] ;
;  DQ[0]                                     ; clk_in     ; -0.948 ; -0.948 ; Rise       ; inst|altpll_component|pll|clk[0] ;
;  DQ[1]                                     ; clk_in     ; -0.948 ; -0.948 ; Rise       ; inst|altpll_component|pll|clk[0] ;
;  DQ[2]                                     ; clk_in     ; -0.937 ; -0.937 ; Rise       ; inst|altpll_component|pll|clk[0] ;
;  DQ[3]                                     ; clk_in     ; -0.943 ; -0.943 ; Rise       ; inst|altpll_component|pll|clk[0] ;
;  DQ[4]                                     ; clk_in     ; -0.927 ; -0.927 ; Rise       ; inst|altpll_component|pll|clk[0] ;
;  DQ[5]                                     ; clk_in     ; -0.927 ; -0.927 ; Rise       ; inst|altpll_component|pll|clk[0] ;
;  DQ[6]                                     ; clk_in     ; -0.846 ; -0.846 ; Rise       ; inst|altpll_component|pll|clk[0] ;
;  DQ[7]                                     ; clk_in     ; -0.836 ; -0.836 ; Rise       ; inst|altpll_component|pll|clk[0] ;
;  DQ[8]                                     ; clk_in     ; -0.923 ; -0.923 ; Rise       ; inst|altpll_component|pll|clk[0] ;
;  DQ[9]                                     ; clk_in     ; -0.924 ; -0.924 ; Rise       ; inst|altpll_component|pll|clk[0] ;
;  DQ[10]                                    ; clk_in     ; -0.934 ; -0.934 ; Rise       ; inst|altpll_component|pll|clk[0] ;
;  DQ[11]                                    ; clk_in     ; -0.925 ; -0.925 ; Rise       ; inst|altpll_component|pll|clk[0] ;
;  DQ[12]                                    ; clk_in     ; -0.925 ; -0.925 ; Rise       ; inst|altpll_component|pll|clk[0] ;
;  DQ[13]                                    ; clk_in     ; -0.937 ; -0.937 ; Rise       ; inst|altpll_component|pll|clk[0] ;
;  DQ[14]                                    ; clk_in     ; -0.925 ; -0.925 ; Rise       ; inst|altpll_component|pll|clk[0] ;
;  DQ[15]                                    ; clk_in     ; -0.922 ; -0.922 ; Rise       ; inst|altpll_component|pll|clk[0] ;
; MISO_to_the_spi_touch                      ; clk_in     ; -3.671 ; -3.671 ; Rise       ; inst|altpll_component|pll|clk[0] ;
; bidir_port_to_and_from_the_lcd32_data[*]   ; clk_in     ; -3.587 ; -3.587 ; Rise       ; inst|altpll_component|pll|clk[0] ;
;  bidir_port_to_and_from_the_lcd32_data[0]  ; clk_in     ; -3.651 ; -3.651 ; Rise       ; inst|altpll_component|pll|clk[0] ;
;  bidir_port_to_and_from_the_lcd32_data[1]  ; clk_in     ; -3.772 ; -3.772 ; Rise       ; inst|altpll_component|pll|clk[0] ;
;  bidir_port_to_and_from_the_lcd32_data[2]  ; clk_in     ; -3.725 ; -3.725 ; Rise       ; inst|altpll_component|pll|clk[0] ;
;  bidir_port_to_and_from_the_lcd32_data[3]  ; clk_in     ; -3.643 ; -3.643 ; Rise       ; inst|altpll_component|pll|clk[0] ;
;  bidir_port_to_and_from_the_lcd32_data[4]  ; clk_in     ; -3.613 ; -3.613 ; Rise       ; inst|altpll_component|pll|clk[0] ;
;  bidir_port_to_and_from_the_lcd32_data[5]  ; clk_in     ; -3.587 ; -3.587 ; Rise       ; inst|altpll_component|pll|clk[0] ;
;  bidir_port_to_and_from_the_lcd32_data[6]  ; clk_in     ; -3.770 ; -3.770 ; Rise       ; inst|altpll_component|pll|clk[0] ;
;  bidir_port_to_and_from_the_lcd32_data[7]  ; clk_in     ; -3.643 ; -3.643 ; Rise       ; inst|altpll_component|pll|clk[0] ;
;  bidir_port_to_and_from_the_lcd32_data[8]  ; clk_in     ; -3.720 ; -3.720 ; Rise       ; inst|altpll_component|pll|clk[0] ;
;  bidir_port_to_and_from_the_lcd32_data[9]  ; clk_in     ; -4.016 ; -4.016 ; Rise       ; inst|altpll_component|pll|clk[0] ;
;  bidir_port_to_and_from_the_lcd32_data[10] ; clk_in     ; -3.822 ; -3.822 ; Rise       ; inst|altpll_component|pll|clk[0] ;
;  bidir_port_to_and_from_the_lcd32_data[11] ; clk_in     ; -3.917 ; -3.917 ; Rise       ; inst|altpll_component|pll|clk[0] ;
;  bidir_port_to_and_from_the_lcd32_data[12] ; clk_in     ; -3.810 ; -3.810 ; Rise       ; inst|altpll_component|pll|clk[0] ;
;  bidir_port_to_and_from_the_lcd32_data[13] ; clk_in     ; -3.775 ; -3.775 ; Rise       ; inst|altpll_component|pll|clk[0] ;
;  bidir_port_to_and_from_the_lcd32_data[14] ; clk_in     ; -3.731 ; -3.731 ; Rise       ; inst|altpll_component|pll|clk[0] ;
;  bidir_port_to_and_from_the_lcd32_data[15] ; clk_in     ; -3.823 ; -3.823 ; Rise       ; inst|altpll_component|pll|clk[0] ;
+--------------------------------------------+------------+--------+--------+------------+----------------------------------+


+---------------------------------------------------------------------------------------------------------------------------+
; Clock to Output Times                                                                                                     ;
+--------------------------------------------+------------+--------+--------+------------+----------------------------------+
; Data Port                                  ; Clock Port ; Rise   ; Fall   ; Clock Edge ; Clock Reference                  ;
+--------------------------------------------+------------+--------+--------+------------+----------------------------------+
; BA[*]                                      ; clk_in     ; 3.166  ; 3.166  ; Rise       ; inst|altpll_component|pll|clk[0] ;
;  BA[0]                                     ; clk_in     ; 3.166  ; 3.166  ; Rise       ; inst|altpll_component|pll|clk[0] ;
;  BA[1]                                     ; clk_in     ; 3.154  ; 3.154  ; Rise       ; inst|altpll_component|pll|clk[0] ;
; CAS                                        ; clk_in     ; 3.167  ; 3.167  ; Rise       ; inst|altpll_component|pll|clk[0] ;
; CS                                         ; clk_in     ; 3.156  ; 3.156  ; Rise       ; inst|altpll_component|pll|clk[0] ;
; DQ[*]                                      ; clk_in     ; 3.169  ; 3.169  ; Rise       ; inst|altpll_component|pll|clk[0] ;
;  DQ[0]                                     ; clk_in     ; 2.752  ; 2.752  ; Rise       ; inst|altpll_component|pll|clk[0] ;
;  DQ[1]                                     ; clk_in     ; 2.752  ; 2.752  ; Rise       ; inst|altpll_component|pll|clk[0] ;
;  DQ[2]                                     ; clk_in     ; 2.763  ; 2.763  ; Rise       ; inst|altpll_component|pll|clk[0] ;
;  DQ[3]                                     ; clk_in     ; 2.757  ; 2.757  ; Rise       ; inst|altpll_component|pll|clk[0] ;
;  DQ[4]                                     ; clk_in     ; 2.753  ; 2.753  ; Rise       ; inst|altpll_component|pll|clk[0] ;
;  DQ[5]                                     ; clk_in     ; 2.753  ; 2.753  ; Rise       ; inst|altpll_component|pll|clk[0] ;
;  DQ[6]                                     ; clk_in     ; 3.169  ; 3.169  ; Rise       ; inst|altpll_component|pll|clk[0] ;
;  DQ[7]                                     ; clk_in     ; 3.159  ; 3.159  ; Rise       ; inst|altpll_component|pll|clk[0] ;
;  DQ[8]                                     ; clk_in     ; 2.779  ; 2.779  ; Rise       ; inst|altpll_component|pll|clk[0] ;
;  DQ[9]                                     ; clk_in     ; 2.777  ; 2.777  ; Rise       ; inst|altpll_component|pll|clk[0] ;
;  DQ[10]                                    ; clk_in     ; 2.787  ; 2.787  ; Rise       ; inst|altpll_component|pll|clk[0] ;
;  DQ[11]                                    ; clk_in     ; 2.757  ; 2.757  ; Rise       ; inst|altpll_component|pll|clk[0] ;
;  DQ[12]                                    ; clk_in     ; 2.757  ; 2.757  ; Rise       ; inst|altpll_component|pll|clk[0] ;
;  DQ[13]                                    ; clk_in     ; 2.745  ; 2.745  ; Rise       ; inst|altpll_component|pll|clk[0] ;
;  DQ[14]                                    ; clk_in     ; 2.757  ; 2.757  ; Rise       ; inst|altpll_component|pll|clk[0] ;
;  DQ[15]                                    ; clk_in     ; 2.761  ; 2.761  ; Rise       ; inst|altpll_component|pll|clk[0] ;
; MOSI_from_the_spi_touch                    ; clk_in     ; 5.710  ; 5.710  ; Rise       ; inst|altpll_component|pll|clk[0] ;
; RA[*]                                      ; clk_in     ; 3.178  ; 3.178  ; Rise       ; inst|altpll_component|pll|clk[0] ;
;  RA[0]                                     ; clk_in     ; 3.132  ; 3.132  ; Rise       ; inst|altpll_component|pll|clk[0] ;
;  RA[1]                                     ; clk_in     ; 3.152  ; 3.152  ; Rise       ; inst|altpll_component|pll|clk[0] ;
;  RA[2]                                     ; clk_in     ; 3.133  ; 3.133  ; Rise       ; inst|altpll_component|pll|clk[0] ;
;  RA[3]                                     ; clk_in     ; 3.133  ; 3.133  ; Rise       ; inst|altpll_component|pll|clk[0] ;
;  RA[4]                                     ; clk_in     ; 3.153  ; 3.153  ; Rise       ; inst|altpll_component|pll|clk[0] ;
;  RA[5]                                     ; clk_in     ; 3.153  ; 3.153  ; Rise       ; inst|altpll_component|pll|clk[0] ;
;  RA[6]                                     ; clk_in     ; 3.163  ; 3.163  ; Rise       ; inst|altpll_component|pll|clk[0] ;
;  RA[7]                                     ; clk_in     ; 3.161  ; 3.161  ; Rise       ; inst|altpll_component|pll|clk[0] ;
;  RA[8]                                     ; clk_in     ; 3.157  ; 3.157  ; Rise       ; inst|altpll_component|pll|clk[0] ;
;  RA[9]                                     ; clk_in     ; 3.163  ; 3.163  ; Rise       ; inst|altpll_component|pll|clk[0] ;
;  RA[10]                                    ; clk_in     ; 3.154  ; 3.154  ; Rise       ; inst|altpll_component|pll|clk[0] ;
;  RA[11]                                    ; clk_in     ; 3.178  ; 3.178  ; Rise       ; inst|altpll_component|pll|clk[0] ;
;  RA[12]                                    ; clk_in     ; 3.168  ; 3.168  ; Rise       ; inst|altpll_component|pll|clk[0] ;
; RAS                                        ; clk_in     ; 3.167  ; 3.167  ; Rise       ; inst|altpll_component|pll|clk[0] ;
; SCLK_from_the_spi_touch                    ; clk_in     ; 4.929  ; 4.929  ; Rise       ; inst|altpll_component|pll|clk[0] ;
; SS_n_from_the_spi_touch                    ; clk_in     ; 7.139  ; 7.139  ; Rise       ; inst|altpll_component|pll|clk[0] ;
; S_DQM[*]                                   ; clk_in     ; 3.167  ; 3.167  ; Rise       ; inst|altpll_component|pll|clk[0] ;
;  S_DQM[0]                                  ; clk_in     ; 3.167  ; 3.167  ; Rise       ; inst|altpll_component|pll|clk[0] ;
;  S_DQM[1]                                  ; clk_in     ; 2.789  ; 2.789  ; Rise       ; inst|altpll_component|pll|clk[0] ;
; WE                                         ; clk_in     ; 3.169  ; 3.169  ; Rise       ; inst|altpll_component|pll|clk[0] ;
; bidir_port_to_and_from_the_lcd32_data[*]   ; clk_in     ; 6.029  ; 6.029  ; Rise       ; inst|altpll_component|pll|clk[0] ;
;  bidir_port_to_and_from_the_lcd32_data[0]  ; clk_in     ; 5.932  ; 5.932  ; Rise       ; inst|altpll_component|pll|clk[0] ;
;  bidir_port_to_and_from_the_lcd32_data[1]  ; clk_in     ; 5.976  ; 5.976  ; Rise       ; inst|altpll_component|pll|clk[0] ;
;  bidir_port_to_and_from_the_lcd32_data[2]  ; clk_in     ; 5.937  ; 5.937  ; Rise       ; inst|altpll_component|pll|clk[0] ;
;  bidir_port_to_and_from_the_lcd32_data[3]  ; clk_in     ; 6.029  ; 6.029  ; Rise       ; inst|altpll_component|pll|clk[0] ;
;  bidir_port_to_and_from_the_lcd32_data[4]  ; clk_in     ; 5.554  ; 5.554  ; Rise       ; inst|altpll_component|pll|clk[0] ;
;  bidir_port_to_and_from_the_lcd32_data[5]  ; clk_in     ; 5.518  ; 5.518  ; Rise       ; inst|altpll_component|pll|clk[0] ;
;  bidir_port_to_and_from_the_lcd32_data[6]  ; clk_in     ; 5.064  ; 5.064  ; Rise       ; inst|altpll_component|pll|clk[0] ;
;  bidir_port_to_and_from_the_lcd32_data[7]  ; clk_in     ; 5.743  ; 5.743  ; Rise       ; inst|altpll_component|pll|clk[0] ;
;  bidir_port_to_and_from_the_lcd32_data[8]  ; clk_in     ; 5.342  ; 5.342  ; Rise       ; inst|altpll_component|pll|clk[0] ;
;  bidir_port_to_and_from_the_lcd32_data[9]  ; clk_in     ; 5.619  ; 5.619  ; Rise       ; inst|altpll_component|pll|clk[0] ;
;  bidir_port_to_and_from_the_lcd32_data[10] ; clk_in     ; 5.629  ; 5.629  ; Rise       ; inst|altpll_component|pll|clk[0] ;
;  bidir_port_to_and_from_the_lcd32_data[11] ; clk_in     ; 5.288  ; 5.288  ; Rise       ; inst|altpll_component|pll|clk[0] ;
;  bidir_port_to_and_from_the_lcd32_data[12] ; clk_in     ; 5.277  ; 5.277  ; Rise       ; inst|altpll_component|pll|clk[0] ;
;  bidir_port_to_and_from_the_lcd32_data[13] ; clk_in     ; 4.899  ; 4.899  ; Rise       ; inst|altpll_component|pll|clk[0] ;
;  bidir_port_to_and_from_the_lcd32_data[14] ; clk_in     ; 4.910  ; 4.910  ; Rise       ; inst|altpll_component|pll|clk[0] ;
;  bidir_port_to_and_from_the_lcd32_data[15] ; clk_in     ; 4.917  ; 4.917  ; Rise       ; inst|altpll_component|pll|clk[0] ;
; buzz[*]                                    ; clk_in     ; 5.803  ; 5.803  ; Rise       ; inst|altpll_component|pll|clk[0] ;
;  buzz[0]                                   ; clk_in     ; 5.803  ; 5.803  ; Rise       ; inst|altpll_component|pll|clk[0] ;
;  buzz[1]                                   ; clk_in     ; 5.474  ; 5.474  ; Rise       ; inst|altpll_component|pll|clk[0] ;
;  buzz[2]                                   ; clk_in     ; 5.719  ; 5.719  ; Rise       ; inst|altpll_component|pll|clk[0] ;
;  buzz[3]                                   ; clk_in     ; 5.318  ; 5.318  ; Rise       ; inst|altpll_component|pll|clk[0] ;
; led[*]                                     ; clk_in     ; 6.021  ; 6.021  ; Rise       ; inst|altpll_component|pll|clk[0] ;
;  led[0]                                    ; clk_in     ; 5.252  ; 5.252  ; Rise       ; inst|altpll_component|pll|clk[0] ;
;  led[1]                                    ; clk_in     ; 5.250  ; 5.250  ; Rise       ; inst|altpll_component|pll|clk[0] ;
;  led[2]                                    ; clk_in     ; 6.021  ; 6.021  ; Rise       ; inst|altpll_component|pll|clk[0] ;
;  led[3]                                    ; clk_in     ; 5.766  ; 5.766  ; Rise       ; inst|altpll_component|pll|clk[0] ;
; out_port_from_the_bl_n                     ; clk_in     ; 6.034  ; 6.034  ; Rise       ; inst|altpll_component|pll|clk[0] ;
; out_port_from_the_bl_p                     ; clk_in     ; 5.484  ; 5.484  ; Rise       ; inst|altpll_component|pll|clk[0] ;
; out_port_from_the_lcd_cs                   ; clk_in     ; 5.734  ; 5.734  ; Rise       ; inst|altpll_component|pll|clk[0] ;
; out_port_from_the_lcd_rd                   ; clk_in     ; 5.041  ; 5.041  ; Rise       ; inst|altpll_component|pll|clk[0] ;
; out_port_from_the_lcd_rs                   ; clk_in     ; 5.756  ; 5.756  ; Rise       ; inst|altpll_component|pll|clk[0] ;
; out_port_from_the_lcd_wr                   ; clk_in     ; 5.039  ; 5.039  ; Rise       ; inst|altpll_component|pll|clk[0] ;
; out_port_from_the_reset                    ; clk_in     ; 6.246  ; 6.246  ; Rise       ; inst|altpll_component|pll|clk[0] ;
; out_port_from_the_touch_cs                 ; clk_in     ; 4.974  ; 4.974  ; Rise       ; inst|altpll_component|pll|clk[0] ;
; S_CLK                                      ; clk_in     ; -1.384 ;        ; Rise       ; inst|altpll_component|pll|clk[1] ;
; S_CLK                                      ; clk_in     ;        ; -1.384 ; Fall       ; inst|altpll_component|pll|clk[1] ;
+--------------------------------------------+------------+--------+--------+------------+----------------------------------+


+---------------------------------------------------------------------------------------------------------------------------+
; Minimum Clock to Output Times                                                                                             ;
+--------------------------------------------+------------+--------+--------+------------+----------------------------------+
; Data Port                                  ; Clock Port ; Rise   ; Fall   ; Clock Edge ; Clock Reference                  ;
+--------------------------------------------+------------+--------+--------+------------+----------------------------------+
; BA[*]                                      ; clk_in     ; 1.278  ; 1.278  ; Rise       ; inst|altpll_component|pll|clk[0] ;
;  BA[0]                                     ; clk_in     ; 1.290  ; 1.290  ; Rise       ; inst|altpll_component|pll|clk[0] ;
;  BA[1]                                     ; clk_in     ; 1.278  ; 1.278  ; Rise       ; inst|altpll_component|pll|clk[0] ;
; CAS                                        ; clk_in     ; 1.291  ; 1.291  ; Rise       ; inst|altpll_component|pll|clk[0] ;
; CS                                         ; clk_in     ; 1.280  ; 1.280  ; Rise       ; inst|altpll_component|pll|clk[0] ;
; DQ[*]                                      ; clk_in     ; 1.062  ; 1.062  ; Rise       ; inst|altpll_component|pll|clk[0] ;
;  DQ[0]                                     ; clk_in     ; 1.071  ; 1.071  ; Rise       ; inst|altpll_component|pll|clk[0] ;
;  DQ[1]                                     ; clk_in     ; 1.071  ; 1.071  ; Rise       ; inst|altpll_component|pll|clk[0] ;
;  DQ[2]                                     ; clk_in     ; 1.082  ; 1.082  ; Rise       ; inst|altpll_component|pll|clk[0] ;
;  DQ[3]                                     ; clk_in     ; 1.076  ; 1.076  ; Rise       ; inst|altpll_component|pll|clk[0] ;
;  DQ[4]                                     ; clk_in     ; 1.072  ; 1.072  ; Rise       ; inst|altpll_component|pll|clk[0] ;
;  DQ[5]                                     ; clk_in     ; 1.072  ; 1.072  ; Rise       ; inst|altpll_component|pll|clk[0] ;
;  DQ[6]                                     ; clk_in     ; 1.292  ; 1.292  ; Rise       ; inst|altpll_component|pll|clk[0] ;
;  DQ[7]                                     ; clk_in     ; 1.282  ; 1.282  ; Rise       ; inst|altpll_component|pll|clk[0] ;
;  DQ[8]                                     ; clk_in     ; 1.096  ; 1.096  ; Rise       ; inst|altpll_component|pll|clk[0] ;
;  DQ[9]                                     ; clk_in     ; 1.095  ; 1.095  ; Rise       ; inst|altpll_component|pll|clk[0] ;
;  DQ[10]                                    ; clk_in     ; 1.105  ; 1.105  ; Rise       ; inst|altpll_component|pll|clk[0] ;
;  DQ[11]                                    ; clk_in     ; 1.074  ; 1.074  ; Rise       ; inst|altpll_component|pll|clk[0] ;
;  DQ[12]                                    ; clk_in     ; 1.074  ; 1.074  ; Rise       ; inst|altpll_component|pll|clk[0] ;
;  DQ[13]                                    ; clk_in     ; 1.062  ; 1.062  ; Rise       ; inst|altpll_component|pll|clk[0] ;
;  DQ[14]                                    ; clk_in     ; 1.074  ; 1.074  ; Rise       ; inst|altpll_component|pll|clk[0] ;
;  DQ[15]                                    ; clk_in     ; 1.077  ; 1.077  ; Rise       ; inst|altpll_component|pll|clk[0] ;
; MOSI_from_the_spi_touch                    ; clk_in     ; 2.231  ; 2.231  ; Rise       ; inst|altpll_component|pll|clk[0] ;
; RA[*]                                      ; clk_in     ; 1.256  ; 1.256  ; Rise       ; inst|altpll_component|pll|clk[0] ;
;  RA[0]                                     ; clk_in     ; 1.256  ; 1.256  ; Rise       ; inst|altpll_component|pll|clk[0] ;
;  RA[1]                                     ; clk_in     ; 1.276  ; 1.276  ; Rise       ; inst|altpll_component|pll|clk[0] ;
;  RA[2]                                     ; clk_in     ; 1.257  ; 1.257  ; Rise       ; inst|altpll_component|pll|clk[0] ;
;  RA[3]                                     ; clk_in     ; 1.257  ; 1.257  ; Rise       ; inst|altpll_component|pll|clk[0] ;
;  RA[4]                                     ; clk_in     ; 1.276  ; 1.276  ; Rise       ; inst|altpll_component|pll|clk[0] ;
;  RA[5]                                     ; clk_in     ; 1.276  ; 1.276  ; Rise       ; inst|altpll_component|pll|clk[0] ;
;  RA[6]                                     ; clk_in     ; 1.287  ; 1.287  ; Rise       ; inst|altpll_component|pll|clk[0] ;
;  RA[7]                                     ; clk_in     ; 1.285  ; 1.285  ; Rise       ; inst|altpll_component|pll|clk[0] ;
;  RA[8]                                     ; clk_in     ; 1.281  ; 1.281  ; Rise       ; inst|altpll_component|pll|clk[0] ;
;  RA[9]                                     ; clk_in     ; 1.287  ; 1.287  ; Rise       ; inst|altpll_component|pll|clk[0] ;
;  RA[10]                                    ; clk_in     ; 1.278  ; 1.278  ; Rise       ; inst|altpll_component|pll|clk[0] ;
;  RA[11]                                    ; clk_in     ; 1.301  ; 1.301  ; Rise       ; inst|altpll_component|pll|clk[0] ;
;  RA[12]                                    ; clk_in     ; 1.291  ; 1.291  ; Rise       ; inst|altpll_component|pll|clk[0] ;
; RAS                                        ; clk_in     ; 1.291  ; 1.291  ; Rise       ; inst|altpll_component|pll|clk[0] ;
; SCLK_from_the_spi_touch                    ; clk_in     ; 1.983  ; 1.983  ; Rise       ; inst|altpll_component|pll|clk[0] ;
; SS_n_from_the_spi_touch                    ; clk_in     ; 2.247  ; 2.247  ; Rise       ; inst|altpll_component|pll|clk[0] ;
; S_DQM[*]                                   ; clk_in     ; 1.106  ; 1.106  ; Rise       ; inst|altpll_component|pll|clk[0] ;
;  S_DQM[0]                                  ; clk_in     ; 1.291  ; 1.291  ; Rise       ; inst|altpll_component|pll|clk[0] ;
;  S_DQM[1]                                  ; clk_in     ; 1.106  ; 1.106  ; Rise       ; inst|altpll_component|pll|clk[0] ;
; WE                                         ; clk_in     ; 1.292  ; 1.292  ; Rise       ; inst|altpll_component|pll|clk[0] ;
; bidir_port_to_and_from_the_lcd32_data[*]   ; clk_in     ; 1.962  ; 1.962  ; Rise       ; inst|altpll_component|pll|clk[0] ;
;  bidir_port_to_and_from_the_lcd32_data[0]  ; clk_in     ; 2.223  ; 2.223  ; Rise       ; inst|altpll_component|pll|clk[0] ;
;  bidir_port_to_and_from_the_lcd32_data[1]  ; clk_in     ; 2.239  ; 2.239  ; Rise       ; inst|altpll_component|pll|clk[0] ;
;  bidir_port_to_and_from_the_lcd32_data[2]  ; clk_in     ; 2.215  ; 2.215  ; Rise       ; inst|altpll_component|pll|clk[0] ;
;  bidir_port_to_and_from_the_lcd32_data[3]  ; clk_in     ; 2.261  ; 2.261  ; Rise       ; inst|altpll_component|pll|clk[0] ;
;  bidir_port_to_and_from_the_lcd32_data[4]  ; clk_in     ; 2.097  ; 2.097  ; Rise       ; inst|altpll_component|pll|clk[0] ;
;  bidir_port_to_and_from_the_lcd32_data[5]  ; clk_in     ; 2.082  ; 2.082  ; Rise       ; inst|altpll_component|pll|clk[0] ;
;  bidir_port_to_and_from_the_lcd32_data[6]  ; clk_in     ; 1.990  ; 1.990  ; Rise       ; inst|altpll_component|pll|clk[0] ;
;  bidir_port_to_and_from_the_lcd32_data[7]  ; clk_in     ; 2.231  ; 2.231  ; Rise       ; inst|altpll_component|pll|clk[0] ;
;  bidir_port_to_and_from_the_lcd32_data[8]  ; clk_in     ; 2.103  ; 2.103  ; Rise       ; inst|altpll_component|pll|clk[0] ;
;  bidir_port_to_and_from_the_lcd32_data[9]  ; clk_in     ; 2.187  ; 2.187  ; Rise       ; inst|altpll_component|pll|clk[0] ;
;  bidir_port_to_and_from_the_lcd32_data[10] ; clk_in     ; 2.188  ; 2.188  ; Rise       ; inst|altpll_component|pll|clk[0] ;
;  bidir_port_to_and_from_the_lcd32_data[11] ; clk_in     ; 2.092  ; 2.092  ; Rise       ; inst|altpll_component|pll|clk[0] ;
;  bidir_port_to_and_from_the_lcd32_data[12] ; clk_in     ; 2.087  ; 2.087  ; Rise       ; inst|altpll_component|pll|clk[0] ;
;  bidir_port_to_and_from_the_lcd32_data[13] ; clk_in     ; 1.962  ; 1.962  ; Rise       ; inst|altpll_component|pll|clk[0] ;
;  bidir_port_to_and_from_the_lcd32_data[14] ; clk_in     ; 1.972  ; 1.972  ; Rise       ; inst|altpll_component|pll|clk[0] ;
;  bidir_port_to_and_from_the_lcd32_data[15] ; clk_in     ; 1.975  ; 1.975  ; Rise       ; inst|altpll_component|pll|clk[0] ;
; buzz[*]                                    ; clk_in     ; 2.162  ; 2.162  ; Rise       ; inst|altpll_component|pll|clk[0] ;
;  buzz[0]                                   ; clk_in     ; 2.237  ; 2.237  ; Rise       ; inst|altpll_component|pll|clk[0] ;
;  buzz[1]                                   ; clk_in     ; 2.162  ; 2.162  ; Rise       ; inst|altpll_component|pll|clk[0] ;
;  buzz[2]                                   ; clk_in     ; 2.199  ; 2.199  ; Rise       ; inst|altpll_component|pll|clk[0] ;
;  buzz[3]                                   ; clk_in     ; 2.192  ; 2.192  ; Rise       ; inst|altpll_component|pll|clk[0] ;
; led[*]                                     ; clk_in     ; 2.017  ; 2.017  ; Rise       ; inst|altpll_component|pll|clk[0] ;
;  led[0]                                    ; clk_in     ; 2.019  ; 2.019  ; Rise       ; inst|altpll_component|pll|clk[0] ;
;  led[1]                                    ; clk_in     ; 2.017  ; 2.017  ; Rise       ; inst|altpll_component|pll|clk[0] ;
;  led[2]                                    ; clk_in     ; 2.336  ; 2.336  ; Rise       ; inst|altpll_component|pll|clk[0] ;
;  led[3]                                    ; clk_in     ; 2.223  ; 2.223  ; Rise       ; inst|altpll_component|pll|clk[0] ;
; out_port_from_the_bl_n                     ; clk_in     ; 2.268  ; 2.268  ; Rise       ; inst|altpll_component|pll|clk[0] ;
; out_port_from_the_bl_p                     ; clk_in     ; 2.174  ; 2.174  ; Rise       ; inst|altpll_component|pll|clk[0] ;
; out_port_from_the_lcd_cs                   ; clk_in     ; 2.246  ; 2.246  ; Rise       ; inst|altpll_component|pll|clk[0] ;
; out_port_from_the_lcd_rd                   ; clk_in     ; 2.045  ; 2.045  ; Rise       ; inst|altpll_component|pll|clk[0] ;
; out_port_from_the_lcd_rs                   ; clk_in     ; 2.260  ; 2.260  ; Rise       ; inst|altpll_component|pll|clk[0] ;
; out_port_from_the_lcd_wr                   ; clk_in     ; 2.042  ; 2.042  ; Rise       ; inst|altpll_component|pll|clk[0] ;
; out_port_from_the_reset                    ; clk_in     ; 2.438  ; 2.438  ; Rise       ; inst|altpll_component|pll|clk[0] ;
; out_port_from_the_touch_cs                 ; clk_in     ; 2.005  ; 2.005  ; Rise       ; inst|altpll_component|pll|clk[0] ;
; S_CLK                                      ; clk_in     ; -3.298 ;        ; Rise       ; inst|altpll_component|pll|clk[1] ;
; S_CLK                                      ; clk_in     ;        ; -3.298 ; Fall       ; inst|altpll_component|pll|clk[1] ;
+--------------------------------------------+------------+--------+--------+------------+----------------------------------+


+-----------------------------------------------------------------------------------------------------------------+
; Setup Transfers                                                                                                 ;
+----------------------------------+----------------------------------+----------+----------+----------+----------+
; From Clock                       ; To Clock                         ; RR Paths ; FR Paths ; RF Paths ; FF Paths ;
+----------------------------------+----------------------------------+----------+----------+----------+----------+
; inst|altpll_component|pll|clk[0] ; inst|altpll_component|pll|clk[0] ; 299254   ; 64       ; 224      ; 0        ;
+----------------------------------+----------------------------------+----------+----------+----------+----------+
Entries labeled "false path" only account for clock-to-clock false paths and not path-based false paths. As a result, actual path counts may be lower than reported.


+-----------------------------------------------------------------------------------------------------------------+
; Hold Transfers                                                                                                  ;
+----------------------------------+----------------------------------+----------+----------+----------+----------+
; From Clock                       ; To Clock                         ; RR Paths ; FR Paths ; RF Paths ; FF Paths ;
+----------------------------------+----------------------------------+----------+----------+----------+----------+
; inst|altpll_component|pll|clk[0] ; inst|altpll_component|pll|clk[0] ; 299254   ; 64       ; 224      ; 0        ;
+----------------------------------+----------------------------------+----------+----------+----------+----------+
Entries labeled "false path" only account for clock-to-clock false paths and not path-based false paths. As a result, actual path counts may be lower than reported.


+-----------------------------------------------------------------------------------------------------------------+
; Recovery Transfers                                                                                              ;
+----------------------------------+----------------------------------+----------+----------+----------+----------+
; From Clock                       ; To Clock                         ; RR Paths ; FR Paths ; RF Paths ; FF Paths ;
+----------------------------------+----------------------------------+----------+----------+----------+----------+
; inst|altpll_component|pll|clk[0] ; inst|altpll_component|pll|clk[0] ; 2205     ; 0        ; 32       ; 0        ;
+----------------------------------+----------------------------------+----------+----------+----------+----------+
Entries labeled "false path" only account for clock-to-clock false paths and not path-based false paths. As a result, actual path counts may be lower than reported.


+-----------------------------------------------------------------------------------------------------------------+
; Removal Transfers                                                                                               ;
+----------------------------------+----------------------------------+----------+----------+----------+----------+
; From Clock                       ; To Clock                         ; RR Paths ; FR Paths ; RF Paths ; FF Paths ;
+----------------------------------+----------------------------------+----------+----------+----------+----------+
; inst|altpll_component|pll|clk[0] ; inst|altpll_component|pll|clk[0] ; 2205     ; 0        ; 32       ; 0        ;
+----------------------------------+----------------------------------+----------+----------+----------+----------+
Entries labeled "false path" only account for clock-to-clock false paths and not path-based false paths. As a result, actual path counts may be lower than reported.


---------------
; Report TCCS ;
---------------
No dedicated SERDES Transmitter circuitry present in device or used in design


---------------
; Report RSKM ;
---------------
No dedicated SERDES Receiver circuitry present in device or used in design


+------------------------------------------------+
; Unconstrained Paths                            ;
+---------------------------------+-------+------+
; Property                        ; Setup ; Hold ;
+---------------------------------+-------+------+
; Illegal Clocks                  ; 0     ; 0    ;
; Unconstrained Clocks            ; 0     ; 0    ;
; Unconstrained Input Ports       ; 33    ; 33   ;
; Unconstrained Input Port Paths  ; 33    ; 33   ;
; Unconstrained Output Ports      ; 73    ; 73   ;
; Unconstrained Output Port Paths ; 108   ; 108  ;
+---------------------------------+-------+------+


+------------------------------------+
; TimeQuest Timing Analyzer Messages ;
+------------------------------------+
Info: *******************************************************************
Info: Running Quartus II 64-Bit TimeQuest Timing Analyzer
    Info: Version 13.0.1 Build 232 06/12/2013 Service Pack 1 SJ Web Edition
    Info: Processing started: Tue Sep 29 13:17:58 2026
Info: Command: quartus_sta lcd_nios -c lcd_nios
Info: qsta_default_script.tcl version: #1
Info (20030): Parallel compilation is enabled and will use 6 of the 6 processors detected
Info (21077): Low junction temperature is 0 degrees C
Info (21077): High junction temperature is 85 degrees C
Info (332164): Evaluating HDL-embedded SDC commands
    Info (332165): Entity GHVD5181
        Info (332166): set_disable_timing [get_cells -hierarchical QXXQ6833_0]
        Info (332166): set_disable_timing [get_cells -hierarchical JEQQ5299_0]
        Info (332166): set_disable_timing [get_cells -hierarchical JEQQ5299_1]
        Info (332166): set_disable_timing [get_cells -hierarchical JEQQ5299_2]
        Info (332166): set_disable_timing [get_cells -hierarchical JEQQ5299_3]
        Info (332166): set_disable_timing [get_cells -hierarchical JEQQ5299_4]
        Info (332166): set_disable_timing [get_cells -hierarchical JEQQ5299_5]
        Info (332166): set_disable_timing [get_cells -hierarchical JEQQ5299_6]
        Info (332166): set_disable_timing [get_cells -hierarchical JEQQ5299_7]
        Info (332166): set_disable_timing [get_cells -hierarchical BITP7563_0]
    Info (332165): Entity alt_jtag_atlantic
        Info (332166): set_false_path -from [get_registers {*|alt_jtag_atlantic:*|jupdate}] -to [get_registers {*|alt_jtag_atlantic:*|jupdate1*}] 
        Info (332166): set_false_path -from [get_registers {*|alt_jtag_atlantic:*|rdata[*]}] -to [get_registers {*|alt_jtag_atlantic*|td_shift[*]}]
        Info (332166): set_false_path -from [get_registers {*|alt_jtag_atlantic:*|rdata[*]}] -to [get_registers {*|alt_jtag_atlantic*|td_shift[*]}]
        Info (332166): set_false_path -from [get_registers {*|alt_jtag_atlantic:*|rdata[*]}] -to [get_registers {*|alt_jtag_atlantic*|td_shift[*]}]
        Info (332166): set_false_path -from [get_registers {*|alt_jtag_atlantic:*|rdata[*]}] -to [get_registers {*|alt_jtag_atlantic*|td_shift[*]}]
        Info (332166): set_false_path -from [get_registers {*|alt_jtag_atlantic:*|rdata[*]}] -to [get_registers {*|alt_jtag_atlantic*|td_shift[*]}]
        Info (332166): set_false_path -from [get_registers {*|alt_jtag_atlantic:*|rdata[*]}] -to [get_registers {*|alt_jtag_atlantic*|td_shift[*]}]
        Info (332166): set_false_path -from [get_registers {*|alt_jtag_atlantic:*|rdata[*]}] -to [get_registers {*|alt_jtag_atlantic*|td_shift[*]}]
        Info (332166): set_false_path -from [get_registers {*|alt_jtag_atlantic:*|rdata[*]}] -to [get_registers {*|alt_jtag_atlantic*|td_shift[*]}]
        Info (332166): set_false_path -from [get_registers {*|alt_jtag_atlantic:*|read}] -to [get_registers {*|alt_jtag_atlantic:*|read1*}] 
        Info (332166): set_false_path -from [get_registers {*|alt_jtag_atlantic:*|read_req}]
        Info (332166): set_false_path -from [get_registers {*|alt_jtag_atlantic:*|rvalid}] -to [get_registers {*|alt_jtag_atlantic*|td_shift[*]}]
        Info (332166): set_false_path -from [get_registers {*|t_dav}] -to [get_registers {*|alt_jtag_atlantic:*|tck_t_dav}]
        Info (332166): set_false_path -from [get_registers {*|alt_jtag_atlantic:*|user_saw_rvalid}] -to [get_registers {*|alt_jtag_atlantic:*|rvalid0*}]
        Info (332166): set_false_path -from [get_registers {*|alt_jtag_atlantic:*|wdata[*]}] -to [get_registers {*}]
        Info (332166): set_false_path -from [get_registers {*|alt_jtag_atlantic:*|wdata[*]}] -to [get_registers {*}]
        Info (332166): set_false_path -from [get_registers {*|alt_jtag_atlantic:*|wdata[*]}] -to [get_registers {*}]
        Info (332166): set_false_path -from [get_registers {*|alt_jtag_atlantic:*|wdata[*]}] -to [get_registers {*}]
        Info (332166): set_false_path -from [get_registers {*|alt_jtag_atlantic:*|wdata[*]}] -to [get_registers {*}]
        Info (332166): set_false_path -from [get_registers {*|alt_jtag_atlantic:*|wdata[*]}] -to [get_registers {*}]
        Info (332166): set_false_path -from [get_registers {*|alt_jtag_atlantic:*|wdata[*]}] -to [get_registers {*}]
        Info (332166): set_false_path -from [get_registers {*|alt_jtag_atlantic:*|wdata[*]}] -to [get_registers {*}]
        Info (332166): set_false_path -from [get_registers {*|alt_jtag_atlantic:*|write}] -to [get_registers {*|alt_jtag_atlantic:*|write1*}] 
        Info (332166): set_false_path -from [get_registers {*|alt_jtag_atlantic:*|write_stalled}] -to [get_registers {*|alt_jtag_atlantic:*|t_ena*}]
        Info (332166): set_false_path -from [get_registers {*|alt_jtag_atlantic:*|write_stalled}] -to [get_registers {*|alt_jtag_atlantic:*|t_pause*}]
        Info (332166): set_false_path -from [get_registers {*|alt_jtag_atlantic:*|write_valid}]
    Info (332165): Entity altera_std_synchronizer
        Info (332166): set_false_path -to [get_keepers {*altera_std_synchronizer:*|din_s1}]
    Info (332165): Entity pzdyqx_impl
        Info (332166): set_false_path -from [get_keepers {altera_reserved_tdi}] -to [get_keepers {pzdyqx*}]
    Info (332165): Entity sld_jtag_hub
        Info (332166): create_clock -name altera_reserved_tck [get_ports {altera_reserved_tck}] -period 10MHz   
        Info (332166): set_clock_groups -asynchronous -group {altera_reserved_tck}
Info (332104): Reading SDC File: 'lcd_nios.sdc'
Info (332110): Deriving PLL clocks
    Info (332110): create_generated_clock -source {inst|altpll_component|pll|inclk[0]} -duty_cycle 50.00 -name {inst|altpll_component|pll|clk[0]} {inst|altpll_component|pll|clk[0]}
    Info (332110): create_generated_clock -source {inst|altpll_component|pll|inclk[0]} -phase -100.00 -duty_cycle 50.00 -name {inst|altpll_component|pll|clk[1]} {inst|altpll_component|pll|clk[1]}
Warning (332153): Family doesn't support jitter analysis.
Info (332104): Reading SDC File: 'SOPC/synthesis/submodules/altera_reset_controller.sdc'
Info (332104): Reading SDC File: 'SOPC/synthesis/submodules/SOPC_cpu.sdc'
Warning (332056): PLL cross checking found inconsistent PLL clock settings:
    Warning (332056): Clock: inst|altpll_component|pll|clk[0] with master clock period: 16.667 found on PLL node: inst|altpll_component|pll|clk[0] does not match the master clock period requirement: 20.000
    Warning (332056): Clock: inst|altpll_component|pll|clk[1] with master clock period: 16.667 found on PLL node: inst|altpll_component|pll|clk[1] does not match the master clock period requirement: 20.000
Info: Found TIMEQUEST_REPORT_SCRIPT_INCLUDE_DEFAULT_ANALYSIS = ON
Info: Analyzing Slow Model
Info (332146): Worst-case setup slack is 2.887
    Info (332119):     Slack End Point TNS Clock 
    Info (332119): ========= ============= =====================
    Info (332119):     2.887         0.000 inst|altpll_component|pll|clk[0] 
Info (332146): Worst-case hold slack is 0.499
    Info (332119):     Slack End Point TNS Clock 
    Info (332119): ========= ============= =====================
    Info (332119):     0.499         0.000 inst|altpll_component|pll|clk[0] 
Info (332146): Worst-case recovery slack is 4.260
    Info (332119):     Slack End Point TNS Clock 
    Info (332119): ========= ============= =====================
    Info (332119):     4.260         0.000 inst|altpll_component|pll|clk[0] 
Info (332146): Worst-case removal slack is 3.807
    Info (332119):     Slack End Point TNS Clock 
    Info (332119): ========= ============= =====================
    Info (332119):     3.807         0.000 inst|altpll_component|pll|clk[0] 
Info (332146): Worst-case minimum pulse width slack is 5.266
    Info (332119):     Slack End Point TNS Clock 
    Info (332119): ========= ============= =====================
    Info (332119):     5.266         0.000 inst|altpll_component|pll|clk[0] 
    Info (332119):     8.333         0.000 clk_in 
    Info (332119):    97.223         0.000 altera_reserved_tck 
Info (332001): The selected device family is not supported by the report_metastability command.
Info: Analyzing Fast Model
Warning (332056): PLL cross checking found inconsistent PLL clock settings:
    Warning (332056): Clock: inst|altpll_component|pll|clk[0] with master clock period: 16.667 found on PLL node: inst|altpll_component|pll|clk[0] does not match the master clock period requirement: 20.000
    Warning (332056): Clock: inst|altpll_component|pll|clk[1] with master clock period: 16.667 found on PLL node: inst|altpll_component|pll|clk[1] does not match the master clock period requirement: 20.000
Info (332146): Worst-case setup slack is 6.927
    Info (332119):     Slack End Point TNS Clock 
    Info (332119): ========= ============= =====================
    Info (332119):     6.927         0.000 inst|altpll_component|pll|clk[0] 
Info (332146): Worst-case hold slack is 0.215
    Info (332119):     Slack End Point TNS Clock 
    Info (332119): ========= ============= =====================
    Info (332119):     0.215         0.000 inst|altpll_component|pll|clk[0] 
Info (332146): Worst-case recovery slack is 6.595
    Info (332119):     Slack End Point TNS Clock 
    Info (332119): ========= ============= =====================
    Info (332119):     6.595         0.000 inst|altpll_component|pll|clk[0] 
Info (332146): Worst-case removal slack is 1.618
    Info (332119):     Slack End Point TNS Clock 
    Info (332119): ========= ============= =====================
    Info (332119):     1.618         0.000 inst|altpll_component|pll|clk[0] 
Info (332146): Worst-case minimum pulse width slack is 6.206
    Info (332119):     Slack End Point TNS Clock 
    Info (332119): ========= ============= =====================
    Info (332119):     6.206         0.000 inst|altpll_component|pll|clk[0] 
    Info (332119):     8.333         0.000 clk_in 
    Info (332119):    97.778         0.000 altera_reserved_tck 
Info (332001): The selected device family is not supported by the report_metastability command.
Info (332102): Design is not fully constrained for setup requirements
Info (332102): Design is not fully constrained for hold requirements
Info: Quartus II 64-Bit TimeQuest Timing Analyzer was successful. 0 errors, 7 warnings
    Info: Peak virtual memory: 4649 megabytes
    Info: Processing ended: Tue Sep 29 13:18:01 2026
    Info: Elapsed time: 00:00:03
    Info: Total CPU time (on all processors): 00:00:03


