TimeQuest Timing Analyzer report for lcd_nios
Tue Sep 29 13:19:07 2026
Quartus II 64-Bit Version 13.0.1 Build 232 06/12/2013 Service Pack 1 SJ Web Edition


---------------------
; Table of Contents ;
---------------------
  1. Legal Notice
  2. TimeQuest Timing Analyzer Summary
  3. Parallel Compilation
  4. SDC File List
  5. Clocks
  6. Slow Model Fmax Summary
  7. Slow Model Setup Summary
  8. Slow Model Hold Summary
  9. Slow Model Recovery Summary
 10. Slow Model Removal Summary
 11. Slow Model Minimum Pulse Width Summary
 12. Slow Model Setup: 'inst|altpll_component|pll|clk[0]'
 13. Slow Model Hold: 'inst|altpll_component|pll|clk[0]'
 14. Slow Model Recovery: 'inst|altpll_component|pll|clk[0]'
 15. Slow Model Removal: 'inst|altpll_component|pll|clk[0]'
 16. Slow Model Minimum Pulse Width: 'inst|altpll_component|pll|clk[0]'
 17. Slow Model Minimum Pulse Width: 'clk_in'
 18. Slow Model Minimum Pulse Width: 'altera_reserved_tck'
 19. Setup Times
 20. Hold Times
 21. Clock to Output Times
 22. Minimum Clock to Output Times
 23. Output Enable Times
 24. Minimum Output Enable Times
 25. Output Disable Times
 26. Minimum Output Disable Times
 27. Fast Model Setup Summary
 28. Fast Model Hold Summary
 29. Fast Model Recovery Summary
 30. Fast Model Removal Summary
 31. Fast Model Minimum Pulse Width Summary
 32. Fast Model Setup: 'inst|altpll_component|pll|clk[0]'
 33. Fast Model Hold: 'inst|altpll_component|pll|clk[0]'
 34. Fast Model Recovery: 'inst|altpll_component|pll|clk[0]'
 35. Fast Model Removal: 'inst|altpll_component|pll|clk[0]'
 36. Fast Model Minimum Pulse Width: 'inst|altpll_component|pll|clk[0]'
 37. Fast Model Minimum Pulse Width: 'clk_in'
 38. Fast Model Minimum Pulse Width: 'altera_reserved_tck'
 39. Setup Times
 40. Hold Times
 41. Clock to Output Times
 42. Minimum Clock to Output Times
 43. Output Enable Times
 44. Minimum Output Enable Times
 45. Output Disable Times
 46. Minimum Output Disable Times
 47. Multicorner Timing Analysis Summary
 48. Setup Times
 49. Hold Times
 50. Clock to Output Times
 51. Minimum Clock to Output Times
 52. Setup Transfers
 53. Hold Transfers
 54. Recovery Transfers
 55. Removal Transfers
 56. Report TCCS
 57. Report RSKM
 58. Unconstrained Paths
 59. TimeQuest Timing Analyzer Messages



----------------
; Legal Notice ;
----------------
Copyright (C) 1991-2013 Altera Corporation
Your use of Altera Corporation's design tools, logic functions 
and other software and tools, and its AMPP partner logic 
functions, and any output files from any of the foregoing 
(including device programming or simulation files), and any 
associated documentation or information are expressly subject 
to the terms and conditions of the Altera Program License 
Subscription Agreement, Altera MegaCore Function License 
Agreement, or other applicable license agreement, including, 
without limitation, that your use is for the sole purpose of 
programming logic devices manufactured by Altera and sold by 
Altera or its authorized distributors.  Please refer to the 
applicable agreement for further details.



+----------------------------------------------------------------------------------------+
; TimeQuest Timing Analyzer Summary                                                      ;
+--------------------+-------------------------------------------------------------------+
; Quartus II Version ; Version 13.0.1 Build 232 06/12/2013 Service Pack 1 SJ Web Edition ;
; Revision Name      ; lcd_nios                                                          ;
; Device Family      ; Cyclone II                                                        ;
; Device Name        ; EP2C5T144C8                                                       ;
; Timing Models      ; Final                                                             ;
; Delay Model        ; Combined                                                          ;
; Rise/Fall Delays   ; Unavailable                                                       ;
+--------------------+-------------------------------------------------------------------+


+------------------------------------------+
; Parallel Compilation                     ;
+----------------------------+-------------+
; Processors                 ; Number      ;
+----------------------------+-------------+
; Number detected on machine ; 6           ;
; Maximum allowed            ; 6           ;
;                            ;             ;
; Average used               ; 1.00        ;
; Maximum used               ; 2           ;
;                            ;             ;
; Usage by Processor         ; % Time Used ;
;     Processor 1            ; 100.0%      ;
;     Processor 2            ; < 0.1%      ;
;     Processors 3-6         ;   0.0%      ;
+----------------------------+-------------+


+-------------------------------------------------------------------------------------------+
; SDC File List                                                                             ;
+-------------------------------------------------------+--------+--------------------------+
; SDC File Path                                         ; Status ; Read at                  ;
+-------------------------------------------------------+--------+--------------------------+
; lcd_nios.sdc                                          ; OK     ; Tue Sep 29 13:19:06 2026 ;
; SOPC/synthesis/submodules/altera_reset_controller.sdc ; OK     ; Tue Sep 29 13:19:06 2026 ;
; SOPC/synthesis/submodules/SOPC_cpu.sdc                ; OK     ; Tue Sep 29 13:19:06 2026 ;
+-------------------------------------------------------+--------+--------------------------+


+------------------------------------------------------------------------------------------------------------------------------------------------------------------------------------------------------------------------------------------------------------------------+
; Clocks                                                                                                                                                                                                                                                                 ;
+----------------------------------+-----------+---------+-----------+--------+--------+------------+-----------+-------------+--------+--------+-----------+------------+----------+--------+------------------------------------+--------------------------------------+
; Clock Name                       ; Type      ; Period  ; Frequency ; Rise   ; Fall   ; Duty Cycle ; Divide by ; Multiply by ; Phase  ; Offset ; Edge List ; Edge Shift ; Inverted ; Master ; Source                             ; Targets                              ;
+----------------------------------+-----------+---------+-----------+--------+--------+------------+-----------+-------------+--------+--------+-----------+------------+----------+--------+------------------------------------+--------------------------------------+
; altera_reserved_tck              ; Base      ; 100.000 ; 10.0 MHz  ; 0.000  ; 50.000 ;            ;           ;             ;        ;        ;           ;            ;          ;        ;                                    ; { altera_reserved_tck }              ;
; clk_in                           ; Base      ; 13.333  ; 75.0 MHz  ; 0.000  ; 6.666  ;            ;           ;             ;        ;        ;           ;            ;          ;        ;                                    ; { CLK }                              ;
; inst|altpll_component|pll|clk[0] ; Generated ; 13.333  ; 75.0 MHz  ; 0.000  ; 6.666  ; 50.00      ; 1         ; 1           ;        ;        ;           ;            ; false    ; clk_in ; inst|altpll_component|pll|inclk[0] ; { inst|altpll_component|pll|clk[0] } ;
; inst|altpll_component|pll|clk[1] ; Generated ; 13.333  ; 75.0 MHz  ; -3.703 ; 2.963  ; 50.00      ; 1         ; 1           ; -100.0 ;        ;           ;            ; false    ; clk_in ; inst|altpll_component|pll|inclk[0] ; { inst|altpll_component|pll|clk[1] } ;
+----------------------------------+-----------+---------+-----------+--------+--------+------------+-----------+-------------+--------+--------+-----------+------------+----------+--------+------------------------------------+--------------------------------------+


+-----------------------------------------------------------------------+
; Slow Model Fmax Summary                                               ;
+-----------+-----------------+----------------------------------+------+
; Fmax      ; Restricted Fmax ; Clock Name                       ; Note ;
+-----------+-----------------+----------------------------------+------+
; 85.36 MHz ; 85.36 MHz       ; inst|altpll_component|pll|clk[0] ;      ;
+-----------+-----------------+----------------------------------+------+
This panel reports FMAX for every clock in the design, regardless of the user-specified clock periods.  FMAX is only computed for paths where the source and destination registers or ports are driven by the same clock.  Paths of different clocks, including generated clocks, are ignored.  For paths between a clock and its inversion, FMAX is computed as if the rising and falling edges are scaled along with FMAX, such that the duty cycle (in terms of a percentage) is maintained. Altera recommends that you always use clock constraints and other slack reports for sign-off analysis.


+----------------------------------------------------------+
; Slow Model Setup Summary                                 ;
+----------------------------------+-------+---------------+
; Clock                            ; Slack ; End Point TNS ;
+----------------------------------+-------+---------------+
; inst|altpll_component|pll|clk[0] ; 1.618 ; 0.000         ;
+----------------------------------+-------+---------------+


+----------------------------------------------------------+
; Slow Model Hold Summary                                  ;
+----------------------------------+-------+---------------+
; Clock                            ; Slack ; End Point TNS ;
+----------------------------------+-------+---------------+
; inst|altpll_component|pll|clk[0] ; 0.499 ; 0.000         ;
+----------------------------------+-------+---------------+


+----------------------------------------------------------+
; Slow Model Recovery Summary                              ;
+----------------------------------+-------+---------------+
; Clock                            ; Slack ; End Point TNS ;
+----------------------------------+-------+---------------+
; inst|altpll_component|pll|clk[0] ; 2.841 ; 0.000         ;
+----------------------------------+-------+---------------+


+----------------------------------------------------------+
; Slow Model Removal Summary                               ;
+----------------------------------+-------+---------------+
; Clock                            ; Slack ; End Point TNS ;
+----------------------------------+-------+---------------+
; inst|altpll_component|pll|clk[0] ; 3.008 ; 0.000         ;
+----------------------------------+-------+---------------+


+-----------------------------------------------------------+
; Slow Model Minimum Pulse Width Summary                    ;
+----------------------------------+--------+---------------+
; Clock                            ; Slack  ; End Point TNS ;
+----------------------------------+--------+---------------+
; inst|altpll_component|pll|clk[0] ; 3.599  ; 0.000         ;
; clk_in                           ; 6.666  ; 0.000         ;
; altera_reserved_tck              ; 97.223 ; 0.000         ;
+----------------------------------+--------+---------------+


+--------------------------------------------------------------------------------------------------------------------------------------------------------------------------------------------------------------------------------------------------------------------------+
; Slow Model Setup: 'inst|altpll_component|pll|clk[0]'                                                                                                                                                                                                                     ;
+-------+-----------------------------------------+---------------------------------------------------------------------------------------------------------+----------------------------------+----------------------------------+--------------+------------+------------+
; Slack ; From Node                               ; To Node                                                                                                 ; Launch Clock                     ; Latch Clock                      ; Relationship ; Clock Skew ; Data Delay ;
+-------+-----------------------------------------+---------------------------------------------------------------------------------------------------------+----------------------------------+----------------------------------+--------------+------------+------------+
; 1.618 ; SOPC:inst2|SOPC_cpu:cpu|A_mem_baddr[22] ; SOPC:inst2|SOPC_sdram:sdram|SOPC_sdram_input_efifo_module:the_SOPC_sdram_input_efifo_module|entry_0[31] ; inst|altpll_component|pll|clk[0] ; inst|altpll_component|pll|clk[0] ; 13.333       ; 0.016      ; 11.771     ;
; 1.651 ; SOPC:inst2|SOPC_cpu:cpu|A_mem_baddr[19] ; SOPC:inst2|SOPC_sdram:sdram|SOPC_sdram_input_efifo_module:the_SOPC_sdram_input_efifo_module|entry_0[31] ; inst|altpll_component|pll|clk[0] ; inst|altpll_component|pll|clk[0] ; 13.333       ; 0.016      ; 11.738     ;
; 1.701 ; SOPC:inst2|SOPC_cpu:cpu|A_mem_baddr[22] ; SOPC:inst2|SOPC_sdram:sdram|SOPC_sdram_input_efifo_module:the_SOPC_sdram_input_efifo_module|entry_0[38] ; inst|altpll_component|pll|clk[0] ; inst|altpll_component|pll|clk[0] ; 13.333       ; 0.016      ; 11.688     ;
; 1.734 ; SOPC:inst2|SOPC_cpu:cpu|A_mem_baddr[19] ; SOPC:inst2|SOPC_sdram:sdram|SOPC_sdram_input_efifo_module:the_SOPC_sdram_input_efifo_module|entry_0[38] ; inst|altpll_component|pll|clk[0] ; inst|altpll_component|pll|clk[0] ; 13.333       ; 0.016      ; 11.655     ;
; 1.747 ; SOPC:inst2|SOPC_cpu:cpu|A_mem_baddr[22] ; SOPC:inst2|altera_merlin_traffic_limiter:limiter|pending_response_count[1]                              ; inst|altpll_component|pll|clk[0] ; inst|altpll_component|pll|clk[0] ; 13.333       ; 0.006      ; 11.632     ;
; 1.747 ; SOPC:inst2|SOPC_cpu:cpu|A_mem_baddr[22] ; SOPC:inst2|altera_merlin_traffic_limiter:limiter|pending_response_count[2]                              ; inst|altpll_component|pll|clk[0] ; inst|altpll_component|pll|clk[0] ; 13.333       ; 0.006      ; 11.632     ;
; 1.747 ; SOPC:inst2|SOPC_cpu:cpu|A_mem_baddr[22] ; SOPC:inst2|altera_merlin_traffic_limiter:limiter|pending_response_count[3]                              ; inst|altpll_component|pll|clk[0] ; inst|altpll_component|pll|clk[0] ; 13.333       ; 0.006      ; 11.632     ;
; 1.780 ; SOPC:inst2|SOPC_cpu:cpu|A_mem_baddr[19] ; SOPC:inst2|altera_merlin_traffic_limiter:limiter|pending_response_count[1]                              ; inst|altpll_component|pll|clk[0] ; inst|altpll_component|pll|clk[0] ; 13.333       ; 0.006      ; 11.599     ;
; 1.780 ; SOPC:inst2|SOPC_cpu:cpu|A_mem_baddr[19] ; SOPC:inst2|altera_merlin_traffic_limiter:limiter|pending_response_count[2]                              ; inst|altpll_component|pll|clk[0] ; inst|altpll_component|pll|clk[0] ; 13.333       ; 0.006      ; 11.599     ;
; 1.780 ; SOPC:inst2|SOPC_cpu:cpu|A_mem_baddr[19] ; SOPC:inst2|altera_merlin_traffic_limiter:limiter|pending_response_count[3]                              ; inst|altpll_component|pll|clk[0] ; inst|altpll_component|pll|clk[0] ; 13.333       ; 0.006      ; 11.599     ;
; 1.810 ; SOPC:inst2|SOPC_cpu:cpu|A_mem_baddr[20] ; SOPC:inst2|SOPC_sdram:sdram|SOPC_sdram_input_efifo_module:the_SOPC_sdram_input_efifo_module|entry_0[31] ; inst|altpll_component|pll|clk[0] ; inst|altpll_component|pll|clk[0] ; 13.333       ; 0.016      ; 11.579     ;
; 1.863 ; SOPC:inst2|SOPC_cpu:cpu|A_mem_baddr[14] ; SOPC:inst2|SOPC_sdram:sdram|SOPC_sdram_input_efifo_module:the_SOPC_sdram_input_efifo_module|entry_0[31] ; inst|altpll_component|pll|clk[0] ; inst|altpll_component|pll|clk[0] ; 13.333       ; 0.019      ; 11.529     ;
; 1.875 ; SOPC:inst2|SOPC_cpu:cpu|A_mem_baddr[22] ; SOPC:inst2|SOPC_sdram:sdram|SOPC_sdram_input_efifo_module:the_SOPC_sdram_input_efifo_module|entry_0[27] ; inst|altpll_component|pll|clk[0] ; inst|altpll_component|pll|clk[0] ; 13.333       ; 0.023      ; 11.521     ;
; 1.875 ; SOPC:inst2|SOPC_cpu:cpu|A_mem_baddr[22] ; SOPC:inst2|SOPC_sdram:sdram|SOPC_sdram_input_efifo_module:the_SOPC_sdram_input_efifo_module|entry_1[27] ; inst|altpll_component|pll|clk[0] ; inst|altpll_component|pll|clk[0] ; 13.333       ; 0.023      ; 11.521     ;
; 1.880 ; SOPC:inst2|SOPC_cpu:cpu|A_mem_baddr[22] ; SOPC:inst2|SOPC_sdram:sdram|SOPC_sdram_input_efifo_module:the_SOPC_sdram_input_efifo_module|entry_1[14] ; inst|altpll_component|pll|clk[0] ; inst|altpll_component|pll|clk[0] ; 13.333       ; 0.011      ; 11.504     ;
; 1.880 ; SOPC:inst2|SOPC_cpu:cpu|A_mem_baddr[22] ; SOPC:inst2|SOPC_sdram:sdram|SOPC_sdram_input_efifo_module:the_SOPC_sdram_input_efifo_module|entry_1[36] ; inst|altpll_component|pll|clk[0] ; inst|altpll_component|pll|clk[0] ; 13.333       ; 0.011      ; 11.504     ;
; 1.880 ; SOPC:inst2|SOPC_cpu:cpu|A_mem_baddr[22] ; SOPC:inst2|SOPC_sdram:sdram|SOPC_sdram_input_efifo_module:the_SOPC_sdram_input_efifo_module|entry_1[33] ; inst|altpll_component|pll|clk[0] ; inst|altpll_component|pll|clk[0] ; 13.333       ; 0.011      ; 11.504     ;
; 1.880 ; SOPC:inst2|SOPC_cpu:cpu|A_mem_baddr[22] ; SOPC:inst2|SOPC_sdram:sdram|SOPC_sdram_input_efifo_module:the_SOPC_sdram_input_efifo_module|entry_1[34] ; inst|altpll_component|pll|clk[0] ; inst|altpll_component|pll|clk[0] ; 13.333       ; 0.011      ; 11.504     ;
; 1.880 ; SOPC:inst2|SOPC_cpu:cpu|A_mem_baddr[22] ; SOPC:inst2|SOPC_sdram:sdram|SOPC_sdram_input_efifo_module:the_SOPC_sdram_input_efifo_module|entry_1[39] ; inst|altpll_component|pll|clk[0] ; inst|altpll_component|pll|clk[0] ; 13.333       ; 0.011      ; 11.504     ;
; 1.880 ; SOPC:inst2|SOPC_cpu:cpu|A_mem_baddr[22] ; SOPC:inst2|SOPC_sdram:sdram|SOPC_sdram_input_efifo_module:the_SOPC_sdram_input_efifo_module|entry_1[40] ; inst|altpll_component|pll|clk[0] ; inst|altpll_component|pll|clk[0] ; 13.333       ; 0.011      ; 11.504     ;
; 1.880 ; SOPC:inst2|SOPC_cpu:cpu|A_mem_baddr[22] ; SOPC:inst2|SOPC_sdram:sdram|SOPC_sdram_input_efifo_module:the_SOPC_sdram_input_efifo_module|entry_1[29] ; inst|altpll_component|pll|clk[0] ; inst|altpll_component|pll|clk[0] ; 13.333       ; 0.011      ; 11.504     ;
; 1.880 ; SOPC:inst2|SOPC_cpu:cpu|A_mem_baddr[22] ; SOPC:inst2|SOPC_sdram:sdram|SOPC_sdram_input_efifo_module:the_SOPC_sdram_input_efifo_module|entry_1[25] ; inst|altpll_component|pll|clk[0] ; inst|altpll_component|pll|clk[0] ; 13.333       ; 0.011      ; 11.504     ;
; 1.893 ; SOPC:inst2|SOPC_cpu:cpu|A_mem_baddr[20] ; SOPC:inst2|SOPC_sdram:sdram|SOPC_sdram_input_efifo_module:the_SOPC_sdram_input_efifo_module|entry_0[38] ; inst|altpll_component|pll|clk[0] ; inst|altpll_component|pll|clk[0] ; 13.333       ; 0.016      ; 11.496     ;
; 1.894 ; SOPC:inst2|SOPC_cpu:cpu|A_mem_baddr[22] ; SOPC:inst2|SOPC_sdram:sdram|SOPC_sdram_input_efifo_module:the_SOPC_sdram_input_efifo_module|entry_0[16] ; inst|altpll_component|pll|clk[0] ; inst|altpll_component|pll|clk[0] ; 13.333       ; 0.023      ; 11.502     ;
; 1.906 ; SOPC:inst2|SOPC_cpu:cpu|A_mem_baddr[22] ; SOPC:inst2|SOPC_cpu:cpu|ic_fill_ap_offset[1]                                                            ; inst|altpll_component|pll|clk[0] ; inst|altpll_component|pll|clk[0] ; 13.333       ; 0.005      ; 11.472     ;
; 1.906 ; SOPC:inst2|SOPC_cpu:cpu|A_mem_baddr[22] ; SOPC:inst2|SOPC_cpu:cpu|ic_fill_ap_offset[2]                                                            ; inst|altpll_component|pll|clk[0] ; inst|altpll_component|pll|clk[0] ; 13.333       ; 0.005      ; 11.472     ;
; 1.906 ; SOPC:inst2|SOPC_cpu:cpu|A_mem_baddr[22] ; SOPC:inst2|SOPC_cpu:cpu|ic_fill_ap_offset[0]                                                            ; inst|altpll_component|pll|clk[0] ; inst|altpll_component|pll|clk[0] ; 13.333       ; 0.005      ; 11.472     ;
; 1.906 ; SOPC:inst2|SOPC_cpu:cpu|A_mem_baddr[22] ; SOPC:inst2|SOPC_cpu:cpu|ic_fill_ap_cnt[0]                                                               ; inst|altpll_component|pll|clk[0] ; inst|altpll_component|pll|clk[0] ; 13.333       ; 0.005      ; 11.472     ;
; 1.906 ; SOPC:inst2|SOPC_cpu:cpu|A_mem_baddr[22] ; SOPC:inst2|SOPC_cpu:cpu|ic_fill_ap_cnt[1]                                                               ; inst|altpll_component|pll|clk[0] ; inst|altpll_component|pll|clk[0] ; 13.333       ; 0.005      ; 11.472     ;
; 1.906 ; SOPC:inst2|SOPC_cpu:cpu|A_mem_baddr[22] ; SOPC:inst2|SOPC_cpu:cpu|ic_fill_ap_cnt[2]                                                               ; inst|altpll_component|pll|clk[0] ; inst|altpll_component|pll|clk[0] ; 13.333       ; 0.005      ; 11.472     ;
; 1.906 ; SOPC:inst2|SOPC_cpu:cpu|A_mem_baddr[22] ; SOPC:inst2|SOPC_cpu:cpu|ic_fill_ap_cnt[3]                                                               ; inst|altpll_component|pll|clk[0] ; inst|altpll_component|pll|clk[0] ; 13.333       ; 0.005      ; 11.472     ;
; 1.907 ; SOPC:inst2|SOPC_cpu:cpu|A_mem_baddr[22] ; SOPC:inst2|SOPC_sdram:sdram|SOPC_sdram_input_efifo_module:the_SOPC_sdram_input_efifo_module|entry_0[37] ; inst|altpll_component|pll|clk[0] ; inst|altpll_component|pll|clk[0] ; 13.333       ; 0.016      ; 11.482     ;
; 1.907 ; SOPC:inst2|SOPC_cpu:cpu|A_mem_baddr[22] ; SOPC:inst2|SOPC_sdram:sdram|SOPC_sdram_input_efifo_module:the_SOPC_sdram_input_efifo_module|entry_0[30] ; inst|altpll_component|pll|clk[0] ; inst|altpll_component|pll|clk[0] ; 13.333       ; 0.016      ; 11.482     ;
; 1.907 ; SOPC:inst2|SOPC_cpu:cpu|A_mem_baddr[22] ; SOPC:inst2|SOPC_sdram:sdram|SOPC_sdram_input_efifo_module:the_SOPC_sdram_input_efifo_module|entry_0[32] ; inst|altpll_component|pll|clk[0] ; inst|altpll_component|pll|clk[0] ; 13.333       ; 0.016      ; 11.482     ;
; 1.907 ; SOPC:inst2|SOPC_cpu:cpu|A_mem_baddr[22] ; SOPC:inst2|SOPC_sdram:sdram|SOPC_sdram_input_efifo_module:the_SOPC_sdram_input_efifo_module|entry_0[28] ; inst|altpll_component|pll|clk[0] ; inst|altpll_component|pll|clk[0] ; 13.333       ; 0.016      ; 11.482     ;
; 1.907 ; SOPC:inst2|SOPC_cpu:cpu|A_mem_baddr[22] ; SOPC:inst2|SOPC_sdram:sdram|SOPC_sdram_input_efifo_module:the_SOPC_sdram_input_efifo_module|entry_0[41] ; inst|altpll_component|pll|clk[0] ; inst|altpll_component|pll|clk[0] ; 13.333       ; 0.016      ; 11.482     ;
; 1.908 ; SOPC:inst2|SOPC_cpu:cpu|A_mem_baddr[19] ; SOPC:inst2|SOPC_sdram:sdram|SOPC_sdram_input_efifo_module:the_SOPC_sdram_input_efifo_module|entry_0[27] ; inst|altpll_component|pll|clk[0] ; inst|altpll_component|pll|clk[0] ; 13.333       ; 0.023      ; 11.488     ;
; 1.908 ; SOPC:inst2|SOPC_cpu:cpu|A_mem_baddr[19] ; SOPC:inst2|SOPC_sdram:sdram|SOPC_sdram_input_efifo_module:the_SOPC_sdram_input_efifo_module|entry_1[27] ; inst|altpll_component|pll|clk[0] ; inst|altpll_component|pll|clk[0] ; 13.333       ; 0.023      ; 11.488     ;
; 1.913 ; SOPC:inst2|SOPC_cpu:cpu|A_mem_baddr[19] ; SOPC:inst2|SOPC_sdram:sdram|SOPC_sdram_input_efifo_module:the_SOPC_sdram_input_efifo_module|entry_1[14] ; inst|altpll_component|pll|clk[0] ; inst|altpll_component|pll|clk[0] ; 13.333       ; 0.011      ; 11.471     ;
; 1.913 ; SOPC:inst2|SOPC_cpu:cpu|A_mem_baddr[19] ; SOPC:inst2|SOPC_sdram:sdram|SOPC_sdram_input_efifo_module:the_SOPC_sdram_input_efifo_module|entry_1[36] ; inst|altpll_component|pll|clk[0] ; inst|altpll_component|pll|clk[0] ; 13.333       ; 0.011      ; 11.471     ;
; 1.913 ; SOPC:inst2|SOPC_cpu:cpu|A_mem_baddr[19] ; SOPC:inst2|SOPC_sdram:sdram|SOPC_sdram_input_efifo_module:the_SOPC_sdram_input_efifo_module|entry_1[33] ; inst|altpll_component|pll|clk[0] ; inst|altpll_component|pll|clk[0] ; 13.333       ; 0.011      ; 11.471     ;
; 1.913 ; SOPC:inst2|SOPC_cpu:cpu|A_mem_baddr[19] ; SOPC:inst2|SOPC_sdram:sdram|SOPC_sdram_input_efifo_module:the_SOPC_sdram_input_efifo_module|entry_1[34] ; inst|altpll_component|pll|clk[0] ; inst|altpll_component|pll|clk[0] ; 13.333       ; 0.011      ; 11.471     ;
; 1.913 ; SOPC:inst2|SOPC_cpu:cpu|A_mem_baddr[19] ; SOPC:inst2|SOPC_sdram:sdram|SOPC_sdram_input_efifo_module:the_SOPC_sdram_input_efifo_module|entry_1[39] ; inst|altpll_component|pll|clk[0] ; inst|altpll_component|pll|clk[0] ; 13.333       ; 0.011      ; 11.471     ;
; 1.913 ; SOPC:inst2|SOPC_cpu:cpu|A_mem_baddr[19] ; SOPC:inst2|SOPC_sdram:sdram|SOPC_sdram_input_efifo_module:the_SOPC_sdram_input_efifo_module|entry_1[40] ; inst|altpll_component|pll|clk[0] ; inst|altpll_component|pll|clk[0] ; 13.333       ; 0.011      ; 11.471     ;
; 1.913 ; SOPC:inst2|SOPC_cpu:cpu|A_mem_baddr[19] ; SOPC:inst2|SOPC_sdram:sdram|SOPC_sdram_input_efifo_module:the_SOPC_sdram_input_efifo_module|entry_1[29] ; inst|altpll_component|pll|clk[0] ; inst|altpll_component|pll|clk[0] ; 13.333       ; 0.011      ; 11.471     ;
; 1.913 ; SOPC:inst2|SOPC_cpu:cpu|A_mem_baddr[19] ; SOPC:inst2|SOPC_sdram:sdram|SOPC_sdram_input_efifo_module:the_SOPC_sdram_input_efifo_module|entry_1[25] ; inst|altpll_component|pll|clk[0] ; inst|altpll_component|pll|clk[0] ; 13.333       ; 0.011      ; 11.471     ;
; 1.916 ; SOPC:inst2|SOPC_cpu:cpu|A_mem_baddr[22] ; SOPC:inst2|SOPC_sdram:sdram|SOPC_sdram_input_efifo_module:the_SOPC_sdram_input_efifo_module|entry_1[16] ; inst|altpll_component|pll|clk[0] ; inst|altpll_component|pll|clk[0] ; 13.333       ; 0.023      ; 11.480     ;
; 1.927 ; SOPC:inst2|SOPC_cpu:cpu|A_mem_baddr[19] ; SOPC:inst2|SOPC_sdram:sdram|SOPC_sdram_input_efifo_module:the_SOPC_sdram_input_efifo_module|entry_0[16] ; inst|altpll_component|pll|clk[0] ; inst|altpll_component|pll|clk[0] ; 13.333       ; 0.023      ; 11.469     ;
; 1.939 ; SOPC:inst2|SOPC_cpu:cpu|A_mem_baddr[20] ; SOPC:inst2|altera_merlin_traffic_limiter:limiter|pending_response_count[1]                              ; inst|altpll_component|pll|clk[0] ; inst|altpll_component|pll|clk[0] ; 13.333       ; 0.006      ; 11.440     ;
; 1.939 ; SOPC:inst2|SOPC_cpu:cpu|A_mem_baddr[20] ; SOPC:inst2|altera_merlin_traffic_limiter:limiter|pending_response_count[2]                              ; inst|altpll_component|pll|clk[0] ; inst|altpll_component|pll|clk[0] ; 13.333       ; 0.006      ; 11.440     ;
; 1.939 ; SOPC:inst2|SOPC_cpu:cpu|A_mem_baddr[20] ; SOPC:inst2|altera_merlin_traffic_limiter:limiter|pending_response_count[3]                              ; inst|altpll_component|pll|clk[0] ; inst|altpll_component|pll|clk[0] ; 13.333       ; 0.006      ; 11.440     ;
; 1.939 ; SOPC:inst2|SOPC_cpu:cpu|A_mem_baddr[19] ; SOPC:inst2|SOPC_cpu:cpu|ic_fill_ap_offset[1]                                                            ; inst|altpll_component|pll|clk[0] ; inst|altpll_component|pll|clk[0] ; 13.333       ; 0.005      ; 11.439     ;
; 1.939 ; SOPC:inst2|SOPC_cpu:cpu|A_mem_baddr[19] ; SOPC:inst2|SOPC_cpu:cpu|ic_fill_ap_offset[2]                                                            ; inst|altpll_component|pll|clk[0] ; inst|altpll_component|pll|clk[0] ; 13.333       ; 0.005      ; 11.439     ;
; 1.939 ; SOPC:inst2|SOPC_cpu:cpu|A_mem_baddr[19] ; SOPC:inst2|SOPC_cpu:cpu|ic_fill_ap_offset[0]                                                            ; inst|altpll_component|pll|clk[0] ; inst|altpll_component|pll|clk[0] ; 13.333       ; 0.005      ; 11.439     ;
; 1.939 ; SOPC:inst2|SOPC_cpu:cpu|A_mem_baddr[19] ; SOPC:inst2|SOPC_cpu:cpu|ic_fill_ap_cnt[0]                                                               ; inst|altpll_component|pll|clk[0] ; inst|altpll_component|pll|clk[0] ; 13.333       ; 0.005      ; 11.439     ;
; 1.939 ; SOPC:inst2|SOPC_cpu:cpu|A_mem_baddr[19] ; SOPC:inst2|SOPC_cpu:cpu|ic_fill_ap_cnt[1]                                                               ; inst|altpll_component|pll|clk[0] ; inst|altpll_component|pll|clk[0] ; 13.333       ; 0.005      ; 11.439     ;
; 1.939 ; SOPC:inst2|SOPC_cpu:cpu|A_mem_baddr[19] ; SOPC:inst2|SOPC_cpu:cpu|ic_fill_ap_cnt[2]                                                               ; inst|altpll_component|pll|clk[0] ; inst|altpll_component|pll|clk[0] ; 13.333       ; 0.005      ; 11.439     ;
; 1.939 ; SOPC:inst2|SOPC_cpu:cpu|A_mem_baddr[19] ; SOPC:inst2|SOPC_cpu:cpu|ic_fill_ap_cnt[3]                                                               ; inst|altpll_component|pll|clk[0] ; inst|altpll_component|pll|clk[0] ; 13.333       ; 0.005      ; 11.439     ;
; 1.940 ; SOPC:inst2|SOPC_cpu:cpu|A_mem_baddr[22] ; SOPC:inst2|SOPC_sdram:sdram|SOPC_sdram_input_efifo_module:the_SOPC_sdram_input_efifo_module|entry_1[10] ; inst|altpll_component|pll|clk[0] ; inst|altpll_component|pll|clk[0] ; 13.333       ; 0.002      ; 11.435     ;
; 1.940 ; SOPC:inst2|SOPC_cpu:cpu|A_mem_baddr[22] ; SOPC:inst2|SOPC_sdram:sdram|SOPC_sdram_input_efifo_module:the_SOPC_sdram_input_efifo_module|entry_1[15] ; inst|altpll_component|pll|clk[0] ; inst|altpll_component|pll|clk[0] ; 13.333       ; 0.002      ; 11.435     ;
; 1.940 ; SOPC:inst2|SOPC_cpu:cpu|A_mem_baddr[22] ; SOPC:inst2|SOPC_sdram:sdram|SOPC_sdram_input_efifo_module:the_SOPC_sdram_input_efifo_module|entry_1[4]  ; inst|altpll_component|pll|clk[0] ; inst|altpll_component|pll|clk[0] ; 13.333       ; 0.002      ; 11.435     ;
; 1.940 ; SOPC:inst2|SOPC_cpu:cpu|A_mem_baddr[22] ; SOPC:inst2|SOPC_sdram:sdram|SOPC_sdram_input_efifo_module:the_SOPC_sdram_input_efifo_module|entry_1[11] ; inst|altpll_component|pll|clk[0] ; inst|altpll_component|pll|clk[0] ; 13.333       ; 0.002      ; 11.435     ;
; 1.940 ; SOPC:inst2|SOPC_cpu:cpu|A_mem_baddr[22] ; SOPC:inst2|SOPC_sdram:sdram|SOPC_sdram_input_efifo_module:the_SOPC_sdram_input_efifo_module|entry_1[8]  ; inst|altpll_component|pll|clk[0] ; inst|altpll_component|pll|clk[0] ; 13.333       ; 0.002      ; 11.435     ;
; 1.940 ; SOPC:inst2|SOPC_cpu:cpu|A_mem_baddr[22] ; SOPC:inst2|SOPC_sdram:sdram|SOPC_sdram_input_efifo_module:the_SOPC_sdram_input_efifo_module|entry_1[12] ; inst|altpll_component|pll|clk[0] ; inst|altpll_component|pll|clk[0] ; 13.333       ; 0.002      ; 11.435     ;
; 1.940 ; SOPC:inst2|SOPC_cpu:cpu|A_mem_baddr[22] ; SOPC:inst2|SOPC_sdram:sdram|SOPC_sdram_input_efifo_module:the_SOPC_sdram_input_efifo_module|entry_1[9]  ; inst|altpll_component|pll|clk[0] ; inst|altpll_component|pll|clk[0] ; 13.333       ; 0.002      ; 11.435     ;
; 1.940 ; SOPC:inst2|SOPC_cpu:cpu|A_mem_baddr[22] ; SOPC:inst2|SOPC_sdram:sdram|SOPC_sdram_input_efifo_module:the_SOPC_sdram_input_efifo_module|entry_1[5]  ; inst|altpll_component|pll|clk[0] ; inst|altpll_component|pll|clk[0] ; 13.333       ; 0.002      ; 11.435     ;
; 1.940 ; SOPC:inst2|SOPC_cpu:cpu|A_mem_baddr[22] ; SOPC:inst2|SOPC_sdram:sdram|SOPC_sdram_input_efifo_module:the_SOPC_sdram_input_efifo_module|entry_1[21] ; inst|altpll_component|pll|clk[0] ; inst|altpll_component|pll|clk[0] ; 13.333       ; 0.002      ; 11.435     ;
; 1.940 ; SOPC:inst2|SOPC_cpu:cpu|A_mem_baddr[19] ; SOPC:inst2|SOPC_sdram:sdram|SOPC_sdram_input_efifo_module:the_SOPC_sdram_input_efifo_module|entry_0[37] ; inst|altpll_component|pll|clk[0] ; inst|altpll_component|pll|clk[0] ; 13.333       ; 0.016      ; 11.449     ;
; 1.940 ; SOPC:inst2|SOPC_cpu:cpu|A_mem_baddr[19] ; SOPC:inst2|SOPC_sdram:sdram|SOPC_sdram_input_efifo_module:the_SOPC_sdram_input_efifo_module|entry_0[30] ; inst|altpll_component|pll|clk[0] ; inst|altpll_component|pll|clk[0] ; 13.333       ; 0.016      ; 11.449     ;
; 1.940 ; SOPC:inst2|SOPC_cpu:cpu|A_mem_baddr[19] ; SOPC:inst2|SOPC_sdram:sdram|SOPC_sdram_input_efifo_module:the_SOPC_sdram_input_efifo_module|entry_0[32] ; inst|altpll_component|pll|clk[0] ; inst|altpll_component|pll|clk[0] ; 13.333       ; 0.016      ; 11.449     ;
; 1.940 ; SOPC:inst2|SOPC_cpu:cpu|A_mem_baddr[19] ; SOPC:inst2|SOPC_sdram:sdram|SOPC_sdram_input_efifo_module:the_SOPC_sdram_input_efifo_module|entry_0[28] ; inst|altpll_component|pll|clk[0] ; inst|altpll_component|pll|clk[0] ; 13.333       ; 0.016      ; 11.449     ;
; 1.940 ; SOPC:inst2|SOPC_cpu:cpu|A_mem_baddr[19] ; SOPC:inst2|SOPC_sdram:sdram|SOPC_sdram_input_efifo_module:the_SOPC_sdram_input_efifo_module|entry_0[41] ; inst|altpll_component|pll|clk[0] ; inst|altpll_component|pll|clk[0] ; 13.333       ; 0.016      ; 11.449     ;
; 1.946 ; SOPC:inst2|SOPC_cpu:cpu|A_mem_baddr[14] ; SOPC:inst2|SOPC_sdram:sdram|SOPC_sdram_input_efifo_module:the_SOPC_sdram_input_efifo_module|entry_0[38] ; inst|altpll_component|pll|clk[0] ; inst|altpll_component|pll|clk[0] ; 13.333       ; 0.019      ; 11.446     ;
; 1.949 ; SOPC:inst2|SOPC_cpu:cpu|A_mem_baddr[19] ; SOPC:inst2|SOPC_sdram:sdram|SOPC_sdram_input_efifo_module:the_SOPC_sdram_input_efifo_module|entry_1[16] ; inst|altpll_component|pll|clk[0] ; inst|altpll_component|pll|clk[0] ; 13.333       ; 0.023      ; 11.447     ;
; 1.973 ; SOPC:inst2|SOPC_cpu:cpu|A_mem_baddr[19] ; SOPC:inst2|SOPC_sdram:sdram|SOPC_sdram_input_efifo_module:the_SOPC_sdram_input_efifo_module|entry_1[10] ; inst|altpll_component|pll|clk[0] ; inst|altpll_component|pll|clk[0] ; 13.333       ; 0.002      ; 11.402     ;
; 1.973 ; SOPC:inst2|SOPC_cpu:cpu|A_mem_baddr[19] ; SOPC:inst2|SOPC_sdram:sdram|SOPC_sdram_input_efifo_module:the_SOPC_sdram_input_efifo_module|entry_1[15] ; inst|altpll_component|pll|clk[0] ; inst|altpll_component|pll|clk[0] ; 13.333       ; 0.002      ; 11.402     ;
; 1.973 ; SOPC:inst2|SOPC_cpu:cpu|A_mem_baddr[19] ; SOPC:inst2|SOPC_sdram:sdram|SOPC_sdram_input_efifo_module:the_SOPC_sdram_input_efifo_module|entry_1[4]  ; inst|altpll_component|pll|clk[0] ; inst|altpll_component|pll|clk[0] ; 13.333       ; 0.002      ; 11.402     ;
; 1.973 ; SOPC:inst2|SOPC_cpu:cpu|A_mem_baddr[19] ; SOPC:inst2|SOPC_sdram:sdram|SOPC_sdram_input_efifo_module:the_SOPC_sdram_input_efifo_module|entry_1[11] ; inst|altpll_component|pll|clk[0] ; inst|altpll_component|pll|clk[0] ; 13.333       ; 0.002      ; 11.402     ;
; 1.973 ; SOPC:inst2|SOPC_cpu:cpu|A_mem_baddr[19] ; SOPC:inst2|SOPC_sdram:sdram|SOPC_sdram_input_efifo_module:the_SOPC_sdram_input_efifo_module|entry_1[8]  ; inst|altpll_component|pll|clk[0] ; inst|altpll_component|pll|clk[0] ; 13.333       ; 0.002      ; 11.402     ;
; 1.973 ; SOPC:inst2|SOPC_cpu:cpu|A_mem_baddr[19] ; SOPC:inst2|SOPC_sdram:sdram|SOPC_sdram_input_efifo_module:the_SOPC_sdram_input_efifo_module|entry_1[12] ; inst|altpll_component|pll|clk[0] ; inst|altpll_component|pll|clk[0] ; 13.333       ; 0.002      ; 11.402     ;
; 1.973 ; SOPC:inst2|SOPC_cpu:cpu|A_mem_baddr[19] ; SOPC:inst2|SOPC_sdram:sdram|SOPC_sdram_input_efifo_module:the_SOPC_sdram_input_efifo_module|entry_1[9]  ; inst|altpll_component|pll|clk[0] ; inst|altpll_component|pll|clk[0] ; 13.333       ; 0.002      ; 11.402     ;
; 1.973 ; SOPC:inst2|SOPC_cpu:cpu|A_mem_baddr[19] ; SOPC:inst2|SOPC_sdram:sdram|SOPC_sdram_input_efifo_module:the_SOPC_sdram_input_efifo_module|entry_1[5]  ; inst|altpll_component|pll|clk[0] ; inst|altpll_component|pll|clk[0] ; 13.333       ; 0.002      ; 11.402     ;
; 1.973 ; SOPC:inst2|SOPC_cpu:cpu|A_mem_baddr[19] ; SOPC:inst2|SOPC_sdram:sdram|SOPC_sdram_input_efifo_module:the_SOPC_sdram_input_efifo_module|entry_1[21] ; inst|altpll_component|pll|clk[0] ; inst|altpll_component|pll|clk[0] ; 13.333       ; 0.002      ; 11.402     ;
; 1.974 ; SOPC:inst2|SOPC_cpu:cpu|A_mem_baddr[22] ; SOPC:inst2|SOPC_sdram:sdram|SOPC_sdram_input_efifo_module:the_SOPC_sdram_input_efifo_module|entry_0[0]  ; inst|altpll_component|pll|clk[0] ; inst|altpll_component|pll|clk[0] ; 13.333       ; -0.005     ; 11.394     ;
; 1.974 ; SOPC:inst2|SOPC_cpu:cpu|A_mem_baddr[22] ; SOPC:inst2|SOPC_sdram:sdram|SOPC_sdram_input_efifo_module:the_SOPC_sdram_input_efifo_module|entry_0[1]  ; inst|altpll_component|pll|clk[0] ; inst|altpll_component|pll|clk[0] ; 13.333       ; -0.005     ; 11.394     ;
; 1.974 ; SOPC:inst2|SOPC_cpu:cpu|A_mem_baddr[22] ; SOPC:inst2|SOPC_sdram:sdram|SOPC_sdram_input_efifo_module:the_SOPC_sdram_input_efifo_module|entry_0[6]  ; inst|altpll_component|pll|clk[0] ; inst|altpll_component|pll|clk[0] ; 13.333       ; -0.005     ; 11.394     ;
; 1.974 ; SOPC:inst2|SOPC_cpu:cpu|A_mem_baddr[22] ; SOPC:inst2|SOPC_sdram:sdram|SOPC_sdram_input_efifo_module:the_SOPC_sdram_input_efifo_module|entry_0[7]  ; inst|altpll_component|pll|clk[0] ; inst|altpll_component|pll|clk[0] ; 13.333       ; -0.005     ; 11.394     ;
; 1.974 ; SOPC:inst2|SOPC_cpu:cpu|A_mem_baddr[22] ; SOPC:inst2|SOPC_sdram:sdram|SOPC_sdram_input_efifo_module:the_SOPC_sdram_input_efifo_module|entry_0[2]  ; inst|altpll_component|pll|clk[0] ; inst|altpll_component|pll|clk[0] ; 13.333       ; -0.005     ; 11.394     ;
; 1.984 ; SOPC:inst2|SOPC_cpu:cpu|A_mem_baddr[21] ; SOPC:inst2|SOPC_sdram:sdram|SOPC_sdram_input_efifo_module:the_SOPC_sdram_input_efifo_module|entry_0[31] ; inst|altpll_component|pll|clk[0] ; inst|altpll_component|pll|clk[0] ; 13.333       ; 0.016      ; 11.405     ;
; 1.992 ; SOPC:inst2|SOPC_cpu:cpu|A_mem_baddr[22] ; SOPC:inst2|altera_merlin_master_translator:cpu_data_master_translator|read_accepted                     ; inst|altpll_component|pll|clk[0] ; inst|altpll_component|pll|clk[0] ; 13.333       ; 0.024      ; 11.405     ;
; 1.992 ; SOPC:inst2|SOPC_cpu:cpu|A_mem_baddr[22] ; SOPC:inst2|SOPC_sdram:sdram|SOPC_sdram_input_efifo_module:the_SOPC_sdram_input_efifo_module|entry_1[38] ; inst|altpll_component|pll|clk[0] ; inst|altpll_component|pll|clk[0] ; 13.333       ; 0.016      ; 11.397     ;
; 1.992 ; SOPC:inst2|SOPC_cpu:cpu|A_mem_baddr[22] ; SOPC:inst2|SOPC_sdram:sdram|SOPC_sdram_input_efifo_module:the_SOPC_sdram_input_efifo_module|entry_1[37] ; inst|altpll_component|pll|clk[0] ; inst|altpll_component|pll|clk[0] ; 13.333       ; 0.016      ; 11.397     ;
; 1.992 ; SOPC:inst2|SOPC_cpu:cpu|A_mem_baddr[22] ; SOPC:inst2|SOPC_sdram:sdram|SOPC_sdram_input_efifo_module:the_SOPC_sdram_input_efifo_module|entry_1[30] ; inst|altpll_component|pll|clk[0] ; inst|altpll_component|pll|clk[0] ; 13.333       ; 0.016      ; 11.397     ;
; 1.992 ; SOPC:inst2|SOPC_cpu:cpu|A_mem_baddr[22] ; SOPC:inst2|SOPC_sdram:sdram|SOPC_sdram_input_efifo_module:the_SOPC_sdram_input_efifo_module|entry_1[32] ; inst|altpll_component|pll|clk[0] ; inst|altpll_component|pll|clk[0] ; 13.333       ; 0.016      ; 11.397     ;
; 1.992 ; SOPC:inst2|SOPC_cpu:cpu|A_mem_baddr[22] ; SOPC:inst2|SOPC_sdram:sdram|SOPC_sdram_input_efifo_module:the_SOPC_sdram_input_efifo_module|entry_1[31] ; inst|altpll_component|pll|clk[0] ; inst|altpll_component|pll|clk[0] ; 13.333       ; 0.016      ; 11.397     ;
; 1.992 ; SOPC:inst2|SOPC_cpu:cpu|A_mem_baddr[22] ; SOPC:inst2|SOPC_sdram:sdram|SOPC_sdram_input_efifo_module:the_SOPC_sdram_input_efifo_module|entry_1[28] ; inst|altpll_component|pll|clk[0] ; inst|altpll_component|pll|clk[0] ; 13.333       ; 0.016      ; 11.397     ;
; 1.992 ; SOPC:inst2|SOPC_cpu:cpu|A_mem_baddr[22] ; SOPC:inst2|SOPC_sdram:sdram|SOPC_sdram_input_efifo_module:the_SOPC_sdram_input_efifo_module|entry_1[41] ; inst|altpll_component|pll|clk[0] ; inst|altpll_component|pll|clk[0] ; 13.333       ; 0.016      ; 11.397     ;
; 1.992 ; SOPC:inst2|SOPC_cpu:cpu|A_mem_baddr[14] ; SOPC:inst2|altera_merlin_traffic_limiter:limiter|pending_response_count[1]                              ; inst|altpll_component|pll|clk[0] ; inst|altpll_component|pll|clk[0] ; 13.333       ; 0.009      ; 11.390     ;
; 1.992 ; SOPC:inst2|SOPC_cpu:cpu|A_mem_baddr[14] ; SOPC:inst2|altera_merlin_traffic_limiter:limiter|pending_response_count[2]                              ; inst|altpll_component|pll|clk[0] ; inst|altpll_component|pll|clk[0] ; 13.333       ; 0.009      ; 11.390     ;
; 1.992 ; SOPC:inst2|SOPC_cpu:cpu|A_mem_baddr[14] ; SOPC:inst2|altera_merlin_traffic_limiter:limiter|pending_response_count[3]                              ; inst|altpll_component|pll|clk[0] ; inst|altpll_component|pll|clk[0] ; 13.333       ; 0.009      ; 11.390     ;
+-------+-----------------------------------------+---------------------------------------------------------------------------------------------------------+----------------------------------+----------------------------------+--------------+------------+------------+


+------------------------------------------------------------------------------------------------------------------------------------------------------------------------------------------------------------------------------------------------------------------------------------------------------------------------------------------------------------------------------------------------------------------------------------------------------------------------------------------------------------+
; Slow Model Hold: 'inst|altpll_component|pll|clk[0]'                                                                                                                                                                                                                                                                                                                                                                                                                                                        ;
+-------+------------------------------------------------------------------------------------------------------------------------------------------------------------------------------------------+------------------------------------------------------------------------------------------------------------------------------------------------------------------------------------------+----------------------------------+----------------------------------+--------------+------------+------------+
; Slack ; From Node                                                                                                                                                                                ; To Node                                                                                                                                                                                  ; Launch Clock                     ; Latch Clock                      ; Relationship ; Clock Skew ; Data Delay ;
+-------+------------------------------------------------------------------------------------------------------------------------------------------------------------------------------------------+------------------------------------------------------------------------------------------------------------------------------------------------------------------------------------------+----------------------------------+----------------------------------+--------------+------------+------------+
; 0.499 ; SOPC:inst2|SOPC_cpu:cpu|SOPC_cpu_nios2_oci:the_SOPC_cpu_nios2_oci|SOPC_cpu_nios2_ocimem:the_SOPC_cpu_nios2_ocimem|jtag_rd                                                                ; SOPC:inst2|SOPC_cpu:cpu|SOPC_cpu_nios2_oci:the_SOPC_cpu_nios2_oci|SOPC_cpu_nios2_ocimem:the_SOPC_cpu_nios2_ocimem|jtag_rd                                                                ; inst|altpll_component|pll|clk[0] ; inst|altpll_component|pll|clk[0] ; 0.000        ; 0.000      ; 0.805      ;
; 0.499 ; SOPC:inst2|SOPC_cpu:cpu|SOPC_cpu_nios2_oci:the_SOPC_cpu_nios2_oci|SOPC_cpu_nios2_oci_debug:the_SOPC_cpu_nios2_oci_debug|break_on_reset                                                   ; SOPC:inst2|SOPC_cpu:cpu|SOPC_cpu_nios2_oci:the_SOPC_cpu_nios2_oci|SOPC_cpu_nios2_oci_debug:the_SOPC_cpu_nios2_oci_debug|break_on_reset                                                   ; inst|altpll_component|pll|clk[0] ; inst|altpll_component|pll|clk[0] ; 0.000        ; 0.000      ; 0.805      ;
; 0.499 ; SOPC:inst2|SOPC_cpu:cpu|SOPC_cpu_nios2_oci:the_SOPC_cpu_nios2_oci|SOPC_cpu_nios2_oci_debug:the_SOPC_cpu_nios2_oci_debug|jtag_break                                                       ; SOPC:inst2|SOPC_cpu:cpu|SOPC_cpu_nios2_oci:the_SOPC_cpu_nios2_oci|SOPC_cpu_nios2_oci_debug:the_SOPC_cpu_nios2_oci_debug|jtag_break                                                       ; inst|altpll_component|pll|clk[0] ; inst|altpll_component|pll|clk[0] ; 0.000        ; 0.000      ; 0.805      ;
; 0.499 ; SOPC:inst2|altera_avalon_sc_fifo:sysid_control_slave_translator_avalon_universal_slave_0_agent_rsp_fifo|mem_used[0]                                                                      ; SOPC:inst2|altera_avalon_sc_fifo:sysid_control_slave_translator_avalon_universal_slave_0_agent_rsp_fifo|mem_used[0]                                                                      ; inst|altpll_component|pll|clk[0] ; inst|altpll_component|pll|clk[0] ; 0.000        ; 0.000      ; 0.805      ;
; 0.499 ; SOPC:inst2|SOPC_jtag_uart:jtag_uart|av_waitrequest                                                                                                                                       ; SOPC:inst2|SOPC_jtag_uart:jtag_uart|av_waitrequest                                                                                                                                       ; inst|altpll_component|pll|clk[0] ; inst|altpll_component|pll|clk[0] ; 0.000        ; 0.000      ; 0.805      ;
; 0.499 ; SOPC:inst2|SOPC_jtag_uart:jtag_uart|SOPC_jtag_uart_scfifo_r:the_SOPC_jtag_uart_scfifo_r|scfifo:rfifo|scfifo_1n21:auto_generated|a_dpfifo_8t21:dpfifo|a_fefifo_7cf:fifo_state|b_non_empty ; SOPC:inst2|SOPC_jtag_uart:jtag_uart|SOPC_jtag_uart_scfifo_r:the_SOPC_jtag_uart_scfifo_r|scfifo:rfifo|scfifo_1n21:auto_generated|a_dpfifo_8t21:dpfifo|a_fefifo_7cf:fifo_state|b_non_empty ; inst|altpll_component|pll|clk[0] ; inst|altpll_component|pll|clk[0] ; 0.000        ; 0.000      ; 0.805      ;
; 0.499 ; SOPC:inst2|SOPC_jtag_uart:jtag_uart|SOPC_jtag_uart_scfifo_r:the_SOPC_jtag_uart_scfifo_r|scfifo:rfifo|scfifo_1n21:auto_generated|a_dpfifo_8t21:dpfifo|a_fefifo_7cf:fifo_state|b_full      ; SOPC:inst2|SOPC_jtag_uart:jtag_uart|SOPC_jtag_uart_scfifo_r:the_SOPC_jtag_uart_scfifo_r|scfifo:rfifo|scfifo_1n21:auto_generated|a_dpfifo_8t21:dpfifo|a_fefifo_7cf:fifo_state|b_full      ; inst|altpll_component|pll|clk[0] ; inst|altpll_component|pll|clk[0] ; 0.000        ; 0.000      ; 0.805      ;
; 0.499 ; SOPC:inst2|SOPC_cpu:cpu|d_write~reg0                                                                                                                                                     ; SOPC:inst2|SOPC_cpu:cpu|d_write~reg0                                                                                                                                                     ; inst|altpll_component|pll|clk[0] ; inst|altpll_component|pll|clk[0] ; 0.000        ; 0.000      ; 0.805      ;
; 0.499 ; SOPC:inst2|SOPC_jtag_uart:jtag_uart|SOPC_jtag_uart_scfifo_w:the_SOPC_jtag_uart_scfifo_w|scfifo:wfifo|scfifo_1n21:auto_generated|a_dpfifo_8t21:dpfifo|a_fefifo_7cf:fifo_state|b_full      ; SOPC:inst2|SOPC_jtag_uart:jtag_uart|SOPC_jtag_uart_scfifo_w:the_SOPC_jtag_uart_scfifo_w|scfifo:wfifo|scfifo_1n21:auto_generated|a_dpfifo_8t21:dpfifo|a_fefifo_7cf:fifo_state|b_full      ; inst|altpll_component|pll|clk[0] ; inst|altpll_component|pll|clk[0] ; 0.000        ; 0.000      ; 0.805      ;
; 0.499 ; SOPC:inst2|SOPC_jtag_uart:jtag_uart|SOPC_jtag_uart_scfifo_w:the_SOPC_jtag_uart_scfifo_w|scfifo:wfifo|scfifo_1n21:auto_generated|a_dpfifo_8t21:dpfifo|a_fefifo_7cf:fifo_state|b_non_empty ; SOPC:inst2|SOPC_jtag_uart:jtag_uart|SOPC_jtag_uart_scfifo_w:the_SOPC_jtag_uart_scfifo_w|scfifo:wfifo|scfifo_1n21:auto_generated|a_dpfifo_8t21:dpfifo|a_fefifo_7cf:fifo_state|b_non_empty ; inst|altpll_component|pll|clk[0] ; inst|altpll_component|pll|clk[0] ; 0.000        ; 0.000      ; 0.805      ;
; 0.499 ; SOPC:inst2|altera_avalon_sc_fifo:lcd32_data_s1_translator_avalon_universal_slave_0_agent_rsp_fifo|mem_used[0]                                                                            ; SOPC:inst2|altera_avalon_sc_fifo:lcd32_data_s1_translator_avalon_universal_slave_0_agent_rsp_fifo|mem_used[0]                                                                            ; inst|altpll_component|pll|clk[0] ; inst|altpll_component|pll|clk[0] ; 0.000        ; 0.000      ; 0.805      ;
; 0.499 ; SOPC:inst2|altera_merlin_slave_translator:lcd32_data_s1_translator|wait_latency_counter[1]                                                                                               ; SOPC:inst2|altera_merlin_slave_translator:lcd32_data_s1_translator|wait_latency_counter[1]                                                                                               ; inst|altpll_component|pll|clk[0] ; inst|altpll_component|pll|clk[0] ; 0.000        ; 0.000      ; 0.805      ;
; 0.499 ; SOPC:inst2|altera_avalon_sc_fifo:lcd32_data_s1_translator_avalon_universal_slave_0_agent_rsp_fifo|mem_used[1]                                                                            ; SOPC:inst2|altera_avalon_sc_fifo:lcd32_data_s1_translator_avalon_universal_slave_0_agent_rsp_fifo|mem_used[1]                                                                            ; inst|altpll_component|pll|clk[0] ; inst|altpll_component|pll|clk[0] ; 0.000        ; 0.000      ; 0.805      ;
; 0.499 ; SOPC:inst2|altera_merlin_slave_translator:lcd32_data_s1_translator|wait_latency_counter[0]                                                                                               ; SOPC:inst2|altera_merlin_slave_translator:lcd32_data_s1_translator|wait_latency_counter[0]                                                                                               ; inst|altpll_component|pll|clk[0] ; inst|altpll_component|pll|clk[0] ; 0.000        ; 0.000      ; 0.805      ;
; 0.499 ; SOPC:inst2|altera_avalon_sc_fifo:sdram_s1_translator_avalon_universal_slave_0_agent_rsp_fifo|mem[7][66]                                                                                  ; SOPC:inst2|altera_avalon_sc_fifo:sdram_s1_translator_avalon_universal_slave_0_agent_rsp_fifo|mem[7][66]                                                                                  ; inst|altpll_component|pll|clk[0] ; inst|altpll_component|pll|clk[0] ; 0.000        ; 0.000      ; 0.805      ;
; 0.499 ; SOPC:inst2|altera_avalon_sc_fifo:sdram_s1_translator_avalon_universal_slave_0_agent_rdata_fifo|wr_ptr[0]                                                                                 ; SOPC:inst2|altera_avalon_sc_fifo:sdram_s1_translator_avalon_universal_slave_0_agent_rdata_fifo|wr_ptr[0]                                                                                 ; inst|altpll_component|pll|clk[0] ; inst|altpll_component|pll|clk[0] ; 0.000        ; 0.000      ; 0.805      ;
; 0.499 ; SOPC:inst2|SOPC_sdram:sdram|i_refs[0]                                                                                                                                                    ; SOPC:inst2|SOPC_sdram:sdram|i_refs[0]                                                                                                                                                    ; inst|altpll_component|pll|clk[0] ; inst|altpll_component|pll|clk[0] ; 0.000        ; 0.000      ; 0.805      ;
; 0.499 ; SOPC:inst2|SOPC_sdram:sdram|i_refs[1]                                                                                                                                                    ; SOPC:inst2|SOPC_sdram:sdram|i_refs[1]                                                                                                                                                    ; inst|altpll_component|pll|clk[0] ; inst|altpll_component|pll|clk[0] ; 0.000        ; 0.000      ; 0.805      ;
; 0.499 ; SOPC:inst2|SOPC_sdram:sdram|i_refs[2]                                                                                                                                                    ; SOPC:inst2|SOPC_sdram:sdram|i_refs[2]                                                                                                                                                    ; inst|altpll_component|pll|clk[0] ; inst|altpll_component|pll|clk[0] ; 0.000        ; 0.000      ; 0.805      ;
; 0.499 ; SOPC:inst2|SOPC_sdram:sdram|i_count[0]                                                                                                                                                   ; SOPC:inst2|SOPC_sdram:sdram|i_count[0]                                                                                                                                                   ; inst|altpll_component|pll|clk[0] ; inst|altpll_component|pll|clk[0] ; 0.000        ; 0.000      ; 0.805      ;
; 0.499 ; SOPC:inst2|SOPC_sdram:sdram|i_count[2]                                                                                                                                                   ; SOPC:inst2|SOPC_sdram:sdram|i_count[2]                                                                                                                                                   ; inst|altpll_component|pll|clk[0] ; inst|altpll_component|pll|clk[0] ; 0.000        ; 0.000      ; 0.805      ;
; 0.499 ; SOPC:inst2|SOPC_sdram:sdram|i_count[1]                                                                                                                                                   ; SOPC:inst2|SOPC_sdram:sdram|i_count[1]                                                                                                                                                   ; inst|altpll_component|pll|clk[0] ; inst|altpll_component|pll|clk[0] ; 0.000        ; 0.000      ; 0.805      ;
; 0.499 ; SOPC:inst2|SOPC_sdram:sdram|i_next.000                                                                                                                                                   ; SOPC:inst2|SOPC_sdram:sdram|i_next.000                                                                                                                                                   ; inst|altpll_component|pll|clk[0] ; inst|altpll_component|pll|clk[0] ; 0.000        ; 0.000      ; 0.805      ;
; 0.499 ; SOPC:inst2|SOPC_sdram:sdram|i_state.000                                                                                                                                                  ; SOPC:inst2|SOPC_sdram:sdram|i_state.000                                                                                                                                                  ; inst|altpll_component|pll|clk[0] ; inst|altpll_component|pll|clk[0] ; 0.000        ; 0.000      ; 0.805      ;
; 0.499 ; SOPC:inst2|SOPC_sdram:sdram|i_next.101                                                                                                                                                   ; SOPC:inst2|SOPC_sdram:sdram|i_next.101                                                                                                                                                   ; inst|altpll_component|pll|clk[0] ; inst|altpll_component|pll|clk[0] ; 0.000        ; 0.000      ; 0.805      ;
; 0.499 ; SOPC:inst2|SOPC_sdram:sdram|i_state.101                                                                                                                                                  ; SOPC:inst2|SOPC_sdram:sdram|i_state.101                                                                                                                                                  ; inst|altpll_component|pll|clk[0] ; inst|altpll_component|pll|clk[0] ; 0.000        ; 0.000      ; 0.805      ;
; 0.499 ; SOPC:inst2|SOPC_sdram:sdram|init_done                                                                                                                                                    ; SOPC:inst2|SOPC_sdram:sdram|init_done                                                                                                                                                    ; inst|altpll_component|pll|clk[0] ; inst|altpll_component|pll|clk[0] ; 0.000        ; 0.000      ; 0.805      ;
; 0.499 ; SOPC:inst2|SOPC_cpu:cpu|SOPC_cpu_nios2_oci:the_SOPC_cpu_nios2_oci|write                                                                                                                  ; SOPC:inst2|SOPC_cpu:cpu|SOPC_cpu_nios2_oci:the_SOPC_cpu_nios2_oci|write                                                                                                                  ; inst|altpll_component|pll|clk[0] ; inst|altpll_component|pll|clk[0] ; 0.000        ; 0.000      ; 0.805      ;
; 0.499 ; SOPC:inst2|SOPC_cpu:cpu|SOPC_cpu_nios2_oci:the_SOPC_cpu_nios2_oci|read                                                                                                                   ; SOPC:inst2|SOPC_cpu:cpu|SOPC_cpu_nios2_oci:the_SOPC_cpu_nios2_oci|read                                                                                                                   ; inst|altpll_component|pll|clk[0] ; inst|altpll_component|pll|clk[0] ; 0.000        ; 0.000      ; 0.805      ;
; 0.499 ; SOPC:inst2|SOPC_cpu:cpu|SOPC_cpu_nios2_oci:the_SOPC_cpu_nios2_oci|SOPC_cpu_nios2_ocimem:the_SOPC_cpu_nios2_ocimem|avalon_ociram_readdata_ready                                           ; SOPC:inst2|SOPC_cpu:cpu|SOPC_cpu_nios2_oci:the_SOPC_cpu_nios2_oci|SOPC_cpu_nios2_ocimem:the_SOPC_cpu_nios2_ocimem|avalon_ociram_readdata_ready                                           ; inst|altpll_component|pll|clk[0] ; inst|altpll_component|pll|clk[0] ; 0.000        ; 0.000      ; 0.805      ;
; 0.499 ; SOPC:inst2|altera_merlin_slave_translator:epcs_epcs_control_port_translator|wait_latency_counter[0]                                                                                      ; SOPC:inst2|altera_merlin_slave_translator:epcs_epcs_control_port_translator|wait_latency_counter[0]                                                                                      ; inst|altpll_component|pll|clk[0] ; inst|altpll_component|pll|clk[0] ; 0.000        ; 0.000      ; 0.805      ;
; 0.499 ; SOPC:inst2|SOPC_epcs:epcs|SOPC_epcs_sub:the_SOPC_epcs_sub|slowcount[0]                                                                                                                   ; SOPC:inst2|SOPC_epcs:epcs|SOPC_epcs_sub:the_SOPC_epcs_sub|slowcount[0]                                                                                                                   ; inst|altpll_component|pll|clk[0] ; inst|altpll_component|pll|clk[0] ; 0.000        ; 0.000      ; 0.805      ;
; 0.499 ; SOPC:inst2|SOPC_epcs:epcs|SOPC_epcs_sub:the_SOPC_epcs_sub|state[4]                                                                                                                       ; SOPC:inst2|SOPC_epcs:epcs|SOPC_epcs_sub:the_SOPC_epcs_sub|state[4]                                                                                                                       ; inst|altpll_component|pll|clk[0] ; inst|altpll_component|pll|clk[0] ; 0.000        ; 0.000      ; 0.805      ;
; 0.499 ; SOPC:inst2|SOPC_epcs:epcs|SOPC_epcs_sub:the_SOPC_epcs_sub|transmitting                                                                                                                   ; SOPC:inst2|SOPC_epcs:epcs|SOPC_epcs_sub:the_SOPC_epcs_sub|transmitting                                                                                                                   ; inst|altpll_component|pll|clk[0] ; inst|altpll_component|pll|clk[0] ; 0.000        ; 0.000      ; 0.805      ;
; 0.499 ; SOPC:inst2|altera_merlin_slave_translator:spi_touch_spi_control_port_translator|wait_latency_counter[0]                                                                                  ; SOPC:inst2|altera_merlin_slave_translator:spi_touch_spi_control_port_translator|wait_latency_counter[0]                                                                                  ; inst|altpll_component|pll|clk[0] ; inst|altpll_component|pll|clk[0] ; 0.000        ; 0.000      ; 0.805      ;
; 0.499 ; SOPC:inst2|altera_merlin_slave_translator:spi_touch_spi_control_port_translator|wait_latency_counter[1]                                                                                  ; SOPC:inst2|altera_merlin_slave_translator:spi_touch_spi_control_port_translator|wait_latency_counter[1]                                                                                  ; inst|altpll_component|pll|clk[0] ; inst|altpll_component|pll|clk[0] ; 0.000        ; 0.000      ; 0.805      ;
; 0.499 ; SOPC:inst2|altera_avalon_sc_fifo:spi_touch_spi_control_port_translator_avalon_universal_slave_0_agent_rsp_fifo|mem_used[0]                                                               ; SOPC:inst2|altera_avalon_sc_fifo:spi_touch_spi_control_port_translator_avalon_universal_slave_0_agent_rsp_fifo|mem_used[0]                                                               ; inst|altpll_component|pll|clk[0] ; inst|altpll_component|pll|clk[0] ; 0.000        ; 0.000      ; 0.805      ;
; 0.499 ; SOPC:inst2|altera_avalon_sc_fifo:spi_touch_spi_control_port_translator_avalon_universal_slave_0_agent_rsp_fifo|mem_used[1]                                                               ; SOPC:inst2|altera_avalon_sc_fifo:spi_touch_spi_control_port_translator_avalon_universal_slave_0_agent_rsp_fifo|mem_used[1]                                                               ; inst|altpll_component|pll|clk[0] ; inst|altpll_component|pll|clk[0] ; 0.000        ; 0.000      ; 0.805      ;
; 0.499 ; SOPC:inst2|SOPC_spi_touch:spi_touch|wr_strobe                                                                                                                                            ; SOPC:inst2|SOPC_spi_touch:spi_touch|wr_strobe                                                                                                                                            ; inst|altpll_component|pll|clk[0] ; inst|altpll_component|pll|clk[0] ; 0.000        ; 0.000      ; 0.805      ;
; 0.499 ; SOPC:inst2|SOPC_spi_touch:spi_touch|slowcount[0]                                                                                                                                         ; SOPC:inst2|SOPC_spi_touch:spi_touch|slowcount[0]                                                                                                                                         ; inst|altpll_component|pll|clk[0] ; inst|altpll_component|pll|clk[0] ; 0.000        ; 0.000      ; 0.805      ;
; 0.499 ; SOPC:inst2|SOPC_spi_touch:spi_touch|state[4]                                                                                                                                             ; SOPC:inst2|SOPC_spi_touch:spi_touch|state[4]                                                                                                                                             ; inst|altpll_component|pll|clk[0] ; inst|altpll_component|pll|clk[0] ; 0.000        ; 0.000      ; 0.805      ;
; 0.499 ; SOPC:inst2|SOPC_spi_touch:spi_touch|tx_holding_primed                                                                                                                                    ; SOPC:inst2|SOPC_spi_touch:spi_touch|tx_holding_primed                                                                                                                                    ; inst|altpll_component|pll|clk[0] ; inst|altpll_component|pll|clk[0] ; 0.000        ; 0.000      ; 0.805      ;
; 0.499 ; SOPC:inst2|SOPC_spi_touch:spi_touch|transmitting                                                                                                                                         ; SOPC:inst2|SOPC_spi_touch:spi_touch|transmitting                                                                                                                                         ; inst|altpll_component|pll|clk[0] ; inst|altpll_component|pll|clk[0] ; 0.000        ; 0.000      ; 0.805      ;
; 0.499 ; SOPC:inst2|SOPC_jtag_uart:jtag_uart|ac                                                                                                                                                   ; SOPC:inst2|SOPC_jtag_uart:jtag_uart|ac                                                                                                                                                   ; inst|altpll_component|pll|clk[0] ; inst|altpll_component|pll|clk[0] ; 0.000        ; 0.000      ; 0.805      ;
; 0.499 ; SOPC:inst2|altera_avalon_sc_fifo:sdram_s1_translator_avalon_universal_slave_0_agent_rsp_fifo|mem[7][87]                                                                                  ; SOPC:inst2|altera_avalon_sc_fifo:sdram_s1_translator_avalon_universal_slave_0_agent_rsp_fifo|mem[7][87]                                                                                  ; inst|altpll_component|pll|clk[0] ; inst|altpll_component|pll|clk[0] ; 0.000        ; 0.000      ; 0.805      ;
; 0.499 ; SOPC:inst2|altera_merlin_width_adapter:width_adapter_001|data_reg[10]                                                                                                                    ; SOPC:inst2|altera_merlin_width_adapter:width_adapter_001|data_reg[10]                                                                                                                    ; inst|altpll_component|pll|clk[0] ; inst|altpll_component|pll|clk[0] ; 0.000        ; 0.000      ; 0.805      ;
; 0.499 ; SOPC:inst2|SOPC_epcs:epcs|SOPC_epcs_sub:the_SOPC_epcs_sub|SCLK_reg                                                                                                                       ; SOPC:inst2|SOPC_epcs:epcs|SOPC_epcs_sub:the_SOPC_epcs_sub|SCLK_reg                                                                                                                       ; inst|altpll_component|pll|clk[0] ; inst|altpll_component|pll|clk[0] ; 0.000        ; 0.000      ; 0.805      ;
; 0.499 ; SOPC:inst2|SOPC_epcs:epcs|SOPC_epcs_sub:the_SOPC_epcs_sub|MISO_reg                                                                                                                       ; SOPC:inst2|SOPC_epcs:epcs|SOPC_epcs_sub:the_SOPC_epcs_sub|MISO_reg                                                                                                                       ; inst|altpll_component|pll|clk[0] ; inst|altpll_component|pll|clk[0] ; 0.000        ; 0.000      ; 0.805      ;
; 0.499 ; SOPC:inst2|SOPC_spi_touch:spi_touch|SCLK_reg                                                                                                                                             ; SOPC:inst2|SOPC_spi_touch:spi_touch|SCLK_reg                                                                                                                                             ; inst|altpll_component|pll|clk[0] ; inst|altpll_component|pll|clk[0] ; 0.000        ; 0.000      ; 0.805      ;
; 0.499 ; SOPC:inst2|SOPC_spi_touch:spi_touch|MISO_reg                                                                                                                                             ; SOPC:inst2|SOPC_spi_touch:spi_touch|MISO_reg                                                                                                                                             ; inst|altpll_component|pll|clk[0] ; inst|altpll_component|pll|clk[0] ; 0.000        ; 0.000      ; 0.805      ;
; 0.499 ; SOPC:inst2|altera_merlin_width_adapter:width_adapter_001|data_reg[14]                                                                                                                    ; SOPC:inst2|altera_merlin_width_adapter:width_adapter_001|data_reg[14]                                                                                                                    ; inst|altpll_component|pll|clk[0] ; inst|altpll_component|pll|clk[0] ; 0.000        ; 0.000      ; 0.805      ;
; 0.499 ; SOPC:inst2|SOPC_jtag_uart:jtag_uart|woverflow                                                                                                                                            ; SOPC:inst2|SOPC_jtag_uart:jtag_uart|woverflow                                                                                                                                            ; inst|altpll_component|pll|clk[0] ; inst|altpll_component|pll|clk[0] ; 0.000        ; 0.000      ; 0.805      ;
; 0.499 ; SOPC:inst2|altera_merlin_width_adapter:width_adapter_001|data_reg[11]                                                                                                                    ; SOPC:inst2|altera_merlin_width_adapter:width_adapter_001|data_reg[11]                                                                                                                    ; inst|altpll_component|pll|clk[0] ; inst|altpll_component|pll|clk[0] ; 0.000        ; 0.000      ; 0.805      ;
; 0.499 ; SOPC:inst2|altera_merlin_width_adapter:width_adapter_001|data_reg[13]                                                                                                                    ; SOPC:inst2|altera_merlin_width_adapter:width_adapter_001|data_reg[13]                                                                                                                    ; inst|altpll_component|pll|clk[0] ; inst|altpll_component|pll|clk[0] ; 0.000        ; 0.000      ; 0.805      ;
; 0.499 ; SOPC:inst2|altera_merlin_width_adapter:width_adapter_001|data_reg[12]                                                                                                                    ; SOPC:inst2|altera_merlin_width_adapter:width_adapter_001|data_reg[12]                                                                                                                    ; inst|altpll_component|pll|clk[0] ; inst|altpll_component|pll|clk[0] ; 0.000        ; 0.000      ; 0.805      ;
; 0.499 ; SOPC:inst2|altera_merlin_width_adapter:width_adapter_001|data_reg[9]                                                                                                                     ; SOPC:inst2|altera_merlin_width_adapter:width_adapter_001|data_reg[9]                                                                                                                     ; inst|altpll_component|pll|clk[0] ; inst|altpll_component|pll|clk[0] ; 0.000        ; 0.000      ; 0.805      ;
; 0.499 ; SOPC:inst2|SOPC_epcs:epcs|SOPC_epcs_sub:the_SOPC_epcs_sub|rd_strobe                                                                                                                      ; SOPC:inst2|SOPC_epcs:epcs|SOPC_epcs_sub:the_SOPC_epcs_sub|rd_strobe                                                                                                                      ; inst|altpll_component|pll|clk[0] ; inst|altpll_component|pll|clk[0] ; 0.000        ; 0.000      ; 0.805      ;
; 0.499 ; SOPC:inst2|SOPC_epcs:epcs|SOPC_epcs_sub:the_SOPC_epcs_sub|EOP                                                                                                                            ; SOPC:inst2|SOPC_epcs:epcs|SOPC_epcs_sub:the_SOPC_epcs_sub|EOP                                                                                                                            ; inst|altpll_component|pll|clk[0] ; inst|altpll_component|pll|clk[0] ; 0.000        ; 0.000      ; 0.805      ;
; 0.499 ; SOPC:inst2|SOPC_spi_touch:spi_touch|rd_strobe                                                                                                                                            ; SOPC:inst2|SOPC_spi_touch:spi_touch|rd_strobe                                                                                                                                            ; inst|altpll_component|pll|clk[0] ; inst|altpll_component|pll|clk[0] ; 0.000        ; 0.000      ; 0.805      ;
; 0.499 ; SOPC:inst2|SOPC_spi_touch:spi_touch|EOP                                                                                                                                                  ; SOPC:inst2|SOPC_spi_touch:spi_touch|EOP                                                                                                                                                  ; inst|altpll_component|pll|clk[0] ; inst|altpll_component|pll|clk[0] ; 0.000        ; 0.000      ; 0.805      ;
; 0.499 ; SOPC:inst2|altera_merlin_width_adapter:width_adapter_001|data_reg[6]                                                                                                                     ; SOPC:inst2|altera_merlin_width_adapter:width_adapter_001|data_reg[6]                                                                                                                     ; inst|altpll_component|pll|clk[0] ; inst|altpll_component|pll|clk[0] ; 0.000        ; 0.000      ; 0.805      ;
; 0.499 ; SOPC:inst2|SOPC_cpu:cpu|ic_fill_line[0]                                                                                                                                                  ; SOPC:inst2|SOPC_cpu:cpu|ic_fill_line[0]                                                                                                                                                  ; inst|altpll_component|pll|clk[0] ; inst|altpll_component|pll|clk[0] ; 0.000        ; 0.000      ; 0.805      ;
; 0.499 ; SOPC:inst2|SOPC_cpu:cpu|ic_fill_line[1]                                                                                                                                                  ; SOPC:inst2|SOPC_cpu:cpu|ic_fill_line[1]                                                                                                                                                  ; inst|altpll_component|pll|clk[0] ; inst|altpll_component|pll|clk[0] ; 0.000        ; 0.000      ; 0.805      ;
; 0.499 ; SOPC:inst2|SOPC_cpu:cpu|ic_fill_line[2]                                                                                                                                                  ; SOPC:inst2|SOPC_cpu:cpu|ic_fill_line[2]                                                                                                                                                  ; inst|altpll_component|pll|clk[0] ; inst|altpll_component|pll|clk[0] ; 0.000        ; 0.000      ; 0.805      ;
; 0.499 ; SOPC:inst2|SOPC_sdram:sdram|m_state.000100000                                                                                                                                            ; SOPC:inst2|SOPC_sdram:sdram|m_state.000100000                                                                                                                                            ; inst|altpll_component|pll|clk[0] ; inst|altpll_component|pll|clk[0] ; 0.000        ; 0.000      ; 0.805      ;
; 0.499 ; SOPC:inst2|SOPC_sdram:sdram|m_state.000000001                                                                                                                                            ; SOPC:inst2|SOPC_sdram:sdram|m_state.000000001                                                                                                                                            ; inst|altpll_component|pll|clk[0] ; inst|altpll_component|pll|clk[0] ; 0.000        ; 0.000      ; 0.805      ;
; 0.499 ; SOPC:inst2|SOPC_sdram:sdram|active_cs_n                                                                                                                                                  ; SOPC:inst2|SOPC_sdram:sdram|active_cs_n                                                                                                                                                  ; inst|altpll_component|pll|clk[0] ; inst|altpll_component|pll|clk[0] ; 0.000        ; 0.000      ; 0.805      ;
; 0.499 ; SOPC:inst2|SOPC_sdram:sdram|m_count[1]                                                                                                                                                   ; SOPC:inst2|SOPC_sdram:sdram|m_count[1]                                                                                                                                                   ; inst|altpll_component|pll|clk[0] ; inst|altpll_component|pll|clk[0] ; 0.000        ; 0.000      ; 0.805      ;
; 0.499 ; SOPC:inst2|SOPC_sdram:sdram|m_next.010000000                                                                                                                                             ; SOPC:inst2|SOPC_sdram:sdram|m_next.010000000                                                                                                                                             ; inst|altpll_component|pll|clk[0] ; inst|altpll_component|pll|clk[0] ; 0.000        ; 0.000      ; 0.805      ;
; 0.499 ; SOPC:inst2|SOPC_sdram:sdram|ack_refresh_request                                                                                                                                          ; SOPC:inst2|SOPC_sdram:sdram|ack_refresh_request                                                                                                                                          ; inst|altpll_component|pll|clk[0] ; inst|altpll_component|pll|clk[0] ; 0.000        ; 0.000      ; 0.805      ;
; 0.499 ; SOPC:inst2|SOPC_sdram:sdram|refresh_request                                                                                                                                              ; SOPC:inst2|SOPC_sdram:sdram|refresh_request                                                                                                                                              ; inst|altpll_component|pll|clk[0] ; inst|altpll_component|pll|clk[0] ; 0.000        ; 0.000      ; 0.805      ;
; 0.499 ; SOPC:inst2|SOPC_sdram:sdram|SOPC_sdram_input_efifo_module:the_SOPC_sdram_input_efifo_module|entries[1]                                                                                   ; SOPC:inst2|SOPC_sdram:sdram|SOPC_sdram_input_efifo_module:the_SOPC_sdram_input_efifo_module|entries[1]                                                                                   ; inst|altpll_component|pll|clk[0] ; inst|altpll_component|pll|clk[0] ; 0.000        ; 0.000      ; 0.805      ;
; 0.499 ; SOPC:inst2|SOPC_sdram:sdram|SOPC_sdram_input_efifo_module:the_SOPC_sdram_input_efifo_module|wr_address                                                                                   ; SOPC:inst2|SOPC_sdram:sdram|SOPC_sdram_input_efifo_module:the_SOPC_sdram_input_efifo_module|wr_address                                                                                   ; inst|altpll_component|pll|clk[0] ; inst|altpll_component|pll|clk[0] ; 0.000        ; 0.000      ; 0.805      ;
; 0.499 ; SOPC:inst2|SOPC_sdram:sdram|SOPC_sdram_input_efifo_module:the_SOPC_sdram_input_efifo_module|rd_address                                                                                   ; SOPC:inst2|SOPC_sdram:sdram|SOPC_sdram_input_efifo_module:the_SOPC_sdram_input_efifo_module|rd_address                                                                                   ; inst|altpll_component|pll|clk[0] ; inst|altpll_component|pll|clk[0] ; 0.000        ; 0.000      ; 0.805      ;
; 0.499 ; SOPC:inst2|altera_merlin_width_adapter:width_adapter_001|data_reg[5]                                                                                                                     ; SOPC:inst2|altera_merlin_width_adapter:width_adapter_001|data_reg[5]                                                                                                                     ; inst|altpll_component|pll|clk[0] ; inst|altpll_component|pll|clk[0] ; 0.000        ; 0.000      ; 0.805      ;
; 0.499 ; SOPC:inst2|SOPC_epcs:epcs|SOPC_epcs_sub:the_SOPC_epcs_sub|RRDY                                                                                                                           ; SOPC:inst2|SOPC_epcs:epcs|SOPC_epcs_sub:the_SOPC_epcs_sub|RRDY                                                                                                                           ; inst|altpll_component|pll|clk[0] ; inst|altpll_component|pll|clk[0] ; 0.000        ; 0.000      ; 0.805      ;
; 0.499 ; SOPC:inst2|SOPC_spi_touch:spi_touch|RRDY                                                                                                                                                 ; SOPC:inst2|SOPC_spi_touch:spi_touch|RRDY                                                                                                                                                 ; inst|altpll_component|pll|clk[0] ; inst|altpll_component|pll|clk[0] ; 0.000        ; 0.000      ; 0.805      ;
; 0.499 ; SOPC:inst2|altera_merlin_width_adapter:width_adapter_001|data_reg[7]                                                                                                                     ; SOPC:inst2|altera_merlin_width_adapter:width_adapter_001|data_reg[7]                                                                                                                     ; inst|altpll_component|pll|clk[0] ; inst|altpll_component|pll|clk[0] ; 0.000        ; 0.000      ; 0.805      ;
; 0.499 ; SOPC:inst2|SOPC_jtag_uart:jtag_uart|alt_jtag_atlantic:SOPC_jtag_uart_alt_jtag_atlantic|r_ena1                                                                                            ; SOPC:inst2|SOPC_jtag_uart:jtag_uart|alt_jtag_atlantic:SOPC_jtag_uart_alt_jtag_atlantic|r_ena1                                                                                            ; inst|altpll_component|pll|clk[0] ; inst|altpll_component|pll|clk[0] ; 0.000        ; 0.000      ; 0.805      ;
; 0.499 ; SOPC:inst2|altera_merlin_width_adapter:width_adapter_001|data_reg[3]                                                                                                                     ; SOPC:inst2|altera_merlin_width_adapter:width_adapter_001|data_reg[3]                                                                                                                     ; inst|altpll_component|pll|clk[0] ; inst|altpll_component|pll|clk[0] ; 0.000        ; 0.000      ; 0.805      ;
; 0.499 ; SOPC:inst2|altera_merlin_slave_translator:buzz_s1_translator|wait_latency_counter[0]                                                                                                     ; SOPC:inst2|altera_merlin_slave_translator:buzz_s1_translator|wait_latency_counter[0]                                                                                                     ; inst|altpll_component|pll|clk[0] ; inst|altpll_component|pll|clk[0] ; 0.000        ; 0.000      ; 0.805      ;
; 0.499 ; SOPC:inst2|altera_avalon_sc_fifo:led_s1_translator_avalon_universal_slave_0_agent_rsp_fifo|mem_used[0]                                                                                   ; SOPC:inst2|altera_avalon_sc_fifo:led_s1_translator_avalon_universal_slave_0_agent_rsp_fifo|mem_used[0]                                                                                   ; inst|altpll_component|pll|clk[0] ; inst|altpll_component|pll|clk[0] ; 0.000        ; 0.000      ; 0.805      ;
; 0.499 ; SOPC:inst2|altera_avalon_sc_fifo:led_s1_translator_avalon_universal_slave_0_agent_rsp_fifo|mem_used[1]                                                                                   ; SOPC:inst2|altera_avalon_sc_fifo:led_s1_translator_avalon_universal_slave_0_agent_rsp_fifo|mem_used[1]                                                                                   ; inst|altpll_component|pll|clk[0] ; inst|altpll_component|pll|clk[0] ; 0.000        ; 0.000      ; 0.805      ;
; 0.499 ; SOPC:inst2|altera_merlin_slave_translator:led_s1_translator|wait_latency_counter[0]                                                                                                      ; SOPC:inst2|altera_merlin_slave_translator:led_s1_translator|wait_latency_counter[0]                                                                                                      ; inst|altpll_component|pll|clk[0] ; inst|altpll_component|pll|clk[0] ; 0.000        ; 0.000      ; 0.805      ;
; 0.499 ; SOPC:inst2|SOPC_spi_touch:spi_touch|ROE                                                                                                                                                  ; SOPC:inst2|SOPC_spi_touch:spi_touch|ROE                                                                                                                                                  ; inst|altpll_component|pll|clk[0] ; inst|altpll_component|pll|clk[0] ; 0.000        ; 0.000      ; 0.805      ;
; 0.499 ; SOPC:inst2|SOPC_epcs:epcs|SOPC_epcs_sub:the_SOPC_epcs_sub|ROE                                                                                                                            ; SOPC:inst2|SOPC_epcs:epcs|SOPC_epcs_sub:the_SOPC_epcs_sub|ROE                                                                                                                            ; inst|altpll_component|pll|clk[0] ; inst|altpll_component|pll|clk[0] ; 0.000        ; 0.000      ; 0.805      ;
; 0.499 ; SOPC:inst2|altera_merlin_slave_translator:sysid_control_slave_translator|wait_latency_counter[0]                                                                                         ; SOPC:inst2|altera_merlin_slave_translator:sysid_control_slave_translator|wait_latency_counter[0]                                                                                         ; inst|altpll_component|pll|clk[0] ; inst|altpll_component|pll|clk[0] ; 0.000        ; 0.000      ; 0.805      ;
; 0.499 ; SOPC:inst2|altera_avalon_sc_fifo:sysid_control_slave_translator_avalon_universal_slave_0_agent_rsp_fifo|mem_used[1]                                                                      ; SOPC:inst2|altera_avalon_sc_fifo:sysid_control_slave_translator_avalon_universal_slave_0_agent_rsp_fifo|mem_used[1]                                                                      ; inst|altpll_component|pll|clk[0] ; inst|altpll_component|pll|clk[0] ; 0.000        ; 0.000      ; 0.805      ;
; 0.499 ; SOPC:inst2|altera_merlin_width_adapter:width_adapter_001|data_reg[2]                                                                                                                     ; SOPC:inst2|altera_merlin_width_adapter:width_adapter_001|data_reg[2]                                                                                                                     ; inst|altpll_component|pll|clk[0] ; inst|altpll_component|pll|clk[0] ; 0.000        ; 0.000      ; 0.805      ;
; 0.499 ; SOPC:inst2|SOPC_spi_touch:spi_touch|TOE                                                                                                                                                  ; SOPC:inst2|SOPC_spi_touch:spi_touch|TOE                                                                                                                                                  ; inst|altpll_component|pll|clk[0] ; inst|altpll_component|pll|clk[0] ; 0.000        ; 0.000      ; 0.805      ;
; 0.499 ; SOPC:inst2|altera_merlin_width_adapter:width_adapter_001|data_reg[1]                                                                                                                     ; SOPC:inst2|altera_merlin_width_adapter:width_adapter_001|data_reg[1]                                                                                                                     ; inst|altpll_component|pll|clk[0] ; inst|altpll_component|pll|clk[0] ; 0.000        ; 0.000      ; 0.805      ;
; 0.499 ; SOPC:inst2|SOPC_cpu:cpu|SOPC_cpu_nios2_oci:the_SOPC_cpu_nios2_oci|SOPC_cpu_nios2_oci_debug:the_SOPC_cpu_nios2_oci_debug|monitor_ready                                                    ; SOPC:inst2|SOPC_cpu:cpu|SOPC_cpu_nios2_oci:the_SOPC_cpu_nios2_oci|SOPC_cpu_nios2_oci_debug:the_SOPC_cpu_nios2_oci_debug|monitor_ready                                                    ; inst|altpll_component|pll|clk[0] ; inst|altpll_component|pll|clk[0] ; 0.000        ; 0.000      ; 0.805      ;
; 0.499 ; SOPC:inst2|altera_merlin_width_adapter:width_adapter_001|data_reg[0]                                                                                                                     ; SOPC:inst2|altera_merlin_width_adapter:width_adapter_001|data_reg[0]                                                                                                                     ; inst|altpll_component|pll|clk[0] ; inst|altpll_component|pll|clk[0] ; 0.000        ; 0.000      ; 0.805      ;
; 0.499 ; SOPC:inst2|altera_avalon_sc_fifo:lcd_cs_s1_translator_avalon_universal_slave_0_agent_rsp_fifo|mem_used[0]                                                                                ; SOPC:inst2|altera_avalon_sc_fifo:lcd_cs_s1_translator_avalon_universal_slave_0_agent_rsp_fifo|mem_used[0]                                                                                ; inst|altpll_component|pll|clk[0] ; inst|altpll_component|pll|clk[0] ; 0.000        ; 0.000      ; 0.805      ;
; 0.499 ; SOPC:inst2|altera_avalon_sc_fifo:lcd_cs_s1_translator_avalon_universal_slave_0_agent_rsp_fifo|mem_used[1]                                                                                ; SOPC:inst2|altera_avalon_sc_fifo:lcd_cs_s1_translator_avalon_universal_slave_0_agent_rsp_fifo|mem_used[1]                                                                                ; inst|altpll_component|pll|clk[0] ; inst|altpll_component|pll|clk[0] ; 0.000        ; 0.000      ; 0.805      ;
; 0.499 ; SOPC:inst2|altera_merlin_slave_translator:lcd_cs_s1_translator|wait_latency_counter[0]                                                                                                   ; SOPC:inst2|altera_merlin_slave_translator:lcd_cs_s1_translator|wait_latency_counter[0]                                                                                                   ; inst|altpll_component|pll|clk[0] ; inst|altpll_component|pll|clk[0] ; 0.000        ; 0.000      ; 0.805      ;
; 0.499 ; SOPC:inst2|altera_merlin_slave_translator:touch_cs_s1_translator|wait_latency_counter[0]                                                                                                 ; SOPC:inst2|altera_merlin_slave_translator:touch_cs_s1_translator|wait_latency_counter[0]                                                                                                 ; inst|altpll_component|pll|clk[0] ; inst|altpll_component|pll|clk[0] ; 0.000        ; 0.000      ; 0.805      ;
; 0.499 ; SOPC:inst2|altera_avalon_sc_fifo:touch_cs_s1_translator_avalon_universal_slave_0_agent_rsp_fifo|mem_used[0]                                                                              ; SOPC:inst2|altera_avalon_sc_fifo:touch_cs_s1_translator_avalon_universal_slave_0_agent_rsp_fifo|mem_used[0]                                                                              ; inst|altpll_component|pll|clk[0] ; inst|altpll_component|pll|clk[0] ; 0.000        ; 0.000      ; 0.805      ;
; 0.499 ; SOPC:inst2|altera_avalon_sc_fifo:touch_cs_s1_translator_avalon_universal_slave_0_agent_rsp_fifo|mem_used[1]                                                                              ; SOPC:inst2|altera_avalon_sc_fifo:touch_cs_s1_translator_avalon_universal_slave_0_agent_rsp_fifo|mem_used[1]                                                                              ; inst|altpll_component|pll|clk[0] ; inst|altpll_component|pll|clk[0] ; 0.000        ; 0.000      ; 0.805      ;
; 0.499 ; SOPC:inst2|SOPC_lcd_cs:touch_cs|data_out                                                                                                                                                 ; SOPC:inst2|SOPC_lcd_cs:touch_cs|data_out                                                                                                                                                 ; inst|altpll_component|pll|clk[0] ; inst|altpll_component|pll|clk[0] ; 0.000        ; 0.000      ; 0.805      ;
+-------+------------------------------------------------------------------------------------------------------------------------------------------------------------------------------------------+------------------------------------------------------------------------------------------------------------------------------------------------------------------------------------------+----------------------------------+----------------------------------+--------------+------------+------------+


+------------------------------------------------------------------------------------------------------------------------------------------------------------------------------------------------------------------------------------------------------------------------------------------------------------------------------------------------------------------------------------------------------------------------------------------------------------------------------------------------------------------------------------------------------------------+
; Slow Model Recovery: 'inst|altpll_component|pll|clk[0]'                                                                                                                                                                                                                                                                                                                                                                                                                                                                                                          ;
+-------+--------------------------------------------------------------------------------------------------------------------------------------+----------------------------------------------------------------------------------------------------------------------------------------------------------------------------------------------------------------------------------------------------------------------------------------------------+----------------------------------+----------------------------------+--------------+------------+------------+
; Slack ; From Node                                                                                                                            ; To Node                                                                                                                                                                                                                                                                                            ; Launch Clock                     ; Latch Clock                      ; Relationship ; Clock Skew ; Data Delay ;
+-------+--------------------------------------------------------------------------------------------------------------------------------------+----------------------------------------------------------------------------------------------------------------------------------------------------------------------------------------------------------------------------------------------------------------------------------------------------+----------------------------------+----------------------------------+--------------+------------+------------+
; 2.841 ; SOPC:inst2|altera_reset_controller:rst_controller|altera_reset_synchronizer:alt_rst_sync_uq1|altera_reset_synchronizer_int_chain_out ; SOPC:inst2|SOPC_cpu:cpu|Mn_rot_step2[13]                                                                                                                                                                                                                                                           ; inst|altpll_component|pll|clk[0] ; inst|altpll_component|pll|clk[0] ; 6.666        ; 0.008      ; 3.873      ;
; 2.841 ; SOPC:inst2|altera_reset_controller:rst_controller|altera_reset_synchronizer:alt_rst_sync_uq1|altera_reset_synchronizer_int_chain_out ; SOPC:inst2|SOPC_cpu:cpu|Mn_rot_step2[4]                                                                                                                                                                                                                                                            ; inst|altpll_component|pll|clk[0] ; inst|altpll_component|pll|clk[0] ; 6.666        ; 0.008      ; 3.873      ;
; 2.841 ; SOPC:inst2|altera_reset_controller:rst_controller|altera_reset_synchronizer:alt_rst_sync_uq1|altera_reset_synchronizer_int_chain_out ; SOPC:inst2|SOPC_cpu:cpu|Mn_rot_step2[11]                                                                                                                                                                                                                                                           ; inst|altpll_component|pll|clk[0] ; inst|altpll_component|pll|clk[0] ; 6.666        ; -0.001     ; 3.864      ;
; 2.841 ; SOPC:inst2|altera_reset_controller:rst_controller|altera_reset_synchronizer:alt_rst_sync_uq1|altera_reset_synchronizer_int_chain_out ; SOPC:inst2|SOPC_cpu:cpu|Mn_rot_step2[20]                                                                                                                                                                                                                                                           ; inst|altpll_component|pll|clk[0] ; inst|altpll_component|pll|clk[0] ; 6.666        ; 0.008      ; 3.873      ;
; 2.841 ; SOPC:inst2|altera_reset_controller:rst_controller|altera_reset_synchronizer:alt_rst_sync_uq1|altera_reset_synchronizer_int_chain_out ; SOPC:inst2|SOPC_cpu:cpu|Mn_rot_step2[30]                                                                                                                                                                                                                                                           ; inst|altpll_component|pll|clk[0] ; inst|altpll_component|pll|clk[0] ; 6.666        ; 0.008      ; 3.873      ;
; 2.841 ; SOPC:inst2|altera_reset_controller:rst_controller|altera_reset_synchronizer:alt_rst_sync_uq1|altera_reset_synchronizer_int_chain_out ; SOPC:inst2|SOPC_cpu:cpu|Mn_rot_step2[14]                                                                                                                                                                                                                                                           ; inst|altpll_component|pll|clk[0] ; inst|altpll_component|pll|clk[0] ; 6.666        ; 0.008      ; 3.873      ;
; 2.841 ; SOPC:inst2|altera_reset_controller:rst_controller|altera_reset_synchronizer:alt_rst_sync_uq1|altera_reset_synchronizer_int_chain_out ; SOPC:inst2|SOPC_cpu:cpu|Mn_rot_step2[24]                                                                                                                                                                                                                                                           ; inst|altpll_component|pll|clk[0] ; inst|altpll_component|pll|clk[0] ; 6.666        ; 0.008      ; 3.873      ;
; 2.841 ; SOPC:inst2|altera_reset_controller:rst_controller|altera_reset_synchronizer:alt_rst_sync_uq1|altera_reset_synchronizer_int_chain_out ; SOPC:inst2|SOPC_cpu:cpu|Mn_rot_step2[8]                                                                                                                                                                                                                                                            ; inst|altpll_component|pll|clk[0] ; inst|altpll_component|pll|clk[0] ; 6.666        ; 0.008      ; 3.873      ;
; 2.841 ; SOPC:inst2|altera_reset_controller:rst_controller|altera_reset_synchronizer:alt_rst_sync_uq1|altera_reset_synchronizer_int_chain_out ; SOPC:inst2|SOPC_cpu:cpu|Mn_rot_step2[29]                                                                                                                                                                                                                                                           ; inst|altpll_component|pll|clk[0] ; inst|altpll_component|pll|clk[0] ; 6.666        ; 0.008      ; 3.873      ;
; 2.841 ; SOPC:inst2|altera_reset_controller:rst_controller|altera_reset_synchronizer:alt_rst_sync_uq1|altera_reset_synchronizer_int_chain_out ; SOPC:inst2|SOPC_cpu:cpu|Mn_rot_step2[28]                                                                                                                                                                                                                                                           ; inst|altpll_component|pll|clk[0] ; inst|altpll_component|pll|clk[0] ; 6.666        ; 0.008      ; 3.873      ;
; 2.841 ; SOPC:inst2|altera_reset_controller:rst_controller|altera_reset_synchronizer:alt_rst_sync_uq1|altera_reset_synchronizer_int_chain_out ; SOPC:inst2|SOPC_cpu:cpu|Mn_rot_step2[12]                                                                                                                                                                                                                                                           ; inst|altpll_component|pll|clk[0] ; inst|altpll_component|pll|clk[0] ; 6.666        ; 0.008      ; 3.873      ;
; 2.841 ; SOPC:inst2|altera_reset_controller:rst_controller|altera_reset_synchronizer:alt_rst_sync_uq1|altera_reset_synchronizer_int_chain_out ; SOPC:inst2|SOPC_cpu:cpu|Mn_rot_step2[9]                                                                                                                                                                                                                                                            ; inst|altpll_component|pll|clk[0] ; inst|altpll_component|pll|clk[0] ; 6.666        ; 0.008      ; 3.873      ;
; 2.841 ; SOPC:inst2|altera_reset_controller:rst_controller|altera_reset_synchronizer:alt_rst_sync_uq1|altera_reset_synchronizer_int_chain_out ; SOPC:inst2|SOPC_cpu:cpu|Mn_rot_step2[25]                                                                                                                                                                                                                                                           ; inst|altpll_component|pll|clk[0] ; inst|altpll_component|pll|clk[0] ; 6.666        ; 0.008      ; 3.873      ;
; 2.841 ; SOPC:inst2|altera_reset_controller:rst_controller|altera_reset_synchronizer:alt_rst_sync_uq1|altera_reset_synchronizer_int_chain_out ; SOPC:inst2|SOPC_cpu:cpu|Mn_rot_step2[21]                                                                                                                                                                                                                                                           ; inst|altpll_component|pll|clk[0] ; inst|altpll_component|pll|clk[0] ; 6.666        ; 0.008      ; 3.873      ;
; 2.841 ; SOPC:inst2|altera_reset_controller:rst_controller|altera_reset_synchronizer:alt_rst_sync_uq1|altera_reset_synchronizer_int_chain_out ; SOPC:inst2|SOPC_cpu:cpu|Mn_rot_step2[5]                                                                                                                                                                                                                                                            ; inst|altpll_component|pll|clk[0] ; inst|altpll_component|pll|clk[0] ; 6.666        ; 0.008      ; 3.873      ;
; 2.841 ; SOPC:inst2|altera_reset_controller:rst_controller|altera_reset_synchronizer:alt_rst_sync_uq1|altera_reset_synchronizer_int_chain_out ; SOPC:inst2|SOPC_cpu:cpu|Mn_rot_step2[3]                                                                                                                                                                                                                                                            ; inst|altpll_component|pll|clk[0] ; inst|altpll_component|pll|clk[0] ; 6.666        ; -0.001     ; 3.864      ;
; 2.841 ; SOPC:inst2|altera_reset_controller:rst_controller|altera_reset_synchronizer:alt_rst_sync_uq1|altera_reset_synchronizer_int_chain_out ; SOPC:inst2|SOPC_cpu:cpu|Mn_rot_step2[19]                                                                                                                                                                                                                                                           ; inst|altpll_component|pll|clk[0] ; inst|altpll_component|pll|clk[0] ; 6.666        ; -0.001     ; 3.864      ;
; 2.841 ; SOPC:inst2|altera_reset_controller:rst_controller|altera_reset_synchronizer:alt_rst_sync_uq1|altera_reset_synchronizer_int_chain_out ; SOPC:inst2|SOPC_cpu:cpu|Mn_rot_step2[1]                                                                                                                                                                                                                                                            ; inst|altpll_component|pll|clk[0] ; inst|altpll_component|pll|clk[0] ; 6.666        ; 0.008      ; 3.873      ;
; 2.841 ; SOPC:inst2|altera_reset_controller:rst_controller|altera_reset_synchronizer:alt_rst_sync_uq1|altera_reset_synchronizer_int_chain_out ; SOPC:inst2|SOPC_cpu:cpu|Mn_rot_step2[17]                                                                                                                                                                                                                                                           ; inst|altpll_component|pll|clk[0] ; inst|altpll_component|pll|clk[0] ; 6.666        ; 0.008      ; 3.873      ;
; 2.841 ; SOPC:inst2|altera_reset_controller:rst_controller|altera_reset_synchronizer:alt_rst_sync_uq1|altera_reset_synchronizer_int_chain_out ; SOPC:inst2|SOPC_cpu:cpu|Mn_rot_step2[27]                                                                                                                                                                                                                                                           ; inst|altpll_component|pll|clk[0] ; inst|altpll_component|pll|clk[0] ; 6.666        ; -0.001     ; 3.864      ;
; 2.841 ; SOPC:inst2|altera_reset_controller:rst_controller|altera_reset_synchronizer:alt_rst_sync_uq1|altera_reset_synchronizer_int_chain_out ; SOPC:inst2|SOPC_cpu:cpu|Mn_rot_step2[6]                                                                                                                                                                                                                                                            ; inst|altpll_component|pll|clk[0] ; inst|altpll_component|pll|clk[0] ; 6.666        ; 0.008      ; 3.873      ;
; 2.841 ; SOPC:inst2|altera_reset_controller:rst_controller|altera_reset_synchronizer:alt_rst_sync_uq1|altera_reset_synchronizer_int_chain_out ; SOPC:inst2|SOPC_cpu:cpu|Mn_rot_step2[22]                                                                                                                                                                                                                                                           ; inst|altpll_component|pll|clk[0] ; inst|altpll_component|pll|clk[0] ; 6.666        ; 0.008      ; 3.873      ;
; 2.841 ; SOPC:inst2|altera_reset_controller:rst_controller|altera_reset_synchronizer:alt_rst_sync_uq1|altera_reset_synchronizer_int_chain_out ; SOPC:inst2|SOPC_cpu:cpu|Mn_rot_step2[16]                                                                                                                                                                                                                                                           ; inst|altpll_component|pll|clk[0] ; inst|altpll_component|pll|clk[0] ; 6.666        ; 0.008      ; 3.873      ;
; 2.841 ; SOPC:inst2|altera_reset_controller:rst_controller|altera_reset_synchronizer:alt_rst_sync_uq1|altera_reset_synchronizer_int_chain_out ; SOPC:inst2|SOPC_cpu:cpu|Mn_rot_step2[0]                                                                                                                                                                                                                                                            ; inst|altpll_component|pll|clk[0] ; inst|altpll_component|pll|clk[0] ; 6.666        ; 0.008      ; 3.873      ;
; 2.841 ; SOPC:inst2|altera_reset_controller:rst_controller|altera_reset_synchronizer:alt_rst_sync_uq1|altera_reset_synchronizer_int_chain_out ; SOPC:inst2|SOPC_cpu:cpu|Mn_rot_step2[26]                                                                                                                                                                                                                                                           ; inst|altpll_component|pll|clk[0] ; inst|altpll_component|pll|clk[0] ; 6.666        ; 0.008      ; 3.873      ;
; 2.841 ; SOPC:inst2|altera_reset_controller:rst_controller|altera_reset_synchronizer:alt_rst_sync_uq1|altera_reset_synchronizer_int_chain_out ; SOPC:inst2|SOPC_cpu:cpu|Mn_rot_step2[10]                                                                                                                                                                                                                                                           ; inst|altpll_component|pll|clk[0] ; inst|altpll_component|pll|clk[0] ; 6.666        ; 0.008      ; 3.873      ;
; 2.841 ; SOPC:inst2|altera_reset_controller:rst_controller|altera_reset_synchronizer:alt_rst_sync_uq1|altera_reset_synchronizer_int_chain_out ; SOPC:inst2|SOPC_cpu:cpu|Mn_rot_step2[23]                                                                                                                                                                                                                                                           ; inst|altpll_component|pll|clk[0] ; inst|altpll_component|pll|clk[0] ; 6.666        ; -0.001     ; 3.864      ;
; 2.841 ; SOPC:inst2|altera_reset_controller:rst_controller|altera_reset_synchronizer:alt_rst_sync_uq1|altera_reset_synchronizer_int_chain_out ; SOPC:inst2|SOPC_cpu:cpu|Mn_rot_step2[7]                                                                                                                                                                                                                                                            ; inst|altpll_component|pll|clk[0] ; inst|altpll_component|pll|clk[0] ; 6.666        ; -0.001     ; 3.864      ;
; 2.841 ; SOPC:inst2|altera_reset_controller:rst_controller|altera_reset_synchronizer:alt_rst_sync_uq1|altera_reset_synchronizer_int_chain_out ; SOPC:inst2|SOPC_cpu:cpu|Mn_rot_step2[2]                                                                                                                                                                                                                                                            ; inst|altpll_component|pll|clk[0] ; inst|altpll_component|pll|clk[0] ; 6.666        ; 0.008      ; 3.873      ;
; 2.841 ; SOPC:inst2|altera_reset_controller:rst_controller|altera_reset_synchronizer:alt_rst_sync_uq1|altera_reset_synchronizer_int_chain_out ; SOPC:inst2|SOPC_cpu:cpu|Mn_rot_step2[18]                                                                                                                                                                                                                                                           ; inst|altpll_component|pll|clk[0] ; inst|altpll_component|pll|clk[0] ; 6.666        ; 0.008      ; 3.873      ;
; 2.841 ; SOPC:inst2|altera_reset_controller:rst_controller|altera_reset_synchronizer:alt_rst_sync_uq1|altera_reset_synchronizer_int_chain_out ; SOPC:inst2|SOPC_cpu:cpu|Mn_rot_step2[15]                                                                                                                                                                                                                                                           ; inst|altpll_component|pll|clk[0] ; inst|altpll_component|pll|clk[0] ; 6.666        ; -0.001     ; 3.864      ;
; 2.841 ; SOPC:inst2|altera_reset_controller:rst_controller|altera_reset_synchronizer:alt_rst_sync_uq1|altera_reset_synchronizer_int_chain_out ; SOPC:inst2|SOPC_cpu:cpu|Mn_rot_step2[31]                                                                                                                                                                                                                                                           ; inst|altpll_component|pll|clk[0] ; inst|altpll_component|pll|clk[0] ; 6.666        ; -0.001     ; 3.864      ;
; 8.292 ; SOPC:inst2|altera_reset_controller:rst_controller|altera_reset_synchronizer:alt_rst_sync_uq1|altera_reset_synchronizer_int_chain_out ; SOPC:inst2|SOPC_cpu:cpu|SOPC_cpu_mult_cell:the_SOPC_cpu_mult_cell|altera_mult_add:the_altmult_add_part_1|altera_mult_add_mpt2:auto_generated|altera_mult_add_rtl:altera_mult_add_rtl1|ama_multiplier_function:multiplier_block|ama_register_function:multiplier_register_block_0|data_out_wire[26] ; inst|altpll_component|pll|clk[0] ; inst|altpll_component|pll|clk[0] ; 13.333       ; 0.420      ; 5.399      ;
; 8.292 ; SOPC:inst2|altera_reset_controller:rst_controller|altera_reset_synchronizer:alt_rst_sync_uq1|altera_reset_synchronizer_int_chain_out ; SOPC:inst2|SOPC_cpu:cpu|SOPC_cpu_mult_cell:the_SOPC_cpu_mult_cell|altera_mult_add:the_altmult_add_part_1|altera_mult_add_mpt2:auto_generated|altera_mult_add_rtl:altera_mult_add_rtl1|ama_multiplier_function:multiplier_block|ama_register_function:multiplier_register_block_0|data_out_wire[1]  ; inst|altpll_component|pll|clk[0] ; inst|altpll_component|pll|clk[0] ; 13.333       ; 0.420      ; 5.399      ;
; 8.292 ; SOPC:inst2|altera_reset_controller:rst_controller|altera_reset_synchronizer:alt_rst_sync_uq1|altera_reset_synchronizer_int_chain_out ; SOPC:inst2|SOPC_cpu:cpu|SOPC_cpu_mult_cell:the_SOPC_cpu_mult_cell|altera_mult_add:the_altmult_add_part_1|altera_mult_add_mpt2:auto_generated|altera_mult_add_rtl:altera_mult_add_rtl1|ama_multiplier_function:multiplier_block|ama_register_function:multiplier_register_block_0|data_out_wire[0]  ; inst|altpll_component|pll|clk[0] ; inst|altpll_component|pll|clk[0] ; 13.333       ; 0.420      ; 5.399      ;
; 8.292 ; SOPC:inst2|altera_reset_controller:rst_controller|altera_reset_synchronizer:alt_rst_sync_uq1|altera_reset_synchronizer_int_chain_out ; SOPC:inst2|SOPC_cpu:cpu|SOPC_cpu_mult_cell:the_SOPC_cpu_mult_cell|altera_mult_add:the_altmult_add_part_1|altera_mult_add_mpt2:auto_generated|altera_mult_add_rtl:altera_mult_add_rtl1|ama_multiplier_function:multiplier_block|ama_register_function:multiplier_register_block_0|data_out_wire[3]  ; inst|altpll_component|pll|clk[0] ; inst|altpll_component|pll|clk[0] ; 13.333       ; 0.420      ; 5.399      ;
; 8.292 ; SOPC:inst2|altera_reset_controller:rst_controller|altera_reset_synchronizer:alt_rst_sync_uq1|altera_reset_synchronizer_int_chain_out ; SOPC:inst2|SOPC_cpu:cpu|SOPC_cpu_mult_cell:the_SOPC_cpu_mult_cell|altera_mult_add:the_altmult_add_part_1|altera_mult_add_mpt2:auto_generated|altera_mult_add_rtl:altera_mult_add_rtl1|ama_multiplier_function:multiplier_block|ama_register_function:multiplier_register_block_0|data_out_wire[2]  ; inst|altpll_component|pll|clk[0] ; inst|altpll_component|pll|clk[0] ; 13.333       ; 0.420      ; 5.399      ;
; 8.292 ; SOPC:inst2|altera_reset_controller:rst_controller|altera_reset_synchronizer:alt_rst_sync_uq1|altera_reset_synchronizer_int_chain_out ; SOPC:inst2|SOPC_cpu:cpu|SOPC_cpu_mult_cell:the_SOPC_cpu_mult_cell|altera_mult_add:the_altmult_add_part_1|altera_mult_add_mpt2:auto_generated|altera_mult_add_rtl:altera_mult_add_rtl1|ama_multiplier_function:multiplier_block|ama_register_function:multiplier_register_block_0|data_out_wire[7]  ; inst|altpll_component|pll|clk[0] ; inst|altpll_component|pll|clk[0] ; 13.333       ; 0.420      ; 5.399      ;
; 8.292 ; SOPC:inst2|altera_reset_controller:rst_controller|altera_reset_synchronizer:alt_rst_sync_uq1|altera_reset_synchronizer_int_chain_out ; SOPC:inst2|SOPC_cpu:cpu|SOPC_cpu_mult_cell:the_SOPC_cpu_mult_cell|altera_mult_add:the_altmult_add_part_1|altera_mult_add_mpt2:auto_generated|altera_mult_add_rtl:altera_mult_add_rtl1|ama_multiplier_function:multiplier_block|ama_register_function:multiplier_register_block_0|data_out_wire[4]  ; inst|altpll_component|pll|clk[0] ; inst|altpll_component|pll|clk[0] ; 13.333       ; 0.420      ; 5.399      ;
; 8.292 ; SOPC:inst2|altera_reset_controller:rst_controller|altera_reset_synchronizer:alt_rst_sync_uq1|altera_reset_synchronizer_int_chain_out ; SOPC:inst2|SOPC_cpu:cpu|SOPC_cpu_mult_cell:the_SOPC_cpu_mult_cell|altera_mult_add:the_altmult_add_part_1|altera_mult_add_mpt2:auto_generated|altera_mult_add_rtl:altera_mult_add_rtl1|ama_multiplier_function:multiplier_block|ama_register_function:multiplier_register_block_0|data_out_wire[5]  ; inst|altpll_component|pll|clk[0] ; inst|altpll_component|pll|clk[0] ; 13.333       ; 0.420      ; 5.399      ;
; 8.292 ; SOPC:inst2|altera_reset_controller:rst_controller|altera_reset_synchronizer:alt_rst_sync_uq1|altera_reset_synchronizer_int_chain_out ; SOPC:inst2|SOPC_cpu:cpu|SOPC_cpu_mult_cell:the_SOPC_cpu_mult_cell|altera_mult_add:the_altmult_add_part_1|altera_mult_add_mpt2:auto_generated|altera_mult_add_rtl:altera_mult_add_rtl1|ama_multiplier_function:multiplier_block|ama_register_function:multiplier_register_block_0|data_out_wire[6]  ; inst|altpll_component|pll|clk[0] ; inst|altpll_component|pll|clk[0] ; 13.333       ; 0.420      ; 5.399      ;
; 8.292 ; SOPC:inst2|altera_reset_controller:rst_controller|altera_reset_synchronizer:alt_rst_sync_uq1|altera_reset_synchronizer_int_chain_out ; SOPC:inst2|SOPC_cpu:cpu|SOPC_cpu_mult_cell:the_SOPC_cpu_mult_cell|altera_mult_add:the_altmult_add_part_1|altera_mult_add_mpt2:auto_generated|altera_mult_add_rtl:altera_mult_add_rtl1|ama_multiplier_function:multiplier_block|ama_register_function:multiplier_register_block_0|data_out_wire[17] ; inst|altpll_component|pll|clk[0] ; inst|altpll_component|pll|clk[0] ; 13.333       ; 0.420      ; 5.399      ;
; 8.292 ; SOPC:inst2|altera_reset_controller:rst_controller|altera_reset_synchronizer:alt_rst_sync_uq1|altera_reset_synchronizer_int_chain_out ; SOPC:inst2|SOPC_cpu:cpu|SOPC_cpu_mult_cell:the_SOPC_cpu_mult_cell|altera_mult_add:the_altmult_add_part_1|altera_mult_add_mpt2:auto_generated|altera_mult_add_rtl:altera_mult_add_rtl1|ama_multiplier_function:multiplier_block|ama_register_function:multiplier_register_block_0|data_out_wire[8]  ; inst|altpll_component|pll|clk[0] ; inst|altpll_component|pll|clk[0] ; 13.333       ; 0.420      ; 5.399      ;
; 8.292 ; SOPC:inst2|altera_reset_controller:rst_controller|altera_reset_synchronizer:alt_rst_sync_uq1|altera_reset_synchronizer_int_chain_out ; SOPC:inst2|SOPC_cpu:cpu|SOPC_cpu_mult_cell:the_SOPC_cpu_mult_cell|altera_mult_add:the_altmult_add_part_1|altera_mult_add_mpt2:auto_generated|altera_mult_add_rtl:altera_mult_add_rtl1|ama_multiplier_function:multiplier_block|ama_register_function:multiplier_register_block_0|data_out_wire[9]  ; inst|altpll_component|pll|clk[0] ; inst|altpll_component|pll|clk[0] ; 13.333       ; 0.420      ; 5.399      ;
; 8.292 ; SOPC:inst2|altera_reset_controller:rst_controller|altera_reset_synchronizer:alt_rst_sync_uq1|altera_reset_synchronizer_int_chain_out ; SOPC:inst2|SOPC_cpu:cpu|SOPC_cpu_mult_cell:the_SOPC_cpu_mult_cell|altera_mult_add:the_altmult_add_part_1|altera_mult_add_mpt2:auto_generated|altera_mult_add_rtl:altera_mult_add_rtl1|ama_multiplier_function:multiplier_block|ama_register_function:multiplier_register_block_0|data_out_wire[10] ; inst|altpll_component|pll|clk[0] ; inst|altpll_component|pll|clk[0] ; 13.333       ; 0.420      ; 5.399      ;
; 8.292 ; SOPC:inst2|altera_reset_controller:rst_controller|altera_reset_synchronizer:alt_rst_sync_uq1|altera_reset_synchronizer_int_chain_out ; SOPC:inst2|SOPC_cpu:cpu|SOPC_cpu_mult_cell:the_SOPC_cpu_mult_cell|altera_mult_add:the_altmult_add_part_1|altera_mult_add_mpt2:auto_generated|altera_mult_add_rtl:altera_mult_add_rtl1|ama_multiplier_function:multiplier_block|ama_register_function:multiplier_register_block_0|data_out_wire[11] ; inst|altpll_component|pll|clk[0] ; inst|altpll_component|pll|clk[0] ; 13.333       ; 0.420      ; 5.399      ;
; 8.292 ; SOPC:inst2|altera_reset_controller:rst_controller|altera_reset_synchronizer:alt_rst_sync_uq1|altera_reset_synchronizer_int_chain_out ; SOPC:inst2|SOPC_cpu:cpu|SOPC_cpu_mult_cell:the_SOPC_cpu_mult_cell|altera_mult_add:the_altmult_add_part_1|altera_mult_add_mpt2:auto_generated|altera_mult_add_rtl:altera_mult_add_rtl1|ama_multiplier_function:multiplier_block|ama_register_function:multiplier_register_block_0|data_out_wire[12] ; inst|altpll_component|pll|clk[0] ; inst|altpll_component|pll|clk[0] ; 13.333       ; 0.420      ; 5.399      ;
; 8.292 ; SOPC:inst2|altera_reset_controller:rst_controller|altera_reset_synchronizer:alt_rst_sync_uq1|altera_reset_synchronizer_int_chain_out ; SOPC:inst2|SOPC_cpu:cpu|SOPC_cpu_mult_cell:the_SOPC_cpu_mult_cell|altera_mult_add:the_altmult_add_part_1|altera_mult_add_mpt2:auto_generated|altera_mult_add_rtl:altera_mult_add_rtl1|ama_multiplier_function:multiplier_block|ama_register_function:multiplier_register_block_0|data_out_wire[13] ; inst|altpll_component|pll|clk[0] ; inst|altpll_component|pll|clk[0] ; 13.333       ; 0.420      ; 5.399      ;
; 8.292 ; SOPC:inst2|altera_reset_controller:rst_controller|altera_reset_synchronizer:alt_rst_sync_uq1|altera_reset_synchronizer_int_chain_out ; SOPC:inst2|SOPC_cpu:cpu|SOPC_cpu_mult_cell:the_SOPC_cpu_mult_cell|altera_mult_add:the_altmult_add_part_1|altera_mult_add_mpt2:auto_generated|altera_mult_add_rtl:altera_mult_add_rtl1|ama_multiplier_function:multiplier_block|ama_register_function:multiplier_register_block_0|data_out_wire[14] ; inst|altpll_component|pll|clk[0] ; inst|altpll_component|pll|clk[0] ; 13.333       ; 0.420      ; 5.399      ;
; 8.292 ; SOPC:inst2|altera_reset_controller:rst_controller|altera_reset_synchronizer:alt_rst_sync_uq1|altera_reset_synchronizer_int_chain_out ; SOPC:inst2|SOPC_cpu:cpu|SOPC_cpu_mult_cell:the_SOPC_cpu_mult_cell|altera_mult_add:the_altmult_add_part_1|altera_mult_add_mpt2:auto_generated|altera_mult_add_rtl:altera_mult_add_rtl1|ama_multiplier_function:multiplier_block|ama_register_function:multiplier_register_block_0|data_out_wire[15] ; inst|altpll_component|pll|clk[0] ; inst|altpll_component|pll|clk[0] ; 13.333       ; 0.420      ; 5.399      ;
; 8.292 ; SOPC:inst2|altera_reset_controller:rst_controller|altera_reset_synchronizer:alt_rst_sync_uq1|altera_reset_synchronizer_int_chain_out ; SOPC:inst2|SOPC_cpu:cpu|SOPC_cpu_mult_cell:the_SOPC_cpu_mult_cell|altera_mult_add:the_altmult_add_part_1|altera_mult_add_mpt2:auto_generated|altera_mult_add_rtl:altera_mult_add_rtl1|ama_multiplier_function:multiplier_block|ama_register_function:multiplier_register_block_0|data_out_wire[21] ; inst|altpll_component|pll|clk[0] ; inst|altpll_component|pll|clk[0] ; 13.333       ; 0.420      ; 5.399      ;
; 8.292 ; SOPC:inst2|altera_reset_controller:rst_controller|altera_reset_synchronizer:alt_rst_sync_uq1|altera_reset_synchronizer_int_chain_out ; SOPC:inst2|SOPC_cpu:cpu|SOPC_cpu_mult_cell:the_SOPC_cpu_mult_cell|altera_mult_add:the_altmult_add_part_1|altera_mult_add_mpt2:auto_generated|altera_mult_add_rtl:altera_mult_add_rtl1|ama_multiplier_function:multiplier_block|ama_register_function:multiplier_register_block_0|data_out_wire[18] ; inst|altpll_component|pll|clk[0] ; inst|altpll_component|pll|clk[0] ; 13.333       ; 0.420      ; 5.399      ;
; 8.292 ; SOPC:inst2|altera_reset_controller:rst_controller|altera_reset_synchronizer:alt_rst_sync_uq1|altera_reset_synchronizer_int_chain_out ; SOPC:inst2|SOPC_cpu:cpu|SOPC_cpu_mult_cell:the_SOPC_cpu_mult_cell|altera_mult_add:the_altmult_add_part_1|altera_mult_add_mpt2:auto_generated|altera_mult_add_rtl:altera_mult_add_rtl1|ama_multiplier_function:multiplier_block|ama_register_function:multiplier_register_block_0|data_out_wire[19] ; inst|altpll_component|pll|clk[0] ; inst|altpll_component|pll|clk[0] ; 13.333       ; 0.420      ; 5.399      ;
; 8.292 ; SOPC:inst2|altera_reset_controller:rst_controller|altera_reset_synchronizer:alt_rst_sync_uq1|altera_reset_synchronizer_int_chain_out ; SOPC:inst2|SOPC_cpu:cpu|SOPC_cpu_mult_cell:the_SOPC_cpu_mult_cell|altera_mult_add:the_altmult_add_part_1|altera_mult_add_mpt2:auto_generated|altera_mult_add_rtl:altera_mult_add_rtl1|ama_multiplier_function:multiplier_block|ama_register_function:multiplier_register_block_0|data_out_wire[20] ; inst|altpll_component|pll|clk[0] ; inst|altpll_component|pll|clk[0] ; 13.333       ; 0.420      ; 5.399      ;
; 8.292 ; SOPC:inst2|altera_reset_controller:rst_controller|altera_reset_synchronizer:alt_rst_sync_uq1|altera_reset_synchronizer_int_chain_out ; SOPC:inst2|SOPC_cpu:cpu|SOPC_cpu_mult_cell:the_SOPC_cpu_mult_cell|altera_mult_add:the_altmult_add_part_1|altera_mult_add_mpt2:auto_generated|altera_mult_add_rtl:altera_mult_add_rtl1|ama_multiplier_function:multiplier_block|ama_register_function:multiplier_register_block_0|data_out_wire[24] ; inst|altpll_component|pll|clk[0] ; inst|altpll_component|pll|clk[0] ; 13.333       ; 0.420      ; 5.399      ;
; 8.292 ; SOPC:inst2|altera_reset_controller:rst_controller|altera_reset_synchronizer:alt_rst_sync_uq1|altera_reset_synchronizer_int_chain_out ; SOPC:inst2|SOPC_cpu:cpu|SOPC_cpu_mult_cell:the_SOPC_cpu_mult_cell|altera_mult_add:the_altmult_add_part_1|altera_mult_add_mpt2:auto_generated|altera_mult_add_rtl:altera_mult_add_rtl1|ama_multiplier_function:multiplier_block|ama_register_function:multiplier_register_block_0|data_out_wire[22] ; inst|altpll_component|pll|clk[0] ; inst|altpll_component|pll|clk[0] ; 13.333       ; 0.420      ; 5.399      ;
; 8.292 ; SOPC:inst2|altera_reset_controller:rst_controller|altera_reset_synchronizer:alt_rst_sync_uq1|altera_reset_synchronizer_int_chain_out ; SOPC:inst2|SOPC_cpu:cpu|SOPC_cpu_mult_cell:the_SOPC_cpu_mult_cell|altera_mult_add:the_altmult_add_part_1|altera_mult_add_mpt2:auto_generated|altera_mult_add_rtl:altera_mult_add_rtl1|ama_multiplier_function:multiplier_block|ama_register_function:multiplier_register_block_0|data_out_wire[23] ; inst|altpll_component|pll|clk[0] ; inst|altpll_component|pll|clk[0] ; 13.333       ; 0.420      ; 5.399      ;
; 8.292 ; SOPC:inst2|altera_reset_controller:rst_controller|altera_reset_synchronizer:alt_rst_sync_uq1|altera_reset_synchronizer_int_chain_out ; SOPC:inst2|SOPC_cpu:cpu|SOPC_cpu_mult_cell:the_SOPC_cpu_mult_cell|altera_mult_add:the_altmult_add_part_1|altera_mult_add_mpt2:auto_generated|altera_mult_add_rtl:altera_mult_add_rtl1|ama_multiplier_function:multiplier_block|ama_register_function:multiplier_register_block_0|data_out_wire[28] ; inst|altpll_component|pll|clk[0] ; inst|altpll_component|pll|clk[0] ; 13.333       ; 0.420      ; 5.399      ;
; 8.292 ; SOPC:inst2|altera_reset_controller:rst_controller|altera_reset_synchronizer:alt_rst_sync_uq1|altera_reset_synchronizer_int_chain_out ; SOPC:inst2|SOPC_cpu:cpu|SOPC_cpu_mult_cell:the_SOPC_cpu_mult_cell|altera_mult_add:the_altmult_add_part_1|altera_mult_add_mpt2:auto_generated|altera_mult_add_rtl:altera_mult_add_rtl1|ama_multiplier_function:multiplier_block|ama_register_function:multiplier_register_block_0|data_out_wire[25] ; inst|altpll_component|pll|clk[0] ; inst|altpll_component|pll|clk[0] ; 13.333       ; 0.420      ; 5.399      ;
; 8.292 ; SOPC:inst2|altera_reset_controller:rst_controller|altera_reset_synchronizer:alt_rst_sync_uq1|altera_reset_synchronizer_int_chain_out ; SOPC:inst2|SOPC_cpu:cpu|SOPC_cpu_mult_cell:the_SOPC_cpu_mult_cell|altera_mult_add:the_altmult_add_part_1|altera_mult_add_mpt2:auto_generated|altera_mult_add_rtl:altera_mult_add_rtl1|ama_multiplier_function:multiplier_block|ama_register_function:multiplier_register_block_0|data_out_wire[27] ; inst|altpll_component|pll|clk[0] ; inst|altpll_component|pll|clk[0] ; 13.333       ; 0.420      ; 5.399      ;
; 8.292 ; SOPC:inst2|altera_reset_controller:rst_controller|altera_reset_synchronizer:alt_rst_sync_uq1|altera_reset_synchronizer_int_chain_out ; SOPC:inst2|SOPC_cpu:cpu|SOPC_cpu_mult_cell:the_SOPC_cpu_mult_cell|altera_mult_add:the_altmult_add_part_1|altera_mult_add_mpt2:auto_generated|altera_mult_add_rtl:altera_mult_add_rtl1|ama_multiplier_function:multiplier_block|ama_register_function:multiplier_register_block_0|data_out_wire[29] ; inst|altpll_component|pll|clk[0] ; inst|altpll_component|pll|clk[0] ; 13.333       ; 0.420      ; 5.399      ;
; 8.292 ; SOPC:inst2|altera_reset_controller:rst_controller|altera_reset_synchronizer:alt_rst_sync_uq1|altera_reset_synchronizer_int_chain_out ; SOPC:inst2|SOPC_cpu:cpu|SOPC_cpu_mult_cell:the_SOPC_cpu_mult_cell|altera_mult_add:the_altmult_add_part_1|altera_mult_add_mpt2:auto_generated|altera_mult_add_rtl:altera_mult_add_rtl1|ama_multiplier_function:multiplier_block|ama_register_function:multiplier_register_block_0|data_out_wire[30] ; inst|altpll_component|pll|clk[0] ; inst|altpll_component|pll|clk[0] ; 13.333       ; 0.420      ; 5.399      ;
; 8.292 ; SOPC:inst2|altera_reset_controller:rst_controller|altera_reset_synchronizer:alt_rst_sync_uq1|altera_reset_synchronizer_int_chain_out ; SOPC:inst2|SOPC_cpu:cpu|SOPC_cpu_mult_cell:the_SOPC_cpu_mult_cell|altera_mult_add:the_altmult_add_part_1|altera_mult_add_mpt2:auto_generated|altera_mult_add_rtl:altera_mult_add_rtl1|ama_multiplier_function:multiplier_block|ama_register_function:multiplier_register_block_0|data_out_wire[16] ; inst|altpll_component|pll|clk[0] ; inst|altpll_component|pll|clk[0] ; 13.333       ; 0.420      ; 5.399      ;
; 8.292 ; SOPC:inst2|altera_reset_controller:rst_controller|altera_reset_synchronizer:alt_rst_sync_uq1|altera_reset_synchronizer_int_chain_out ; SOPC:inst2|SOPC_cpu:cpu|SOPC_cpu_mult_cell:the_SOPC_cpu_mult_cell|altera_mult_add:the_altmult_add_part_1|altera_mult_add_mpt2:auto_generated|altera_mult_add_rtl:altera_mult_add_rtl1|ama_multiplier_function:multiplier_block|ama_register_function:multiplier_register_block_0|data_out_wire[31] ; inst|altpll_component|pll|clk[0] ; inst|altpll_component|pll|clk[0] ; 13.333       ; 0.420      ; 5.399      ;
; 8.292 ; SOPC:inst2|altera_reset_controller:rst_controller|altera_reset_synchronizer:alt_rst_sync_uq1|altera_reset_synchronizer_int_chain_out ; SOPC:inst2|SOPC_cpu:cpu|SOPC_cpu_mult_cell:the_SOPC_cpu_mult_cell|altera_mult_add:the_altmult_add_part_2|altera_mult_add_opt2:auto_generated|altera_mult_add_rtl:altera_mult_add_rtl1|ama_multiplier_function:multiplier_block|ama_register_function:multiplier_register_block_0|data_out_wire[1]  ; inst|altpll_component|pll|clk[0] ; inst|altpll_component|pll|clk[0] ; 13.333       ; 0.421      ; 5.400      ;
; 8.292 ; SOPC:inst2|altera_reset_controller:rst_controller|altera_reset_synchronizer:alt_rst_sync_uq1|altera_reset_synchronizer_int_chain_out ; SOPC:inst2|SOPC_cpu:cpu|SOPC_cpu_mult_cell:the_SOPC_cpu_mult_cell|altera_mult_add:the_altmult_add_part_2|altera_mult_add_opt2:auto_generated|altera_mult_add_rtl:altera_mult_add_rtl1|ama_multiplier_function:multiplier_block|ama_register_function:multiplier_register_block_0|data_out_wire[0]  ; inst|altpll_component|pll|clk[0] ; inst|altpll_component|pll|clk[0] ; 13.333       ; 0.421      ; 5.400      ;
; 8.292 ; SOPC:inst2|altera_reset_controller:rst_controller|altera_reset_synchronizer:alt_rst_sync_uq1|altera_reset_synchronizer_int_chain_out ; SOPC:inst2|SOPC_cpu:cpu|SOPC_cpu_mult_cell:the_SOPC_cpu_mult_cell|altera_mult_add:the_altmult_add_part_2|altera_mult_add_opt2:auto_generated|altera_mult_add_rtl:altera_mult_add_rtl1|ama_multiplier_function:multiplier_block|ama_register_function:multiplier_register_block_0|data_out_wire[5]  ; inst|altpll_component|pll|clk[0] ; inst|altpll_component|pll|clk[0] ; 13.333       ; 0.421      ; 5.400      ;
; 8.292 ; SOPC:inst2|altera_reset_controller:rst_controller|altera_reset_synchronizer:alt_rst_sync_uq1|altera_reset_synchronizer_int_chain_out ; SOPC:inst2|SOPC_cpu:cpu|SOPC_cpu_mult_cell:the_SOPC_cpu_mult_cell|altera_mult_add:the_altmult_add_part_2|altera_mult_add_opt2:auto_generated|altera_mult_add_rtl:altera_mult_add_rtl1|ama_multiplier_function:multiplier_block|ama_register_function:multiplier_register_block_0|data_out_wire[2]  ; inst|altpll_component|pll|clk[0] ; inst|altpll_component|pll|clk[0] ; 13.333       ; 0.421      ; 5.400      ;
; 8.292 ; SOPC:inst2|altera_reset_controller:rst_controller|altera_reset_synchronizer:alt_rst_sync_uq1|altera_reset_synchronizer_int_chain_out ; SOPC:inst2|SOPC_cpu:cpu|SOPC_cpu_mult_cell:the_SOPC_cpu_mult_cell|altera_mult_add:the_altmult_add_part_2|altera_mult_add_opt2:auto_generated|altera_mult_add_rtl:altera_mult_add_rtl1|ama_multiplier_function:multiplier_block|ama_register_function:multiplier_register_block_0|data_out_wire[3]  ; inst|altpll_component|pll|clk[0] ; inst|altpll_component|pll|clk[0] ; 13.333       ; 0.421      ; 5.400      ;
; 8.292 ; SOPC:inst2|altera_reset_controller:rst_controller|altera_reset_synchronizer:alt_rst_sync_uq1|altera_reset_synchronizer_int_chain_out ; SOPC:inst2|SOPC_cpu:cpu|SOPC_cpu_mult_cell:the_SOPC_cpu_mult_cell|altera_mult_add:the_altmult_add_part_2|altera_mult_add_opt2:auto_generated|altera_mult_add_rtl:altera_mult_add_rtl1|ama_multiplier_function:multiplier_block|ama_register_function:multiplier_register_block_0|data_out_wire[4]  ; inst|altpll_component|pll|clk[0] ; inst|altpll_component|pll|clk[0] ; 13.333       ; 0.421      ; 5.400      ;
; 8.292 ; SOPC:inst2|altera_reset_controller:rst_controller|altera_reset_synchronizer:alt_rst_sync_uq1|altera_reset_synchronizer_int_chain_out ; SOPC:inst2|SOPC_cpu:cpu|SOPC_cpu_mult_cell:the_SOPC_cpu_mult_cell|altera_mult_add:the_altmult_add_part_2|altera_mult_add_opt2:auto_generated|altera_mult_add_rtl:altera_mult_add_rtl1|ama_multiplier_function:multiplier_block|ama_register_function:multiplier_register_block_0|data_out_wire[8]  ; inst|altpll_component|pll|clk[0] ; inst|altpll_component|pll|clk[0] ; 13.333       ; 0.421      ; 5.400      ;
; 8.292 ; SOPC:inst2|altera_reset_controller:rst_controller|altera_reset_synchronizer:alt_rst_sync_uq1|altera_reset_synchronizer_int_chain_out ; SOPC:inst2|SOPC_cpu:cpu|SOPC_cpu_mult_cell:the_SOPC_cpu_mult_cell|altera_mult_add:the_altmult_add_part_2|altera_mult_add_opt2:auto_generated|altera_mult_add_rtl:altera_mult_add_rtl1|ama_multiplier_function:multiplier_block|ama_register_function:multiplier_register_block_0|data_out_wire[6]  ; inst|altpll_component|pll|clk[0] ; inst|altpll_component|pll|clk[0] ; 13.333       ; 0.421      ; 5.400      ;
; 8.292 ; SOPC:inst2|altera_reset_controller:rst_controller|altera_reset_synchronizer:alt_rst_sync_uq1|altera_reset_synchronizer_int_chain_out ; SOPC:inst2|SOPC_cpu:cpu|SOPC_cpu_mult_cell:the_SOPC_cpu_mult_cell|altera_mult_add:the_altmult_add_part_2|altera_mult_add_opt2:auto_generated|altera_mult_add_rtl:altera_mult_add_rtl1|ama_multiplier_function:multiplier_block|ama_register_function:multiplier_register_block_0|data_out_wire[7]  ; inst|altpll_component|pll|clk[0] ; inst|altpll_component|pll|clk[0] ; 13.333       ; 0.421      ; 5.400      ;
; 8.292 ; SOPC:inst2|altera_reset_controller:rst_controller|altera_reset_synchronizer:alt_rst_sync_uq1|altera_reset_synchronizer_int_chain_out ; SOPC:inst2|SOPC_cpu:cpu|SOPC_cpu_mult_cell:the_SOPC_cpu_mult_cell|altera_mult_add:the_altmult_add_part_2|altera_mult_add_opt2:auto_generated|altera_mult_add_rtl:altera_mult_add_rtl1|ama_multiplier_function:multiplier_block|ama_register_function:multiplier_register_block_0|data_out_wire[12] ; inst|altpll_component|pll|clk[0] ; inst|altpll_component|pll|clk[0] ; 13.333       ; 0.421      ; 5.400      ;
; 8.292 ; SOPC:inst2|altera_reset_controller:rst_controller|altera_reset_synchronizer:alt_rst_sync_uq1|altera_reset_synchronizer_int_chain_out ; SOPC:inst2|SOPC_cpu:cpu|SOPC_cpu_mult_cell:the_SOPC_cpu_mult_cell|altera_mult_add:the_altmult_add_part_2|altera_mult_add_opt2:auto_generated|altera_mult_add_rtl:altera_mult_add_rtl1|ama_multiplier_function:multiplier_block|ama_register_function:multiplier_register_block_0|data_out_wire[9]  ; inst|altpll_component|pll|clk[0] ; inst|altpll_component|pll|clk[0] ; 13.333       ; 0.421      ; 5.400      ;
; 8.292 ; SOPC:inst2|altera_reset_controller:rst_controller|altera_reset_synchronizer:alt_rst_sync_uq1|altera_reset_synchronizer_int_chain_out ; SOPC:inst2|SOPC_cpu:cpu|SOPC_cpu_mult_cell:the_SOPC_cpu_mult_cell|altera_mult_add:the_altmult_add_part_2|altera_mult_add_opt2:auto_generated|altera_mult_add_rtl:altera_mult_add_rtl1|ama_multiplier_function:multiplier_block|ama_register_function:multiplier_register_block_0|data_out_wire[11] ; inst|altpll_component|pll|clk[0] ; inst|altpll_component|pll|clk[0] ; 13.333       ; 0.421      ; 5.400      ;
; 8.292 ; SOPC:inst2|altera_reset_controller:rst_controller|altera_reset_synchronizer:alt_rst_sync_uq1|altera_reset_synchronizer_int_chain_out ; SOPC:inst2|SOPC_cpu:cpu|SOPC_cpu_mult_cell:the_SOPC_cpu_mult_cell|altera_mult_add:the_altmult_add_part_2|altera_mult_add_opt2:auto_generated|altera_mult_add_rtl:altera_mult_add_rtl1|ama_multiplier_function:multiplier_block|ama_register_function:multiplier_register_block_0|data_out_wire[13] ; inst|altpll_component|pll|clk[0] ; inst|altpll_component|pll|clk[0] ; 13.333       ; 0.421      ; 5.400      ;
; 8.292 ; SOPC:inst2|altera_reset_controller:rst_controller|altera_reset_synchronizer:alt_rst_sync_uq1|altera_reset_synchronizer_int_chain_out ; SOPC:inst2|SOPC_cpu:cpu|SOPC_cpu_mult_cell:the_SOPC_cpu_mult_cell|altera_mult_add:the_altmult_add_part_2|altera_mult_add_opt2:auto_generated|altera_mult_add_rtl:altera_mult_add_rtl1|ama_multiplier_function:multiplier_block|ama_register_function:multiplier_register_block_0|data_out_wire[10] ; inst|altpll_component|pll|clk[0] ; inst|altpll_component|pll|clk[0] ; 13.333       ; 0.421      ; 5.400      ;
; 8.292 ; SOPC:inst2|altera_reset_controller:rst_controller|altera_reset_synchronizer:alt_rst_sync_uq1|altera_reset_synchronizer_int_chain_out ; SOPC:inst2|SOPC_cpu:cpu|SOPC_cpu_mult_cell:the_SOPC_cpu_mult_cell|altera_mult_add:the_altmult_add_part_2|altera_mult_add_opt2:auto_generated|altera_mult_add_rtl:altera_mult_add_rtl1|ama_multiplier_function:multiplier_block|ama_register_function:multiplier_register_block_0|data_out_wire[14] ; inst|altpll_component|pll|clk[0] ; inst|altpll_component|pll|clk[0] ; 13.333       ; 0.421      ; 5.400      ;
; 8.292 ; SOPC:inst2|altera_reset_controller:rst_controller|altera_reset_synchronizer:alt_rst_sync_uq1|altera_reset_synchronizer_int_chain_out ; SOPC:inst2|SOPC_cpu:cpu|SOPC_cpu_mult_cell:the_SOPC_cpu_mult_cell|altera_mult_add:the_altmult_add_part_2|altera_mult_add_opt2:auto_generated|altera_mult_add_rtl:altera_mult_add_rtl1|ama_multiplier_function:multiplier_block|ama_register_function:multiplier_register_block_0|data_out_wire[15] ; inst|altpll_component|pll|clk[0] ; inst|altpll_component|pll|clk[0] ; 13.333       ; 0.421      ; 5.400      ;
; 8.625 ; SOPC:inst2|altera_reset_controller:rst_controller|altera_reset_synchronizer:alt_rst_sync_uq1|altera_reset_synchronizer_int_chain_out ; SOPC:inst2|SOPC_cpu:cpu|A_mul_src1[0]                                                                                                                                                                                                                                                              ; inst|altpll_component|pll|clk[0] ; inst|altpll_component|pll|clk[0] ; 13.333       ; 0.418      ; 5.064      ;
; 8.625 ; SOPC:inst2|altera_reset_controller:rst_controller|altera_reset_synchronizer:alt_rst_sync_uq1|altera_reset_synchronizer_int_chain_out ; SOPC:inst2|SOPC_cpu:cpu|A_mul_src1[1]                                                                                                                                                                                                                                                              ; inst|altpll_component|pll|clk[0] ; inst|altpll_component|pll|clk[0] ; 13.333       ; 0.418      ; 5.064      ;
; 8.625 ; SOPC:inst2|altera_reset_controller:rst_controller|altera_reset_synchronizer:alt_rst_sync_uq1|altera_reset_synchronizer_int_chain_out ; SOPC:inst2|SOPC_cpu:cpu|A_mul_src1[2]                                                                                                                                                                                                                                                              ; inst|altpll_component|pll|clk[0] ; inst|altpll_component|pll|clk[0] ; 13.333       ; 0.418      ; 5.064      ;
; 8.625 ; SOPC:inst2|altera_reset_controller:rst_controller|altera_reset_synchronizer:alt_rst_sync_uq1|altera_reset_synchronizer_int_chain_out ; SOPC:inst2|SOPC_cpu:cpu|A_mul_src1[3]                                                                                                                                                                                                                                                              ; inst|altpll_component|pll|clk[0] ; inst|altpll_component|pll|clk[0] ; 13.333       ; 0.418      ; 5.064      ;
; 8.625 ; SOPC:inst2|altera_reset_controller:rst_controller|altera_reset_synchronizer:alt_rst_sync_uq1|altera_reset_synchronizer_int_chain_out ; SOPC:inst2|SOPC_cpu:cpu|A_mul_src1[4]                                                                                                                                                                                                                                                              ; inst|altpll_component|pll|clk[0] ; inst|altpll_component|pll|clk[0] ; 13.333       ; 0.418      ; 5.064      ;
; 8.625 ; SOPC:inst2|altera_reset_controller:rst_controller|altera_reset_synchronizer:alt_rst_sync_uq1|altera_reset_synchronizer_int_chain_out ; SOPC:inst2|SOPC_cpu:cpu|A_mul_src1[5]                                                                                                                                                                                                                                                              ; inst|altpll_component|pll|clk[0] ; inst|altpll_component|pll|clk[0] ; 13.333       ; 0.418      ; 5.064      ;
; 8.625 ; SOPC:inst2|altera_reset_controller:rst_controller|altera_reset_synchronizer:alt_rst_sync_uq1|altera_reset_synchronizer_int_chain_out ; SOPC:inst2|SOPC_cpu:cpu|A_mul_src1[6]                                                                                                                                                                                                                                                              ; inst|altpll_component|pll|clk[0] ; inst|altpll_component|pll|clk[0] ; 13.333       ; 0.418      ; 5.064      ;
; 8.625 ; SOPC:inst2|altera_reset_controller:rst_controller|altera_reset_synchronizer:alt_rst_sync_uq1|altera_reset_synchronizer_int_chain_out ; SOPC:inst2|SOPC_cpu:cpu|A_mul_src1[7]                                                                                                                                                                                                                                                              ; inst|altpll_component|pll|clk[0] ; inst|altpll_component|pll|clk[0] ; 13.333       ; 0.418      ; 5.064      ;
; 8.625 ; SOPC:inst2|altera_reset_controller:rst_controller|altera_reset_synchronizer:alt_rst_sync_uq1|altera_reset_synchronizer_int_chain_out ; SOPC:inst2|SOPC_cpu:cpu|A_mul_src1[8]                                                                                                                                                                                                                                                              ; inst|altpll_component|pll|clk[0] ; inst|altpll_component|pll|clk[0] ; 13.333       ; 0.418      ; 5.064      ;
; 8.625 ; SOPC:inst2|altera_reset_controller:rst_controller|altera_reset_synchronizer:alt_rst_sync_uq1|altera_reset_synchronizer_int_chain_out ; SOPC:inst2|SOPC_cpu:cpu|A_mul_src1[9]                                                                                                                                                                                                                                                              ; inst|altpll_component|pll|clk[0] ; inst|altpll_component|pll|clk[0] ; 13.333       ; 0.418      ; 5.064      ;
; 8.625 ; SOPC:inst2|altera_reset_controller:rst_controller|altera_reset_synchronizer:alt_rst_sync_uq1|altera_reset_synchronizer_int_chain_out ; SOPC:inst2|SOPC_cpu:cpu|A_mul_src1[10]                                                                                                                                                                                                                                                             ; inst|altpll_component|pll|clk[0] ; inst|altpll_component|pll|clk[0] ; 13.333       ; 0.418      ; 5.064      ;
; 8.625 ; SOPC:inst2|altera_reset_controller:rst_controller|altera_reset_synchronizer:alt_rst_sync_uq1|altera_reset_synchronizer_int_chain_out ; SOPC:inst2|SOPC_cpu:cpu|A_mul_src1[11]                                                                                                                                                                                                                                                             ; inst|altpll_component|pll|clk[0] ; inst|altpll_component|pll|clk[0] ; 13.333       ; 0.418      ; 5.064      ;
; 8.625 ; SOPC:inst2|altera_reset_controller:rst_controller|altera_reset_synchronizer:alt_rst_sync_uq1|altera_reset_synchronizer_int_chain_out ; SOPC:inst2|SOPC_cpu:cpu|A_mul_src1[12]                                                                                                                                                                                                                                                             ; inst|altpll_component|pll|clk[0] ; inst|altpll_component|pll|clk[0] ; 13.333       ; 0.418      ; 5.064      ;
; 8.625 ; SOPC:inst2|altera_reset_controller:rst_controller|altera_reset_synchronizer:alt_rst_sync_uq1|altera_reset_synchronizer_int_chain_out ; SOPC:inst2|SOPC_cpu:cpu|A_mul_src1[13]                                                                                                                                                                                                                                                             ; inst|altpll_component|pll|clk[0] ; inst|altpll_component|pll|clk[0] ; 13.333       ; 0.418      ; 5.064      ;
; 8.625 ; SOPC:inst2|altera_reset_controller:rst_controller|altera_reset_synchronizer:alt_rst_sync_uq1|altera_reset_synchronizer_int_chain_out ; SOPC:inst2|SOPC_cpu:cpu|A_mul_src1[14]                                                                                                                                                                                                                                                             ; inst|altpll_component|pll|clk[0] ; inst|altpll_component|pll|clk[0] ; 13.333       ; 0.418      ; 5.064      ;
; 8.625 ; SOPC:inst2|altera_reset_controller:rst_controller|altera_reset_synchronizer:alt_rst_sync_uq1|altera_reset_synchronizer_int_chain_out ; SOPC:inst2|SOPC_cpu:cpu|A_mul_src1[15]                                                                                                                                                                                                                                                             ; inst|altpll_component|pll|clk[0] ; inst|altpll_component|pll|clk[0] ; 13.333       ; 0.418      ; 5.064      ;
; 8.625 ; SOPC:inst2|altera_reset_controller:rst_controller|altera_reset_synchronizer:alt_rst_sync_uq1|altera_reset_synchronizer_int_chain_out ; SOPC:inst2|SOPC_cpu:cpu|A_mul_src1[16]                                                                                                                                                                                                                                                             ; inst|altpll_component|pll|clk[0] ; inst|altpll_component|pll|clk[0] ; 13.333       ; 0.419      ; 5.065      ;
; 8.625 ; SOPC:inst2|altera_reset_controller:rst_controller|altera_reset_synchronizer:alt_rst_sync_uq1|altera_reset_synchronizer_int_chain_out ; SOPC:inst2|SOPC_cpu:cpu|A_mul_src1[17]                                                                                                                                                                                                                                                             ; inst|altpll_component|pll|clk[0] ; inst|altpll_component|pll|clk[0] ; 13.333       ; 0.419      ; 5.065      ;
; 8.625 ; SOPC:inst2|altera_reset_controller:rst_controller|altera_reset_synchronizer:alt_rst_sync_uq1|altera_reset_synchronizer_int_chain_out ; SOPC:inst2|SOPC_cpu:cpu|A_mul_src1[18]                                                                                                                                                                                                                                                             ; inst|altpll_component|pll|clk[0] ; inst|altpll_component|pll|clk[0] ; 13.333       ; 0.419      ; 5.065      ;
; 8.625 ; SOPC:inst2|altera_reset_controller:rst_controller|altera_reset_synchronizer:alt_rst_sync_uq1|altera_reset_synchronizer_int_chain_out ; SOPC:inst2|SOPC_cpu:cpu|A_mul_src1[19]                                                                                                                                                                                                                                                             ; inst|altpll_component|pll|clk[0] ; inst|altpll_component|pll|clk[0] ; 13.333       ; 0.419      ; 5.065      ;
+-------+--------------------------------------------------------------------------------------------------------------------------------------+----------------------------------------------------------------------------------------------------------------------------------------------------------------------------------------------------------------------------------------------------------------------------------------------------+----------------------------------+----------------------------------+--------------+------------+------------+


+---------------------------------------------------------------------------------------------------------------------------------------------------------------------------------------------------------------------------------------------------------------------------------------------------------------------------------------------------------------------------------------------------------------------------------------------------------------------------+
; Slow Model Removal: 'inst|altpll_component|pll|clk[0]'                                                                                                                                                                                                                                                                                                                                                                                                                    ;
+-------+--------------------------------------------------------------------------------------------------------------------------------------+-------------------------------------------------------------------------------------------------------------------------------------------------------------------------------------------------------------+----------------------------------+----------------------------------+--------------+------------+------------+
; Slack ; From Node                                                                                                                            ; To Node                                                                                                                                                                                                     ; Launch Clock                     ; Latch Clock                      ; Relationship ; Clock Skew ; Data Delay ;
+-------+--------------------------------------------------------------------------------------------------------------------------------------+-------------------------------------------------------------------------------------------------------------------------------------------------------------------------------------------------------------+----------------------------------+----------------------------------+--------------+------------+------------+
; 3.008 ; SOPC:inst2|altera_reset_controller:rst_controller|altera_reset_synchronizer:alt_rst_sync_uq1|altera_reset_synchronizer_int_chain_out ; SOPC:inst2|altera_avalon_sc_fifo:sysid_control_slave_translator_avalon_universal_slave_0_agent_rsp_fifo|mem_used[0]                                                                                         ; inst|altpll_component|pll|clk[0] ; inst|altpll_component|pll|clk[0] ; 0.000        ; 0.026      ; 3.340      ;
; 3.008 ; SOPC:inst2|altera_reset_controller:rst_controller|altera_reset_synchronizer:alt_rst_sync_uq1|altera_reset_synchronizer_int_chain_out ; SOPC:inst2|altera_merlin_master_agent:cpu_data_master_translator_avalon_universal_master_0_agent|hold_waitrequest                                                                                           ; inst|altpll_component|pll|clk[0] ; inst|altpll_component|pll|clk[0] ; 0.000        ; 0.029      ; 3.343      ;
; 3.008 ; SOPC:inst2|altera_reset_controller:rst_controller|altera_reset_synchronizer:alt_rst_sync_uq1|altera_reset_synchronizer_int_chain_out ; SOPC:inst2|SOPC_jtag_uart:jtag_uart|read_0                                                                                                                                                                  ; inst|altpll_component|pll|clk[0] ; inst|altpll_component|pll|clk[0] ; 0.000        ; 0.021      ; 3.335      ;
; 3.008 ; SOPC:inst2|altera_reset_controller:rst_controller|altera_reset_synchronizer:alt_rst_sync_uq1|altera_reset_synchronizer_int_chain_out ; SOPC:inst2|SOPC_jtag_uart:jtag_uart|alt_jtag_atlantic:SOPC_jtag_uart_alt_jtag_atlantic|rst2                                                                                                                 ; inst|altpll_component|pll|clk[0] ; inst|altpll_component|pll|clk[0] ; 0.000        ; 0.016      ; 3.330      ;
; 3.008 ; SOPC:inst2|altera_reset_controller:rst_controller|altera_reset_synchronizer:alt_rst_sync_uq1|altera_reset_synchronizer_int_chain_out ; SOPC:inst2|SOPC_jtag_uart:jtag_uart|alt_jtag_atlantic:SOPC_jtag_uart_alt_jtag_atlantic|write1                                                                                                               ; inst|altpll_component|pll|clk[0] ; inst|altpll_component|pll|clk[0] ; 0.000        ; 0.016      ; 3.330      ;
; 3.008 ; SOPC:inst2|altera_reset_controller:rst_controller|altera_reset_synchronizer:alt_rst_sync_uq1|altera_reset_synchronizer_int_chain_out ; SOPC:inst2|SOPC_jtag_uart:jtag_uart|alt_jtag_atlantic:SOPC_jtag_uart_alt_jtag_atlantic|write2                                                                                                               ; inst|altpll_component|pll|clk[0] ; inst|altpll_component|pll|clk[0] ; 0.000        ; 0.016      ; 3.330      ;
; 3.008 ; SOPC:inst2|altera_reset_controller:rst_controller|altera_reset_synchronizer:alt_rst_sync_uq1|altera_reset_synchronizer_int_chain_out ; SOPC:inst2|SOPC_jtag_uart:jtag_uart|SOPC_jtag_uart_scfifo_r:the_SOPC_jtag_uart_scfifo_r|scfifo:rfifo|scfifo_1n21:auto_generated|a_dpfifo_8t21:dpfifo|a_fefifo_7cf:fifo_state|cntr_rj7:count_usedw|safe_q[0] ; inst|altpll_component|pll|clk[0] ; inst|altpll_component|pll|clk[0] ; 0.000        ; 0.021      ; 3.335      ;
; 3.008 ; SOPC:inst2|altera_reset_controller:rst_controller|altera_reset_synchronizer:alt_rst_sync_uq1|altera_reset_synchronizer_int_chain_out ; SOPC:inst2|SOPC_jtag_uart:jtag_uart|SOPC_jtag_uart_scfifo_r:the_SOPC_jtag_uart_scfifo_r|scfifo:rfifo|scfifo_1n21:auto_generated|a_dpfifo_8t21:dpfifo|a_fefifo_7cf:fifo_state|cntr_rj7:count_usedw|safe_q[1] ; inst|altpll_component|pll|clk[0] ; inst|altpll_component|pll|clk[0] ; 0.000        ; 0.021      ; 3.335      ;
; 3.008 ; SOPC:inst2|altera_reset_controller:rst_controller|altera_reset_synchronizer:alt_rst_sync_uq1|altera_reset_synchronizer_int_chain_out ; SOPC:inst2|SOPC_jtag_uart:jtag_uart|SOPC_jtag_uart_scfifo_r:the_SOPC_jtag_uart_scfifo_r|scfifo:rfifo|scfifo_1n21:auto_generated|a_dpfifo_8t21:dpfifo|a_fefifo_7cf:fifo_state|cntr_rj7:count_usedw|safe_q[2] ; inst|altpll_component|pll|clk[0] ; inst|altpll_component|pll|clk[0] ; 0.000        ; 0.021      ; 3.335      ;
; 3.008 ; SOPC:inst2|altera_reset_controller:rst_controller|altera_reset_synchronizer:alt_rst_sync_uq1|altera_reset_synchronizer_int_chain_out ; SOPC:inst2|SOPC_jtag_uart:jtag_uart|SOPC_jtag_uart_scfifo_r:the_SOPC_jtag_uart_scfifo_r|scfifo:rfifo|scfifo_1n21:auto_generated|a_dpfifo_8t21:dpfifo|a_fefifo_7cf:fifo_state|cntr_rj7:count_usedw|safe_q[4] ; inst|altpll_component|pll|clk[0] ; inst|altpll_component|pll|clk[0] ; 0.000        ; 0.021      ; 3.335      ;
; 3.008 ; SOPC:inst2|altera_reset_controller:rst_controller|altera_reset_synchronizer:alt_rst_sync_uq1|altera_reset_synchronizer_int_chain_out ; SOPC:inst2|SOPC_jtag_uart:jtag_uart|SOPC_jtag_uart_scfifo_r:the_SOPC_jtag_uart_scfifo_r|scfifo:rfifo|scfifo_1n21:auto_generated|a_dpfifo_8t21:dpfifo|a_fefifo_7cf:fifo_state|cntr_rj7:count_usedw|safe_q[5] ; inst|altpll_component|pll|clk[0] ; inst|altpll_component|pll|clk[0] ; 0.000        ; 0.021      ; 3.335      ;
; 3.008 ; SOPC:inst2|altera_reset_controller:rst_controller|altera_reset_synchronizer:alt_rst_sync_uq1|altera_reset_synchronizer_int_chain_out ; SOPC:inst2|SOPC_jtag_uart:jtag_uart|SOPC_jtag_uart_scfifo_r:the_SOPC_jtag_uart_scfifo_r|scfifo:rfifo|scfifo_1n21:auto_generated|a_dpfifo_8t21:dpfifo|a_fefifo_7cf:fifo_state|b_non_empty                    ; inst|altpll_component|pll|clk[0] ; inst|altpll_component|pll|clk[0] ; 0.000        ; 0.021      ; 3.335      ;
; 3.008 ; SOPC:inst2|altera_reset_controller:rst_controller|altera_reset_synchronizer:alt_rst_sync_uq1|altera_reset_synchronizer_int_chain_out ; SOPC:inst2|SOPC_jtag_uart:jtag_uart|SOPC_jtag_uart_scfifo_r:the_SOPC_jtag_uart_scfifo_r|scfifo:rfifo|scfifo_1n21:auto_generated|a_dpfifo_8t21:dpfifo|a_fefifo_7cf:fifo_state|b_full                         ; inst|altpll_component|pll|clk[0] ; inst|altpll_component|pll|clk[0] ; 0.000        ; 0.021      ; 3.335      ;
; 3.008 ; SOPC:inst2|altera_reset_controller:rst_controller|altera_reset_synchronizer:alt_rst_sync_uq1|altera_reset_synchronizer_int_chain_out ; SOPC:inst2|SOPC_jtag_uart:jtag_uart|t_dav                                                                                                                                                                   ; inst|altpll_component|pll|clk[0] ; inst|altpll_component|pll|clk[0] ; 0.000        ; 0.026      ; 3.340      ;
; 3.008 ; SOPC:inst2|altera_reset_controller:rst_controller|altera_reset_synchronizer:alt_rst_sync_uq1|altera_reset_synchronizer_int_chain_out ; SOPC:inst2|SOPC_jtag_uart:jtag_uart|alt_jtag_atlantic:SOPC_jtag_uart_alt_jtag_atlantic|t_ena~reg0                                                                                                           ; inst|altpll_component|pll|clk[0] ; inst|altpll_component|pll|clk[0] ; 0.000        ; 0.016      ; 3.330      ;
; 3.008 ; SOPC:inst2|altera_reset_controller:rst_controller|altera_reset_synchronizer:alt_rst_sync_uq1|altera_reset_synchronizer_int_chain_out ; SOPC:inst2|SOPC_jtag_uart:jtag_uart|SOPC_jtag_uart_scfifo_r:the_SOPC_jtag_uart_scfifo_r|scfifo:rfifo|scfifo_1n21:auto_generated|a_dpfifo_8t21:dpfifo|a_fefifo_7cf:fifo_state|cntr_rj7:count_usedw|safe_q[3] ; inst|altpll_component|pll|clk[0] ; inst|altpll_component|pll|clk[0] ; 0.000        ; 0.021      ; 3.335      ;
; 3.008 ; SOPC:inst2|altera_reset_controller:rst_controller|altera_reset_synchronizer:alt_rst_sync_uq1|altera_reset_synchronizer_int_chain_out ; SOPC:inst2|SOPC_jtag_uart:jtag_uart|fifo_wr                                                                                                                                                                 ; inst|altpll_component|pll|clk[0] ; inst|altpll_component|pll|clk[0] ; 0.000        ; 0.021      ; 3.335      ;
; 3.008 ; SOPC:inst2|altera_reset_controller:rst_controller|altera_reset_synchronizer:alt_rst_sync_uq1|altera_reset_synchronizer_int_chain_out ; SOPC:inst2|SOPC_jtag_uart:jtag_uart|SOPC_jtag_uart_scfifo_w:the_SOPC_jtag_uart_scfifo_w|scfifo:wfifo|scfifo_1n21:auto_generated|a_dpfifo_8t21:dpfifo|a_fefifo_7cf:fifo_state|cntr_rj7:count_usedw|safe_q[1] ; inst|altpll_component|pll|clk[0] ; inst|altpll_component|pll|clk[0] ; 0.000        ; 0.030      ; 3.344      ;
; 3.008 ; SOPC:inst2|altera_reset_controller:rst_controller|altera_reset_synchronizer:alt_rst_sync_uq1|altera_reset_synchronizer_int_chain_out ; SOPC:inst2|SOPC_jtag_uart:jtag_uart|SOPC_jtag_uart_scfifo_w:the_SOPC_jtag_uart_scfifo_w|scfifo:wfifo|scfifo_1n21:auto_generated|a_dpfifo_8t21:dpfifo|a_fefifo_7cf:fifo_state|cntr_rj7:count_usedw|safe_q[2] ; inst|altpll_component|pll|clk[0] ; inst|altpll_component|pll|clk[0] ; 0.000        ; 0.030      ; 3.344      ;
; 3.008 ; SOPC:inst2|altera_reset_controller:rst_controller|altera_reset_synchronizer:alt_rst_sync_uq1|altera_reset_synchronizer_int_chain_out ; SOPC:inst2|SOPC_jtag_uart:jtag_uart|SOPC_jtag_uart_scfifo_w:the_SOPC_jtag_uart_scfifo_w|scfifo:wfifo|scfifo_1n21:auto_generated|a_dpfifo_8t21:dpfifo|a_fefifo_7cf:fifo_state|cntr_rj7:count_usedw|safe_q[3] ; inst|altpll_component|pll|clk[0] ; inst|altpll_component|pll|clk[0] ; 0.000        ; 0.030      ; 3.344      ;
; 3.008 ; SOPC:inst2|altera_reset_controller:rst_controller|altera_reset_synchronizer:alt_rst_sync_uq1|altera_reset_synchronizer_int_chain_out ; SOPC:inst2|SOPC_jtag_uart:jtag_uart|SOPC_jtag_uart_scfifo_w:the_SOPC_jtag_uart_scfifo_w|scfifo:wfifo|scfifo_1n21:auto_generated|a_dpfifo_8t21:dpfifo|a_fefifo_7cf:fifo_state|cntr_rj7:count_usedw|safe_q[4] ; inst|altpll_component|pll|clk[0] ; inst|altpll_component|pll|clk[0] ; 0.000        ; 0.030      ; 3.344      ;
; 3.008 ; SOPC:inst2|altera_reset_controller:rst_controller|altera_reset_synchronizer:alt_rst_sync_uq1|altera_reset_synchronizer_int_chain_out ; SOPC:inst2|SOPC_jtag_uart:jtag_uart|SOPC_jtag_uart_scfifo_w:the_SOPC_jtag_uart_scfifo_w|scfifo:wfifo|scfifo_1n21:auto_generated|a_dpfifo_8t21:dpfifo|a_fefifo_7cf:fifo_state|cntr_rj7:count_usedw|safe_q[5] ; inst|altpll_component|pll|clk[0] ; inst|altpll_component|pll|clk[0] ; 0.000        ; 0.030      ; 3.344      ;
; 3.008 ; SOPC:inst2|altera_reset_controller:rst_controller|altera_reset_synchronizer:alt_rst_sync_uq1|altera_reset_synchronizer_int_chain_out ; SOPC:inst2|SOPC_jtag_uart:jtag_uart|SOPC_jtag_uart_scfifo_w:the_SOPC_jtag_uart_scfifo_w|scfifo:wfifo|scfifo_1n21:auto_generated|a_dpfifo_8t21:dpfifo|a_fefifo_7cf:fifo_state|b_full                         ; inst|altpll_component|pll|clk[0] ; inst|altpll_component|pll|clk[0] ; 0.000        ; 0.030      ; 3.344      ;
; 3.008 ; SOPC:inst2|altera_reset_controller:rst_controller|altera_reset_synchronizer:alt_rst_sync_uq1|altera_reset_synchronizer_int_chain_out ; SOPC:inst2|SOPC_jtag_uart:jtag_uart|SOPC_jtag_uart_scfifo_w:the_SOPC_jtag_uart_scfifo_w|scfifo:wfifo|scfifo_1n21:auto_generated|a_dpfifo_8t21:dpfifo|a_fefifo_7cf:fifo_state|b_non_empty                    ; inst|altpll_component|pll|clk[0] ; inst|altpll_component|pll|clk[0] ; 0.000        ; 0.030      ; 3.344      ;
; 3.008 ; SOPC:inst2|altera_reset_controller:rst_controller|altera_reset_synchronizer:alt_rst_sync_uq1|altera_reset_synchronizer_int_chain_out ; SOPC:inst2|SOPC_jtag_uart:jtag_uart|r_val                                                                                                                                                                   ; inst|altpll_component|pll|clk[0] ; inst|altpll_component|pll|clk[0] ; 0.000        ; 0.016      ; 3.330      ;
; 3.008 ; SOPC:inst2|altera_reset_controller:rst_controller|altera_reset_synchronizer:alt_rst_sync_uq1|altera_reset_synchronizer_int_chain_out ; SOPC:inst2|SOPC_jtag_uart:jtag_uart|alt_jtag_atlantic:SOPC_jtag_uart_alt_jtag_atlantic|rvalid                                                                                                               ; inst|altpll_component|pll|clk[0] ; inst|altpll_component|pll|clk[0] ; 0.000        ; 0.016      ; 3.330      ;
; 3.008 ; SOPC:inst2|altera_reset_controller:rst_controller|altera_reset_synchronizer:alt_rst_sync_uq1|altera_reset_synchronizer_int_chain_out ; SOPC:inst2|altera_avalon_sc_fifo:lcd32_data_s1_translator_avalon_universal_slave_0_agent_rsp_fifo|mem_used[0]                                                                                               ; inst|altpll_component|pll|clk[0] ; inst|altpll_component|pll|clk[0] ; 0.000        ; 0.025      ; 3.339      ;
; 3.008 ; SOPC:inst2|altera_reset_controller:rst_controller|altera_reset_synchronizer:alt_rst_sync_uq1|altera_reset_synchronizer_int_chain_out ; SOPC:inst2|altera_merlin_slave_translator:lcd32_data_s1_translator|wait_latency_counter[1]                                                                                                                  ; inst|altpll_component|pll|clk[0] ; inst|altpll_component|pll|clk[0] ; 0.000        ; 0.025      ; 3.339      ;
; 3.008 ; SOPC:inst2|altera_reset_controller:rst_controller|altera_reset_synchronizer:alt_rst_sync_uq1|altera_reset_synchronizer_int_chain_out ; SOPC:inst2|altera_avalon_sc_fifo:lcd32_data_s1_translator_avalon_universal_slave_0_agent_rsp_fifo|mem_used[1]                                                                                               ; inst|altpll_component|pll|clk[0] ; inst|altpll_component|pll|clk[0] ; 0.000        ; 0.025      ; 3.339      ;
; 3.008 ; SOPC:inst2|altera_reset_controller:rst_controller|altera_reset_synchronizer:alt_rst_sync_uq1|altera_reset_synchronizer_int_chain_out ; SOPC:inst2|altera_merlin_slave_translator:lcd32_data_s1_translator|wait_latency_counter[0]                                                                                                                  ; inst|altpll_component|pll|clk[0] ; inst|altpll_component|pll|clk[0] ; 0.000        ; 0.025      ; 3.339      ;
; 3.008 ; SOPC:inst2|altera_reset_controller:rst_controller|altera_reset_synchronizer:alt_rst_sync_uq1|altera_reset_synchronizer_int_chain_out ; SOPC:inst2|altera_merlin_slave_translator:lcd32_data_s1_translator|read_latency_shift_reg[0]                                                                                                                ; inst|altpll_component|pll|clk[0] ; inst|altpll_component|pll|clk[0] ; 0.000        ; 0.025      ; 3.339      ;
; 3.008 ; SOPC:inst2|altera_reset_controller:rst_controller|altera_reset_synchronizer:alt_rst_sync_uq1|altera_reset_synchronizer_int_chain_out ; SOPC:inst2|SOPC_lcd32_data:lcd32_data|data_out[7]                                                                                                                                                           ; inst|altpll_component|pll|clk[0] ; inst|altpll_component|pll|clk[0] ; 0.000        ; 0.032      ; 3.346      ;
; 3.008 ; SOPC:inst2|altera_reset_controller:rst_controller|altera_reset_synchronizer:alt_rst_sync_uq1|altera_reset_synchronizer_int_chain_out ; SOPC:inst2|SOPC_lcd32_data:lcd32_data|data_dir[7]                                                                                                                                                           ; inst|altpll_component|pll|clk[0] ; inst|altpll_component|pll|clk[0] ; 0.000        ; 0.034      ; 3.348      ;
; 3.008 ; SOPC:inst2|altera_reset_controller:rst_controller|altera_reset_synchronizer:alt_rst_sync_uq1|altera_reset_synchronizer_int_chain_out ; SOPC:inst2|SOPC_lcd32_data:lcd32_data|readdata[7]                                                                                                                                                           ; inst|altpll_component|pll|clk[0] ; inst|altpll_component|pll|clk[0] ; 0.000        ; 0.032      ; 3.346      ;
; 3.008 ; SOPC:inst2|altera_reset_controller:rst_controller|altera_reset_synchronizer:alt_rst_sync_uq1|altera_reset_synchronizer_int_chain_out ; SOPC:inst2|altera_merlin_slave_translator:lcd32_data_s1_translator|av_readdata_pre[7]                                                                                                                       ; inst|altpll_component|pll|clk[0] ; inst|altpll_component|pll|clk[0] ; 0.000        ; 0.015      ; 3.329      ;
; 3.008 ; SOPC:inst2|altera_reset_controller:rst_controller|altera_reset_synchronizer:alt_rst_sync_uq1|altera_reset_synchronizer_int_chain_out ; SOPC:inst2|altera_avalon_sc_fifo:sdram_s1_translator_avalon_universal_slave_0_agent_rsp_fifo|mem[7][66]                                                                                                     ; inst|altpll_component|pll|clk[0] ; inst|altpll_component|pll|clk[0] ; 0.000        ; 0.008      ; 3.322      ;
; 3.008 ; SOPC:inst2|altera_reset_controller:rst_controller|altera_reset_synchronizer:alt_rst_sync_uq1|altera_reset_synchronizer_int_chain_out ; SOPC:inst2|altera_avalon_sc_fifo:sdram_s1_translator_avalon_universal_slave_0_agent_rsp_fifo|mem[6][66]                                                                                                     ; inst|altpll_component|pll|clk[0] ; inst|altpll_component|pll|clk[0] ; 0.000        ; 0.008      ; 3.322      ;
; 3.008 ; SOPC:inst2|altera_reset_controller:rst_controller|altera_reset_synchronizer:alt_rst_sync_uq1|altera_reset_synchronizer_int_chain_out ; SOPC:inst2|altera_avalon_sc_fifo:sdram_s1_translator_avalon_universal_slave_0_agent_rsp_fifo|mem[5][66]                                                                                                     ; inst|altpll_component|pll|clk[0] ; inst|altpll_component|pll|clk[0] ; 0.000        ; 0.001      ; 3.315      ;
; 3.008 ; SOPC:inst2|altera_reset_controller:rst_controller|altera_reset_synchronizer:alt_rst_sync_uq1|altera_reset_synchronizer_int_chain_out ; SOPC:inst2|altera_avalon_sc_fifo:sdram_s1_translator_avalon_universal_slave_0_agent_rsp_fifo|mem[4][66]                                                                                                     ; inst|altpll_component|pll|clk[0] ; inst|altpll_component|pll|clk[0] ; 0.000        ; 0.001      ; 3.315      ;
; 3.008 ; SOPC:inst2|altera_reset_controller:rst_controller|altera_reset_synchronizer:alt_rst_sync_uq1|altera_reset_synchronizer_int_chain_out ; SOPC:inst2|altera_avalon_sc_fifo:sdram_s1_translator_avalon_universal_slave_0_agent_rsp_fifo|mem[3][66]                                                                                                     ; inst|altpll_component|pll|clk[0] ; inst|altpll_component|pll|clk[0] ; 0.000        ; 0.006      ; 3.320      ;
; 3.008 ; SOPC:inst2|altera_reset_controller:rst_controller|altera_reset_synchronizer:alt_rst_sync_uq1|altera_reset_synchronizer_int_chain_out ; SOPC:inst2|altera_avalon_sc_fifo:sdram_s1_translator_avalon_universal_slave_0_agent_rsp_fifo|mem[2][66]                                                                                                     ; inst|altpll_component|pll|clk[0] ; inst|altpll_component|pll|clk[0] ; 0.000        ; 0.006      ; 3.320      ;
; 3.008 ; SOPC:inst2|altera_reset_controller:rst_controller|altera_reset_synchronizer:alt_rst_sync_uq1|altera_reset_synchronizer_int_chain_out ; SOPC:inst2|altera_avalon_sc_fifo:sdram_s1_translator_avalon_universal_slave_0_agent_rsp_fifo|mem[1][66]                                                                                                     ; inst|altpll_component|pll|clk[0] ; inst|altpll_component|pll|clk[0] ; 0.000        ; 0.000      ; 3.314      ;
; 3.008 ; SOPC:inst2|altera_reset_controller:rst_controller|altera_reset_synchronizer:alt_rst_sync_uq1|altera_reset_synchronizer_int_chain_out ; SOPC:inst2|altera_avalon_sc_fifo:sdram_s1_translator_avalon_universal_slave_0_agent_rsp_fifo|mem[0][66]                                                                                                     ; inst|altpll_component|pll|clk[0] ; inst|altpll_component|pll|clk[0] ; 0.000        ; 0.000      ; 3.314      ;
; 3.008 ; SOPC:inst2|altera_reset_controller:rst_controller|altera_reset_synchronizer:alt_rst_sync_uq1|altera_reset_synchronizer_int_chain_out ; SOPC:inst2|altera_avalon_sc_fifo:sdram_s1_translator_avalon_universal_slave_0_agent_rdata_fifo|rd_ptr[0]                                                                                                    ; inst|altpll_component|pll|clk[0] ; inst|altpll_component|pll|clk[0] ; 0.000        ; -0.004     ; 3.310      ;
; 3.008 ; SOPC:inst2|altera_reset_controller:rst_controller|altera_reset_synchronizer:alt_rst_sync_uq1|altera_reset_synchronizer_int_chain_out ; SOPC:inst2|altera_avalon_sc_fifo:sdram_s1_translator_avalon_universal_slave_0_agent_rdata_fifo|rd_ptr[1]                                                                                                    ; inst|altpll_component|pll|clk[0] ; inst|altpll_component|pll|clk[0] ; 0.000        ; -0.004     ; 3.310      ;
; 3.008 ; SOPC:inst2|altera_reset_controller:rst_controller|altera_reset_synchronizer:alt_rst_sync_uq1|altera_reset_synchronizer_int_chain_out ; SOPC:inst2|altera_avalon_sc_fifo:sdram_s1_translator_avalon_universal_slave_0_agent_rdata_fifo|rd_ptr[2]                                                                                                    ; inst|altpll_component|pll|clk[0] ; inst|altpll_component|pll|clk[0] ; 0.000        ; -0.004     ; 3.310      ;
; 3.008 ; SOPC:inst2|altera_reset_controller:rst_controller|altera_reset_synchronizer:alt_rst_sync_uq1|altera_reset_synchronizer_int_chain_out ; SOPC:inst2|altera_avalon_sc_fifo:sdram_s1_translator_avalon_universal_slave_0_agent_rdata_fifo|wr_ptr[0]                                                                                                    ; inst|altpll_component|pll|clk[0] ; inst|altpll_component|pll|clk[0] ; 0.000        ; 0.002      ; 3.316      ;
; 3.008 ; SOPC:inst2|altera_reset_controller:rst_controller|altera_reset_synchronizer:alt_rst_sync_uq1|altera_reset_synchronizer_int_chain_out ; SOPC:inst2|altera_avalon_sc_fifo:sdram_s1_translator_avalon_universal_slave_0_agent_rdata_fifo|wr_ptr[2]                                                                                                    ; inst|altpll_component|pll|clk[0] ; inst|altpll_component|pll|clk[0] ; 0.000        ; 0.002      ; 3.316      ;
; 3.008 ; SOPC:inst2|altera_reset_controller:rst_controller|altera_reset_synchronizer:alt_rst_sync_uq1|altera_reset_synchronizer_int_chain_out ; SOPC:inst2|SOPC_sdram:sdram|refresh_counter[0]                                                                                                                                                              ; inst|altpll_component|pll|clk[0] ; inst|altpll_component|pll|clk[0] ; 0.000        ; 0.024      ; 3.338      ;
; 3.008 ; SOPC:inst2|altera_reset_controller:rst_controller|altera_reset_synchronizer:alt_rst_sync_uq1|altera_reset_synchronizer_int_chain_out ; SOPC:inst2|SOPC_sdram:sdram|refresh_counter[1]                                                                                                                                                              ; inst|altpll_component|pll|clk[0] ; inst|altpll_component|pll|clk[0] ; 0.000        ; 0.024      ; 3.338      ;
; 3.008 ; SOPC:inst2|altera_reset_controller:rst_controller|altera_reset_synchronizer:alt_rst_sync_uq1|altera_reset_synchronizer_int_chain_out ; SOPC:inst2|SOPC_sdram:sdram|refresh_counter[2]                                                                                                                                                              ; inst|altpll_component|pll|clk[0] ; inst|altpll_component|pll|clk[0] ; 0.000        ; 0.024      ; 3.338      ;
; 3.008 ; SOPC:inst2|altera_reset_controller:rst_controller|altera_reset_synchronizer:alt_rst_sync_uq1|altera_reset_synchronizer_int_chain_out ; SOPC:inst2|SOPC_sdram:sdram|refresh_counter[3]                                                                                                                                                              ; inst|altpll_component|pll|clk[0] ; inst|altpll_component|pll|clk[0] ; 0.000        ; 0.024      ; 3.338      ;
; 3.008 ; SOPC:inst2|altera_reset_controller:rst_controller|altera_reset_synchronizer:alt_rst_sync_uq1|altera_reset_synchronizer_int_chain_out ; SOPC:inst2|SOPC_sdram:sdram|refresh_counter[4]                                                                                                                                                              ; inst|altpll_component|pll|clk[0] ; inst|altpll_component|pll|clk[0] ; 0.000        ; 0.024      ; 3.338      ;
; 3.008 ; SOPC:inst2|altera_reset_controller:rst_controller|altera_reset_synchronizer:alt_rst_sync_uq1|altera_reset_synchronizer_int_chain_out ; SOPC:inst2|SOPC_sdram:sdram|refresh_counter[5]                                                                                                                                                              ; inst|altpll_component|pll|clk[0] ; inst|altpll_component|pll|clk[0] ; 0.000        ; 0.024      ; 3.338      ;
; 3.008 ; SOPC:inst2|altera_reset_controller:rst_controller|altera_reset_synchronizer:alt_rst_sync_uq1|altera_reset_synchronizer_int_chain_out ; SOPC:inst2|SOPC_sdram:sdram|refresh_counter[6]                                                                                                                                                              ; inst|altpll_component|pll|clk[0] ; inst|altpll_component|pll|clk[0] ; 0.000        ; 0.024      ; 3.338      ;
; 3.008 ; SOPC:inst2|altera_reset_controller:rst_controller|altera_reset_synchronizer:alt_rst_sync_uq1|altera_reset_synchronizer_int_chain_out ; SOPC:inst2|SOPC_sdram:sdram|refresh_counter[7]                                                                                                                                                              ; inst|altpll_component|pll|clk[0] ; inst|altpll_component|pll|clk[0] ; 0.000        ; 0.024      ; 3.338      ;
; 3.008 ; SOPC:inst2|altera_reset_controller:rst_controller|altera_reset_synchronizer:alt_rst_sync_uq1|altera_reset_synchronizer_int_chain_out ; SOPC:inst2|SOPC_sdram:sdram|refresh_counter[8]                                                                                                                                                              ; inst|altpll_component|pll|clk[0] ; inst|altpll_component|pll|clk[0] ; 0.000        ; 0.024      ; 3.338      ;
; 3.008 ; SOPC:inst2|altera_reset_controller:rst_controller|altera_reset_synchronizer:alt_rst_sync_uq1|altera_reset_synchronizer_int_chain_out ; SOPC:inst2|SOPC_sdram:sdram|refresh_counter[9]                                                                                                                                                              ; inst|altpll_component|pll|clk[0] ; inst|altpll_component|pll|clk[0] ; 0.000        ; 0.024      ; 3.338      ;
; 3.008 ; SOPC:inst2|altera_reset_controller:rst_controller|altera_reset_synchronizer:alt_rst_sync_uq1|altera_reset_synchronizer_int_chain_out ; SOPC:inst2|SOPC_sdram:sdram|refresh_counter[10]                                                                                                                                                             ; inst|altpll_component|pll|clk[0] ; inst|altpll_component|pll|clk[0] ; 0.000        ; 0.024      ; 3.338      ;
; 3.008 ; SOPC:inst2|altera_reset_controller:rst_controller|altera_reset_synchronizer:alt_rst_sync_uq1|altera_reset_synchronizer_int_chain_out ; SOPC:inst2|SOPC_sdram:sdram|refresh_counter[11]                                                                                                                                                             ; inst|altpll_component|pll|clk[0] ; inst|altpll_component|pll|clk[0] ; 0.000        ; 0.024      ; 3.338      ;
; 3.008 ; SOPC:inst2|altera_reset_controller:rst_controller|altera_reset_synchronizer:alt_rst_sync_uq1|altera_reset_synchronizer_int_chain_out ; SOPC:inst2|SOPC_sdram:sdram|refresh_counter[12]                                                                                                                                                             ; inst|altpll_component|pll|clk[0] ; inst|altpll_component|pll|clk[0] ; 0.000        ; 0.024      ; 3.338      ;
; 3.008 ; SOPC:inst2|altera_reset_controller:rst_controller|altera_reset_synchronizer:alt_rst_sync_uq1|altera_reset_synchronizer_int_chain_out ; SOPC:inst2|SOPC_sdram:sdram|i_state.001                                                                                                                                                                     ; inst|altpll_component|pll|clk[0] ; inst|altpll_component|pll|clk[0] ; 0.000        ; 0.018      ; 3.332      ;
; 3.008 ; SOPC:inst2|altera_reset_controller:rst_controller|altera_reset_synchronizer:alt_rst_sync_uq1|altera_reset_synchronizer_int_chain_out ; SOPC:inst2|SOPC_sdram:sdram|i_state.011                                                                                                                                                                     ; inst|altpll_component|pll|clk[0] ; inst|altpll_component|pll|clk[0] ; 0.000        ; 0.016      ; 3.330      ;
; 3.008 ; SOPC:inst2|altera_reset_controller:rst_controller|altera_reset_synchronizer:alt_rst_sync_uq1|altera_reset_synchronizer_int_chain_out ; SOPC:inst2|SOPC_sdram:sdram|i_next.111                                                                                                                                                                      ; inst|altpll_component|pll|clk[0] ; inst|altpll_component|pll|clk[0] ; 0.000        ; 0.016      ; 3.330      ;
; 3.008 ; SOPC:inst2|altera_reset_controller:rst_controller|altera_reset_synchronizer:alt_rst_sync_uq1|altera_reset_synchronizer_int_chain_out ; SOPC:inst2|SOPC_sdram:sdram|i_state.111                                                                                                                                                                     ; inst|altpll_component|pll|clk[0] ; inst|altpll_component|pll|clk[0] ; 0.000        ; 0.016      ; 3.330      ;
; 3.008 ; SOPC:inst2|altera_reset_controller:rst_controller|altera_reset_synchronizer:alt_rst_sync_uq1|altera_reset_synchronizer_int_chain_out ; SOPC:inst2|SOPC_sdram:sdram|i_count[0]                                                                                                                                                                      ; inst|altpll_component|pll|clk[0] ; inst|altpll_component|pll|clk[0] ; 0.000        ; 0.016      ; 3.330      ;
; 3.008 ; SOPC:inst2|altera_reset_controller:rst_controller|altera_reset_synchronizer:alt_rst_sync_uq1|altera_reset_synchronizer_int_chain_out ; SOPC:inst2|SOPC_sdram:sdram|i_count[2]                                                                                                                                                                      ; inst|altpll_component|pll|clk[0] ; inst|altpll_component|pll|clk[0] ; 0.000        ; 0.016      ; 3.330      ;
; 3.008 ; SOPC:inst2|altera_reset_controller:rst_controller|altera_reset_synchronizer:alt_rst_sync_uq1|altera_reset_synchronizer_int_chain_out ; SOPC:inst2|SOPC_sdram:sdram|i_next.010                                                                                                                                                                      ; inst|altpll_component|pll|clk[0] ; inst|altpll_component|pll|clk[0] ; 0.000        ; 0.016      ; 3.330      ;
; 3.008 ; SOPC:inst2|altera_reset_controller:rst_controller|altera_reset_synchronizer:alt_rst_sync_uq1|altera_reset_synchronizer_int_chain_out ; SOPC:inst2|SOPC_sdram:sdram|i_state.010                                                                                                                                                                     ; inst|altpll_component|pll|clk[0] ; inst|altpll_component|pll|clk[0] ; 0.000        ; 0.016      ; 3.330      ;
; 3.008 ; SOPC:inst2|altera_reset_controller:rst_controller|altera_reset_synchronizer:alt_rst_sync_uq1|altera_reset_synchronizer_int_chain_out ; SOPC:inst2|SOPC_sdram:sdram|i_count[1]                                                                                                                                                                      ; inst|altpll_component|pll|clk[0] ; inst|altpll_component|pll|clk[0] ; 0.000        ; 0.016      ; 3.330      ;
; 3.008 ; SOPC:inst2|altera_reset_controller:rst_controller|altera_reset_synchronizer:alt_rst_sync_uq1|altera_reset_synchronizer_int_chain_out ; SOPC:inst2|SOPC_sdram:sdram|i_next.000                                                                                                                                                                      ; inst|altpll_component|pll|clk[0] ; inst|altpll_component|pll|clk[0] ; 0.000        ; 0.018      ; 3.332      ;
; 3.008 ; SOPC:inst2|altera_reset_controller:rst_controller|altera_reset_synchronizer:alt_rst_sync_uq1|altera_reset_synchronizer_int_chain_out ; SOPC:inst2|SOPC_sdram:sdram|i_state.000                                                                                                                                                                     ; inst|altpll_component|pll|clk[0] ; inst|altpll_component|pll|clk[0] ; 0.000        ; 0.018      ; 3.332      ;
; 3.008 ; SOPC:inst2|altera_reset_controller:rst_controller|altera_reset_synchronizer:alt_rst_sync_uq1|altera_reset_synchronizer_int_chain_out ; SOPC:inst2|SOPC_sdram:sdram|i_next.101                                                                                                                                                                      ; inst|altpll_component|pll|clk[0] ; inst|altpll_component|pll|clk[0] ; 0.000        ; 0.018      ; 3.332      ;
; 3.008 ; SOPC:inst2|altera_reset_controller:rst_controller|altera_reset_synchronizer:alt_rst_sync_uq1|altera_reset_synchronizer_int_chain_out ; SOPC:inst2|SOPC_sdram:sdram|i_state.101                                                                                                                                                                     ; inst|altpll_component|pll|clk[0] ; inst|altpll_component|pll|clk[0] ; 0.000        ; 0.018      ; 3.332      ;
; 3.008 ; SOPC:inst2|altera_reset_controller:rst_controller|altera_reset_synchronizer:alt_rst_sync_uq1|altera_reset_synchronizer_int_chain_out ; SOPC:inst2|SOPC_sdram:sdram|init_done                                                                                                                                                                       ; inst|altpll_component|pll|clk[0] ; inst|altpll_component|pll|clk[0] ; 0.000        ; 0.020      ; 3.334      ;
; 3.008 ; SOPC:inst2|altera_reset_controller:rst_controller|altera_reset_synchronizer:alt_rst_sync_uq1|altera_reset_synchronizer_int_chain_out ; SOPC:inst2|altera_merlin_slave_translator:epcs_epcs_control_port_translator|wait_latency_counter[0]                                                                                                         ; inst|altpll_component|pll|clk[0] ; inst|altpll_component|pll|clk[0] ; 0.000        ; 0.029      ; 3.343      ;
; 3.008 ; SOPC:inst2|altera_reset_controller:rst_controller|altera_reset_synchronizer:alt_rst_sync_uq1|altera_reset_synchronizer_int_chain_out ; SOPC:inst2|SOPC_cmd_xbar_mux:cmd_xbar_mux_001|altera_merlin_arbitrator:arb|top_priority_reg[1]                                                                                                              ; inst|altpll_component|pll|clk[0] ; inst|altpll_component|pll|clk[0] ; 0.000        ; 0.025      ; 3.339      ;
; 3.008 ; SOPC:inst2|altera_reset_controller:rst_controller|altera_reset_synchronizer:alt_rst_sync_uq1|altera_reset_synchronizer_int_chain_out ; SOPC:inst2|SOPC_cmd_xbar_mux:cmd_xbar_mux_001|altera_merlin_arbitrator:arb|top_priority_reg[0]                                                                                                              ; inst|altpll_component|pll|clk[0] ; inst|altpll_component|pll|clk[0] ; 0.000        ; 0.025      ; 3.339      ;
; 3.008 ; SOPC:inst2|altera_reset_controller:rst_controller|altera_reset_synchronizer:alt_rst_sync_uq1|altera_reset_synchronizer_int_chain_out ; SOPC:inst2|SOPC_epcs:epcs|SOPC_epcs_sub:the_SOPC_epcs_sub|wr_strobe                                                                                                                                         ; inst|altpll_component|pll|clk[0] ; inst|altpll_component|pll|clk[0] ; 0.000        ; 0.024      ; 3.338      ;
; 3.008 ; SOPC:inst2|altera_reset_controller:rst_controller|altera_reset_synchronizer:alt_rst_sync_uq1|altera_reset_synchronizer_int_chain_out ; SOPC:inst2|SOPC_epcs:epcs|SOPC_epcs_sub:the_SOPC_epcs_sub|SSO_reg                                                                                                                                           ; inst|altpll_component|pll|clk[0] ; inst|altpll_component|pll|clk[0] ; 0.000        ; 0.023      ; 3.337      ;
; 3.008 ; SOPC:inst2|altera_reset_controller:rst_controller|altera_reset_synchronizer:alt_rst_sync_uq1|altera_reset_synchronizer_int_chain_out ; SOPC:inst2|SOPC_epcs:epcs|SOPC_epcs_sub:the_SOPC_epcs_sub|slowcount[0]                                                                                                                                      ; inst|altpll_component|pll|clk[0] ; inst|altpll_component|pll|clk[0] ; 0.000        ; 0.032      ; 3.346      ;
; 3.008 ; SOPC:inst2|altera_reset_controller:rst_controller|altera_reset_synchronizer:alt_rst_sync_uq1|altera_reset_synchronizer_int_chain_out ; SOPC:inst2|SOPC_epcs:epcs|SOPC_epcs_sub:the_SOPC_epcs_sub|state[0]                                                                                                                                          ; inst|altpll_component|pll|clk[0] ; inst|altpll_component|pll|clk[0] ; 0.000        ; 0.032      ; 3.346      ;
; 3.008 ; SOPC:inst2|altera_reset_controller:rst_controller|altera_reset_synchronizer:alt_rst_sync_uq1|altera_reset_synchronizer_int_chain_out ; SOPC:inst2|SOPC_epcs:epcs|SOPC_epcs_sub:the_SOPC_epcs_sub|state[2]                                                                                                                                          ; inst|altpll_component|pll|clk[0] ; inst|altpll_component|pll|clk[0] ; 0.000        ; 0.032      ; 3.346      ;
; 3.008 ; SOPC:inst2|altera_reset_controller:rst_controller|altera_reset_synchronizer:alt_rst_sync_uq1|altera_reset_synchronizer_int_chain_out ; SOPC:inst2|SOPC_epcs:epcs|SOPC_epcs_sub:the_SOPC_epcs_sub|state[3]                                                                                                                                          ; inst|altpll_component|pll|clk[0] ; inst|altpll_component|pll|clk[0] ; 0.000        ; 0.032      ; 3.346      ;
; 3.008 ; SOPC:inst2|altera_reset_controller:rst_controller|altera_reset_synchronizer:alt_rst_sync_uq1|altera_reset_synchronizer_int_chain_out ; SOPC:inst2|SOPC_epcs:epcs|SOPC_epcs_sub:the_SOPC_epcs_sub|state[4]                                                                                                                                          ; inst|altpll_component|pll|clk[0] ; inst|altpll_component|pll|clk[0] ; 0.000        ; 0.032      ; 3.346      ;
; 3.008 ; SOPC:inst2|altera_reset_controller:rst_controller|altera_reset_synchronizer:alt_rst_sync_uq1|altera_reset_synchronizer_int_chain_out ; SOPC:inst2|SOPC_epcs:epcs|SOPC_epcs_sub:the_SOPC_epcs_sub|state[1]                                                                                                                                          ; inst|altpll_component|pll|clk[0] ; inst|altpll_component|pll|clk[0] ; 0.000        ; 0.032      ; 3.346      ;
; 3.008 ; SOPC:inst2|altera_reset_controller:rst_controller|altera_reset_synchronizer:alt_rst_sync_uq1|altera_reset_synchronizer_int_chain_out ; SOPC:inst2|SOPC_epcs:epcs|SOPC_epcs_sub:the_SOPC_epcs_sub|data_wr_strobe                                                                                                                                    ; inst|altpll_component|pll|clk[0] ; inst|altpll_component|pll|clk[0] ; 0.000        ; 0.024      ; 3.338      ;
; 3.008 ; SOPC:inst2|altera_reset_controller:rst_controller|altera_reset_synchronizer:alt_rst_sync_uq1|altera_reset_synchronizer_int_chain_out ; SOPC:inst2|SOPC_epcs:epcs|SOPC_epcs_sub:the_SOPC_epcs_sub|transmitting                                                                                                                                      ; inst|altpll_component|pll|clk[0] ; inst|altpll_component|pll|clk[0] ; 0.000        ; 0.029      ; 3.343      ;
; 3.008 ; SOPC:inst2|altera_reset_controller:rst_controller|altera_reset_synchronizer:alt_rst_sync_uq1|altera_reset_synchronizer_int_chain_out ; SOPC:inst2|SOPC_epcs:epcs|SOPC_epcs_sub:the_SOPC_epcs_sub|epcs_slave_select_holding_reg[10]                                                                                                                 ; inst|altpll_component|pll|clk[0] ; inst|altpll_component|pll|clk[0] ; 0.000        ; 0.028      ; 3.342      ;
; 3.008 ; SOPC:inst2|altera_reset_controller:rst_controller|altera_reset_synchronizer:alt_rst_sync_uq1|altera_reset_synchronizer_int_chain_out ; SOPC:inst2|SOPC_epcs:epcs|SOPC_epcs_sub:the_SOPC_epcs_sub|epcs_slave_select_reg[10]                                                                                                                         ; inst|altpll_component|pll|clk[0] ; inst|altpll_component|pll|clk[0] ; 0.000        ; 0.028      ; 3.342      ;
; 3.008 ; SOPC:inst2|altera_reset_controller:rst_controller|altera_reset_synchronizer:alt_rst_sync_uq1|altera_reset_synchronizer_int_chain_out ; SOPC:inst2|SOPC_epcs:epcs|SOPC_epcs_sub:the_SOPC_epcs_sub|endofpacketvalue_reg[10]                                                                                                                          ; inst|altpll_component|pll|clk[0] ; inst|altpll_component|pll|clk[0] ; 0.000        ; 0.018      ; 3.332      ;
; 3.008 ; SOPC:inst2|altera_reset_controller:rst_controller|altera_reset_synchronizer:alt_rst_sync_uq1|altera_reset_synchronizer_int_chain_out ; SOPC:inst2|SOPC_epcs:epcs|SOPC_epcs_sub:the_SOPC_epcs_sub|data_to_cpu[10]                                                                                                                                   ; inst|altpll_component|pll|clk[0] ; inst|altpll_component|pll|clk[0] ; 0.000        ; 0.023      ; 3.337      ;
; 3.008 ; SOPC:inst2|altera_reset_controller:rst_controller|altera_reset_synchronizer:alt_rst_sync_uq1|altera_reset_synchronizer_int_chain_out ; SOPC:inst2|altera_merlin_slave_translator:epcs_epcs_control_port_translator|av_readdata_pre[10]                                                                                                             ; inst|altpll_component|pll|clk[0] ; inst|altpll_component|pll|clk[0] ; 0.000        ; 0.015      ; 3.329      ;
; 3.008 ; SOPC:inst2|altera_reset_controller:rst_controller|altera_reset_synchronizer:alt_rst_sync_uq1|altera_reset_synchronizer_int_chain_out ; SOPC:inst2|altera_merlin_slave_translator:spi_touch_spi_control_port_translator|wait_latency_counter[0]                                                                                                     ; inst|altpll_component|pll|clk[0] ; inst|altpll_component|pll|clk[0] ; 0.000        ; 0.029      ; 3.343      ;
; 3.008 ; SOPC:inst2|altera_reset_controller:rst_controller|altera_reset_synchronizer:alt_rst_sync_uq1|altera_reset_synchronizer_int_chain_out ; SOPC:inst2|altera_merlin_slave_translator:spi_touch_spi_control_port_translator|wait_latency_counter[1]                                                                                                     ; inst|altpll_component|pll|clk[0] ; inst|altpll_component|pll|clk[0] ; 0.000        ; 0.029      ; 3.343      ;
; 3.008 ; SOPC:inst2|altera_reset_controller:rst_controller|altera_reset_synchronizer:alt_rst_sync_uq1|altera_reset_synchronizer_int_chain_out ; SOPC:inst2|altera_merlin_slave_translator:spi_touch_spi_control_port_translator|read_latency_shift_reg[0]                                                                                                   ; inst|altpll_component|pll|clk[0] ; inst|altpll_component|pll|clk[0] ; 0.000        ; 0.029      ; 3.343      ;
; 3.008 ; SOPC:inst2|altera_reset_controller:rst_controller|altera_reset_synchronizer:alt_rst_sync_uq1|altera_reset_synchronizer_int_chain_out ; SOPC:inst2|altera_avalon_sc_fifo:spi_touch_spi_control_port_translator_avalon_universal_slave_0_agent_rsp_fifo|mem_used[0]                                                                                  ; inst|altpll_component|pll|clk[0] ; inst|altpll_component|pll|clk[0] ; 0.000        ; 0.029      ; 3.343      ;
; 3.008 ; SOPC:inst2|altera_reset_controller:rst_controller|altera_reset_synchronizer:alt_rst_sync_uq1|altera_reset_synchronizer_int_chain_out ; SOPC:inst2|altera_avalon_sc_fifo:spi_touch_spi_control_port_translator_avalon_universal_slave_0_agent_rsp_fifo|mem_used[1]                                                                                  ; inst|altpll_component|pll|clk[0] ; inst|altpll_component|pll|clk[0] ; 0.000        ; 0.029      ; 3.343      ;
; 3.008 ; SOPC:inst2|altera_reset_controller:rst_controller|altera_reset_synchronizer:alt_rst_sync_uq1|altera_reset_synchronizer_int_chain_out ; SOPC:inst2|SOPC_spi_touch:spi_touch|wr_strobe                                                                                                                                                               ; inst|altpll_component|pll|clk[0] ; inst|altpll_component|pll|clk[0] ; 0.000        ; 0.028      ; 3.342      ;
; 3.008 ; SOPC:inst2|altera_reset_controller:rst_controller|altera_reset_synchronizer:alt_rst_sync_uq1|altera_reset_synchronizer_int_chain_out ; SOPC:inst2|SOPC_spi_touch:spi_touch|SSO_reg                                                                                                                                                                 ; inst|altpll_component|pll|clk[0] ; inst|altpll_component|pll|clk[0] ; 0.000        ; 0.030      ; 3.344      ;
+-------+--------------------------------------------------------------------------------------------------------------------------------------+-------------------------------------------------------------------------------------------------------------------------------------------------------------------------------------------------------------+----------------------------------+----------------------------------+--------------+------------+------------+


+----------------------------------------------------------------------------------------------------------------------------------------------------------------------------------------------------------------------------------------------------------------------+
; Slow Model Minimum Pulse Width: 'inst|altpll_component|pll|clk[0]'                                                                                                                                                                                                   ;
+-------+--------------+----------------+------------------+----------------------------------+------------+-----------------------------------------------------------------------------------------------------------------------------------------------------------+
; Slack ; Actual Width ; Required Width ; Type             ; Clock                            ; Clock Edge ; Target                                                                                                                                                    ;
+-------+--------------+----------------+------------------+----------------------------------+------------+-----------------------------------------------------------------------------------------------------------------------------------------------------------+
; 3.599 ; 6.666        ; 3.067          ; High Pulse Width ; inst|altpll_component|pll|clk[0] ; Rise       ; SOPC:inst2|SOPC_cpu:cpu|D_bht_data[0]                                                                                                                     ;
; 3.599 ; 6.666        ; 3.067          ; High Pulse Width ; inst|altpll_component|pll|clk[0] ; Rise       ; SOPC:inst2|SOPC_cpu:cpu|D_bht_data[1]                                                                                                                     ;
; 3.599 ; 6.666        ; 3.067          ; High Pulse Width ; inst|altpll_component|pll|clk[0] ; Rise       ; SOPC:inst2|SOPC_cpu:cpu|SOPC_cpu_bht_module:SOPC_cpu_bht|altsyncram:the_altsyncram|altsyncram_d5g1:auto_generated|ram_block1a0~porta_address_reg0         ;
; 3.599 ; 6.666        ; 3.067          ; High Pulse Width ; inst|altpll_component|pll|clk[0] ; Rise       ; SOPC:inst2|SOPC_cpu:cpu|SOPC_cpu_bht_module:SOPC_cpu_bht|altsyncram:the_altsyncram|altsyncram_d5g1:auto_generated|ram_block1a0~porta_address_reg1         ;
; 3.599 ; 6.666        ; 3.067          ; High Pulse Width ; inst|altpll_component|pll|clk[0] ; Rise       ; SOPC:inst2|SOPC_cpu:cpu|SOPC_cpu_bht_module:SOPC_cpu_bht|altsyncram:the_altsyncram|altsyncram_d5g1:auto_generated|ram_block1a0~porta_address_reg2         ;
; 3.599 ; 6.666        ; 3.067          ; High Pulse Width ; inst|altpll_component|pll|clk[0] ; Rise       ; SOPC:inst2|SOPC_cpu:cpu|SOPC_cpu_bht_module:SOPC_cpu_bht|altsyncram:the_altsyncram|altsyncram_d5g1:auto_generated|ram_block1a0~porta_address_reg3         ;
; 3.599 ; 6.666        ; 3.067          ; High Pulse Width ; inst|altpll_component|pll|clk[0] ; Rise       ; SOPC:inst2|SOPC_cpu:cpu|SOPC_cpu_bht_module:SOPC_cpu_bht|altsyncram:the_altsyncram|altsyncram_d5g1:auto_generated|ram_block1a0~porta_address_reg4         ;
; 3.599 ; 6.666        ; 3.067          ; High Pulse Width ; inst|altpll_component|pll|clk[0] ; Rise       ; SOPC:inst2|SOPC_cpu:cpu|SOPC_cpu_bht_module:SOPC_cpu_bht|altsyncram:the_altsyncram|altsyncram_d5g1:auto_generated|ram_block1a0~porta_address_reg5         ;
; 3.599 ; 6.666        ; 3.067          ; High Pulse Width ; inst|altpll_component|pll|clk[0] ; Rise       ; SOPC:inst2|SOPC_cpu:cpu|SOPC_cpu_bht_module:SOPC_cpu_bht|altsyncram:the_altsyncram|altsyncram_d5g1:auto_generated|ram_block1a0~porta_address_reg6         ;
; 3.599 ; 6.666        ; 3.067          ; High Pulse Width ; inst|altpll_component|pll|clk[0] ; Rise       ; SOPC:inst2|SOPC_cpu:cpu|SOPC_cpu_bht_module:SOPC_cpu_bht|altsyncram:the_altsyncram|altsyncram_d5g1:auto_generated|ram_block1a0~porta_address_reg7         ;
; 3.599 ; 6.666        ; 3.067          ; High Pulse Width ; inst|altpll_component|pll|clk[0] ; Rise       ; SOPC:inst2|SOPC_cpu:cpu|SOPC_cpu_bht_module:SOPC_cpu_bht|altsyncram:the_altsyncram|altsyncram_d5g1:auto_generated|ram_block1a0~porta_datain_reg0          ;
; 3.599 ; 6.666        ; 3.067          ; High Pulse Width ; inst|altpll_component|pll|clk[0] ; Rise       ; SOPC:inst2|SOPC_cpu:cpu|SOPC_cpu_bht_module:SOPC_cpu_bht|altsyncram:the_altsyncram|altsyncram_d5g1:auto_generated|ram_block1a0~porta_datain_reg1          ;
; 3.599 ; 6.666        ; 3.067          ; High Pulse Width ; inst|altpll_component|pll|clk[0] ; Rise       ; SOPC:inst2|SOPC_cpu:cpu|SOPC_cpu_bht_module:SOPC_cpu_bht|altsyncram:the_altsyncram|altsyncram_d5g1:auto_generated|ram_block1a0~porta_memory_reg0          ;
; 3.599 ; 6.666        ; 3.067          ; High Pulse Width ; inst|altpll_component|pll|clk[0] ; Rise       ; SOPC:inst2|SOPC_cpu:cpu|SOPC_cpu_bht_module:SOPC_cpu_bht|altsyncram:the_altsyncram|altsyncram_d5g1:auto_generated|ram_block1a0~porta_we_reg               ;
; 3.599 ; 6.666        ; 3.067          ; High Pulse Width ; inst|altpll_component|pll|clk[0] ; Rise       ; SOPC:inst2|SOPC_cpu:cpu|SOPC_cpu_bht_module:SOPC_cpu_bht|altsyncram:the_altsyncram|altsyncram_d5g1:auto_generated|ram_block1a0~portb_address_reg0         ;
; 3.599 ; 6.666        ; 3.067          ; High Pulse Width ; inst|altpll_component|pll|clk[0] ; Rise       ; SOPC:inst2|SOPC_cpu:cpu|SOPC_cpu_bht_module:SOPC_cpu_bht|altsyncram:the_altsyncram|altsyncram_d5g1:auto_generated|ram_block1a0~portb_address_reg1         ;
; 3.599 ; 6.666        ; 3.067          ; High Pulse Width ; inst|altpll_component|pll|clk[0] ; Rise       ; SOPC:inst2|SOPC_cpu:cpu|SOPC_cpu_bht_module:SOPC_cpu_bht|altsyncram:the_altsyncram|altsyncram_d5g1:auto_generated|ram_block1a0~portb_address_reg2         ;
; 3.599 ; 6.666        ; 3.067          ; High Pulse Width ; inst|altpll_component|pll|clk[0] ; Rise       ; SOPC:inst2|SOPC_cpu:cpu|SOPC_cpu_bht_module:SOPC_cpu_bht|altsyncram:the_altsyncram|altsyncram_d5g1:auto_generated|ram_block1a0~portb_address_reg3         ;
; 3.599 ; 6.666        ; 3.067          ; High Pulse Width ; inst|altpll_component|pll|clk[0] ; Rise       ; SOPC:inst2|SOPC_cpu:cpu|SOPC_cpu_bht_module:SOPC_cpu_bht|altsyncram:the_altsyncram|altsyncram_d5g1:auto_generated|ram_block1a0~portb_address_reg4         ;
; 3.599 ; 6.666        ; 3.067          ; High Pulse Width ; inst|altpll_component|pll|clk[0] ; Rise       ; SOPC:inst2|SOPC_cpu:cpu|SOPC_cpu_bht_module:SOPC_cpu_bht|altsyncram:the_altsyncram|altsyncram_d5g1:auto_generated|ram_block1a0~portb_address_reg5         ;
; 3.599 ; 6.666        ; 3.067          ; High Pulse Width ; inst|altpll_component|pll|clk[0] ; Rise       ; SOPC:inst2|SOPC_cpu:cpu|SOPC_cpu_bht_module:SOPC_cpu_bht|altsyncram:the_altsyncram|altsyncram_d5g1:auto_generated|ram_block1a0~portb_address_reg6         ;
; 3.599 ; 6.666        ; 3.067          ; High Pulse Width ; inst|altpll_component|pll|clk[0] ; Rise       ; SOPC:inst2|SOPC_cpu:cpu|SOPC_cpu_bht_module:SOPC_cpu_bht|altsyncram:the_altsyncram|altsyncram_d5g1:auto_generated|ram_block1a0~portb_address_reg7         ;
; 3.599 ; 6.666        ; 3.067          ; High Pulse Width ; inst|altpll_component|pll|clk[0] ; Rise       ; SOPC:inst2|SOPC_cpu:cpu|SOPC_cpu_bht_module:SOPC_cpu_bht|altsyncram:the_altsyncram|altsyncram_d5g1:auto_generated|ram_block1a0~portb_re_reg               ;
; 3.599 ; 6.666        ; 3.067          ; High Pulse Width ; inst|altpll_component|pll|clk[0] ; Rise       ; SOPC:inst2|SOPC_cpu:cpu|SOPC_cpu_bht_module:SOPC_cpu_bht|altsyncram:the_altsyncram|altsyncram_d5g1:auto_generated|ram_block1a1~porta_memory_reg0          ;
; 3.599 ; 6.666        ; 3.067          ; High Pulse Width ; inst|altpll_component|pll|clk[0] ; Rise       ; SOPC:inst2|SOPC_cpu:cpu|SOPC_cpu_ic_data_module:SOPC_cpu_ic_data|altsyncram:the_altsyncram|altsyncram_c9d1:auto_generated|ram_block1a0~porta_address_reg0 ;
; 3.599 ; 6.666        ; 3.067          ; High Pulse Width ; inst|altpll_component|pll|clk[0] ; Rise       ; SOPC:inst2|SOPC_cpu:cpu|SOPC_cpu_ic_data_module:SOPC_cpu_ic_data|altsyncram:the_altsyncram|altsyncram_c9d1:auto_generated|ram_block1a0~porta_address_reg1 ;
; 3.599 ; 6.666        ; 3.067          ; High Pulse Width ; inst|altpll_component|pll|clk[0] ; Rise       ; SOPC:inst2|SOPC_cpu:cpu|SOPC_cpu_ic_data_module:SOPC_cpu_ic_data|altsyncram:the_altsyncram|altsyncram_c9d1:auto_generated|ram_block1a0~porta_address_reg2 ;
; 3.599 ; 6.666        ; 3.067          ; High Pulse Width ; inst|altpll_component|pll|clk[0] ; Rise       ; SOPC:inst2|SOPC_cpu:cpu|SOPC_cpu_ic_data_module:SOPC_cpu_ic_data|altsyncram:the_altsyncram|altsyncram_c9d1:auto_generated|ram_block1a0~porta_address_reg3 ;
; 3.599 ; 6.666        ; 3.067          ; High Pulse Width ; inst|altpll_component|pll|clk[0] ; Rise       ; SOPC:inst2|SOPC_cpu:cpu|SOPC_cpu_ic_data_module:SOPC_cpu_ic_data|altsyncram:the_altsyncram|altsyncram_c9d1:auto_generated|ram_block1a0~porta_address_reg4 ;
; 3.599 ; 6.666        ; 3.067          ; High Pulse Width ; inst|altpll_component|pll|clk[0] ; Rise       ; SOPC:inst2|SOPC_cpu:cpu|SOPC_cpu_ic_data_module:SOPC_cpu_ic_data|altsyncram:the_altsyncram|altsyncram_c9d1:auto_generated|ram_block1a0~porta_address_reg5 ;
; 3.599 ; 6.666        ; 3.067          ; High Pulse Width ; inst|altpll_component|pll|clk[0] ; Rise       ; SOPC:inst2|SOPC_cpu:cpu|SOPC_cpu_ic_data_module:SOPC_cpu_ic_data|altsyncram:the_altsyncram|altsyncram_c9d1:auto_generated|ram_block1a0~porta_address_reg6 ;
; 3.599 ; 6.666        ; 3.067          ; High Pulse Width ; inst|altpll_component|pll|clk[0] ; Rise       ; SOPC:inst2|SOPC_cpu:cpu|SOPC_cpu_ic_data_module:SOPC_cpu_ic_data|altsyncram:the_altsyncram|altsyncram_c9d1:auto_generated|ram_block1a0~porta_address_reg7 ;
; 3.599 ; 6.666        ; 3.067          ; High Pulse Width ; inst|altpll_component|pll|clk[0] ; Rise       ; SOPC:inst2|SOPC_cpu:cpu|SOPC_cpu_ic_data_module:SOPC_cpu_ic_data|altsyncram:the_altsyncram|altsyncram_c9d1:auto_generated|ram_block1a0~porta_address_reg8 ;
; 3.599 ; 6.666        ; 3.067          ; High Pulse Width ; inst|altpll_component|pll|clk[0] ; Rise       ; SOPC:inst2|SOPC_cpu:cpu|SOPC_cpu_ic_data_module:SOPC_cpu_ic_data|altsyncram:the_altsyncram|altsyncram_c9d1:auto_generated|ram_block1a0~porta_datain_reg0  ;
; 3.599 ; 6.666        ; 3.067          ; High Pulse Width ; inst|altpll_component|pll|clk[0] ; Rise       ; SOPC:inst2|SOPC_cpu:cpu|SOPC_cpu_ic_data_module:SOPC_cpu_ic_data|altsyncram:the_altsyncram|altsyncram_c9d1:auto_generated|ram_block1a0~porta_datain_reg1  ;
; 3.599 ; 6.666        ; 3.067          ; High Pulse Width ; inst|altpll_component|pll|clk[0] ; Rise       ; SOPC:inst2|SOPC_cpu:cpu|SOPC_cpu_ic_data_module:SOPC_cpu_ic_data|altsyncram:the_altsyncram|altsyncram_c9d1:auto_generated|ram_block1a0~porta_datain_reg2  ;
; 3.599 ; 6.666        ; 3.067          ; High Pulse Width ; inst|altpll_component|pll|clk[0] ; Rise       ; SOPC:inst2|SOPC_cpu:cpu|SOPC_cpu_ic_data_module:SOPC_cpu_ic_data|altsyncram:the_altsyncram|altsyncram_c9d1:auto_generated|ram_block1a0~porta_datain_reg3  ;
; 3.599 ; 6.666        ; 3.067          ; High Pulse Width ; inst|altpll_component|pll|clk[0] ; Rise       ; SOPC:inst2|SOPC_cpu:cpu|SOPC_cpu_ic_data_module:SOPC_cpu_ic_data|altsyncram:the_altsyncram|altsyncram_c9d1:auto_generated|ram_block1a0~porta_datain_reg4  ;
; 3.599 ; 6.666        ; 3.067          ; High Pulse Width ; inst|altpll_component|pll|clk[0] ; Rise       ; SOPC:inst2|SOPC_cpu:cpu|SOPC_cpu_ic_data_module:SOPC_cpu_ic_data|altsyncram:the_altsyncram|altsyncram_c9d1:auto_generated|ram_block1a0~porta_datain_reg5  ;
; 3.599 ; 6.666        ; 3.067          ; High Pulse Width ; inst|altpll_component|pll|clk[0] ; Rise       ; SOPC:inst2|SOPC_cpu:cpu|SOPC_cpu_ic_data_module:SOPC_cpu_ic_data|altsyncram:the_altsyncram|altsyncram_c9d1:auto_generated|ram_block1a0~porta_datain_reg6  ;
; 3.599 ; 6.666        ; 3.067          ; High Pulse Width ; inst|altpll_component|pll|clk[0] ; Rise       ; SOPC:inst2|SOPC_cpu:cpu|SOPC_cpu_ic_data_module:SOPC_cpu_ic_data|altsyncram:the_altsyncram|altsyncram_c9d1:auto_generated|ram_block1a0~porta_datain_reg7  ;
; 3.599 ; 6.666        ; 3.067          ; High Pulse Width ; inst|altpll_component|pll|clk[0] ; Rise       ; SOPC:inst2|SOPC_cpu:cpu|SOPC_cpu_ic_data_module:SOPC_cpu_ic_data|altsyncram:the_altsyncram|altsyncram_c9d1:auto_generated|ram_block1a0~porta_datain_reg8  ;
; 3.599 ; 6.666        ; 3.067          ; High Pulse Width ; inst|altpll_component|pll|clk[0] ; Rise       ; SOPC:inst2|SOPC_cpu:cpu|SOPC_cpu_ic_data_module:SOPC_cpu_ic_data|altsyncram:the_altsyncram|altsyncram_c9d1:auto_generated|ram_block1a0~porta_memory_reg0  ;
; 3.599 ; 6.666        ; 3.067          ; High Pulse Width ; inst|altpll_component|pll|clk[0] ; Rise       ; SOPC:inst2|SOPC_cpu:cpu|SOPC_cpu_ic_data_module:SOPC_cpu_ic_data|altsyncram:the_altsyncram|altsyncram_c9d1:auto_generated|ram_block1a0~porta_we_reg       ;
; 3.599 ; 6.666        ; 3.067          ; High Pulse Width ; inst|altpll_component|pll|clk[0] ; Rise       ; SOPC:inst2|SOPC_cpu:cpu|SOPC_cpu_ic_data_module:SOPC_cpu_ic_data|altsyncram:the_altsyncram|altsyncram_c9d1:auto_generated|ram_block1a0~portb_address_reg0 ;
; 3.599 ; 6.666        ; 3.067          ; High Pulse Width ; inst|altpll_component|pll|clk[0] ; Rise       ; SOPC:inst2|SOPC_cpu:cpu|SOPC_cpu_ic_data_module:SOPC_cpu_ic_data|altsyncram:the_altsyncram|altsyncram_c9d1:auto_generated|ram_block1a0~portb_address_reg1 ;
; 3.599 ; 6.666        ; 3.067          ; High Pulse Width ; inst|altpll_component|pll|clk[0] ; Rise       ; SOPC:inst2|SOPC_cpu:cpu|SOPC_cpu_ic_data_module:SOPC_cpu_ic_data|altsyncram:the_altsyncram|altsyncram_c9d1:auto_generated|ram_block1a0~portb_address_reg2 ;
; 3.599 ; 6.666        ; 3.067          ; High Pulse Width ; inst|altpll_component|pll|clk[0] ; Rise       ; SOPC:inst2|SOPC_cpu:cpu|SOPC_cpu_ic_data_module:SOPC_cpu_ic_data|altsyncram:the_altsyncram|altsyncram_c9d1:auto_generated|ram_block1a0~portb_address_reg3 ;
; 3.599 ; 6.666        ; 3.067          ; High Pulse Width ; inst|altpll_component|pll|clk[0] ; Rise       ; SOPC:inst2|SOPC_cpu:cpu|SOPC_cpu_ic_data_module:SOPC_cpu_ic_data|altsyncram:the_altsyncram|altsyncram_c9d1:auto_generated|ram_block1a0~portb_address_reg4 ;
; 3.599 ; 6.666        ; 3.067          ; High Pulse Width ; inst|altpll_component|pll|clk[0] ; Rise       ; SOPC:inst2|SOPC_cpu:cpu|SOPC_cpu_ic_data_module:SOPC_cpu_ic_data|altsyncram:the_altsyncram|altsyncram_c9d1:auto_generated|ram_block1a0~portb_address_reg5 ;
; 3.599 ; 6.666        ; 3.067          ; High Pulse Width ; inst|altpll_component|pll|clk[0] ; Rise       ; SOPC:inst2|SOPC_cpu:cpu|SOPC_cpu_ic_data_module:SOPC_cpu_ic_data|altsyncram:the_altsyncram|altsyncram_c9d1:auto_generated|ram_block1a0~portb_address_reg6 ;
; 3.599 ; 6.666        ; 3.067          ; High Pulse Width ; inst|altpll_component|pll|clk[0] ; Rise       ; SOPC:inst2|SOPC_cpu:cpu|SOPC_cpu_ic_data_module:SOPC_cpu_ic_data|altsyncram:the_altsyncram|altsyncram_c9d1:auto_generated|ram_block1a0~portb_address_reg7 ;
; 3.599 ; 6.666        ; 3.067          ; High Pulse Width ; inst|altpll_component|pll|clk[0] ; Rise       ; SOPC:inst2|SOPC_cpu:cpu|SOPC_cpu_ic_data_module:SOPC_cpu_ic_data|altsyncram:the_altsyncram|altsyncram_c9d1:auto_generated|ram_block1a0~portb_address_reg8 ;
; 3.599 ; 6.666        ; 3.067          ; High Pulse Width ; inst|altpll_component|pll|clk[0] ; Rise       ; SOPC:inst2|SOPC_cpu:cpu|SOPC_cpu_ic_data_module:SOPC_cpu_ic_data|altsyncram:the_altsyncram|altsyncram_c9d1:auto_generated|ram_block1a0~portb_re_reg       ;
; 3.599 ; 6.666        ; 3.067          ; High Pulse Width ; inst|altpll_component|pll|clk[0] ; Rise       ; SOPC:inst2|SOPC_cpu:cpu|SOPC_cpu_ic_data_module:SOPC_cpu_ic_data|altsyncram:the_altsyncram|altsyncram_c9d1:auto_generated|ram_block1a10~porta_memory_reg0 ;
; 3.599 ; 6.666        ; 3.067          ; High Pulse Width ; inst|altpll_component|pll|clk[0] ; Rise       ; SOPC:inst2|SOPC_cpu:cpu|SOPC_cpu_ic_data_module:SOPC_cpu_ic_data|altsyncram:the_altsyncram|altsyncram_c9d1:auto_generated|ram_block1a11~porta_memory_reg0 ;
; 3.599 ; 6.666        ; 3.067          ; High Pulse Width ; inst|altpll_component|pll|clk[0] ; Rise       ; SOPC:inst2|SOPC_cpu:cpu|SOPC_cpu_ic_data_module:SOPC_cpu_ic_data|altsyncram:the_altsyncram|altsyncram_c9d1:auto_generated|ram_block1a12~porta_memory_reg0 ;
; 3.599 ; 6.666        ; 3.067          ; High Pulse Width ; inst|altpll_component|pll|clk[0] ; Rise       ; SOPC:inst2|SOPC_cpu:cpu|SOPC_cpu_ic_data_module:SOPC_cpu_ic_data|altsyncram:the_altsyncram|altsyncram_c9d1:auto_generated|ram_block1a13~porta_memory_reg0 ;
; 3.599 ; 6.666        ; 3.067          ; High Pulse Width ; inst|altpll_component|pll|clk[0] ; Rise       ; SOPC:inst2|SOPC_cpu:cpu|SOPC_cpu_ic_data_module:SOPC_cpu_ic_data|altsyncram:the_altsyncram|altsyncram_c9d1:auto_generated|ram_block1a14~porta_memory_reg0 ;
; 3.599 ; 6.666        ; 3.067          ; High Pulse Width ; inst|altpll_component|pll|clk[0] ; Rise       ; SOPC:inst2|SOPC_cpu:cpu|SOPC_cpu_ic_data_module:SOPC_cpu_ic_data|altsyncram:the_altsyncram|altsyncram_c9d1:auto_generated|ram_block1a15~porta_memory_reg0 ;
; 3.599 ; 6.666        ; 3.067          ; High Pulse Width ; inst|altpll_component|pll|clk[0] ; Rise       ; SOPC:inst2|SOPC_cpu:cpu|SOPC_cpu_ic_data_module:SOPC_cpu_ic_data|altsyncram:the_altsyncram|altsyncram_c9d1:auto_generated|ram_block1a16~porta_memory_reg0 ;
; 3.599 ; 6.666        ; 3.067          ; High Pulse Width ; inst|altpll_component|pll|clk[0] ; Rise       ; SOPC:inst2|SOPC_cpu:cpu|SOPC_cpu_ic_data_module:SOPC_cpu_ic_data|altsyncram:the_altsyncram|altsyncram_c9d1:auto_generated|ram_block1a17~porta_memory_reg0 ;
; 3.599 ; 6.666        ; 3.067          ; High Pulse Width ; inst|altpll_component|pll|clk[0] ; Rise       ; SOPC:inst2|SOPC_cpu:cpu|SOPC_cpu_ic_data_module:SOPC_cpu_ic_data|altsyncram:the_altsyncram|altsyncram_c9d1:auto_generated|ram_block1a18~porta_memory_reg0 ;
; 3.599 ; 6.666        ; 3.067          ; High Pulse Width ; inst|altpll_component|pll|clk[0] ; Rise       ; SOPC:inst2|SOPC_cpu:cpu|SOPC_cpu_ic_data_module:SOPC_cpu_ic_data|altsyncram:the_altsyncram|altsyncram_c9d1:auto_generated|ram_block1a19~porta_memory_reg0 ;
; 3.599 ; 6.666        ; 3.067          ; High Pulse Width ; inst|altpll_component|pll|clk[0] ; Rise       ; SOPC:inst2|SOPC_cpu:cpu|SOPC_cpu_ic_data_module:SOPC_cpu_ic_data|altsyncram:the_altsyncram|altsyncram_c9d1:auto_generated|ram_block1a1~porta_memory_reg0  ;
; 3.599 ; 6.666        ; 3.067          ; High Pulse Width ; inst|altpll_component|pll|clk[0] ; Rise       ; SOPC:inst2|SOPC_cpu:cpu|SOPC_cpu_ic_data_module:SOPC_cpu_ic_data|altsyncram:the_altsyncram|altsyncram_c9d1:auto_generated|ram_block1a20~porta_memory_reg0 ;
; 3.599 ; 6.666        ; 3.067          ; High Pulse Width ; inst|altpll_component|pll|clk[0] ; Rise       ; SOPC:inst2|SOPC_cpu:cpu|SOPC_cpu_ic_data_module:SOPC_cpu_ic_data|altsyncram:the_altsyncram|altsyncram_c9d1:auto_generated|ram_block1a21~porta_memory_reg0 ;
; 3.599 ; 6.666        ; 3.067          ; High Pulse Width ; inst|altpll_component|pll|clk[0] ; Rise       ; SOPC:inst2|SOPC_cpu:cpu|SOPC_cpu_ic_data_module:SOPC_cpu_ic_data|altsyncram:the_altsyncram|altsyncram_c9d1:auto_generated|ram_block1a22~porta_memory_reg0 ;
; 3.599 ; 6.666        ; 3.067          ; High Pulse Width ; inst|altpll_component|pll|clk[0] ; Rise       ; SOPC:inst2|SOPC_cpu:cpu|SOPC_cpu_ic_data_module:SOPC_cpu_ic_data|altsyncram:the_altsyncram|altsyncram_c9d1:auto_generated|ram_block1a23~porta_memory_reg0 ;
; 3.599 ; 6.666        ; 3.067          ; High Pulse Width ; inst|altpll_component|pll|clk[0] ; Rise       ; SOPC:inst2|SOPC_cpu:cpu|SOPC_cpu_ic_data_module:SOPC_cpu_ic_data|altsyncram:the_altsyncram|altsyncram_c9d1:auto_generated|ram_block1a24~porta_memory_reg0 ;
; 3.599 ; 6.666        ; 3.067          ; High Pulse Width ; inst|altpll_component|pll|clk[0] ; Rise       ; SOPC:inst2|SOPC_cpu:cpu|SOPC_cpu_ic_data_module:SOPC_cpu_ic_data|altsyncram:the_altsyncram|altsyncram_c9d1:auto_generated|ram_block1a25~porta_memory_reg0 ;
; 3.599 ; 6.666        ; 3.067          ; High Pulse Width ; inst|altpll_component|pll|clk[0] ; Rise       ; SOPC:inst2|SOPC_cpu:cpu|SOPC_cpu_ic_data_module:SOPC_cpu_ic_data|altsyncram:the_altsyncram|altsyncram_c9d1:auto_generated|ram_block1a26~porta_memory_reg0 ;
; 3.599 ; 6.666        ; 3.067          ; High Pulse Width ; inst|altpll_component|pll|clk[0] ; Rise       ; SOPC:inst2|SOPC_cpu:cpu|SOPC_cpu_ic_data_module:SOPC_cpu_ic_data|altsyncram:the_altsyncram|altsyncram_c9d1:auto_generated|ram_block1a27~porta_memory_reg0 ;
; 3.599 ; 6.666        ; 3.067          ; High Pulse Width ; inst|altpll_component|pll|clk[0] ; Rise       ; SOPC:inst2|SOPC_cpu:cpu|SOPC_cpu_ic_data_module:SOPC_cpu_ic_data|altsyncram:the_altsyncram|altsyncram_c9d1:auto_generated|ram_block1a28~porta_memory_reg0 ;
; 3.599 ; 6.666        ; 3.067          ; High Pulse Width ; inst|altpll_component|pll|clk[0] ; Rise       ; SOPC:inst2|SOPC_cpu:cpu|SOPC_cpu_ic_data_module:SOPC_cpu_ic_data|altsyncram:the_altsyncram|altsyncram_c9d1:auto_generated|ram_block1a29~porta_memory_reg0 ;
; 3.599 ; 6.666        ; 3.067          ; High Pulse Width ; inst|altpll_component|pll|clk[0] ; Rise       ; SOPC:inst2|SOPC_cpu:cpu|SOPC_cpu_ic_data_module:SOPC_cpu_ic_data|altsyncram:the_altsyncram|altsyncram_c9d1:auto_generated|ram_block1a2~porta_memory_reg0  ;
; 3.599 ; 6.666        ; 3.067          ; High Pulse Width ; inst|altpll_component|pll|clk[0] ; Rise       ; SOPC:inst2|SOPC_cpu:cpu|SOPC_cpu_ic_data_module:SOPC_cpu_ic_data|altsyncram:the_altsyncram|altsyncram_c9d1:auto_generated|ram_block1a30~porta_memory_reg0 ;
; 3.599 ; 6.666        ; 3.067          ; High Pulse Width ; inst|altpll_component|pll|clk[0] ; Rise       ; SOPC:inst2|SOPC_cpu:cpu|SOPC_cpu_ic_data_module:SOPC_cpu_ic_data|altsyncram:the_altsyncram|altsyncram_c9d1:auto_generated|ram_block1a31~porta_memory_reg0 ;
; 3.599 ; 6.666        ; 3.067          ; High Pulse Width ; inst|altpll_component|pll|clk[0] ; Rise       ; SOPC:inst2|SOPC_cpu:cpu|SOPC_cpu_ic_data_module:SOPC_cpu_ic_data|altsyncram:the_altsyncram|altsyncram_c9d1:auto_generated|ram_block1a3~porta_address_reg0 ;
; 3.599 ; 6.666        ; 3.067          ; High Pulse Width ; inst|altpll_component|pll|clk[0] ; Rise       ; SOPC:inst2|SOPC_cpu:cpu|SOPC_cpu_ic_data_module:SOPC_cpu_ic_data|altsyncram:the_altsyncram|altsyncram_c9d1:auto_generated|ram_block1a3~porta_address_reg1 ;
; 3.599 ; 6.666        ; 3.067          ; High Pulse Width ; inst|altpll_component|pll|clk[0] ; Rise       ; SOPC:inst2|SOPC_cpu:cpu|SOPC_cpu_ic_data_module:SOPC_cpu_ic_data|altsyncram:the_altsyncram|altsyncram_c9d1:auto_generated|ram_block1a3~porta_address_reg2 ;
; 3.599 ; 6.666        ; 3.067          ; High Pulse Width ; inst|altpll_component|pll|clk[0] ; Rise       ; SOPC:inst2|SOPC_cpu:cpu|SOPC_cpu_ic_data_module:SOPC_cpu_ic_data|altsyncram:the_altsyncram|altsyncram_c9d1:auto_generated|ram_block1a3~porta_address_reg3 ;
; 3.599 ; 6.666        ; 3.067          ; High Pulse Width ; inst|altpll_component|pll|clk[0] ; Rise       ; SOPC:inst2|SOPC_cpu:cpu|SOPC_cpu_ic_data_module:SOPC_cpu_ic_data|altsyncram:the_altsyncram|altsyncram_c9d1:auto_generated|ram_block1a3~porta_address_reg4 ;
; 3.599 ; 6.666        ; 3.067          ; High Pulse Width ; inst|altpll_component|pll|clk[0] ; Rise       ; SOPC:inst2|SOPC_cpu:cpu|SOPC_cpu_ic_data_module:SOPC_cpu_ic_data|altsyncram:the_altsyncram|altsyncram_c9d1:auto_generated|ram_block1a3~porta_address_reg5 ;
; 3.599 ; 6.666        ; 3.067          ; High Pulse Width ; inst|altpll_component|pll|clk[0] ; Rise       ; SOPC:inst2|SOPC_cpu:cpu|SOPC_cpu_ic_data_module:SOPC_cpu_ic_data|altsyncram:the_altsyncram|altsyncram_c9d1:auto_generated|ram_block1a3~porta_address_reg6 ;
; 3.599 ; 6.666        ; 3.067          ; High Pulse Width ; inst|altpll_component|pll|clk[0] ; Rise       ; SOPC:inst2|SOPC_cpu:cpu|SOPC_cpu_ic_data_module:SOPC_cpu_ic_data|altsyncram:the_altsyncram|altsyncram_c9d1:auto_generated|ram_block1a3~porta_address_reg7 ;
; 3.599 ; 6.666        ; 3.067          ; High Pulse Width ; inst|altpll_component|pll|clk[0] ; Rise       ; SOPC:inst2|SOPC_cpu:cpu|SOPC_cpu_ic_data_module:SOPC_cpu_ic_data|altsyncram:the_altsyncram|altsyncram_c9d1:auto_generated|ram_block1a3~porta_address_reg8 ;
; 3.599 ; 6.666        ; 3.067          ; High Pulse Width ; inst|altpll_component|pll|clk[0] ; Rise       ; SOPC:inst2|SOPC_cpu:cpu|SOPC_cpu_ic_data_module:SOPC_cpu_ic_data|altsyncram:the_altsyncram|altsyncram_c9d1:auto_generated|ram_block1a3~porta_datain_reg0  ;
; 3.599 ; 6.666        ; 3.067          ; High Pulse Width ; inst|altpll_component|pll|clk[0] ; Rise       ; SOPC:inst2|SOPC_cpu:cpu|SOPC_cpu_ic_data_module:SOPC_cpu_ic_data|altsyncram:the_altsyncram|altsyncram_c9d1:auto_generated|ram_block1a3~porta_datain_reg1  ;
; 3.599 ; 6.666        ; 3.067          ; High Pulse Width ; inst|altpll_component|pll|clk[0] ; Rise       ; SOPC:inst2|SOPC_cpu:cpu|SOPC_cpu_ic_data_module:SOPC_cpu_ic_data|altsyncram:the_altsyncram|altsyncram_c9d1:auto_generated|ram_block1a3~porta_datain_reg2  ;
; 3.599 ; 6.666        ; 3.067          ; High Pulse Width ; inst|altpll_component|pll|clk[0] ; Rise       ; SOPC:inst2|SOPC_cpu:cpu|SOPC_cpu_ic_data_module:SOPC_cpu_ic_data|altsyncram:the_altsyncram|altsyncram_c9d1:auto_generated|ram_block1a3~porta_datain_reg3  ;
; 3.599 ; 6.666        ; 3.067          ; High Pulse Width ; inst|altpll_component|pll|clk[0] ; Rise       ; SOPC:inst2|SOPC_cpu:cpu|SOPC_cpu_ic_data_module:SOPC_cpu_ic_data|altsyncram:the_altsyncram|altsyncram_c9d1:auto_generated|ram_block1a3~porta_datain_reg4  ;
; 3.599 ; 6.666        ; 3.067          ; High Pulse Width ; inst|altpll_component|pll|clk[0] ; Rise       ; SOPC:inst2|SOPC_cpu:cpu|SOPC_cpu_ic_data_module:SOPC_cpu_ic_data|altsyncram:the_altsyncram|altsyncram_c9d1:auto_generated|ram_block1a3~porta_datain_reg5  ;
; 3.599 ; 6.666        ; 3.067          ; High Pulse Width ; inst|altpll_component|pll|clk[0] ; Rise       ; SOPC:inst2|SOPC_cpu:cpu|SOPC_cpu_ic_data_module:SOPC_cpu_ic_data|altsyncram:the_altsyncram|altsyncram_c9d1:auto_generated|ram_block1a3~porta_datain_reg6  ;
; 3.599 ; 6.666        ; 3.067          ; High Pulse Width ; inst|altpll_component|pll|clk[0] ; Rise       ; SOPC:inst2|SOPC_cpu:cpu|SOPC_cpu_ic_data_module:SOPC_cpu_ic_data|altsyncram:the_altsyncram|altsyncram_c9d1:auto_generated|ram_block1a3~porta_datain_reg7  ;
; 3.599 ; 6.666        ; 3.067          ; High Pulse Width ; inst|altpll_component|pll|clk[0] ; Rise       ; SOPC:inst2|SOPC_cpu:cpu|SOPC_cpu_ic_data_module:SOPC_cpu_ic_data|altsyncram:the_altsyncram|altsyncram_c9d1:auto_generated|ram_block1a3~porta_datain_reg8  ;
; 3.599 ; 6.666        ; 3.067          ; High Pulse Width ; inst|altpll_component|pll|clk[0] ; Rise       ; SOPC:inst2|SOPC_cpu:cpu|SOPC_cpu_ic_data_module:SOPC_cpu_ic_data|altsyncram:the_altsyncram|altsyncram_c9d1:auto_generated|ram_block1a3~porta_memory_reg0  ;
; 3.599 ; 6.666        ; 3.067          ; High Pulse Width ; inst|altpll_component|pll|clk[0] ; Rise       ; SOPC:inst2|SOPC_cpu:cpu|SOPC_cpu_ic_data_module:SOPC_cpu_ic_data|altsyncram:the_altsyncram|altsyncram_c9d1:auto_generated|ram_block1a3~porta_we_reg       ;
; 3.599 ; 6.666        ; 3.067          ; High Pulse Width ; inst|altpll_component|pll|clk[0] ; Rise       ; SOPC:inst2|SOPC_cpu:cpu|SOPC_cpu_ic_data_module:SOPC_cpu_ic_data|altsyncram:the_altsyncram|altsyncram_c9d1:auto_generated|ram_block1a3~portb_address_reg0 ;
; 3.599 ; 6.666        ; 3.067          ; High Pulse Width ; inst|altpll_component|pll|clk[0] ; Rise       ; SOPC:inst2|SOPC_cpu:cpu|SOPC_cpu_ic_data_module:SOPC_cpu_ic_data|altsyncram:the_altsyncram|altsyncram_c9d1:auto_generated|ram_block1a3~portb_address_reg1 ;
+-------+--------------+----------------+------------------+----------------------------------+------------+-----------------------------------------------------------------------------------------------------------------------------------------------------------+


+----------------------------------------------------------------------------------------------------------------------+
; Slow Model Minimum Pulse Width: 'clk_in'                                                                             ;
+--------+--------------+----------------+------------------+--------+------------+------------------------------------+
; Slack  ; Actual Width ; Required Width ; Type             ; Clock  ; Clock Edge ; Target                             ;
+--------+--------------+----------------+------------------+--------+------------+------------------------------------+
; 6.666  ; 6.666        ; 0.000          ; High Pulse Width ; clk_in ; Rise       ; CLK|combout                        ;
; 6.666  ; 6.666        ; 0.000          ; High Pulse Width ; clk_in ; Rise       ; inst|altpll_component|pll|clk[0]   ;
; 6.666  ; 6.666        ; 0.000          ; High Pulse Width ; clk_in ; Rise       ; inst|altpll_component|pll|clk[1]   ;
; 6.666  ; 6.666        ; 0.000          ; High Pulse Width ; clk_in ; Rise       ; inst|altpll_component|pll|inclk[0] ;
; 6.667  ; 6.667        ; 0.000          ; Low Pulse Width  ; clk_in ; Rise       ; CLK|combout                        ;
; 6.667  ; 6.667        ; 0.000          ; Low Pulse Width  ; clk_in ; Rise       ; inst|altpll_component|pll|clk[0]   ;
; 6.667  ; 6.667        ; 0.000          ; Low Pulse Width  ; clk_in ; Rise       ; inst|altpll_component|pll|clk[1]   ;
; 6.667  ; 6.667        ; 0.000          ; Low Pulse Width  ; clk_in ; Rise       ; inst|altpll_component|pll|inclk[0] ;
; 10.392 ; 13.333       ; 2.941          ; Port Rate        ; clk_in ; Rise       ; CLK                                ;
+--------+--------------+----------------+------------------+--------+------------+------------------------------------+


+-------------------------------------------------------------------------------------------------------------+
; Slow Model Minimum Pulse Width: 'altera_reserved_tck'                                                       ;
+--------+--------------+----------------+-----------+---------------------+------------+---------------------+
; Slack  ; Actual Width ; Required Width ; Type      ; Clock               ; Clock Edge ; Target              ;
+--------+--------------+----------------+-----------+---------------------+------------+---------------------+
; 97.223 ; 100.000      ; 2.777          ; Port Rate ; altera_reserved_tck ; Rise       ; altera_reserved_tck ;
+--------+--------------+----------------+-----------+---------------------+------------+---------------------+


+-------------------------------------------------------------------------------------------------------------------------+
; Setup Times                                                                                                             ;
+--------------------------------------------+------------+-------+-------+------------+----------------------------------+
; Data Port                                  ; Clock Port ; Rise  ; Fall  ; Clock Edge ; Clock Reference                  ;
+--------------------------------------------+------------+-------+-------+------------+----------------------------------+
; DQ[*]                                      ; clk_in     ; 1.573 ; 1.573 ; Rise       ; inst|altpll_component|pll|clk[0] ;
;  DQ[0]                                     ; clk_in     ; 1.573 ; 1.573 ; Rise       ; inst|altpll_component|pll|clk[0] ;
;  DQ[1]                                     ; clk_in     ; 1.573 ; 1.573 ; Rise       ; inst|altpll_component|pll|clk[0] ;
;  DQ[2]                                     ; clk_in     ; 1.562 ; 1.562 ; Rise       ; inst|altpll_component|pll|clk[0] ;
;  DQ[3]                                     ; clk_in     ; 1.568 ; 1.568 ; Rise       ; inst|altpll_component|pll|clk[0] ;
;  DQ[4]                                     ; clk_in     ; 1.552 ; 1.552 ; Rise       ; inst|altpll_component|pll|clk[0] ;
;  DQ[5]                                     ; clk_in     ; 1.552 ; 1.552 ; Rise       ; inst|altpll_component|pll|clk[0] ;
;  DQ[6]                                     ; clk_in     ; 1.454 ; 1.454 ; Rise       ; inst|altpll_component|pll|clk[0] ;
;  DQ[7]                                     ; clk_in     ; 1.444 ; 1.444 ; Rise       ; inst|altpll_component|pll|clk[0] ;
;  DQ[8]                                     ; clk_in     ; 1.546 ; 1.546 ; Rise       ; inst|altpll_component|pll|clk[0] ;
;  DQ[9]                                     ; clk_in     ; 1.548 ; 1.548 ; Rise       ; inst|altpll_component|pll|clk[0] ;
;  DQ[10]                                    ; clk_in     ; 1.558 ; 1.558 ; Rise       ; inst|altpll_component|pll|clk[0] ;
;  DQ[11]                                    ; clk_in     ; 1.548 ; 1.548 ; Rise       ; inst|altpll_component|pll|clk[0] ;
;  DQ[12]                                    ; clk_in     ; 1.548 ; 1.548 ; Rise       ; inst|altpll_component|pll|clk[0] ;
;  DQ[13]                                    ; clk_in     ; 1.560 ; 1.560 ; Rise       ; inst|altpll_component|pll|clk[0] ;
;  DQ[14]                                    ; clk_in     ; 1.548 ; 1.548 ; Rise       ; inst|altpll_component|pll|clk[0] ;
;  DQ[15]                                    ; clk_in     ; 1.544 ; 1.544 ; Rise       ; inst|altpll_component|pll|clk[0] ;
; MISO_to_the_spi_touch                      ; clk_in     ; 7.626 ; 7.626 ; Rise       ; inst|altpll_component|pll|clk[0] ;
; bidir_port_to_and_from_the_lcd32_data[*]   ; clk_in     ; 7.586 ; 7.586 ; Rise       ; inst|altpll_component|pll|clk[0] ;
;  bidir_port_to_and_from_the_lcd32_data[0]  ; clk_in     ; 7.311 ; 7.311 ; Rise       ; inst|altpll_component|pll|clk[0] ;
;  bidir_port_to_and_from_the_lcd32_data[1]  ; clk_in     ; 7.320 ; 7.320 ; Rise       ; inst|altpll_component|pll|clk[0] ;
;  bidir_port_to_and_from_the_lcd32_data[2]  ; clk_in     ; 6.909 ; 6.909 ; Rise       ; inst|altpll_component|pll|clk[0] ;
;  bidir_port_to_and_from_the_lcd32_data[3]  ; clk_in     ; 6.715 ; 6.715 ; Rise       ; inst|altpll_component|pll|clk[0] ;
;  bidir_port_to_and_from_the_lcd32_data[4]  ; clk_in     ; 6.707 ; 6.707 ; Rise       ; inst|altpll_component|pll|clk[0] ;
;  bidir_port_to_and_from_the_lcd32_data[5]  ; clk_in     ; 7.135 ; 7.135 ; Rise       ; inst|altpll_component|pll|clk[0] ;
;  bidir_port_to_and_from_the_lcd32_data[6]  ; clk_in     ; 6.729 ; 6.729 ; Rise       ; inst|altpll_component|pll|clk[0] ;
;  bidir_port_to_and_from_the_lcd32_data[7]  ; clk_in     ; 6.730 ; 6.730 ; Rise       ; inst|altpll_component|pll|clk[0] ;
;  bidir_port_to_and_from_the_lcd32_data[8]  ; clk_in     ; 7.127 ; 7.127 ; Rise       ; inst|altpll_component|pll|clk[0] ;
;  bidir_port_to_and_from_the_lcd32_data[9]  ; clk_in     ; 7.240 ; 7.240 ; Rise       ; inst|altpll_component|pll|clk[0] ;
;  bidir_port_to_and_from_the_lcd32_data[10] ; clk_in     ; 7.188 ; 7.188 ; Rise       ; inst|altpll_component|pll|clk[0] ;
;  bidir_port_to_and_from_the_lcd32_data[11] ; clk_in     ; 7.586 ; 7.586 ; Rise       ; inst|altpll_component|pll|clk[0] ;
;  bidir_port_to_and_from_the_lcd32_data[12] ; clk_in     ; 6.978 ; 6.978 ; Rise       ; inst|altpll_component|pll|clk[0] ;
;  bidir_port_to_and_from_the_lcd32_data[13] ; clk_in     ; 7.381 ; 7.381 ; Rise       ; inst|altpll_component|pll|clk[0] ;
;  bidir_port_to_and_from_the_lcd32_data[14] ; clk_in     ; 7.180 ; 7.180 ; Rise       ; inst|altpll_component|pll|clk[0] ;
;  bidir_port_to_and_from_the_lcd32_data[15] ; clk_in     ; 7.010 ; 7.010 ; Rise       ; inst|altpll_component|pll|clk[0] ;
+--------------------------------------------+------------+-------+-------+------------+----------------------------------+


+---------------------------------------------------------------------------------------------------------------------------+
; Hold Times                                                                                                                ;
+--------------------------------------------+------------+--------+--------+------------+----------------------------------+
; Data Port                                  ; Clock Port ; Rise   ; Fall   ; Clock Edge ; Clock Reference                  ;
+--------------------------------------------+------------+--------+--------+------------+----------------------------------+
; DQ[*]                                      ; clk_in     ; -1.217 ; -1.217 ; Rise       ; inst|altpll_component|pll|clk[0] ;
;  DQ[0]                                     ; clk_in     ; -1.366 ; -1.366 ; Rise       ; inst|altpll_component|pll|clk[0] ;
;  DQ[1]                                     ; clk_in     ; -1.366 ; -1.366 ; Rise       ; inst|altpll_component|pll|clk[0] ;
;  DQ[2]                                     ; clk_in     ; -1.355 ; -1.355 ; Rise       ; inst|altpll_component|pll|clk[0] ;
;  DQ[3]                                     ; clk_in     ; -1.361 ; -1.361 ; Rise       ; inst|altpll_component|pll|clk[0] ;
;  DQ[4]                                     ; clk_in     ; -1.345 ; -1.345 ; Rise       ; inst|altpll_component|pll|clk[0] ;
;  DQ[5]                                     ; clk_in     ; -1.345 ; -1.345 ; Rise       ; inst|altpll_component|pll|clk[0] ;
;  DQ[6]                                     ; clk_in     ; -1.227 ; -1.227 ; Rise       ; inst|altpll_component|pll|clk[0] ;
;  DQ[7]                                     ; clk_in     ; -1.217 ; -1.217 ; Rise       ; inst|altpll_component|pll|clk[0] ;
;  DQ[8]                                     ; clk_in     ; -1.339 ; -1.339 ; Rise       ; inst|altpll_component|pll|clk[0] ;
;  DQ[9]                                     ; clk_in     ; -1.341 ; -1.341 ; Rise       ; inst|altpll_component|pll|clk[0] ;
;  DQ[10]                                    ; clk_in     ; -1.351 ; -1.351 ; Rise       ; inst|altpll_component|pll|clk[0] ;
;  DQ[11]                                    ; clk_in     ; -1.341 ; -1.341 ; Rise       ; inst|altpll_component|pll|clk[0] ;
;  DQ[12]                                    ; clk_in     ; -1.341 ; -1.341 ; Rise       ; inst|altpll_component|pll|clk[0] ;
;  DQ[13]                                    ; clk_in     ; -1.353 ; -1.353 ; Rise       ; inst|altpll_component|pll|clk[0] ;
;  DQ[14]                                    ; clk_in     ; -1.341 ; -1.341 ; Rise       ; inst|altpll_component|pll|clk[0] ;
;  DQ[15]                                    ; clk_in     ; -1.337 ; -1.337 ; Rise       ; inst|altpll_component|pll|clk[0] ;
; MISO_to_the_spi_touch                      ; clk_in     ; -7.360 ; -7.360 ; Rise       ; inst|altpll_component|pll|clk[0] ;
; bidir_port_to_and_from_the_lcd32_data[*]   ; clk_in     ; -6.441 ; -6.441 ; Rise       ; inst|altpll_component|pll|clk[0] ;
;  bidir_port_to_and_from_the_lcd32_data[0]  ; clk_in     ; -7.045 ; -7.045 ; Rise       ; inst|altpll_component|pll|clk[0] ;
;  bidir_port_to_and_from_the_lcd32_data[1]  ; clk_in     ; -7.054 ; -7.054 ; Rise       ; inst|altpll_component|pll|clk[0] ;
;  bidir_port_to_and_from_the_lcd32_data[2]  ; clk_in     ; -6.643 ; -6.643 ; Rise       ; inst|altpll_component|pll|clk[0] ;
;  bidir_port_to_and_from_the_lcd32_data[3]  ; clk_in     ; -6.449 ; -6.449 ; Rise       ; inst|altpll_component|pll|clk[0] ;
;  bidir_port_to_and_from_the_lcd32_data[4]  ; clk_in     ; -6.441 ; -6.441 ; Rise       ; inst|altpll_component|pll|clk[0] ;
;  bidir_port_to_and_from_the_lcd32_data[5]  ; clk_in     ; -6.869 ; -6.869 ; Rise       ; inst|altpll_component|pll|clk[0] ;
;  bidir_port_to_and_from_the_lcd32_data[6]  ; clk_in     ; -6.463 ; -6.463 ; Rise       ; inst|altpll_component|pll|clk[0] ;
;  bidir_port_to_and_from_the_lcd32_data[7]  ; clk_in     ; -6.464 ; -6.464 ; Rise       ; inst|altpll_component|pll|clk[0] ;
;  bidir_port_to_and_from_the_lcd32_data[8]  ; clk_in     ; -6.861 ; -6.861 ; Rise       ; inst|altpll_component|pll|clk[0] ;
;  bidir_port_to_and_from_the_lcd32_data[9]  ; clk_in     ; -6.974 ; -6.974 ; Rise       ; inst|altpll_component|pll|clk[0] ;
;  bidir_port_to_and_from_the_lcd32_data[10] ; clk_in     ; -6.922 ; -6.922 ; Rise       ; inst|altpll_component|pll|clk[0] ;
;  bidir_port_to_and_from_the_lcd32_data[11] ; clk_in     ; -7.320 ; -7.320 ; Rise       ; inst|altpll_component|pll|clk[0] ;
;  bidir_port_to_and_from_the_lcd32_data[12] ; clk_in     ; -6.712 ; -6.712 ; Rise       ; inst|altpll_component|pll|clk[0] ;
;  bidir_port_to_and_from_the_lcd32_data[13] ; clk_in     ; -7.115 ; -7.115 ; Rise       ; inst|altpll_component|pll|clk[0] ;
;  bidir_port_to_and_from_the_lcd32_data[14] ; clk_in     ; -6.914 ; -6.914 ; Rise       ; inst|altpll_component|pll|clk[0] ;
;  bidir_port_to_and_from_the_lcd32_data[15] ; clk_in     ; -6.744 ; -6.744 ; Rise       ; inst|altpll_component|pll|clk[0] ;
+--------------------------------------------+------------+--------+--------+------------+----------------------------------+


+---------------------------------------------------------------------------------------------------------------------------+
; Clock to Output Times                                                                                                     ;
+--------------------------------------------+------------+--------+--------+------------+----------------------------------+
; Data Port                                  ; Clock Port ; Rise   ; Fall   ; Clock Edge ; Clock Reference                  ;
+--------------------------------------------+------------+--------+--------+------------+----------------------------------+
; BA[*]                                      ; clk_in     ; 3.166  ; 3.166  ; Rise       ; inst|altpll_component|pll|clk[0] ;
;  BA[0]                                     ; clk_in     ; 3.166  ; 3.166  ; Rise       ; inst|altpll_component|pll|clk[0] ;
;  BA[1]                                     ; clk_in     ; 3.154  ; 3.154  ; Rise       ; inst|altpll_component|pll|clk[0] ;
; CAS                                        ; clk_in     ; 3.167  ; 3.167  ; Rise       ; inst|altpll_component|pll|clk[0] ;
; CS                                         ; clk_in     ; 3.156  ; 3.156  ; Rise       ; inst|altpll_component|pll|clk[0] ;
; DQ[*]                                      ; clk_in     ; 3.167  ; 3.167  ; Rise       ; inst|altpll_component|pll|clk[0] ;
;  DQ[0]                                     ; clk_in     ; 2.752  ; 2.752  ; Rise       ; inst|altpll_component|pll|clk[0] ;
;  DQ[1]                                     ; clk_in     ; 2.752  ; 2.752  ; Rise       ; inst|altpll_component|pll|clk[0] ;
;  DQ[2]                                     ; clk_in     ; 2.763  ; 2.763  ; Rise       ; inst|altpll_component|pll|clk[0] ;
;  DQ[3]                                     ; clk_in     ; 2.757  ; 2.757  ; Rise       ; inst|altpll_component|pll|clk[0] ;
;  DQ[4]                                     ; clk_in     ; 2.753  ; 2.753  ; Rise       ; inst|altpll_component|pll|clk[0] ;
;  DQ[5]                                     ; clk_in     ; 2.753  ; 2.753  ; Rise       ; inst|altpll_component|pll|clk[0] ;
;  DQ[6]                                     ; clk_in     ; 3.167  ; 3.167  ; Rise       ; inst|altpll_component|pll|clk[0] ;
;  DQ[7]                                     ; clk_in     ; 3.157  ; 3.157  ; Rise       ; inst|altpll_component|pll|clk[0] ;
;  DQ[8]                                     ; clk_in     ; 2.779  ; 2.779  ; Rise       ; inst|altpll_component|pll|clk[0] ;
;  DQ[9]                                     ; clk_in     ; 2.777  ; 2.777  ; Rise       ; inst|altpll_component|pll|clk[0] ;
;  DQ[10]                                    ; clk_in     ; 2.787  ; 2.787  ; Rise       ; inst|altpll_component|pll|clk[0] ;
;  DQ[11]                                    ; clk_in     ; 2.757  ; 2.757  ; Rise       ; inst|altpll_component|pll|clk[0] ;
;  DQ[12]                                    ; clk_in     ; 2.757  ; 2.757  ; Rise       ; inst|altpll_component|pll|clk[0] ;
;  DQ[13]                                    ; clk_in     ; 2.745  ; 2.745  ; Rise       ; inst|altpll_component|pll|clk[0] ;
;  DQ[14]                                    ; clk_in     ; 2.757  ; 2.757  ; Rise       ; inst|altpll_component|pll|clk[0] ;
;  DQ[15]                                    ; clk_in     ; 2.761  ; 2.761  ; Rise       ; inst|altpll_component|pll|clk[0] ;
; MOSI_from_the_spi_touch                    ; clk_in     ; 4.911  ; 4.911  ; Rise       ; inst|altpll_component|pll|clk[0] ;
; RA[*]                                      ; clk_in     ; 3.180  ; 3.180  ; Rise       ; inst|altpll_component|pll|clk[0] ;
;  RA[0]                                     ; clk_in     ; 3.132  ; 3.132  ; Rise       ; inst|altpll_component|pll|clk[0] ;
;  RA[1]                                     ; clk_in     ; 3.152  ; 3.152  ; Rise       ; inst|altpll_component|pll|clk[0] ;
;  RA[2]                                     ; clk_in     ; 3.133  ; 3.133  ; Rise       ; inst|altpll_component|pll|clk[0] ;
;  RA[3]                                     ; clk_in     ; 3.133  ; 3.133  ; Rise       ; inst|altpll_component|pll|clk[0] ;
;  RA[4]                                     ; clk_in     ; 3.153  ; 3.153  ; Rise       ; inst|altpll_component|pll|clk[0] ;
;  RA[5]                                     ; clk_in     ; 3.153  ; 3.153  ; Rise       ; inst|altpll_component|pll|clk[0] ;
;  RA[6]                                     ; clk_in     ; 3.163  ; 3.163  ; Rise       ; inst|altpll_component|pll|clk[0] ;
;  RA[7]                                     ; clk_in     ; 3.161  ; 3.161  ; Rise       ; inst|altpll_component|pll|clk[0] ;
;  RA[8]                                     ; clk_in     ; 3.157  ; 3.157  ; Rise       ; inst|altpll_component|pll|clk[0] ;
;  RA[9]                                     ; clk_in     ; 3.163  ; 3.163  ; Rise       ; inst|altpll_component|pll|clk[0] ;
;  RA[10]                                    ; clk_in     ; 3.154  ; 3.154  ; Rise       ; inst|altpll_component|pll|clk[0] ;
;  RA[11]                                    ; clk_in     ; 3.180  ; 3.180  ; Rise       ; inst|altpll_component|pll|clk[0] ;
;  RA[12]                                    ; clk_in     ; 3.170  ; 3.170  ; Rise       ; inst|altpll_component|pll|clk[0] ;
; RAS                                        ; clk_in     ; 3.167  ; 3.167  ; Rise       ; inst|altpll_component|pll|clk[0] ;
; SCLK_from_the_spi_touch                    ; clk_in     ; 4.574  ; 4.574  ; Rise       ; inst|altpll_component|pll|clk[0] ;
; SS_n_from_the_spi_touch                    ; clk_in     ; 6.609  ; 6.609  ; Rise       ; inst|altpll_component|pll|clk[0] ;
; S_DQM[*]                                   ; clk_in     ; 3.167  ; 3.167  ; Rise       ; inst|altpll_component|pll|clk[0] ;
;  S_DQM[0]                                  ; clk_in     ; 3.167  ; 3.167  ; Rise       ; inst|altpll_component|pll|clk[0] ;
;  S_DQM[1]                                  ; clk_in     ; 2.789  ; 2.789  ; Rise       ; inst|altpll_component|pll|clk[0] ;
; WE                                         ; clk_in     ; 3.167  ; 3.167  ; Rise       ; inst|altpll_component|pll|clk[0] ;
; bidir_port_to_and_from_the_lcd32_data[*]   ; clk_in     ; 4.969  ; 4.969  ; Rise       ; inst|altpll_component|pll|clk[0] ;
;  bidir_port_to_and_from_the_lcd32_data[0]  ; clk_in     ; 4.616  ; 4.616  ; Rise       ; inst|altpll_component|pll|clk[0] ;
;  bidir_port_to_and_from_the_lcd32_data[1]  ; clk_in     ; 4.625  ; 4.625  ; Rise       ; inst|altpll_component|pll|clk[0] ;
;  bidir_port_to_and_from_the_lcd32_data[2]  ; clk_in     ; 4.541  ; 4.541  ; Rise       ; inst|altpll_component|pll|clk[0] ;
;  bidir_port_to_and_from_the_lcd32_data[3]  ; clk_in     ; 4.603  ; 4.603  ; Rise       ; inst|altpll_component|pll|clk[0] ;
;  bidir_port_to_and_from_the_lcd32_data[4]  ; clk_in     ; 4.177  ; 4.177  ; Rise       ; inst|altpll_component|pll|clk[0] ;
;  bidir_port_to_and_from_the_lcd32_data[5]  ; clk_in     ; 4.146  ; 4.146  ; Rise       ; inst|altpll_component|pll|clk[0] ;
;  bidir_port_to_and_from_the_lcd32_data[6]  ; clk_in     ; 4.141  ; 4.141  ; Rise       ; inst|altpll_component|pll|clk[0] ;
;  bidir_port_to_and_from_the_lcd32_data[7]  ; clk_in     ; 4.358  ; 4.358  ; Rise       ; inst|altpll_component|pll|clk[0] ;
;  bidir_port_to_and_from_the_lcd32_data[8]  ; clk_in     ; 4.317  ; 4.317  ; Rise       ; inst|altpll_component|pll|clk[0] ;
;  bidir_port_to_and_from_the_lcd32_data[9]  ; clk_in     ; 4.895  ; 4.895  ; Rise       ; inst|altpll_component|pll|clk[0] ;
;  bidir_port_to_and_from_the_lcd32_data[10] ; clk_in     ; 4.889  ; 4.889  ; Rise       ; inst|altpll_component|pll|clk[0] ;
;  bidir_port_to_and_from_the_lcd32_data[11] ; clk_in     ; 4.571  ; 4.571  ; Rise       ; inst|altpll_component|pll|clk[0] ;
;  bidir_port_to_and_from_the_lcd32_data[12] ; clk_in     ; 4.572  ; 4.572  ; Rise       ; inst|altpll_component|pll|clk[0] ;
;  bidir_port_to_and_from_the_lcd32_data[13] ; clk_in     ; 4.954  ; 4.954  ; Rise       ; inst|altpll_component|pll|clk[0] ;
;  bidir_port_to_and_from_the_lcd32_data[14] ; clk_in     ; 4.969  ; 4.969  ; Rise       ; inst|altpll_component|pll|clk[0] ;
;  bidir_port_to_and_from_the_lcd32_data[15] ; clk_in     ; 4.953  ; 4.953  ; Rise       ; inst|altpll_component|pll|clk[0] ;
; buzz[*]                                    ; clk_in     ; 7.141  ; 7.141  ; Rise       ; inst|altpll_component|pll|clk[0] ;
;  buzz[0]                                   ; clk_in     ; 5.960  ; 5.960  ; Rise       ; inst|altpll_component|pll|clk[0] ;
;  buzz[1]                                   ; clk_in     ; 7.141  ; 7.141  ; Rise       ; inst|altpll_component|pll|clk[0] ;
;  buzz[2]                                   ; clk_in     ; 5.960  ; 5.960  ; Rise       ; inst|altpll_component|pll|clk[0] ;
;  buzz[3]                                   ; clk_in     ; 6.732  ; 6.732  ; Rise       ; inst|altpll_component|pll|clk[0] ;
; led[*]                                     ; clk_in     ; 7.547  ; 7.547  ; Rise       ; inst|altpll_component|pll|clk[0] ;
;  led[0]                                    ; clk_in     ; 7.547  ; 7.547  ; Rise       ; inst|altpll_component|pll|clk[0] ;
;  led[1]                                    ; clk_in     ; 7.155  ; 7.155  ; Rise       ; inst|altpll_component|pll|clk[0] ;
;  led[2]                                    ; clk_in     ; 6.693  ; 6.693  ; Rise       ; inst|altpll_component|pll|clk[0] ;
;  led[3]                                    ; clk_in     ; 6.212  ; 6.212  ; Rise       ; inst|altpll_component|pll|clk[0] ;
; out_port_from_the_bl_n                     ; clk_in     ; 5.373  ; 5.373  ; Rise       ; inst|altpll_component|pll|clk[0] ;
; out_port_from_the_bl_p                     ; clk_in     ; 6.784  ; 6.784  ; Rise       ; inst|altpll_component|pll|clk[0] ;
; out_port_from_the_lcd_cs                   ; clk_in     ; 4.986  ; 4.986  ; Rise       ; inst|altpll_component|pll|clk[0] ;
; out_port_from_the_lcd_rd                   ; clk_in     ; 4.916  ; 4.916  ; Rise       ; inst|altpll_component|pll|clk[0] ;
; out_port_from_the_lcd_rs                   ; clk_in     ; 5.335  ; 5.335  ; Rise       ; inst|altpll_component|pll|clk[0] ;
; out_port_from_the_lcd_wr                   ; clk_in     ; 4.623  ; 4.623  ; Rise       ; inst|altpll_component|pll|clk[0] ;
; out_port_from_the_reset                    ; clk_in     ; 5.051  ; 5.051  ; Rise       ; inst|altpll_component|pll|clk[0] ;
; out_port_from_the_touch_cs                 ; clk_in     ; 5.034  ; 5.034  ; Rise       ; inst|altpll_component|pll|clk[0] ;
; S_CLK                                      ; clk_in     ; -0.458 ;        ; Rise       ; inst|altpll_component|pll|clk[1] ;
; S_CLK                                      ; clk_in     ;        ; -0.458 ; Fall       ; inst|altpll_component|pll|clk[1] ;
+--------------------------------------------+------------+--------+--------+------------+----------------------------------+


+---------------------------------------------------------------------------------------------------------------------------+
; Minimum Clock to Output Times                                                                                             ;
+--------------------------------------------+------------+--------+--------+------------+----------------------------------+
; Data Port                                  ; Clock Port ; Rise   ; Fall   ; Clock Edge ; Clock Reference                  ;
+--------------------------------------------+------------+--------+--------+------------+----------------------------------+
; BA[*]                                      ; clk_in     ; 3.154  ; 3.154  ; Rise       ; inst|altpll_component|pll|clk[0] ;
;  BA[0]                                     ; clk_in     ; 3.166  ; 3.166  ; Rise       ; inst|altpll_component|pll|clk[0] ;
;  BA[1]                                     ; clk_in     ; 3.154  ; 3.154  ; Rise       ; inst|altpll_component|pll|clk[0] ;
; CAS                                        ; clk_in     ; 3.167  ; 3.167  ; Rise       ; inst|altpll_component|pll|clk[0] ;
; CS                                         ; clk_in     ; 3.156  ; 3.156  ; Rise       ; inst|altpll_component|pll|clk[0] ;
; DQ[*]                                      ; clk_in     ; 2.733  ; 2.733  ; Rise       ; inst|altpll_component|pll|clk[0] ;
;  DQ[0]                                     ; clk_in     ; 2.740  ; 2.740  ; Rise       ; inst|altpll_component|pll|clk[0] ;
;  DQ[1]                                     ; clk_in     ; 2.740  ; 2.740  ; Rise       ; inst|altpll_component|pll|clk[0] ;
;  DQ[2]                                     ; clk_in     ; 2.751  ; 2.751  ; Rise       ; inst|altpll_component|pll|clk[0] ;
;  DQ[3]                                     ; clk_in     ; 2.745  ; 2.745  ; Rise       ; inst|altpll_component|pll|clk[0] ;
;  DQ[4]                                     ; clk_in     ; 2.741  ; 2.741  ; Rise       ; inst|altpll_component|pll|clk[0] ;
;  DQ[5]                                     ; clk_in     ; 2.741  ; 2.741  ; Rise       ; inst|altpll_component|pll|clk[0] ;
;  DQ[6]                                     ; clk_in     ; 3.141  ; 3.141  ; Rise       ; inst|altpll_component|pll|clk[0] ;
;  DQ[7]                                     ; clk_in     ; 3.131  ; 3.131  ; Rise       ; inst|altpll_component|pll|clk[0] ;
;  DQ[8]                                     ; clk_in     ; 2.767  ; 2.767  ; Rise       ; inst|altpll_component|pll|clk[0] ;
;  DQ[9]                                     ; clk_in     ; 2.765  ; 2.765  ; Rise       ; inst|altpll_component|pll|clk[0] ;
;  DQ[10]                                    ; clk_in     ; 2.775  ; 2.775  ; Rise       ; inst|altpll_component|pll|clk[0] ;
;  DQ[11]                                    ; clk_in     ; 2.745  ; 2.745  ; Rise       ; inst|altpll_component|pll|clk[0] ;
;  DQ[12]                                    ; clk_in     ; 2.745  ; 2.745  ; Rise       ; inst|altpll_component|pll|clk[0] ;
;  DQ[13]                                    ; clk_in     ; 2.733  ; 2.733  ; Rise       ; inst|altpll_component|pll|clk[0] ;
;  DQ[14]                                    ; clk_in     ; 2.745  ; 2.745  ; Rise       ; inst|altpll_component|pll|clk[0] ;
;  DQ[15]                                    ; clk_in     ; 2.749  ; 2.749  ; Rise       ; inst|altpll_component|pll|clk[0] ;
; MOSI_from_the_spi_touch                    ; clk_in     ; 4.911  ; 4.911  ; Rise       ; inst|altpll_component|pll|clk[0] ;
; RA[*]                                      ; clk_in     ; 3.132  ; 3.132  ; Rise       ; inst|altpll_component|pll|clk[0] ;
;  RA[0]                                     ; clk_in     ; 3.132  ; 3.132  ; Rise       ; inst|altpll_component|pll|clk[0] ;
;  RA[1]                                     ; clk_in     ; 3.152  ; 3.152  ; Rise       ; inst|altpll_component|pll|clk[0] ;
;  RA[2]                                     ; clk_in     ; 3.133  ; 3.133  ; Rise       ; inst|altpll_component|pll|clk[0] ;
;  RA[3]                                     ; clk_in     ; 3.133  ; 3.133  ; Rise       ; inst|altpll_component|pll|clk[0] ;
;  RA[4]                                     ; clk_in     ; 3.153  ; 3.153  ; Rise       ; inst|altpll_component|pll|clk[0] ;
;  RA[5]                                     ; clk_in     ; 3.153  ; 3.153  ; Rise       ; inst|altpll_component|pll|clk[0] ;
;  RA[6]                                     ; clk_in     ; 3.163  ; 3.163  ; Rise       ; inst|altpll_component|pll|clk[0] ;
;  RA[7]                                     ; clk_in     ; 3.161  ; 3.161  ; Rise       ; inst|altpll_component|pll|clk[0] ;
;  RA[8]                                     ; clk_in     ; 3.157  ; 3.157  ; Rise       ; inst|altpll_component|pll|clk[0] ;
;  RA[9]                                     ; clk_in     ; 3.163  ; 3.163  ; Rise       ; inst|altpll_component|pll|clk[0] ;
;  RA[10]                                    ; clk_in     ; 3.154  ; 3.154  ; Rise       ; inst|altpll_component|pll|clk[0] ;
;  RA[11]                                    ; clk_in     ; 3.180  ; 3.180  ; Rise       ; inst|altpll_component|pll|clk[0] ;
;  RA[12]                                    ; clk_in     ; 3.170  ; 3.170  ; Rise       ; inst|altpll_component|pll|clk[0] ;
; RAS                                        ; clk_in     ; 3.167  ; 3.167  ; Rise       ; inst|altpll_component|pll|clk[0] ;
; SCLK_from_the_spi_touch                    ; clk_in     ; 4.574  ; 4.574  ; Rise       ; inst|altpll_component|pll|clk[0] ;
; SS_n_from_the_spi_touch                    ; clk_in     ; 5.226  ; 5.226  ; Rise       ; inst|altpll_component|pll|clk[0] ;
; S_DQM[*]                                   ; clk_in     ; 2.789  ; 2.789  ; Rise       ; inst|altpll_component|pll|clk[0] ;
;  S_DQM[0]                                  ; clk_in     ; 3.167  ; 3.167  ; Rise       ; inst|altpll_component|pll|clk[0] ;
;  S_DQM[1]                                  ; clk_in     ; 2.789  ; 2.789  ; Rise       ; inst|altpll_component|pll|clk[0] ;
; WE                                         ; clk_in     ; 3.167  ; 3.167  ; Rise       ; inst|altpll_component|pll|clk[0] ;
; bidir_port_to_and_from_the_lcd32_data[*]   ; clk_in     ; 4.141  ; 4.141  ; Rise       ; inst|altpll_component|pll|clk[0] ;
;  bidir_port_to_and_from_the_lcd32_data[0]  ; clk_in     ; 4.616  ; 4.616  ; Rise       ; inst|altpll_component|pll|clk[0] ;
;  bidir_port_to_and_from_the_lcd32_data[1]  ; clk_in     ; 4.625  ; 4.625  ; Rise       ; inst|altpll_component|pll|clk[0] ;
;  bidir_port_to_and_from_the_lcd32_data[2]  ; clk_in     ; 4.541  ; 4.541  ; Rise       ; inst|altpll_component|pll|clk[0] ;
;  bidir_port_to_and_from_the_lcd32_data[3]  ; clk_in     ; 4.603  ; 4.603  ; Rise       ; inst|altpll_component|pll|clk[0] ;
;  bidir_port_to_and_from_the_lcd32_data[4]  ; clk_in     ; 4.177  ; 4.177  ; Rise       ; inst|altpll_component|pll|clk[0] ;
;  bidir_port_to_and_from_the_lcd32_data[5]  ; clk_in     ; 4.146  ; 4.146  ; Rise       ; inst|altpll_component|pll|clk[0] ;
;  bidir_port_to_and_from_the_lcd32_data[6]  ; clk_in     ; 4.141  ; 4.141  ; Rise       ; inst|altpll_component|pll|clk[0] ;
;  bidir_port_to_and_from_the_lcd32_data[7]  ; clk_in     ; 4.358  ; 4.358  ; Rise       ; inst|altpll_component|pll|clk[0] ;
;  bidir_port_to_and_from_the_lcd32_data[8]  ; clk_in     ; 4.317  ; 4.317  ; Rise       ; inst|altpll_component|pll|clk[0] ;
;  bidir_port_to_and_from_the_lcd32_data[9]  ; clk_in     ; 4.895  ; 4.895  ; Rise       ; inst|altpll_component|pll|clk[0] ;
;  bidir_port_to_and_from_the_lcd32_data[10] ; clk_in     ; 4.889  ; 4.889  ; Rise       ; inst|altpll_component|pll|clk[0] ;
;  bidir_port_to_and_from_the_lcd32_data[11] ; clk_in     ; 4.571  ; 4.571  ; Rise       ; inst|altpll_component|pll|clk[0] ;
;  bidir_port_to_and_from_the_lcd32_data[12] ; clk_in     ; 4.572  ; 4.572  ; Rise       ; inst|altpll_component|pll|clk[0] ;
;  bidir_port_to_and_from_the_lcd32_data[13] ; clk_in     ; 4.954  ; 4.954  ; Rise       ; inst|altpll_component|pll|clk[0] ;
;  bidir_port_to_and_from_the_lcd32_data[14] ; clk_in     ; 4.969  ; 4.969  ; Rise       ; inst|altpll_component|pll|clk[0] ;
;  bidir_port_to_and_from_the_lcd32_data[15] ; clk_in     ; 4.953  ; 4.953  ; Rise       ; inst|altpll_component|pll|clk[0] ;
; buzz[*]                                    ; clk_in     ; 5.960  ; 5.960  ; Rise       ; inst|altpll_component|pll|clk[0] ;
;  buzz[0]                                   ; clk_in     ; 5.960  ; 5.960  ; Rise       ; inst|altpll_component|pll|clk[0] ;
;  buzz[1]                                   ; clk_in     ; 7.141  ; 7.141  ; Rise       ; inst|altpll_component|pll|clk[0] ;
;  buzz[2]                                   ; clk_in     ; 5.960  ; 5.960  ; Rise       ; inst|altpll_component|pll|clk[0] ;
;  buzz[3]                                   ; clk_in     ; 6.732  ; 6.732  ; Rise       ; inst|altpll_component|pll|clk[0] ;
; led[*]                                     ; clk_in     ; 6.212  ; 6.212  ; Rise       ; inst|altpll_component|pll|clk[0] ;
;  led[0]                                    ; clk_in     ; 7.547  ; 7.547  ; Rise       ; inst|altpll_component|pll|clk[0] ;
;  led[1]                                    ; clk_in     ; 7.155  ; 7.155  ; Rise       ; inst|altpll_component|pll|clk[0] ;
;  led[2]                                    ; clk_in     ; 6.693  ; 6.693  ; Rise       ; inst|altpll_component|pll|clk[0] ;
;  led[3]                                    ; clk_in     ; 6.212  ; 6.212  ; Rise       ; inst|altpll_component|pll|clk[0] ;
; out_port_from_the_bl_n                     ; clk_in     ; 5.373  ; 5.373  ; Rise       ; inst|altpll_component|pll|clk[0] ;
; out_port_from_the_bl_p                     ; clk_in     ; 6.784  ; 6.784  ; Rise       ; inst|altpll_component|pll|clk[0] ;
; out_port_from_the_lcd_cs                   ; clk_in     ; 4.986  ; 4.986  ; Rise       ; inst|altpll_component|pll|clk[0] ;
; out_port_from_the_lcd_rd                   ; clk_in     ; 4.916  ; 4.916  ; Rise       ; inst|altpll_component|pll|clk[0] ;
; out_port_from_the_lcd_rs                   ; clk_in     ; 5.335  ; 5.335  ; Rise       ; inst|altpll_component|pll|clk[0] ;
; out_port_from_the_lcd_wr                   ; clk_in     ; 4.623  ; 4.623  ; Rise       ; inst|altpll_component|pll|clk[0] ;
; out_port_from_the_reset                    ; clk_in     ; 5.051  ; 5.051  ; Rise       ; inst|altpll_component|pll|clk[0] ;
; out_port_from_the_touch_cs                 ; clk_in     ; 5.034  ; 5.034  ; Rise       ; inst|altpll_component|pll|clk[0] ;
; S_CLK                                      ; clk_in     ; -0.458 ;        ; Rise       ; inst|altpll_component|pll|clk[1] ;
; S_CLK                                      ; clk_in     ;        ; -0.458 ; Fall       ; inst|altpll_component|pll|clk[1] ;
+--------------------------------------------+------------+--------+--------+------------+----------------------------------+


+------------------------------------------------------------------------------------------------------------------------+
; Output Enable Times                                                                                                    ;
+--------------------------------------------+------------+-------+------+------------+----------------------------------+
; Data Port                                  ; Clock Port ; Rise  ; Fall ; Clock Edge ; Clock Reference                  ;
+--------------------------------------------+------------+-------+------+------------+----------------------------------+
; bidir_port_to_and_from_the_lcd32_data[*]   ; clk_in     ; 4.086 ;      ; Rise       ; inst|altpll_component|pll|clk[0] ;
;  bidir_port_to_and_from_the_lcd32_data[0]  ; clk_in     ; 4.522 ;      ; Rise       ; inst|altpll_component|pll|clk[0] ;
;  bidir_port_to_and_from_the_lcd32_data[1]  ; clk_in     ; 4.520 ;      ; Rise       ; inst|altpll_component|pll|clk[0] ;
;  bidir_port_to_and_from_the_lcd32_data[2]  ; clk_in     ; 4.752 ;      ; Rise       ; inst|altpll_component|pll|clk[0] ;
;  bidir_port_to_and_from_the_lcd32_data[3]  ; clk_in     ; 4.502 ;      ; Rise       ; inst|altpll_component|pll|clk[0] ;
;  bidir_port_to_and_from_the_lcd32_data[4]  ; clk_in     ; 4.086 ;      ; Rise       ; inst|altpll_component|pll|clk[0] ;
;  bidir_port_to_and_from_the_lcd32_data[5]  ; clk_in     ; 4.103 ;      ; Rise       ; inst|altpll_component|pll|clk[0] ;
;  bidir_port_to_and_from_the_lcd32_data[6]  ; clk_in     ; 4.096 ;      ; Rise       ; inst|altpll_component|pll|clk[0] ;
;  bidir_port_to_and_from_the_lcd32_data[7]  ; clk_in     ; 4.845 ;      ; Rise       ; inst|altpll_component|pll|clk[0] ;
;  bidir_port_to_and_from_the_lcd32_data[8]  ; clk_in     ; 4.481 ;      ; Rise       ; inst|altpll_component|pll|clk[0] ;
;  bidir_port_to_and_from_the_lcd32_data[9]  ; clk_in     ; 4.848 ;      ; Rise       ; inst|altpll_component|pll|clk[0] ;
;  bidir_port_to_and_from_the_lcd32_data[10] ; clk_in     ; 4.856 ;      ; Rise       ; inst|altpll_component|pll|clk[0] ;
;  bidir_port_to_and_from_the_lcd32_data[11] ; clk_in     ; 4.518 ;      ; Rise       ; inst|altpll_component|pll|clk[0] ;
;  bidir_port_to_and_from_the_lcd32_data[12] ; clk_in     ; 4.510 ;      ; Rise       ; inst|altpll_component|pll|clk[0] ;
;  bidir_port_to_and_from_the_lcd32_data[13] ; clk_in     ; 4.884 ;      ; Rise       ; inst|altpll_component|pll|clk[0] ;
;  bidir_port_to_and_from_the_lcd32_data[14] ; clk_in     ; 4.895 ;      ; Rise       ; inst|altpll_component|pll|clk[0] ;
;  bidir_port_to_and_from_the_lcd32_data[15] ; clk_in     ; 4.510 ;      ; Rise       ; inst|altpll_component|pll|clk[0] ;
+--------------------------------------------+------------+-------+------+------------+----------------------------------+


+------------------------------------------------------------------------------------------------------------------------+
; Minimum Output Enable Times                                                                                            ;
+--------------------------------------------+------------+-------+------+------------+----------------------------------+
; Data Port                                  ; Clock Port ; Rise  ; Fall ; Clock Edge ; Clock Reference                  ;
+--------------------------------------------+------------+-------+------+------------+----------------------------------+
; bidir_port_to_and_from_the_lcd32_data[*]   ; clk_in     ; 4.086 ;      ; Rise       ; inst|altpll_component|pll|clk[0] ;
;  bidir_port_to_and_from_the_lcd32_data[0]  ; clk_in     ; 4.522 ;      ; Rise       ; inst|altpll_component|pll|clk[0] ;
;  bidir_port_to_and_from_the_lcd32_data[1]  ; clk_in     ; 4.520 ;      ; Rise       ; inst|altpll_component|pll|clk[0] ;
;  bidir_port_to_and_from_the_lcd32_data[2]  ; clk_in     ; 4.752 ;      ; Rise       ; inst|altpll_component|pll|clk[0] ;
;  bidir_port_to_and_from_the_lcd32_data[3]  ; clk_in     ; 4.502 ;      ; Rise       ; inst|altpll_component|pll|clk[0] ;
;  bidir_port_to_and_from_the_lcd32_data[4]  ; clk_in     ; 4.086 ;      ; Rise       ; inst|altpll_component|pll|clk[0] ;
;  bidir_port_to_and_from_the_lcd32_data[5]  ; clk_in     ; 4.103 ;      ; Rise       ; inst|altpll_component|pll|clk[0] ;
;  bidir_port_to_and_from_the_lcd32_data[6]  ; clk_in     ; 4.096 ;      ; Rise       ; inst|altpll_component|pll|clk[0] ;
;  bidir_port_to_and_from_the_lcd32_data[7]  ; clk_in     ; 4.845 ;      ; Rise       ; inst|altpll_component|pll|clk[0] ;
;  bidir_port_to_and_from_the_lcd32_data[8]  ; clk_in     ; 4.481 ;      ; Rise       ; inst|altpll_component|pll|clk[0] ;
;  bidir_port_to_and_from_the_lcd32_data[9]  ; clk_in     ; 4.848 ;      ; Rise       ; inst|altpll_component|pll|clk[0] ;
;  bidir_port_to_and_from_the_lcd32_data[10] ; clk_in     ; 4.856 ;      ; Rise       ; inst|altpll_component|pll|clk[0] ;
;  bidir_port_to_and_from_the_lcd32_data[11] ; clk_in     ; 4.518 ;      ; Rise       ; inst|altpll_component|pll|clk[0] ;
;  bidir_port_to_and_from_the_lcd32_data[12] ; clk_in     ; 4.510 ;      ; Rise       ; inst|altpll_component|pll|clk[0] ;
;  bidir_port_to_and_from_the_lcd32_data[13] ; clk_in     ; 4.884 ;      ; Rise       ; inst|altpll_component|pll|clk[0] ;
;  bidir_port_to_and_from_the_lcd32_data[14] ; clk_in     ; 4.895 ;      ; Rise       ; inst|altpll_component|pll|clk[0] ;
;  bidir_port_to_and_from_the_lcd32_data[15] ; clk_in     ; 4.510 ;      ; Rise       ; inst|altpll_component|pll|clk[0] ;
+--------------------------------------------+------------+-------+------+------------+----------------------------------+


+---------------------------------------------------------------------------------------------------------------------------------+
; Output Disable Times                                                                                                            ;
+--------------------------------------------+------------+-----------+-----------+------------+----------------------------------+
; Data Port                                  ; Clock Port ; 0 to Hi-Z ; 1 to Hi-Z ; Clock Edge ; Clock Reference                  ;
+--------------------------------------------+------------+-----------+-----------+------------+----------------------------------+
; bidir_port_to_and_from_the_lcd32_data[*]   ; clk_in     ; 4.086     ;           ; Rise       ; inst|altpll_component|pll|clk[0] ;
;  bidir_port_to_and_from_the_lcd32_data[0]  ; clk_in     ; 4.522     ;           ; Rise       ; inst|altpll_component|pll|clk[0] ;
;  bidir_port_to_and_from_the_lcd32_data[1]  ; clk_in     ; 4.520     ;           ; Rise       ; inst|altpll_component|pll|clk[0] ;
;  bidir_port_to_and_from_the_lcd32_data[2]  ; clk_in     ; 4.752     ;           ; Rise       ; inst|altpll_component|pll|clk[0] ;
;  bidir_port_to_and_from_the_lcd32_data[3]  ; clk_in     ; 4.502     ;           ; Rise       ; inst|altpll_component|pll|clk[0] ;
;  bidir_port_to_and_from_the_lcd32_data[4]  ; clk_in     ; 4.086     ;           ; Rise       ; inst|altpll_component|pll|clk[0] ;
;  bidir_port_to_and_from_the_lcd32_data[5]  ; clk_in     ; 4.103     ;           ; Rise       ; inst|altpll_component|pll|clk[0] ;
;  bidir_port_to_and_from_the_lcd32_data[6]  ; clk_in     ; 4.096     ;           ; Rise       ; inst|altpll_component|pll|clk[0] ;
;  bidir_port_to_and_from_the_lcd32_data[7]  ; clk_in     ; 4.845     ;           ; Rise       ; inst|altpll_component|pll|clk[0] ;
;  bidir_port_to_and_from_the_lcd32_data[8]  ; clk_in     ; 4.481     ;           ; Rise       ; inst|altpll_component|pll|clk[0] ;
;  bidir_port_to_and_from_the_lcd32_data[9]  ; clk_in     ; 4.848     ;           ; Rise       ; inst|altpll_component|pll|clk[0] ;
;  bidir_port_to_and_from_the_lcd32_data[10] ; clk_in     ; 4.856     ;           ; Rise       ; inst|altpll_component|pll|clk[0] ;
;  bidir_port_to_and_from_the_lcd32_data[11] ; clk_in     ; 4.518     ;           ; Rise       ; inst|altpll_component|pll|clk[0] ;
;  bidir_port_to_and_from_the_lcd32_data[12] ; clk_in     ; 4.510     ;           ; Rise       ; inst|altpll_component|pll|clk[0] ;
;  bidir_port_to_and_from_the_lcd32_data[13] ; clk_in     ; 4.884     ;           ; Rise       ; inst|altpll_component|pll|clk[0] ;
;  bidir_port_to_and_from_the_lcd32_data[14] ; clk_in     ; 4.895     ;           ; Rise       ; inst|altpll_component|pll|clk[0] ;
;  bidir_port_to_and_from_the_lcd32_data[15] ; clk_in     ; 4.510     ;           ; Rise       ; inst|altpll_component|pll|clk[0] ;
+--------------------------------------------+------------+-----------+-----------+------------+----------------------------------+


+---------------------------------------------------------------------------------------------------------------------------------+
; Minimum Output Disable Times                                                                                                    ;
+--------------------------------------------+------------+-----------+-----------+------------+----------------------------------+
; Data Port                                  ; Clock Port ; 0 to Hi-Z ; 1 to Hi-Z ; Clock Edge ; Clock Reference                  ;
+--------------------------------------------+------------+-----------+-----------+------------+----------------------------------+
; bidir_port_to_and_from_the_lcd32_data[*]   ; clk_in     ; 4.086     ;           ; Rise       ; inst|altpll_component|pll|clk[0] ;
;  bidir_port_to_and_from_the_lcd32_data[0]  ; clk_in     ; 4.522     ;           ; Rise       ; inst|altpll_component|pll|clk[0] ;
;  bidir_port_to_and_from_the_lcd32_data[1]  ; clk_in     ; 4.520     ;           ; Rise       ; inst|altpll_component|pll|clk[0] ;
;  bidir_port_to_and_from_the_lcd32_data[2]  ; clk_in     ; 4.752     ;           ; Rise       ; inst|altpll_component|pll|clk[0] ;
;  bidir_port_to_and_from_the_lcd32_data[3]  ; clk_in     ; 4.502     ;           ; Rise       ; inst|altpll_component|pll|clk[0] ;
;  bidir_port_to_and_from_the_lcd32_data[4]  ; clk_in     ; 4.086     ;           ; Rise       ; inst|altpll_component|pll|clk[0] ;
;  bidir_port_to_and_from_the_lcd32_data[5]  ; clk_in     ; 4.103     ;           ; Rise       ; inst|altpll_component|pll|clk[0] ;
;  bidir_port_to_and_from_the_lcd32_data[6]  ; clk_in     ; 4.096     ;           ; Rise       ; inst|altpll_component|pll|clk[0] ;
;  bidir_port_to_and_from_the_lcd32_data[7]  ; clk_in     ; 4.845     ;           ; Rise       ; inst|altpll_component|pll|clk[0] ;
;  bidir_port_to_and_from_the_lcd32_data[8]  ; clk_in     ; 4.481     ;           ; Rise       ; inst|altpll_component|pll|clk[0] ;
;  bidir_port_to_and_from_the_lcd32_data[9]  ; clk_in     ; 4.848     ;           ; Rise       ; inst|altpll_component|pll|clk[0] ;
;  bidir_port_to_and_from_the_lcd32_data[10] ; clk_in     ; 4.856     ;           ; Rise       ; inst|altpll_component|pll|clk[0] ;
;  bidir_port_to_and_from_the_lcd32_data[11] ; clk_in     ; 4.518     ;           ; Rise       ; inst|altpll_component|pll|clk[0] ;
;  bidir_port_to_and_from_the_lcd32_data[12] ; clk_in     ; 4.510     ;           ; Rise       ; inst|altpll_component|pll|clk[0] ;
;  bidir_port_to_and_from_the_lcd32_data[13] ; clk_in     ; 4.884     ;           ; Rise       ; inst|altpll_component|pll|clk[0] ;
;  bidir_port_to_and_from_the_lcd32_data[14] ; clk_in     ; 4.895     ;           ; Rise       ; inst|altpll_component|pll|clk[0] ;
;  bidir_port_to_and_from_the_lcd32_data[15] ; clk_in     ; 4.510     ;           ; Rise       ; inst|altpll_component|pll|clk[0] ;
+--------------------------------------------+------------+-----------+-----------+------------+----------------------------------+


+----------------------------------------------------------+
; Fast Model Setup Summary                                 ;
+----------------------------------+-------+---------------+
; Clock                            ; Slack ; End Point TNS ;
+----------------------------------+-------+---------------+
; inst|altpll_component|pll|clk[0] ; 5.355 ; 0.000         ;
+----------------------------------+-------+---------------+


+----------------------------------------------------------+
; Fast Model Hold Summary                                  ;
+----------------------------------+-------+---------------+
; Clock                            ; Slack ; End Point TNS ;
+----------------------------------+-------+---------------+
; inst|altpll_component|pll|clk[0] ; 0.215 ; 0.000         ;
+----------------------------------+-------+---------------+


+----------------------------------------------------------+
; Fast Model Recovery Summary                              ;
+----------------------------------+-------+---------------+
; Clock                            ; Slack ; End Point TNS ;
+----------------------------------+-------+---------------+
; inst|altpll_component|pll|clk[0] ; 4.983 ; 0.000         ;
+----------------------------------+-------+---------------+


+----------------------------------------------------------+
; Fast Model Removal Summary                               ;
+----------------------------------+-------+---------------+
; Clock                            ; Slack ; End Point TNS ;
+----------------------------------+-------+---------------+
; inst|altpll_component|pll|clk[0] ; 1.394 ; 0.000         ;
+----------------------------------+-------+---------------+


+-----------------------------------------------------------+
; Fast Model Minimum Pulse Width Summary                    ;
+----------------------------------+--------+---------------+
; Clock                            ; Slack  ; End Point TNS ;
+----------------------------------+--------+---------------+
; inst|altpll_component|pll|clk[0] ; 4.539  ; 0.000         ;
; clk_in                           ; 6.666  ; 0.000         ;
; altera_reserved_tck              ; 97.778 ; 0.000         ;
+----------------------------------+--------+---------------+


+------------------------------------------------------------------------------------------------------------------------------------------------------------------------------------------------------------+
; Fast Model Setup: 'inst|altpll_component|pll|clk[0]'                                                                                                                                                       ;
+-------+------------------------------------------+------------------------------------------+----------------------------------+----------------------------------+--------------+------------+------------+
; Slack ; From Node                                ; To Node                                  ; Launch Clock                     ; Latch Clock                      ; Relationship ; Clock Skew ; Data Delay ;
+-------+------------------------------------------+------------------------------------------+----------------------------------+----------------------------------+--------------+------------+------------+
; 5.355 ; SOPC:inst2|SOPC_cpu:cpu|M_rot_step1[7]   ; SOPC:inst2|SOPC_cpu:cpu|Mn_rot_step2[19] ; inst|altpll_component|pll|clk[0] ; inst|altpll_component|pll|clk[0] ; 6.666        ; 0.001      ; 1.344      ;
; 5.367 ; SOPC:inst2|SOPC_cpu:cpu|M_rot_step1[14]  ; SOPC:inst2|SOPC_cpu:cpu|Mn_rot_step2[26] ; inst|altpll_component|pll|clk[0] ; inst|altpll_component|pll|clk[0] ; 6.666        ; 0.012      ; 1.343      ;
; 5.377 ; SOPC:inst2|SOPC_cpu:cpu|M_rot_step1[4]   ; SOPC:inst2|SOPC_cpu:cpu|Mn_rot_step2[16] ; inst|altpll_component|pll|clk[0] ; inst|altpll_component|pll|clk[0] ; 6.666        ; 0.008      ; 1.329      ;
; 5.430 ; SOPC:inst2|SOPC_cpu:cpu|M_rot_step1[23]  ; SOPC:inst2|SOPC_cpu:cpu|Mn_rot_step2[23] ; inst|altpll_component|pll|clk[0] ; inst|altpll_component|pll|clk[0] ; 6.666        ; -0.007     ; 1.261      ;
; 5.464 ; SOPC:inst2|SOPC_cpu:cpu|M_rot_step1[7]   ; SOPC:inst2|SOPC_cpu:cpu|Mn_rot_step2[7]  ; inst|altpll_component|pll|clk[0] ; inst|altpll_component|pll|clk[0] ; 6.666        ; 0.001      ; 1.235      ;
; 5.465 ; SOPC:inst2|SOPC_cpu:cpu|M_rot_step1[4]   ; SOPC:inst2|SOPC_cpu:cpu|Mn_rot_step2[12] ; inst|altpll_component|pll|clk[0] ; inst|altpll_component|pll|clk[0] ; 6.666        ; 0.008      ; 1.241      ;
; 5.466 ; SOPC:inst2|SOPC_cpu:cpu|M_rot_step1[14]  ; SOPC:inst2|SOPC_cpu:cpu|Mn_rot_step2[22] ; inst|altpll_component|pll|clk[0] ; inst|altpll_component|pll|clk[0] ; 6.666        ; 0.012      ; 1.244      ;
; 5.480 ; SOPC:inst2|SOPC_cpu:cpu|M_rot_step1[23]  ; SOPC:inst2|SOPC_cpu:cpu|Mn_rot_step2[31] ; inst|altpll_component|pll|clk[0] ; inst|altpll_component|pll|clk[0] ; 6.666        ; -0.007     ; 1.211      ;
; 5.488 ; SOPC:inst2|SOPC_cpu:cpu|M_rot_step1[17]  ; SOPC:inst2|SOPC_cpu:cpu|Mn_rot_step2[29] ; inst|altpll_component|pll|clk[0] ; inst|altpll_component|pll|clk[0] ; 6.666        ; 0.012      ; 1.222      ;
; 5.492 ; SOPC:inst2|SOPC_cpu:cpu|M_rot_step1[1]   ; SOPC:inst2|SOPC_cpu:cpu|Mn_rot_step2[9]  ; inst|altpll_component|pll|clk[0] ; inst|altpll_component|pll|clk[0] ; 6.666        ; 0.008      ; 1.214      ;
; 5.492 ; SOPC:inst2|SOPC_cpu:cpu|M_rot_rn[2]      ; SOPC:inst2|SOPC_cpu:cpu|Mn_rot_step2[19] ; inst|altpll_component|pll|clk[0] ; inst|altpll_component|pll|clk[0] ; 6.666        ; -0.003     ; 1.203      ;
; 5.502 ; SOPC:inst2|SOPC_cpu:cpu|M_rot_step1[7]   ; SOPC:inst2|SOPC_cpu:cpu|Mn_rot_step2[15] ; inst|altpll_component|pll|clk[0] ; inst|altpll_component|pll|clk[0] ; 6.666        ; 0.001      ; 1.197      ;
; 5.503 ; SOPC:inst2|SOPC_cpu:cpu|M_rot_step1[6]   ; SOPC:inst2|SOPC_cpu:cpu|Mn_rot_step2[18] ; inst|altpll_component|pll|clk[0] ; inst|altpll_component|pll|clk[0] ; 6.666        ; 0.008      ; 1.203      ;
; 5.504 ; SOPC:inst2|SOPC_cpu:cpu|M_rot_rn[2]      ; SOPC:inst2|SOPC_cpu:cpu|Mn_rot_step2[0]  ; inst|altpll_component|pll|clk[0] ; inst|altpll_component|pll|clk[0] ; 6.666        ; 0.004      ; 1.198      ;
; 5.505 ; SOPC:inst2|SOPC_cpu:cpu|M_rot_step1[12]  ; SOPC:inst2|SOPC_cpu:cpu|Mn_rot_step2[20] ; inst|altpll_component|pll|clk[0] ; inst|altpll_component|pll|clk[0] ; 6.666        ; 0.012      ; 1.205      ;
; 5.517 ; SOPC:inst2|SOPC_cpu:cpu|M_rot_step1[8]   ; SOPC:inst2|SOPC_cpu:cpu|Mn_rot_step2[20] ; inst|altpll_component|pll|clk[0] ; inst|altpll_component|pll|clk[0] ; 6.666        ; 0.012      ; 1.193      ;
; 5.531 ; SOPC:inst2|SOPC_cpu:cpu|M_rot_step1[8]   ; SOPC:inst2|SOPC_cpu:cpu|Mn_rot_step2[16] ; inst|altpll_component|pll|clk[0] ; inst|altpll_component|pll|clk[0] ; 6.666        ; 0.012      ; 1.179      ;
; 5.531 ; SOPC:inst2|SOPC_cpu:cpu|M_rot_rn[2]      ; SOPC:inst2|SOPC_cpu:cpu|Mn_rot_step2[7]  ; inst|altpll_component|pll|clk[0] ; inst|altpll_component|pll|clk[0] ; 6.666        ; -0.003     ; 1.164      ;
; 5.532 ; SOPC:inst2|SOPC_cpu:cpu|M_rot_rn[2]      ; SOPC:inst2|SOPC_cpu:cpu|Mn_rot_step2[3]  ; inst|altpll_component|pll|clk[0] ; inst|altpll_component|pll|clk[0] ; 6.666        ; -0.003     ; 1.163      ;
; 5.542 ; SOPC:inst2|SOPC_cpu:cpu|M_rot_rn[2]      ; SOPC:inst2|SOPC_cpu:cpu|Mn_rot_step2[2]  ; inst|altpll_component|pll|clk[0] ; inst|altpll_component|pll|clk[0] ; 6.666        ; 0.004      ; 1.160      ;
; 5.544 ; SOPC:inst2|SOPC_cpu:cpu|M_rot_rn[2]      ; SOPC:inst2|SOPC_cpu:cpu|Mn_rot_step2[5]  ; inst|altpll_component|pll|clk[0] ; inst|altpll_component|pll|clk[0] ; 6.666        ; 0.004      ; 1.158      ;
; 5.560 ; SOPC:inst2|SOPC_cpu:cpu|M_rot_rn[2]      ; SOPC:inst2|SOPC_cpu:cpu|Mn_rot_step2[23] ; inst|altpll_component|pll|clk[0] ; inst|altpll_component|pll|clk[0] ; 6.666        ; -0.003     ; 1.135      ;
; 5.565 ; SOPC:inst2|SOPC_cpu:cpu|M_rot_step1[9]   ; SOPC:inst2|SOPC_cpu:cpu|Mn_rot_step2[21] ; inst|altpll_component|pll|clk[0] ; inst|altpll_component|pll|clk[0] ; 6.666        ; 0.012      ; 1.145      ;
; 5.569 ; SOPC:inst2|SOPC_cpu:cpu|M_rot_rn[2]      ; SOPC:inst2|SOPC_cpu:cpu|Mn_rot_step2[15] ; inst|altpll_component|pll|clk[0] ; inst|altpll_component|pll|clk[0] ; 6.666        ; -0.003     ; 1.126      ;
; 5.570 ; SOPC:inst2|SOPC_cpu:cpu|M_rot_step1[23]  ; SOPC:inst2|SOPC_cpu:cpu|Mn_rot_step2[3]  ; inst|altpll_component|pll|clk[0] ; inst|altpll_component|pll|clk[0] ; 6.666        ; -0.007     ; 1.121      ;
; 5.570 ; SOPC:inst2|SOPC_cpu:cpu|M_rot_step1[15]  ; SOPC:inst2|SOPC_cpu:cpu|Mn_rot_step2[19] ; inst|altpll_component|pll|clk[0] ; inst|altpll_component|pll|clk[0] ; 6.666        ; 0.005      ; 1.133      ;
; 5.573 ; SOPC:inst2|SOPC_cpu:cpu|M_rot_step1[5]   ; SOPC:inst2|SOPC_cpu:cpu|Mn_rot_step2[13] ; inst|altpll_component|pll|clk[0] ; inst|altpll_component|pll|clk[0] ; 6.666        ; 0.008      ; 1.133      ;
; 5.573 ; SOPC:inst2|SOPC_cpu:cpu|M_rot_rn[2]      ; SOPC:inst2|SOPC_cpu:cpu|Mn_rot_step2[11] ; inst|altpll_component|pll|clk[0] ; inst|altpll_component|pll|clk[0] ; 6.666        ; -0.003     ; 1.122      ;
; 5.575 ; SOPC:inst2|SOPC_cpu:cpu|M_rot_step1[5]   ; SOPC:inst2|SOPC_cpu:cpu|Mn_rot_step2[17] ; inst|altpll_component|pll|clk[0] ; inst|altpll_component|pll|clk[0] ; 6.666        ; 0.008      ; 1.131      ;
; 5.578 ; SOPC:inst2|SOPC_cpu:cpu|M_rot_step1[1]   ; SOPC:inst2|SOPC_cpu:cpu|Mn_rot_step2[13] ; inst|altpll_component|pll|clk[0] ; inst|altpll_component|pll|clk[0] ; 6.666        ; 0.008      ; 1.128      ;
; 5.582 ; SOPC:inst2|SOPC_cpu:cpu|Mn_rot_step2[29] ; SOPC:inst2|SOPC_cpu:cpu|A_rot[13]        ; inst|altpll_component|pll|clk[0] ; inst|altpll_component|pll|clk[0] ; 6.667        ; -0.002     ; 1.115      ;
; 5.582 ; SOPC:inst2|SOPC_cpu:cpu|Mn_rot_step2[29] ; SOPC:inst2|SOPC_cpu:cpu|A_rot[29]        ; inst|altpll_component|pll|clk[0] ; inst|altpll_component|pll|clk[0] ; 6.667        ; -0.002     ; 1.115      ;
; 5.586 ; SOPC:inst2|SOPC_cpu:cpu|M_rot_step1[27]  ; SOPC:inst2|SOPC_cpu:cpu|Mn_rot_step2[7]  ; inst|altpll_component|pll|clk[0] ; inst|altpll_component|pll|clk[0] ; 6.666        ; -0.007     ; 1.105      ;
; 5.592 ; SOPC:inst2|SOPC_cpu:cpu|M_rot_rn[2]      ; SOPC:inst2|SOPC_cpu:cpu|Mn_rot_step2[12] ; inst|altpll_component|pll|clk[0] ; inst|altpll_component|pll|clk[0] ; 6.666        ; 0.004      ; 1.110      ;
; 5.598 ; SOPC:inst2|SOPC_cpu:cpu|M_rot_step1[6]   ; SOPC:inst2|SOPC_cpu:cpu|Mn_rot_step2[14] ; inst|altpll_component|pll|clk[0] ; inst|altpll_component|pll|clk[0] ; 6.666        ; 0.008      ; 1.108      ;
; 5.598 ; SOPC:inst2|SOPC_cpu:cpu|M_rot_step1[18]  ; SOPC:inst2|SOPC_cpu:cpu|Mn_rot_step2[26] ; inst|altpll_component|pll|clk[0] ; inst|altpll_component|pll|clk[0] ; 6.666        ; 0.012      ; 1.112      ;
; 5.598 ; SOPC:inst2|SOPC_cpu:cpu|M_rot_step1[27]  ; SOPC:inst2|SOPC_cpu:cpu|Mn_rot_step2[3]  ; inst|altpll_component|pll|clk[0] ; inst|altpll_component|pll|clk[0] ; 6.666        ; -0.007     ; 1.093      ;
; 5.599 ; SOPC:inst2|SOPC_cpu:cpu|M_rot_step1[12]  ; SOPC:inst2|SOPC_cpu:cpu|Mn_rot_step2[24] ; inst|altpll_component|pll|clk[0] ; inst|altpll_component|pll|clk[0] ; 6.666        ; 0.012      ; 1.111      ;
; 5.601 ; SOPC:inst2|SOPC_cpu:cpu|M_rot_step1[13]  ; SOPC:inst2|SOPC_cpu:cpu|Mn_rot_step2[25] ; inst|altpll_component|pll|clk[0] ; inst|altpll_component|pll|clk[0] ; 6.666        ; 0.012      ; 1.109      ;
; 5.602 ; SOPC:inst2|SOPC_cpu:cpu|M_rot_step1[18]  ; SOPC:inst2|SOPC_cpu:cpu|Mn_rot_step2[30] ; inst|altpll_component|pll|clk[0] ; inst|altpll_component|pll|clk[0] ; 6.666        ; 0.012      ; 1.108      ;
; 5.603 ; SOPC:inst2|SOPC_cpu:cpu|M_rot_step1[31]  ; SOPC:inst2|SOPC_cpu:cpu|Mn_rot_step2[7]  ; inst|altpll_component|pll|clk[0] ; inst|altpll_component|pll|clk[0] ; 6.666        ; -0.007     ; 1.088      ;
; 5.608 ; SOPC:inst2|SOPC_cpu:cpu|M_rot_step1[10]  ; SOPC:inst2|SOPC_cpu:cpu|Mn_rot_step2[18] ; inst|altpll_component|pll|clk[0] ; inst|altpll_component|pll|clk[0] ; 6.666        ; 0.012      ; 1.102      ;
; 5.609 ; SOPC:inst2|SOPC_cpu:cpu|M_rot_step1[13]  ; SOPC:inst2|SOPC_cpu:cpu|Mn_rot_step2[21] ; inst|altpll_component|pll|clk[0] ; inst|altpll_component|pll|clk[0] ; 6.666        ; 0.012      ; 1.101      ;
; 5.610 ; SOPC:inst2|SOPC_cpu:cpu|M_rot_rn[2]      ; SOPC:inst2|SOPC_cpu:cpu|Mn_rot_step2[31] ; inst|altpll_component|pll|clk[0] ; inst|altpll_component|pll|clk[0] ; 6.666        ; -0.003     ; 1.085      ;
; 5.611 ; SOPC:inst2|SOPC_cpu:cpu|M_rot_step1[16]  ; SOPC:inst2|SOPC_cpu:cpu|Mn_rot_step2[24] ; inst|altpll_component|pll|clk[0] ; inst|altpll_component|pll|clk[0] ; 6.666        ; 0.012      ; 1.099      ;
; 5.612 ; SOPC:inst2|SOPC_cpu:cpu|M_rot_rn[2]      ; SOPC:inst2|SOPC_cpu:cpu|Mn_rot_step2[27] ; inst|altpll_component|pll|clk[0] ; inst|altpll_component|pll|clk[0] ; 6.666        ; -0.003     ; 1.083      ;
; 5.613 ; SOPC:inst2|SOPC_cpu:cpu|M_rot_step1[16]  ; SOPC:inst2|SOPC_cpu:cpu|Mn_rot_step2[28] ; inst|altpll_component|pll|clk[0] ; inst|altpll_component|pll|clk[0] ; 6.666        ; 0.012      ; 1.097      ;
; 5.618 ; SOPC:inst2|SOPC_cpu:cpu|M_rot_rn[2]      ; SOPC:inst2|SOPC_cpu:cpu|Mn_rot_step2[20] ; inst|altpll_component|pll|clk[0] ; inst|altpll_component|pll|clk[0] ; 6.666        ; 0.004      ; 1.084      ;
; 5.621 ; SOPC:inst2|SOPC_cpu:cpu|M_rot_step1[15]  ; SOPC:inst2|SOPC_cpu:cpu|Mn_rot_step2[27] ; inst|altpll_component|pll|clk[0] ; inst|altpll_component|pll|clk[0] ; 6.666        ; 0.005      ; 1.082      ;
; 5.622 ; SOPC:inst2|SOPC_cpu:cpu|M_rot_step1[17]  ; SOPC:inst2|SOPC_cpu:cpu|Mn_rot_step2[25] ; inst|altpll_component|pll|clk[0] ; inst|altpll_component|pll|clk[0] ; 6.666        ; 0.012      ; 1.088      ;
; 5.629 ; SOPC:inst2|SOPC_cpu:cpu|M_rot_step1[29]  ; SOPC:inst2|SOPC_cpu:cpu|Mn_rot_step2[9]  ; inst|altpll_component|pll|clk[0] ; inst|altpll_component|pll|clk[0] ; 6.666        ; 0.000      ; 1.069      ;
; 5.630 ; SOPC:inst2|SOPC_cpu:cpu|M_rot_step1[26]  ; SOPC:inst2|SOPC_cpu:cpu|Mn_rot_step2[6]  ; inst|altpll_component|pll|clk[0] ; inst|altpll_component|pll|clk[0] ; 6.666        ; 0.000      ; 1.068      ;
; 5.630 ; SOPC:inst2|SOPC_cpu:cpu|M_rot_rn[2]      ; SOPC:inst2|SOPC_cpu:cpu|Mn_rot_step2[17] ; inst|altpll_component|pll|clk[0] ; inst|altpll_component|pll|clk[0] ; 6.666        ; 0.004      ; 1.072      ;
; 5.631 ; SOPC:inst2|SOPC_cpu:cpu|M_rot_rn[2]      ; SOPC:inst2|SOPC_cpu:cpu|Mn_rot_step2[14] ; inst|altpll_component|pll|clk[0] ; inst|altpll_component|pll|clk[0] ; 6.666        ; 0.004      ; 1.071      ;
; 5.632 ; SOPC:inst2|SOPC_cpu:cpu|M_rot_rn[2]      ; SOPC:inst2|SOPC_cpu:cpu|Mn_rot_step2[16] ; inst|altpll_component|pll|clk[0] ; inst|altpll_component|pll|clk[0] ; 6.666        ; 0.004      ; 1.070      ;
; 5.633 ; SOPC:inst2|SOPC_cpu:cpu|M_rot_step1[31]  ; SOPC:inst2|SOPC_cpu:cpu|Mn_rot_step2[3]  ; inst|altpll_component|pll|clk[0] ; inst|altpll_component|pll|clk[0] ; 6.666        ; -0.007     ; 1.058      ;
; 5.638 ; SOPC:inst2|SOPC_cpu:cpu|M_rot_rn[2]      ; SOPC:inst2|SOPC_cpu:cpu|Mn_rot_step2[8]  ; inst|altpll_component|pll|clk[0] ; inst|altpll_component|pll|clk[0] ; 6.666        ; 0.004      ; 1.064      ;
; 5.647 ; SOPC:inst2|SOPC_cpu:cpu|M_rot_step1[19]  ; SOPC:inst2|SOPC_cpu:cpu|Mn_rot_step2[23] ; inst|altpll_component|pll|clk[0] ; inst|altpll_component|pll|clk[0] ; 6.666        ; 0.005      ; 1.056      ;
; 5.652 ; SOPC:inst2|SOPC_cpu:cpu|M_rot_step1[19]  ; SOPC:inst2|SOPC_cpu:cpu|Mn_rot_step2[19] ; inst|altpll_component|pll|clk[0] ; inst|altpll_component|pll|clk[0] ; 6.666        ; 0.005      ; 1.051      ;
; 5.656 ; SOPC:inst2|SOPC_cpu:cpu|M_rot_rn[2]      ; SOPC:inst2|SOPC_cpu:cpu|Mn_rot_step2[9]  ; inst|altpll_component|pll|clk[0] ; inst|altpll_component|pll|clk[0] ; 6.666        ; 0.004      ; 1.046      ;
; 5.658 ; SOPC:inst2|SOPC_cpu:cpu|M_rot_rn[2]      ; SOPC:inst2|SOPC_cpu:cpu|Mn_rot_step2[26] ; inst|altpll_component|pll|clk[0] ; inst|altpll_component|pll|clk[0] ; 6.666        ; 0.004      ; 1.044      ;
; 5.659 ; SOPC:inst2|SOPC_cpu:cpu|M_rot_rn[2]      ; SOPC:inst2|SOPC_cpu:cpu|Mn_rot_step2[6]  ; inst|altpll_component|pll|clk[0] ; inst|altpll_component|pll|clk[0] ; 6.666        ; 0.004      ; 1.043      ;
; 5.660 ; SOPC:inst2|SOPC_cpu:cpu|M_rot_step1[24]  ; SOPC:inst2|SOPC_cpu:cpu|Mn_rot_step2[0]  ; inst|altpll_component|pll|clk[0] ; inst|altpll_component|pll|clk[0] ; 6.666        ; 0.000      ; 1.038      ;
; 5.663 ; SOPC:inst2|SOPC_cpu:cpu|M_rot_step1[0]   ; SOPC:inst2|SOPC_cpu:cpu|Mn_rot_step2[8]  ; inst|altpll_component|pll|clk[0] ; inst|altpll_component|pll|clk[0] ; 6.666        ; 0.000      ; 1.035      ;
; 5.664 ; SOPC:inst2|SOPC_cpu:cpu|M_rot_rn[2]      ; SOPC:inst2|SOPC_cpu:cpu|Mn_rot_step2[29] ; inst|altpll_component|pll|clk[0] ; inst|altpll_component|pll|clk[0] ; 6.666        ; 0.004      ; 1.038      ;
; 5.664 ; SOPC:inst2|SOPC_cpu:cpu|M_rot_rn[2]      ; SOPC:inst2|SOPC_cpu:cpu|Mn_rot_step2[21] ; inst|altpll_component|pll|clk[0] ; inst|altpll_component|pll|clk[0] ; 6.666        ; 0.004      ; 1.038      ;
; 5.665 ; SOPC:inst2|SOPC_cpu:cpu|M_rot_rn[2]      ; SOPC:inst2|SOPC_cpu:cpu|Mn_rot_step2[18] ; inst|altpll_component|pll|clk[0] ; inst|altpll_component|pll|clk[0] ; 6.666        ; 0.004      ; 1.037      ;
; 5.666 ; SOPC:inst2|SOPC_cpu:cpu|M_rot_rn[2]      ; SOPC:inst2|SOPC_cpu:cpu|Mn_rot_step2[25] ; inst|altpll_component|pll|clk[0] ; inst|altpll_component|pll|clk[0] ; 6.666        ; 0.004      ; 1.036      ;
; 5.667 ; SOPC:inst2|SOPC_cpu:cpu|M_rot_rn[2]      ; SOPC:inst2|SOPC_cpu:cpu|Mn_rot_step2[30] ; inst|altpll_component|pll|clk[0] ; inst|altpll_component|pll|clk[0] ; 6.666        ; 0.004      ; 1.035      ;
; 5.669 ; SOPC:inst2|SOPC_cpu:cpu|M_rot_step1[28]  ; SOPC:inst2|SOPC_cpu:cpu|Mn_rot_step2[8]  ; inst|altpll_component|pll|clk[0] ; inst|altpll_component|pll|clk[0] ; 6.666        ; 0.000      ; 1.029      ;
; 5.673 ; SOPC:inst2|SOPC_cpu:cpu|M_rot_rn[2]      ; SOPC:inst2|SOPC_cpu:cpu|Mn_rot_step2[1]  ; inst|altpll_component|pll|clk[0] ; inst|altpll_component|pll|clk[0] ; 6.666        ; 0.004      ; 1.029      ;
; 5.674 ; SOPC:inst2|SOPC_cpu:cpu|M_rot_step1[31]  ; SOPC:inst2|SOPC_cpu:cpu|Mn_rot_step2[11] ; inst|altpll_component|pll|clk[0] ; inst|altpll_component|pll|clk[0] ; 6.666        ; -0.007     ; 1.017      ;
; 5.676 ; SOPC:inst2|SOPC_cpu:cpu|M_rot_rn[3]      ; SOPC:inst2|SOPC_cpu:cpu|Mn_rot_step2[4]  ; inst|altpll_component|pll|clk[0] ; inst|altpll_component|pll|clk[0] ; 6.666        ; 0.004      ; 1.026      ;
; 5.676 ; SOPC:inst2|SOPC_cpu:cpu|M_rot_rn[3]      ; SOPC:inst2|SOPC_cpu:cpu|Mn_rot_step2[20] ; inst|altpll_component|pll|clk[0] ; inst|altpll_component|pll|clk[0] ; 6.666        ; 0.004      ; 1.026      ;
; 5.676 ; SOPC:inst2|SOPC_cpu:cpu|M_rot_rn[3]      ; SOPC:inst2|SOPC_cpu:cpu|Mn_rot_step2[24] ; inst|altpll_component|pll|clk[0] ; inst|altpll_component|pll|clk[0] ; 6.666        ; 0.004      ; 1.026      ;
; 5.676 ; SOPC:inst2|SOPC_cpu:cpu|M_rot_rn[3]      ; SOPC:inst2|SOPC_cpu:cpu|Mn_rot_step2[8]  ; inst|altpll_component|pll|clk[0] ; inst|altpll_component|pll|clk[0] ; 6.666        ; 0.004      ; 1.026      ;
; 5.676 ; SOPC:inst2|SOPC_cpu:cpu|M_rot_rn[3]      ; SOPC:inst2|SOPC_cpu:cpu|Mn_rot_step2[28] ; inst|altpll_component|pll|clk[0] ; inst|altpll_component|pll|clk[0] ; 6.666        ; 0.004      ; 1.026      ;
; 5.676 ; SOPC:inst2|SOPC_cpu:cpu|M_rot_rn[3]      ; SOPC:inst2|SOPC_cpu:cpu|Mn_rot_step2[12] ; inst|altpll_component|pll|clk[0] ; inst|altpll_component|pll|clk[0] ; 6.666        ; 0.004      ; 1.026      ;
; 5.676 ; SOPC:inst2|SOPC_cpu:cpu|M_rot_rn[3]      ; SOPC:inst2|SOPC_cpu:cpu|Mn_rot_step2[16] ; inst|altpll_component|pll|clk[0] ; inst|altpll_component|pll|clk[0] ; 6.666        ; 0.004      ; 1.026      ;
; 5.676 ; SOPC:inst2|SOPC_cpu:cpu|M_rot_rn[3]      ; SOPC:inst2|SOPC_cpu:cpu|Mn_rot_step2[0]  ; inst|altpll_component|pll|clk[0] ; inst|altpll_component|pll|clk[0] ; 6.666        ; 0.004      ; 1.026      ;
; 5.678 ; SOPC:inst2|SOPC_cpu:cpu|M_rot_step1[3]   ; SOPC:inst2|SOPC_cpu:cpu|Mn_rot_step2[3]  ; inst|altpll_component|pll|clk[0] ; inst|altpll_component|pll|clk[0] ; 6.666        ; 0.001      ; 1.021      ;
; 5.680 ; SOPC:inst2|SOPC_cpu:cpu|M_rot_step1[3]   ; SOPC:inst2|SOPC_cpu:cpu|Mn_rot_step2[7]  ; inst|altpll_component|pll|clk[0] ; inst|altpll_component|pll|clk[0] ; 6.666        ; 0.001      ; 1.019      ;
; 5.691 ; SOPC:inst2|SOPC_cpu:cpu|M_rot_step1[7]   ; SOPC:inst2|SOPC_cpu:cpu|Mn_rot_step2[11] ; inst|altpll_component|pll|clk[0] ; inst|altpll_component|pll|clk[0] ; 6.666        ; 0.001      ; 1.008      ;
; 5.693 ; SOPC:inst2|SOPC_cpu:cpu|M_rot_step1[10]  ; SOPC:inst2|SOPC_cpu:cpu|Mn_rot_step2[22] ; inst|altpll_component|pll|clk[0] ; inst|altpll_component|pll|clk[0] ; 6.666        ; 0.012      ; 1.017      ;
; 5.697 ; SOPC:inst2|SOPC_cpu:cpu|M_rot_step1[19]  ; SOPC:inst2|SOPC_cpu:cpu|Mn_rot_step2[31] ; inst|altpll_component|pll|clk[0] ; inst|altpll_component|pll|clk[0] ; 6.666        ; 0.005      ; 1.006      ;
; 5.703 ; SOPC:inst2|SOPC_cpu:cpu|M_rot_step1[19]  ; SOPC:inst2|SOPC_cpu:cpu|Mn_rot_step2[27] ; inst|altpll_component|pll|clk[0] ; inst|altpll_component|pll|clk[0] ; 6.666        ; 0.005      ; 1.000      ;
; 5.704 ; SOPC:inst2|SOPC_cpu:cpu|M_rot_step1[11]  ; SOPC:inst2|SOPC_cpu:cpu|Mn_rot_step2[23] ; inst|altpll_component|pll|clk[0] ; inst|altpll_component|pll|clk[0] ; 6.666        ; 0.005      ; 0.999      ;
; 5.707 ; SOPC:inst2|SOPC_cpu:cpu|M_rot_step1[20]  ; SOPC:inst2|SOPC_cpu:cpu|Mn_rot_step2[28] ; inst|altpll_component|pll|clk[0] ; inst|altpll_component|pll|clk[0] ; 6.666        ; 0.012      ; 1.003      ;
; 5.708 ; SOPC:inst2|SOPC_cpu:cpu|M_rot_step1[15]  ; SOPC:inst2|SOPC_cpu:cpu|Mn_rot_step2[23] ; inst|altpll_component|pll|clk[0] ; inst|altpll_component|pll|clk[0] ; 6.666        ; 0.005      ; 0.995      ;
; 5.709 ; SOPC:inst2|SOPC_cpu:cpu|M_rot_step1[14]  ; SOPC:inst2|SOPC_cpu:cpu|Mn_rot_step2[18] ; inst|altpll_component|pll|clk[0] ; inst|altpll_component|pll|clk[0] ; 6.666        ; 0.012      ; 1.001      ;
; 5.710 ; SOPC:inst2|SOPC_cpu:cpu|M_rot_step1[4]   ; SOPC:inst2|SOPC_cpu:cpu|Mn_rot_step2[8]  ; inst|altpll_component|pll|clk[0] ; inst|altpll_component|pll|clk[0] ; 6.666        ; 0.008      ; 0.996      ;
; 5.714 ; SOPC:inst2|SOPC_cpu:cpu|M_rot_rn[2]      ; SOPC:inst2|SOPC_cpu:cpu|Mn_rot_step2[4]  ; inst|altpll_component|pll|clk[0] ; inst|altpll_component|pll|clk[0] ; 6.666        ; 0.004      ; 0.988      ;
; 5.716 ; SOPC:inst2|SOPC_cpu:cpu|M_rot_step1[14]  ; SOPC:inst2|SOPC_cpu:cpu|Mn_rot_step2[14] ; inst|altpll_component|pll|clk[0] ; inst|altpll_component|pll|clk[0] ; 6.666        ; 0.012      ; 0.994      ;
; 5.717 ; SOPC:inst2|SOPC_cpu:cpu|M_rot_rn[2]      ; SOPC:inst2|SOPC_cpu:cpu|Mn_rot_step2[24] ; inst|altpll_component|pll|clk[0] ; inst|altpll_component|pll|clk[0] ; 6.666        ; 0.004      ; 0.985      ;
; 5.717 ; SOPC:inst2|SOPC_cpu:cpu|M_rot_rn[2]      ; SOPC:inst2|SOPC_cpu:cpu|Mn_rot_step2[28] ; inst|altpll_component|pll|clk[0] ; inst|altpll_component|pll|clk[0] ; 6.666        ; 0.004      ; 0.985      ;
; 5.718 ; SOPC:inst2|SOPC_cpu:cpu|M_rot_step1[3]   ; SOPC:inst2|SOPC_cpu:cpu|Mn_rot_step2[15] ; inst|altpll_component|pll|clk[0] ; inst|altpll_component|pll|clk[0] ; 6.666        ; 0.001      ; 0.981      ;
; 5.719 ; SOPC:inst2|SOPC_cpu:cpu|M_rot_step1[4]   ; SOPC:inst2|SOPC_cpu:cpu|Mn_rot_step2[4]  ; inst|altpll_component|pll|clk[0] ; inst|altpll_component|pll|clk[0] ; 6.666        ; 0.008      ; 0.987      ;
; 5.719 ; SOPC:inst2|SOPC_cpu:cpu|M_rot_step1[3]   ; SOPC:inst2|SOPC_cpu:cpu|Mn_rot_step2[11] ; inst|altpll_component|pll|clk[0] ; inst|altpll_component|pll|clk[0] ; 6.666        ; 0.001      ; 0.980      ;
; 5.733 ; SOPC:inst2|SOPC_cpu:cpu|M_rot_step1[2]   ; SOPC:inst2|SOPC_cpu:cpu|Mn_rot_step2[10] ; inst|altpll_component|pll|clk[0] ; inst|altpll_component|pll|clk[0] ; 6.666        ; 0.000      ; 0.965      ;
; 5.739 ; SOPC:inst2|SOPC_cpu:cpu|M_rot_step1[20]  ; SOPC:inst2|SOPC_cpu:cpu|Mn_rot_step2[0]  ; inst|altpll_component|pll|clk[0] ; inst|altpll_component|pll|clk[0] ; 6.666        ; 0.012      ; 0.971      ;
+-------+------------------------------------------+------------------------------------------+----------------------------------+----------------------------------+--------------+------------+------------+


+------------------------------------------------------------------------------------------------------------------------------------------------------------------------------------------------------------------------------------------------------------------------------------------------------------------------------------------------------------------------------------------------------------------------------------------------------------------------------------------------------------+
; Fast Model Hold: 'inst|altpll_component|pll|clk[0]'                                                                                                                                                                                                                                                                                                                                                                                                                                                        ;
+-------+------------------------------------------------------------------------------------------------------------------------------------------------------------------------------------------+------------------------------------------------------------------------------------------------------------------------------------------------------------------------------------------+----------------------------------+----------------------------------+--------------+------------+------------+
; Slack ; From Node                                                                                                                                                                                ; To Node                                                                                                                                                                                  ; Launch Clock                     ; Latch Clock                      ; Relationship ; Clock Skew ; Data Delay ;
+-------+------------------------------------------------------------------------------------------------------------------------------------------------------------------------------------------+------------------------------------------------------------------------------------------------------------------------------------------------------------------------------------------+----------------------------------+----------------------------------+--------------+------------+------------+
; 0.215 ; SOPC:inst2|SOPC_cpu:cpu|SOPC_cpu_nios2_oci:the_SOPC_cpu_nios2_oci|SOPC_cpu_nios2_ocimem:the_SOPC_cpu_nios2_ocimem|jtag_rd                                                                ; SOPC:inst2|SOPC_cpu:cpu|SOPC_cpu_nios2_oci:the_SOPC_cpu_nios2_oci|SOPC_cpu_nios2_ocimem:the_SOPC_cpu_nios2_ocimem|jtag_rd                                                                ; inst|altpll_component|pll|clk[0] ; inst|altpll_component|pll|clk[0] ; 0.000        ; 0.000      ; 0.367      ;
; 0.215 ; SOPC:inst2|SOPC_cpu:cpu|SOPC_cpu_nios2_oci:the_SOPC_cpu_nios2_oci|SOPC_cpu_nios2_oci_debug:the_SOPC_cpu_nios2_oci_debug|break_on_reset                                                   ; SOPC:inst2|SOPC_cpu:cpu|SOPC_cpu_nios2_oci:the_SOPC_cpu_nios2_oci|SOPC_cpu_nios2_oci_debug:the_SOPC_cpu_nios2_oci_debug|break_on_reset                                                   ; inst|altpll_component|pll|clk[0] ; inst|altpll_component|pll|clk[0] ; 0.000        ; 0.000      ; 0.367      ;
; 0.215 ; SOPC:inst2|SOPC_cpu:cpu|SOPC_cpu_nios2_oci:the_SOPC_cpu_nios2_oci|SOPC_cpu_nios2_oci_debug:the_SOPC_cpu_nios2_oci_debug|jtag_break                                                       ; SOPC:inst2|SOPC_cpu:cpu|SOPC_cpu_nios2_oci:the_SOPC_cpu_nios2_oci|SOPC_cpu_nios2_oci_debug:the_SOPC_cpu_nios2_oci_debug|jtag_break                                                       ; inst|altpll_component|pll|clk[0] ; inst|altpll_component|pll|clk[0] ; 0.000        ; 0.000      ; 0.367      ;
; 0.215 ; SOPC:inst2|altera_avalon_sc_fifo:sysid_control_slave_translator_avalon_universal_slave_0_agent_rsp_fifo|mem_used[0]                                                                      ; SOPC:inst2|altera_avalon_sc_fifo:sysid_control_slave_translator_avalon_universal_slave_0_agent_rsp_fifo|mem_used[0]                                                                      ; inst|altpll_component|pll|clk[0] ; inst|altpll_component|pll|clk[0] ; 0.000        ; 0.000      ; 0.367      ;
; 0.215 ; SOPC:inst2|SOPC_jtag_uart:jtag_uart|av_waitrequest                                                                                                                                       ; SOPC:inst2|SOPC_jtag_uart:jtag_uart|av_waitrequest                                                                                                                                       ; inst|altpll_component|pll|clk[0] ; inst|altpll_component|pll|clk[0] ; 0.000        ; 0.000      ; 0.367      ;
; 0.215 ; SOPC:inst2|SOPC_jtag_uart:jtag_uart|SOPC_jtag_uart_scfifo_r:the_SOPC_jtag_uart_scfifo_r|scfifo:rfifo|scfifo_1n21:auto_generated|a_dpfifo_8t21:dpfifo|a_fefifo_7cf:fifo_state|b_non_empty ; SOPC:inst2|SOPC_jtag_uart:jtag_uart|SOPC_jtag_uart_scfifo_r:the_SOPC_jtag_uart_scfifo_r|scfifo:rfifo|scfifo_1n21:auto_generated|a_dpfifo_8t21:dpfifo|a_fefifo_7cf:fifo_state|b_non_empty ; inst|altpll_component|pll|clk[0] ; inst|altpll_component|pll|clk[0] ; 0.000        ; 0.000      ; 0.367      ;
; 0.215 ; SOPC:inst2|SOPC_jtag_uart:jtag_uart|SOPC_jtag_uart_scfifo_r:the_SOPC_jtag_uart_scfifo_r|scfifo:rfifo|scfifo_1n21:auto_generated|a_dpfifo_8t21:dpfifo|a_fefifo_7cf:fifo_state|b_full      ; SOPC:inst2|SOPC_jtag_uart:jtag_uart|SOPC_jtag_uart_scfifo_r:the_SOPC_jtag_uart_scfifo_r|scfifo:rfifo|scfifo_1n21:auto_generated|a_dpfifo_8t21:dpfifo|a_fefifo_7cf:fifo_state|b_full      ; inst|altpll_component|pll|clk[0] ; inst|altpll_component|pll|clk[0] ; 0.000        ; 0.000      ; 0.367      ;
; 0.215 ; SOPC:inst2|SOPC_cpu:cpu|d_write~reg0                                                                                                                                                     ; SOPC:inst2|SOPC_cpu:cpu|d_write~reg0                                                                                                                                                     ; inst|altpll_component|pll|clk[0] ; inst|altpll_component|pll|clk[0] ; 0.000        ; 0.000      ; 0.367      ;
; 0.215 ; SOPC:inst2|SOPC_jtag_uart:jtag_uart|SOPC_jtag_uart_scfifo_w:the_SOPC_jtag_uart_scfifo_w|scfifo:wfifo|scfifo_1n21:auto_generated|a_dpfifo_8t21:dpfifo|a_fefifo_7cf:fifo_state|b_full      ; SOPC:inst2|SOPC_jtag_uart:jtag_uart|SOPC_jtag_uart_scfifo_w:the_SOPC_jtag_uart_scfifo_w|scfifo:wfifo|scfifo_1n21:auto_generated|a_dpfifo_8t21:dpfifo|a_fefifo_7cf:fifo_state|b_full      ; inst|altpll_component|pll|clk[0] ; inst|altpll_component|pll|clk[0] ; 0.000        ; 0.000      ; 0.367      ;
; 0.215 ; SOPC:inst2|SOPC_jtag_uart:jtag_uart|SOPC_jtag_uart_scfifo_w:the_SOPC_jtag_uart_scfifo_w|scfifo:wfifo|scfifo_1n21:auto_generated|a_dpfifo_8t21:dpfifo|a_fefifo_7cf:fifo_state|b_non_empty ; SOPC:inst2|SOPC_jtag_uart:jtag_uart|SOPC_jtag_uart_scfifo_w:the_SOPC_jtag_uart_scfifo_w|scfifo:wfifo|scfifo_1n21:auto_generated|a_dpfifo_8t21:dpfifo|a_fefifo_7cf:fifo_state|b_non_empty ; inst|altpll_component|pll|clk[0] ; inst|altpll_component|pll|clk[0] ; 0.000        ; 0.000      ; 0.367      ;
; 0.215 ; SOPC:inst2|altera_avalon_sc_fifo:lcd32_data_s1_translator_avalon_universal_slave_0_agent_rsp_fifo|mem_used[0]                                                                            ; SOPC:inst2|altera_avalon_sc_fifo:lcd32_data_s1_translator_avalon_universal_slave_0_agent_rsp_fifo|mem_used[0]                                                                            ; inst|altpll_component|pll|clk[0] ; inst|altpll_component|pll|clk[0] ; 0.000        ; 0.000      ; 0.367      ;
; 0.215 ; SOPC:inst2|altera_merlin_slave_translator:lcd32_data_s1_translator|wait_latency_counter[1]                                                                                               ; SOPC:inst2|altera_merlin_slave_translator:lcd32_data_s1_translator|wait_latency_counter[1]                                                                                               ; inst|altpll_component|pll|clk[0] ; inst|altpll_component|pll|clk[0] ; 0.000        ; 0.000      ; 0.367      ;
; 0.215 ; SOPC:inst2|altera_avalon_sc_fifo:lcd32_data_s1_translator_avalon_universal_slave_0_agent_rsp_fifo|mem_used[1]                                                                            ; SOPC:inst2|altera_avalon_sc_fifo:lcd32_data_s1_translator_avalon_universal_slave_0_agent_rsp_fifo|mem_used[1]                                                                            ; inst|altpll_component|pll|clk[0] ; inst|altpll_component|pll|clk[0] ; 0.000        ; 0.000      ; 0.367      ;
; 0.215 ; SOPC:inst2|altera_merlin_slave_translator:lcd32_data_s1_translator|wait_latency_counter[0]                                                                                               ; SOPC:inst2|altera_merlin_slave_translator:lcd32_data_s1_translator|wait_latency_counter[0]                                                                                               ; inst|altpll_component|pll|clk[0] ; inst|altpll_component|pll|clk[0] ; 0.000        ; 0.000      ; 0.367      ;
; 0.215 ; SOPC:inst2|altera_avalon_sc_fifo:sdram_s1_translator_avalon_universal_slave_0_agent_rsp_fifo|mem[7][66]                                                                                  ; SOPC:inst2|altera_avalon_sc_fifo:sdram_s1_translator_avalon_universal_slave_0_agent_rsp_fifo|mem[7][66]                                                                                  ; inst|altpll_component|pll|clk[0] ; inst|altpll_component|pll|clk[0] ; 0.000        ; 0.000      ; 0.367      ;
; 0.215 ; SOPC:inst2|altera_avalon_sc_fifo:sdram_s1_translator_avalon_universal_slave_0_agent_rdata_fifo|wr_ptr[0]                                                                                 ; SOPC:inst2|altera_avalon_sc_fifo:sdram_s1_translator_avalon_universal_slave_0_agent_rdata_fifo|wr_ptr[0]                                                                                 ; inst|altpll_component|pll|clk[0] ; inst|altpll_component|pll|clk[0] ; 0.000        ; 0.000      ; 0.367      ;
; 0.215 ; SOPC:inst2|SOPC_sdram:sdram|i_refs[0]                                                                                                                                                    ; SOPC:inst2|SOPC_sdram:sdram|i_refs[0]                                                                                                                                                    ; inst|altpll_component|pll|clk[0] ; inst|altpll_component|pll|clk[0] ; 0.000        ; 0.000      ; 0.367      ;
; 0.215 ; SOPC:inst2|SOPC_sdram:sdram|i_refs[1]                                                                                                                                                    ; SOPC:inst2|SOPC_sdram:sdram|i_refs[1]                                                                                                                                                    ; inst|altpll_component|pll|clk[0] ; inst|altpll_component|pll|clk[0] ; 0.000        ; 0.000      ; 0.367      ;
; 0.215 ; SOPC:inst2|SOPC_sdram:sdram|i_refs[2]                                                                                                                                                    ; SOPC:inst2|SOPC_sdram:sdram|i_refs[2]                                                                                                                                                    ; inst|altpll_component|pll|clk[0] ; inst|altpll_component|pll|clk[0] ; 0.000        ; 0.000      ; 0.367      ;
; 0.215 ; SOPC:inst2|SOPC_sdram:sdram|i_count[0]                                                                                                                                                   ; SOPC:inst2|SOPC_sdram:sdram|i_count[0]                                                                                                                                                   ; inst|altpll_component|pll|clk[0] ; inst|altpll_component|pll|clk[0] ; 0.000        ; 0.000      ; 0.367      ;
; 0.215 ; SOPC:inst2|SOPC_sdram:sdram|i_count[2]                                                                                                                                                   ; SOPC:inst2|SOPC_sdram:sdram|i_count[2]                                                                                                                                                   ; inst|altpll_component|pll|clk[0] ; inst|altpll_component|pll|clk[0] ; 0.000        ; 0.000      ; 0.367      ;
; 0.215 ; SOPC:inst2|SOPC_sdram:sdram|i_count[1]                                                                                                                                                   ; SOPC:inst2|SOPC_sdram:sdram|i_count[1]                                                                                                                                                   ; inst|altpll_component|pll|clk[0] ; inst|altpll_component|pll|clk[0] ; 0.000        ; 0.000      ; 0.367      ;
; 0.215 ; SOPC:inst2|SOPC_sdram:sdram|i_next.000                                                                                                                                                   ; SOPC:inst2|SOPC_sdram:sdram|i_next.000                                                                                                                                                   ; inst|altpll_component|pll|clk[0] ; inst|altpll_component|pll|clk[0] ; 0.000        ; 0.000      ; 0.367      ;
; 0.215 ; SOPC:inst2|SOPC_sdram:sdram|i_state.000                                                                                                                                                  ; SOPC:inst2|SOPC_sdram:sdram|i_state.000                                                                                                                                                  ; inst|altpll_component|pll|clk[0] ; inst|altpll_component|pll|clk[0] ; 0.000        ; 0.000      ; 0.367      ;
; 0.215 ; SOPC:inst2|SOPC_sdram:sdram|i_next.101                                                                                                                                                   ; SOPC:inst2|SOPC_sdram:sdram|i_next.101                                                                                                                                                   ; inst|altpll_component|pll|clk[0] ; inst|altpll_component|pll|clk[0] ; 0.000        ; 0.000      ; 0.367      ;
; 0.215 ; SOPC:inst2|SOPC_sdram:sdram|i_state.101                                                                                                                                                  ; SOPC:inst2|SOPC_sdram:sdram|i_state.101                                                                                                                                                  ; inst|altpll_component|pll|clk[0] ; inst|altpll_component|pll|clk[0] ; 0.000        ; 0.000      ; 0.367      ;
; 0.215 ; SOPC:inst2|SOPC_sdram:sdram|init_done                                                                                                                                                    ; SOPC:inst2|SOPC_sdram:sdram|init_done                                                                                                                                                    ; inst|altpll_component|pll|clk[0] ; inst|altpll_component|pll|clk[0] ; 0.000        ; 0.000      ; 0.367      ;
; 0.215 ; SOPC:inst2|SOPC_cpu:cpu|SOPC_cpu_nios2_oci:the_SOPC_cpu_nios2_oci|write                                                                                                                  ; SOPC:inst2|SOPC_cpu:cpu|SOPC_cpu_nios2_oci:the_SOPC_cpu_nios2_oci|write                                                                                                                  ; inst|altpll_component|pll|clk[0] ; inst|altpll_component|pll|clk[0] ; 0.000        ; 0.000      ; 0.367      ;
; 0.215 ; SOPC:inst2|SOPC_cpu:cpu|SOPC_cpu_nios2_oci:the_SOPC_cpu_nios2_oci|read                                                                                                                   ; SOPC:inst2|SOPC_cpu:cpu|SOPC_cpu_nios2_oci:the_SOPC_cpu_nios2_oci|read                                                                                                                   ; inst|altpll_component|pll|clk[0] ; inst|altpll_component|pll|clk[0] ; 0.000        ; 0.000      ; 0.367      ;
; 0.215 ; SOPC:inst2|SOPC_cpu:cpu|SOPC_cpu_nios2_oci:the_SOPC_cpu_nios2_oci|SOPC_cpu_nios2_ocimem:the_SOPC_cpu_nios2_ocimem|avalon_ociram_readdata_ready                                           ; SOPC:inst2|SOPC_cpu:cpu|SOPC_cpu_nios2_oci:the_SOPC_cpu_nios2_oci|SOPC_cpu_nios2_ocimem:the_SOPC_cpu_nios2_ocimem|avalon_ociram_readdata_ready                                           ; inst|altpll_component|pll|clk[0] ; inst|altpll_component|pll|clk[0] ; 0.000        ; 0.000      ; 0.367      ;
; 0.215 ; SOPC:inst2|altera_merlin_slave_translator:epcs_epcs_control_port_translator|wait_latency_counter[0]                                                                                      ; SOPC:inst2|altera_merlin_slave_translator:epcs_epcs_control_port_translator|wait_latency_counter[0]                                                                                      ; inst|altpll_component|pll|clk[0] ; inst|altpll_component|pll|clk[0] ; 0.000        ; 0.000      ; 0.367      ;
; 0.215 ; SOPC:inst2|SOPC_epcs:epcs|SOPC_epcs_sub:the_SOPC_epcs_sub|slowcount[0]                                                                                                                   ; SOPC:inst2|SOPC_epcs:epcs|SOPC_epcs_sub:the_SOPC_epcs_sub|slowcount[0]                                                                                                                   ; inst|altpll_component|pll|clk[0] ; inst|altpll_component|pll|clk[0] ; 0.000        ; 0.000      ; 0.367      ;
; 0.215 ; SOPC:inst2|SOPC_epcs:epcs|SOPC_epcs_sub:the_SOPC_epcs_sub|state[4]                                                                                                                       ; SOPC:inst2|SOPC_epcs:epcs|SOPC_epcs_sub:the_SOPC_epcs_sub|state[4]                                                                                                                       ; inst|altpll_component|pll|clk[0] ; inst|altpll_component|pll|clk[0] ; 0.000        ; 0.000      ; 0.367      ;
; 0.215 ; SOPC:inst2|SOPC_epcs:epcs|SOPC_epcs_sub:the_SOPC_epcs_sub|transmitting                                                                                                                   ; SOPC:inst2|SOPC_epcs:epcs|SOPC_epcs_sub:the_SOPC_epcs_sub|transmitting                                                                                                                   ; inst|altpll_component|pll|clk[0] ; inst|altpll_component|pll|clk[0] ; 0.000        ; 0.000      ; 0.367      ;
; 0.215 ; SOPC:inst2|altera_merlin_slave_translator:spi_touch_spi_control_port_translator|wait_latency_counter[0]                                                                                  ; SOPC:inst2|altera_merlin_slave_translator:spi_touch_spi_control_port_translator|wait_latency_counter[0]                                                                                  ; inst|altpll_component|pll|clk[0] ; inst|altpll_component|pll|clk[0] ; 0.000        ; 0.000      ; 0.367      ;
; 0.215 ; SOPC:inst2|altera_merlin_slave_translator:spi_touch_spi_control_port_translator|wait_latency_counter[1]                                                                                  ; SOPC:inst2|altera_merlin_slave_translator:spi_touch_spi_control_port_translator|wait_latency_counter[1]                                                                                  ; inst|altpll_component|pll|clk[0] ; inst|altpll_component|pll|clk[0] ; 0.000        ; 0.000      ; 0.367      ;
; 0.215 ; SOPC:inst2|altera_avalon_sc_fifo:spi_touch_spi_control_port_translator_avalon_universal_slave_0_agent_rsp_fifo|mem_used[0]                                                               ; SOPC:inst2|altera_avalon_sc_fifo:spi_touch_spi_control_port_translator_avalon_universal_slave_0_agent_rsp_fifo|mem_used[0]                                                               ; inst|altpll_component|pll|clk[0] ; inst|altpll_component|pll|clk[0] ; 0.000        ; 0.000      ; 0.367      ;
; 0.215 ; SOPC:inst2|altera_avalon_sc_fifo:spi_touch_spi_control_port_translator_avalon_universal_slave_0_agent_rsp_fifo|mem_used[1]                                                               ; SOPC:inst2|altera_avalon_sc_fifo:spi_touch_spi_control_port_translator_avalon_universal_slave_0_agent_rsp_fifo|mem_used[1]                                                               ; inst|altpll_component|pll|clk[0] ; inst|altpll_component|pll|clk[0] ; 0.000        ; 0.000      ; 0.367      ;
; 0.215 ; SOPC:inst2|SOPC_spi_touch:spi_touch|wr_strobe                                                                                                                                            ; SOPC:inst2|SOPC_spi_touch:spi_touch|wr_strobe                                                                                                                                            ; inst|altpll_component|pll|clk[0] ; inst|altpll_component|pll|clk[0] ; 0.000        ; 0.000      ; 0.367      ;
; 0.215 ; SOPC:inst2|SOPC_spi_touch:spi_touch|slowcount[0]                                                                                                                                         ; SOPC:inst2|SOPC_spi_touch:spi_touch|slowcount[0]                                                                                                                                         ; inst|altpll_component|pll|clk[0] ; inst|altpll_component|pll|clk[0] ; 0.000        ; 0.000      ; 0.367      ;
; 0.215 ; SOPC:inst2|SOPC_spi_touch:spi_touch|state[4]                                                                                                                                             ; SOPC:inst2|SOPC_spi_touch:spi_touch|state[4]                                                                                                                                             ; inst|altpll_component|pll|clk[0] ; inst|altpll_component|pll|clk[0] ; 0.000        ; 0.000      ; 0.367      ;
; 0.215 ; SOPC:inst2|SOPC_spi_touch:spi_touch|tx_holding_primed                                                                                                                                    ; SOPC:inst2|SOPC_spi_touch:spi_touch|tx_holding_primed                                                                                                                                    ; inst|altpll_component|pll|clk[0] ; inst|altpll_component|pll|clk[0] ; 0.000        ; 0.000      ; 0.367      ;
; 0.215 ; SOPC:inst2|SOPC_spi_touch:spi_touch|transmitting                                                                                                                                         ; SOPC:inst2|SOPC_spi_touch:spi_touch|transmitting                                                                                                                                         ; inst|altpll_component|pll|clk[0] ; inst|altpll_component|pll|clk[0] ; 0.000        ; 0.000      ; 0.367      ;
; 0.215 ; SOPC:inst2|SOPC_jtag_uart:jtag_uart|ac                                                                                                                                                   ; SOPC:inst2|SOPC_jtag_uart:jtag_uart|ac                                                                                                                                                   ; inst|altpll_component|pll|clk[0] ; inst|altpll_component|pll|clk[0] ; 0.000        ; 0.000      ; 0.367      ;
; 0.215 ; SOPC:inst2|altera_avalon_sc_fifo:sdram_s1_translator_avalon_universal_slave_0_agent_rsp_fifo|mem[7][87]                                                                                  ; SOPC:inst2|altera_avalon_sc_fifo:sdram_s1_translator_avalon_universal_slave_0_agent_rsp_fifo|mem[7][87]                                                                                  ; inst|altpll_component|pll|clk[0] ; inst|altpll_component|pll|clk[0] ; 0.000        ; 0.000      ; 0.367      ;
; 0.215 ; SOPC:inst2|altera_merlin_width_adapter:width_adapter_001|data_reg[10]                                                                                                                    ; SOPC:inst2|altera_merlin_width_adapter:width_adapter_001|data_reg[10]                                                                                                                    ; inst|altpll_component|pll|clk[0] ; inst|altpll_component|pll|clk[0] ; 0.000        ; 0.000      ; 0.367      ;
; 0.215 ; SOPC:inst2|SOPC_epcs:epcs|SOPC_epcs_sub:the_SOPC_epcs_sub|SCLK_reg                                                                                                                       ; SOPC:inst2|SOPC_epcs:epcs|SOPC_epcs_sub:the_SOPC_epcs_sub|SCLK_reg                                                                                                                       ; inst|altpll_component|pll|clk[0] ; inst|altpll_component|pll|clk[0] ; 0.000        ; 0.000      ; 0.367      ;
; 0.215 ; SOPC:inst2|SOPC_epcs:epcs|SOPC_epcs_sub:the_SOPC_epcs_sub|MISO_reg                                                                                                                       ; SOPC:inst2|SOPC_epcs:epcs|SOPC_epcs_sub:the_SOPC_epcs_sub|MISO_reg                                                                                                                       ; inst|altpll_component|pll|clk[0] ; inst|altpll_component|pll|clk[0] ; 0.000        ; 0.000      ; 0.367      ;
; 0.215 ; SOPC:inst2|SOPC_spi_touch:spi_touch|SCLK_reg                                                                                                                                             ; SOPC:inst2|SOPC_spi_touch:spi_touch|SCLK_reg                                                                                                                                             ; inst|altpll_component|pll|clk[0] ; inst|altpll_component|pll|clk[0] ; 0.000        ; 0.000      ; 0.367      ;
; 0.215 ; SOPC:inst2|SOPC_spi_touch:spi_touch|MISO_reg                                                                                                                                             ; SOPC:inst2|SOPC_spi_touch:spi_touch|MISO_reg                                                                                                                                             ; inst|altpll_component|pll|clk[0] ; inst|altpll_component|pll|clk[0] ; 0.000        ; 0.000      ; 0.367      ;
; 0.215 ; SOPC:inst2|altera_merlin_width_adapter:width_adapter_001|data_reg[14]                                                                                                                    ; SOPC:inst2|altera_merlin_width_adapter:width_adapter_001|data_reg[14]                                                                                                                    ; inst|altpll_component|pll|clk[0] ; inst|altpll_component|pll|clk[0] ; 0.000        ; 0.000      ; 0.367      ;
; 0.215 ; SOPC:inst2|SOPC_jtag_uart:jtag_uart|woverflow                                                                                                                                            ; SOPC:inst2|SOPC_jtag_uart:jtag_uart|woverflow                                                                                                                                            ; inst|altpll_component|pll|clk[0] ; inst|altpll_component|pll|clk[0] ; 0.000        ; 0.000      ; 0.367      ;
; 0.215 ; SOPC:inst2|altera_merlin_width_adapter:width_adapter_001|data_reg[11]                                                                                                                    ; SOPC:inst2|altera_merlin_width_adapter:width_adapter_001|data_reg[11]                                                                                                                    ; inst|altpll_component|pll|clk[0] ; inst|altpll_component|pll|clk[0] ; 0.000        ; 0.000      ; 0.367      ;
; 0.215 ; SOPC:inst2|altera_merlin_width_adapter:width_adapter_001|data_reg[13]                                                                                                                    ; SOPC:inst2|altera_merlin_width_adapter:width_adapter_001|data_reg[13]                                                                                                                    ; inst|altpll_component|pll|clk[0] ; inst|altpll_component|pll|clk[0] ; 0.000        ; 0.000      ; 0.367      ;
; 0.215 ; SOPC:inst2|altera_merlin_width_adapter:width_adapter_001|data_reg[12]                                                                                                                    ; SOPC:inst2|altera_merlin_width_adapter:width_adapter_001|data_reg[12]                                                                                                                    ; inst|altpll_component|pll|clk[0] ; inst|altpll_component|pll|clk[0] ; 0.000        ; 0.000      ; 0.367      ;
; 0.215 ; SOPC:inst2|altera_merlin_width_adapter:width_adapter_001|data_reg[9]                                                                                                                     ; SOPC:inst2|altera_merlin_width_adapter:width_adapter_001|data_reg[9]                                                                                                                     ; inst|altpll_component|pll|clk[0] ; inst|altpll_component|pll|clk[0] ; 0.000        ; 0.000      ; 0.367      ;
; 0.215 ; SOPC:inst2|SOPC_epcs:epcs|SOPC_epcs_sub:the_SOPC_epcs_sub|rd_strobe                                                                                                                      ; SOPC:inst2|SOPC_epcs:epcs|SOPC_epcs_sub:the_SOPC_epcs_sub|rd_strobe                                                                                                                      ; inst|altpll_component|pll|clk[0] ; inst|altpll_component|pll|clk[0] ; 0.000        ; 0.000      ; 0.367      ;
; 0.215 ; SOPC:inst2|SOPC_epcs:epcs|SOPC_epcs_sub:the_SOPC_epcs_sub|EOP                                                                                                                            ; SOPC:inst2|SOPC_epcs:epcs|SOPC_epcs_sub:the_SOPC_epcs_sub|EOP                                                                                                                            ; inst|altpll_component|pll|clk[0] ; inst|altpll_component|pll|clk[0] ; 0.000        ; 0.000      ; 0.367      ;
; 0.215 ; SOPC:inst2|SOPC_spi_touch:spi_touch|rd_strobe                                                                                                                                            ; SOPC:inst2|SOPC_spi_touch:spi_touch|rd_strobe                                                                                                                                            ; inst|altpll_component|pll|clk[0] ; inst|altpll_component|pll|clk[0] ; 0.000        ; 0.000      ; 0.367      ;
; 0.215 ; SOPC:inst2|SOPC_spi_touch:spi_touch|EOP                                                                                                                                                  ; SOPC:inst2|SOPC_spi_touch:spi_touch|EOP                                                                                                                                                  ; inst|altpll_component|pll|clk[0] ; inst|altpll_component|pll|clk[0] ; 0.000        ; 0.000      ; 0.367      ;
; 0.215 ; SOPC:inst2|altera_merlin_width_adapter:width_adapter_001|data_reg[6]                                                                                                                     ; SOPC:inst2|altera_merlin_width_adapter:width_adapter_001|data_reg[6]                                                                                                                     ; inst|altpll_component|pll|clk[0] ; inst|altpll_component|pll|clk[0] ; 0.000        ; 0.000      ; 0.367      ;
; 0.215 ; SOPC:inst2|SOPC_cpu:cpu|ic_fill_line[0]                                                                                                                                                  ; SOPC:inst2|SOPC_cpu:cpu|ic_fill_line[0]                                                                                                                                                  ; inst|altpll_component|pll|clk[0] ; inst|altpll_component|pll|clk[0] ; 0.000        ; 0.000      ; 0.367      ;
; 0.215 ; SOPC:inst2|SOPC_cpu:cpu|ic_fill_line[1]                                                                                                                                                  ; SOPC:inst2|SOPC_cpu:cpu|ic_fill_line[1]                                                                                                                                                  ; inst|altpll_component|pll|clk[0] ; inst|altpll_component|pll|clk[0] ; 0.000        ; 0.000      ; 0.367      ;
; 0.215 ; SOPC:inst2|SOPC_cpu:cpu|ic_fill_line[2]                                                                                                                                                  ; SOPC:inst2|SOPC_cpu:cpu|ic_fill_line[2]                                                                                                                                                  ; inst|altpll_component|pll|clk[0] ; inst|altpll_component|pll|clk[0] ; 0.000        ; 0.000      ; 0.367      ;
; 0.215 ; SOPC:inst2|SOPC_sdram:sdram|m_state.000100000                                                                                                                                            ; SOPC:inst2|SOPC_sdram:sdram|m_state.000100000                                                                                                                                            ; inst|altpll_component|pll|clk[0] ; inst|altpll_component|pll|clk[0] ; 0.000        ; 0.000      ; 0.367      ;
; 0.215 ; SOPC:inst2|SOPC_sdram:sdram|m_state.000000001                                                                                                                                            ; SOPC:inst2|SOPC_sdram:sdram|m_state.000000001                                                                                                                                            ; inst|altpll_component|pll|clk[0] ; inst|altpll_component|pll|clk[0] ; 0.000        ; 0.000      ; 0.367      ;
; 0.215 ; SOPC:inst2|SOPC_sdram:sdram|active_cs_n                                                                                                                                                  ; SOPC:inst2|SOPC_sdram:sdram|active_cs_n                                                                                                                                                  ; inst|altpll_component|pll|clk[0] ; inst|altpll_component|pll|clk[0] ; 0.000        ; 0.000      ; 0.367      ;
; 0.215 ; SOPC:inst2|SOPC_sdram:sdram|m_count[1]                                                                                                                                                   ; SOPC:inst2|SOPC_sdram:sdram|m_count[1]                                                                                                                                                   ; inst|altpll_component|pll|clk[0] ; inst|altpll_component|pll|clk[0] ; 0.000        ; 0.000      ; 0.367      ;
; 0.215 ; SOPC:inst2|SOPC_sdram:sdram|m_next.010000000                                                                                                                                             ; SOPC:inst2|SOPC_sdram:sdram|m_next.010000000                                                                                                                                             ; inst|altpll_component|pll|clk[0] ; inst|altpll_component|pll|clk[0] ; 0.000        ; 0.000      ; 0.367      ;
; 0.215 ; SOPC:inst2|SOPC_sdram:sdram|ack_refresh_request                                                                                                                                          ; SOPC:inst2|SOPC_sdram:sdram|ack_refresh_request                                                                                                                                          ; inst|altpll_component|pll|clk[0] ; inst|altpll_component|pll|clk[0] ; 0.000        ; 0.000      ; 0.367      ;
; 0.215 ; SOPC:inst2|SOPC_sdram:sdram|refresh_request                                                                                                                                              ; SOPC:inst2|SOPC_sdram:sdram|refresh_request                                                                                                                                              ; inst|altpll_component|pll|clk[0] ; inst|altpll_component|pll|clk[0] ; 0.000        ; 0.000      ; 0.367      ;
; 0.215 ; SOPC:inst2|SOPC_sdram:sdram|SOPC_sdram_input_efifo_module:the_SOPC_sdram_input_efifo_module|entries[1]                                                                                   ; SOPC:inst2|SOPC_sdram:sdram|SOPC_sdram_input_efifo_module:the_SOPC_sdram_input_efifo_module|entries[1]                                                                                   ; inst|altpll_component|pll|clk[0] ; inst|altpll_component|pll|clk[0] ; 0.000        ; 0.000      ; 0.367      ;
; 0.215 ; SOPC:inst2|SOPC_sdram:sdram|SOPC_sdram_input_efifo_module:the_SOPC_sdram_input_efifo_module|wr_address                                                                                   ; SOPC:inst2|SOPC_sdram:sdram|SOPC_sdram_input_efifo_module:the_SOPC_sdram_input_efifo_module|wr_address                                                                                   ; inst|altpll_component|pll|clk[0] ; inst|altpll_component|pll|clk[0] ; 0.000        ; 0.000      ; 0.367      ;
; 0.215 ; SOPC:inst2|SOPC_sdram:sdram|SOPC_sdram_input_efifo_module:the_SOPC_sdram_input_efifo_module|rd_address                                                                                   ; SOPC:inst2|SOPC_sdram:sdram|SOPC_sdram_input_efifo_module:the_SOPC_sdram_input_efifo_module|rd_address                                                                                   ; inst|altpll_component|pll|clk[0] ; inst|altpll_component|pll|clk[0] ; 0.000        ; 0.000      ; 0.367      ;
; 0.215 ; SOPC:inst2|altera_merlin_width_adapter:width_adapter_001|data_reg[5]                                                                                                                     ; SOPC:inst2|altera_merlin_width_adapter:width_adapter_001|data_reg[5]                                                                                                                     ; inst|altpll_component|pll|clk[0] ; inst|altpll_component|pll|clk[0] ; 0.000        ; 0.000      ; 0.367      ;
; 0.215 ; SOPC:inst2|SOPC_epcs:epcs|SOPC_epcs_sub:the_SOPC_epcs_sub|RRDY                                                                                                                           ; SOPC:inst2|SOPC_epcs:epcs|SOPC_epcs_sub:the_SOPC_epcs_sub|RRDY                                                                                                                           ; inst|altpll_component|pll|clk[0] ; inst|altpll_component|pll|clk[0] ; 0.000        ; 0.000      ; 0.367      ;
; 0.215 ; SOPC:inst2|SOPC_spi_touch:spi_touch|RRDY                                                                                                                                                 ; SOPC:inst2|SOPC_spi_touch:spi_touch|RRDY                                                                                                                                                 ; inst|altpll_component|pll|clk[0] ; inst|altpll_component|pll|clk[0] ; 0.000        ; 0.000      ; 0.367      ;
; 0.215 ; SOPC:inst2|altera_merlin_width_adapter:width_adapter_001|data_reg[7]                                                                                                                     ; SOPC:inst2|altera_merlin_width_adapter:width_adapter_001|data_reg[7]                                                                                                                     ; inst|altpll_component|pll|clk[0] ; inst|altpll_component|pll|clk[0] ; 0.000        ; 0.000      ; 0.367      ;
; 0.215 ; SOPC:inst2|SOPC_jtag_uart:jtag_uart|alt_jtag_atlantic:SOPC_jtag_uart_alt_jtag_atlantic|r_ena1                                                                                            ; SOPC:inst2|SOPC_jtag_uart:jtag_uart|alt_jtag_atlantic:SOPC_jtag_uart_alt_jtag_atlantic|r_ena1                                                                                            ; inst|altpll_component|pll|clk[0] ; inst|altpll_component|pll|clk[0] ; 0.000        ; 0.000      ; 0.367      ;
; 0.215 ; SOPC:inst2|altera_merlin_width_adapter:width_adapter_001|data_reg[3]                                                                                                                     ; SOPC:inst2|altera_merlin_width_adapter:width_adapter_001|data_reg[3]                                                                                                                     ; inst|altpll_component|pll|clk[0] ; inst|altpll_component|pll|clk[0] ; 0.000        ; 0.000      ; 0.367      ;
; 0.215 ; SOPC:inst2|altera_merlin_slave_translator:buzz_s1_translator|wait_latency_counter[0]                                                                                                     ; SOPC:inst2|altera_merlin_slave_translator:buzz_s1_translator|wait_latency_counter[0]                                                                                                     ; inst|altpll_component|pll|clk[0] ; inst|altpll_component|pll|clk[0] ; 0.000        ; 0.000      ; 0.367      ;
; 0.215 ; SOPC:inst2|altera_avalon_sc_fifo:led_s1_translator_avalon_universal_slave_0_agent_rsp_fifo|mem_used[0]                                                                                   ; SOPC:inst2|altera_avalon_sc_fifo:led_s1_translator_avalon_universal_slave_0_agent_rsp_fifo|mem_used[0]                                                                                   ; inst|altpll_component|pll|clk[0] ; inst|altpll_component|pll|clk[0] ; 0.000        ; 0.000      ; 0.367      ;
; 0.215 ; SOPC:inst2|altera_avalon_sc_fifo:led_s1_translator_avalon_universal_slave_0_agent_rsp_fifo|mem_used[1]                                                                                   ; SOPC:inst2|altera_avalon_sc_fifo:led_s1_translator_avalon_universal_slave_0_agent_rsp_fifo|mem_used[1]                                                                                   ; inst|altpll_component|pll|clk[0] ; inst|altpll_component|pll|clk[0] ; 0.000        ; 0.000      ; 0.367      ;
; 0.215 ; SOPC:inst2|altera_merlin_slave_translator:led_s1_translator|wait_latency_counter[0]                                                                                                      ; SOPC:inst2|altera_merlin_slave_translator:led_s1_translator|wait_latency_counter[0]                                                                                                      ; inst|altpll_component|pll|clk[0] ; inst|altpll_component|pll|clk[0] ; 0.000        ; 0.000      ; 0.367      ;
; 0.215 ; SOPC:inst2|SOPC_spi_touch:spi_touch|ROE                                                                                                                                                  ; SOPC:inst2|SOPC_spi_touch:spi_touch|ROE                                                                                                                                                  ; inst|altpll_component|pll|clk[0] ; inst|altpll_component|pll|clk[0] ; 0.000        ; 0.000      ; 0.367      ;
; 0.215 ; SOPC:inst2|SOPC_epcs:epcs|SOPC_epcs_sub:the_SOPC_epcs_sub|ROE                                                                                                                            ; SOPC:inst2|SOPC_epcs:epcs|SOPC_epcs_sub:the_SOPC_epcs_sub|ROE                                                                                                                            ; inst|altpll_component|pll|clk[0] ; inst|altpll_component|pll|clk[0] ; 0.000        ; 0.000      ; 0.367      ;
; 0.215 ; SOPC:inst2|altera_merlin_slave_translator:sysid_control_slave_translator|wait_latency_counter[0]                                                                                         ; SOPC:inst2|altera_merlin_slave_translator:sysid_control_slave_translator|wait_latency_counter[0]                                                                                         ; inst|altpll_component|pll|clk[0] ; inst|altpll_component|pll|clk[0] ; 0.000        ; 0.000      ; 0.367      ;
; 0.215 ; SOPC:inst2|altera_avalon_sc_fifo:sysid_control_slave_translator_avalon_universal_slave_0_agent_rsp_fifo|mem_used[1]                                                                      ; SOPC:inst2|altera_avalon_sc_fifo:sysid_control_slave_translator_avalon_universal_slave_0_agent_rsp_fifo|mem_used[1]                                                                      ; inst|altpll_component|pll|clk[0] ; inst|altpll_component|pll|clk[0] ; 0.000        ; 0.000      ; 0.367      ;
; 0.215 ; SOPC:inst2|altera_merlin_width_adapter:width_adapter_001|data_reg[2]                                                                                                                     ; SOPC:inst2|altera_merlin_width_adapter:width_adapter_001|data_reg[2]                                                                                                                     ; inst|altpll_component|pll|clk[0] ; inst|altpll_component|pll|clk[0] ; 0.000        ; 0.000      ; 0.367      ;
; 0.215 ; SOPC:inst2|SOPC_spi_touch:spi_touch|TOE                                                                                                                                                  ; SOPC:inst2|SOPC_spi_touch:spi_touch|TOE                                                                                                                                                  ; inst|altpll_component|pll|clk[0] ; inst|altpll_component|pll|clk[0] ; 0.000        ; 0.000      ; 0.367      ;
; 0.215 ; SOPC:inst2|altera_merlin_width_adapter:width_adapter_001|data_reg[1]                                                                                                                     ; SOPC:inst2|altera_merlin_width_adapter:width_adapter_001|data_reg[1]                                                                                                                     ; inst|altpll_component|pll|clk[0] ; inst|altpll_component|pll|clk[0] ; 0.000        ; 0.000      ; 0.367      ;
; 0.215 ; SOPC:inst2|SOPC_cpu:cpu|SOPC_cpu_nios2_oci:the_SOPC_cpu_nios2_oci|SOPC_cpu_nios2_oci_debug:the_SOPC_cpu_nios2_oci_debug|monitor_ready                                                    ; SOPC:inst2|SOPC_cpu:cpu|SOPC_cpu_nios2_oci:the_SOPC_cpu_nios2_oci|SOPC_cpu_nios2_oci_debug:the_SOPC_cpu_nios2_oci_debug|monitor_ready                                                    ; inst|altpll_component|pll|clk[0] ; inst|altpll_component|pll|clk[0] ; 0.000        ; 0.000      ; 0.367      ;
; 0.215 ; SOPC:inst2|altera_merlin_width_adapter:width_adapter_001|data_reg[0]                                                                                                                     ; SOPC:inst2|altera_merlin_width_adapter:width_adapter_001|data_reg[0]                                                                                                                     ; inst|altpll_component|pll|clk[0] ; inst|altpll_component|pll|clk[0] ; 0.000        ; 0.000      ; 0.367      ;
; 0.215 ; SOPC:inst2|altera_avalon_sc_fifo:lcd_cs_s1_translator_avalon_universal_slave_0_agent_rsp_fifo|mem_used[0]                                                                                ; SOPC:inst2|altera_avalon_sc_fifo:lcd_cs_s1_translator_avalon_universal_slave_0_agent_rsp_fifo|mem_used[0]                                                                                ; inst|altpll_component|pll|clk[0] ; inst|altpll_component|pll|clk[0] ; 0.000        ; 0.000      ; 0.367      ;
; 0.215 ; SOPC:inst2|altera_avalon_sc_fifo:lcd_cs_s1_translator_avalon_universal_slave_0_agent_rsp_fifo|mem_used[1]                                                                                ; SOPC:inst2|altera_avalon_sc_fifo:lcd_cs_s1_translator_avalon_universal_slave_0_agent_rsp_fifo|mem_used[1]                                                                                ; inst|altpll_component|pll|clk[0] ; inst|altpll_component|pll|clk[0] ; 0.000        ; 0.000      ; 0.367      ;
; 0.215 ; SOPC:inst2|altera_merlin_slave_translator:lcd_cs_s1_translator|wait_latency_counter[0]                                                                                                   ; SOPC:inst2|altera_merlin_slave_translator:lcd_cs_s1_translator|wait_latency_counter[0]                                                                                                   ; inst|altpll_component|pll|clk[0] ; inst|altpll_component|pll|clk[0] ; 0.000        ; 0.000      ; 0.367      ;
; 0.215 ; SOPC:inst2|altera_merlin_slave_translator:touch_cs_s1_translator|wait_latency_counter[0]                                                                                                 ; SOPC:inst2|altera_merlin_slave_translator:touch_cs_s1_translator|wait_latency_counter[0]                                                                                                 ; inst|altpll_component|pll|clk[0] ; inst|altpll_component|pll|clk[0] ; 0.000        ; 0.000      ; 0.367      ;
; 0.215 ; SOPC:inst2|altera_avalon_sc_fifo:touch_cs_s1_translator_avalon_universal_slave_0_agent_rsp_fifo|mem_used[0]                                                                              ; SOPC:inst2|altera_avalon_sc_fifo:touch_cs_s1_translator_avalon_universal_slave_0_agent_rsp_fifo|mem_used[0]                                                                              ; inst|altpll_component|pll|clk[0] ; inst|altpll_component|pll|clk[0] ; 0.000        ; 0.000      ; 0.367      ;
; 0.215 ; SOPC:inst2|altera_avalon_sc_fifo:touch_cs_s1_translator_avalon_universal_slave_0_agent_rsp_fifo|mem_used[1]                                                                              ; SOPC:inst2|altera_avalon_sc_fifo:touch_cs_s1_translator_avalon_universal_slave_0_agent_rsp_fifo|mem_used[1]                                                                              ; inst|altpll_component|pll|clk[0] ; inst|altpll_component|pll|clk[0] ; 0.000        ; 0.000      ; 0.367      ;
; 0.215 ; SOPC:inst2|SOPC_lcd_cs:touch_cs|data_out                                                                                                                                                 ; SOPC:inst2|SOPC_lcd_cs:touch_cs|data_out                                                                                                                                                 ; inst|altpll_component|pll|clk[0] ; inst|altpll_component|pll|clk[0] ; 0.000        ; 0.000      ; 0.367      ;
+-------+------------------------------------------------------------------------------------------------------------------------------------------------------------------------------------------+------------------------------------------------------------------------------------------------------------------------------------------------------------------------------------------+----------------------------------+----------------------------------+--------------+------------+------------+


+-------------------------------------------------------------------------------------------------------------------------------------------------------------------------------------------------------------------------------------------------------------------------------------------------------------------------------------------------------------------------------------------------------------------------------------------------------------------------------------------------------------------------------------------------------------------+
; Fast Model Recovery: 'inst|altpll_component|pll|clk[0]'                                                                                                                                                                                                                                                                                                                                                                                                                                                                                                           ;
+--------+--------------------------------------------------------------------------------------------------------------------------------------+----------------------------------------------------------------------------------------------------------------------------------------------------------------------------------------------------------------------------------------------------------------------------------------------------+----------------------------------+----------------------------------+--------------+------------+------------+
; Slack  ; From Node                                                                                                                            ; To Node                                                                                                                                                                                                                                                                                            ; Launch Clock                     ; Latch Clock                      ; Relationship ; Clock Skew ; Data Delay ;
+--------+--------------------------------------------------------------------------------------------------------------------------------------+----------------------------------------------------------------------------------------------------------------------------------------------------------------------------------------------------------------------------------------------------------------------------------------------------+----------------------------------+----------------------------------+--------------+------------+------------+
; 4.983  ; SOPC:inst2|altera_reset_controller:rst_controller|altera_reset_synchronizer:alt_rst_sync_uq1|altera_reset_synchronizer_int_chain_out ; SOPC:inst2|SOPC_cpu:cpu|Mn_rot_step2[13]                                                                                                                                                                                                                                                           ; inst|altpll_component|pll|clk[0] ; inst|altpll_component|pll|clk[0] ; 6.666        ; 0.010      ; 1.725      ;
; 4.983  ; SOPC:inst2|altera_reset_controller:rst_controller|altera_reset_synchronizer:alt_rst_sync_uq1|altera_reset_synchronizer_int_chain_out ; SOPC:inst2|SOPC_cpu:cpu|Mn_rot_step2[4]                                                                                                                                                                                                                                                            ; inst|altpll_component|pll|clk[0] ; inst|altpll_component|pll|clk[0] ; 6.666        ; 0.010      ; 1.725      ;
; 4.983  ; SOPC:inst2|altera_reset_controller:rst_controller|altera_reset_synchronizer:alt_rst_sync_uq1|altera_reset_synchronizer_int_chain_out ; SOPC:inst2|SOPC_cpu:cpu|Mn_rot_step2[11]                                                                                                                                                                                                                                                           ; inst|altpll_component|pll|clk[0] ; inst|altpll_component|pll|clk[0] ; 6.666        ; 0.003      ; 1.718      ;
; 4.983  ; SOPC:inst2|altera_reset_controller:rst_controller|altera_reset_synchronizer:alt_rst_sync_uq1|altera_reset_synchronizer_int_chain_out ; SOPC:inst2|SOPC_cpu:cpu|Mn_rot_step2[20]                                                                                                                                                                                                                                                           ; inst|altpll_component|pll|clk[0] ; inst|altpll_component|pll|clk[0] ; 6.666        ; 0.010      ; 1.725      ;
; 4.983  ; SOPC:inst2|altera_reset_controller:rst_controller|altera_reset_synchronizer:alt_rst_sync_uq1|altera_reset_synchronizer_int_chain_out ; SOPC:inst2|SOPC_cpu:cpu|Mn_rot_step2[30]                                                                                                                                                                                                                                                           ; inst|altpll_component|pll|clk[0] ; inst|altpll_component|pll|clk[0] ; 6.666        ; 0.010      ; 1.725      ;
; 4.983  ; SOPC:inst2|altera_reset_controller:rst_controller|altera_reset_synchronizer:alt_rst_sync_uq1|altera_reset_synchronizer_int_chain_out ; SOPC:inst2|SOPC_cpu:cpu|Mn_rot_step2[14]                                                                                                                                                                                                                                                           ; inst|altpll_component|pll|clk[0] ; inst|altpll_component|pll|clk[0] ; 6.666        ; 0.010      ; 1.725      ;
; 4.983  ; SOPC:inst2|altera_reset_controller:rst_controller|altera_reset_synchronizer:alt_rst_sync_uq1|altera_reset_synchronizer_int_chain_out ; SOPC:inst2|SOPC_cpu:cpu|Mn_rot_step2[24]                                                                                                                                                                                                                                                           ; inst|altpll_component|pll|clk[0] ; inst|altpll_component|pll|clk[0] ; 6.666        ; 0.010      ; 1.725      ;
; 4.983  ; SOPC:inst2|altera_reset_controller:rst_controller|altera_reset_synchronizer:alt_rst_sync_uq1|altera_reset_synchronizer_int_chain_out ; SOPC:inst2|SOPC_cpu:cpu|Mn_rot_step2[8]                                                                                                                                                                                                                                                            ; inst|altpll_component|pll|clk[0] ; inst|altpll_component|pll|clk[0] ; 6.666        ; 0.010      ; 1.725      ;
; 4.983  ; SOPC:inst2|altera_reset_controller:rst_controller|altera_reset_synchronizer:alt_rst_sync_uq1|altera_reset_synchronizer_int_chain_out ; SOPC:inst2|SOPC_cpu:cpu|Mn_rot_step2[29]                                                                                                                                                                                                                                                           ; inst|altpll_component|pll|clk[0] ; inst|altpll_component|pll|clk[0] ; 6.666        ; 0.010      ; 1.725      ;
; 4.983  ; SOPC:inst2|altera_reset_controller:rst_controller|altera_reset_synchronizer:alt_rst_sync_uq1|altera_reset_synchronizer_int_chain_out ; SOPC:inst2|SOPC_cpu:cpu|Mn_rot_step2[28]                                                                                                                                                                                                                                                           ; inst|altpll_component|pll|clk[0] ; inst|altpll_component|pll|clk[0] ; 6.666        ; 0.010      ; 1.725      ;
; 4.983  ; SOPC:inst2|altera_reset_controller:rst_controller|altera_reset_synchronizer:alt_rst_sync_uq1|altera_reset_synchronizer_int_chain_out ; SOPC:inst2|SOPC_cpu:cpu|Mn_rot_step2[12]                                                                                                                                                                                                                                                           ; inst|altpll_component|pll|clk[0] ; inst|altpll_component|pll|clk[0] ; 6.666        ; 0.010      ; 1.725      ;
; 4.983  ; SOPC:inst2|altera_reset_controller:rst_controller|altera_reset_synchronizer:alt_rst_sync_uq1|altera_reset_synchronizer_int_chain_out ; SOPC:inst2|SOPC_cpu:cpu|Mn_rot_step2[9]                                                                                                                                                                                                                                                            ; inst|altpll_component|pll|clk[0] ; inst|altpll_component|pll|clk[0] ; 6.666        ; 0.010      ; 1.725      ;
; 4.983  ; SOPC:inst2|altera_reset_controller:rst_controller|altera_reset_synchronizer:alt_rst_sync_uq1|altera_reset_synchronizer_int_chain_out ; SOPC:inst2|SOPC_cpu:cpu|Mn_rot_step2[25]                                                                                                                                                                                                                                                           ; inst|altpll_component|pll|clk[0] ; inst|altpll_component|pll|clk[0] ; 6.666        ; 0.010      ; 1.725      ;
; 4.983  ; SOPC:inst2|altera_reset_controller:rst_controller|altera_reset_synchronizer:alt_rst_sync_uq1|altera_reset_synchronizer_int_chain_out ; SOPC:inst2|SOPC_cpu:cpu|Mn_rot_step2[21]                                                                                                                                                                                                                                                           ; inst|altpll_component|pll|clk[0] ; inst|altpll_component|pll|clk[0] ; 6.666        ; 0.010      ; 1.725      ;
; 4.983  ; SOPC:inst2|altera_reset_controller:rst_controller|altera_reset_synchronizer:alt_rst_sync_uq1|altera_reset_synchronizer_int_chain_out ; SOPC:inst2|SOPC_cpu:cpu|Mn_rot_step2[5]                                                                                                                                                                                                                                                            ; inst|altpll_component|pll|clk[0] ; inst|altpll_component|pll|clk[0] ; 6.666        ; 0.010      ; 1.725      ;
; 4.983  ; SOPC:inst2|altera_reset_controller:rst_controller|altera_reset_synchronizer:alt_rst_sync_uq1|altera_reset_synchronizer_int_chain_out ; SOPC:inst2|SOPC_cpu:cpu|Mn_rot_step2[3]                                                                                                                                                                                                                                                            ; inst|altpll_component|pll|clk[0] ; inst|altpll_component|pll|clk[0] ; 6.666        ; 0.003      ; 1.718      ;
; 4.983  ; SOPC:inst2|altera_reset_controller:rst_controller|altera_reset_synchronizer:alt_rst_sync_uq1|altera_reset_synchronizer_int_chain_out ; SOPC:inst2|SOPC_cpu:cpu|Mn_rot_step2[19]                                                                                                                                                                                                                                                           ; inst|altpll_component|pll|clk[0] ; inst|altpll_component|pll|clk[0] ; 6.666        ; 0.003      ; 1.718      ;
; 4.983  ; SOPC:inst2|altera_reset_controller:rst_controller|altera_reset_synchronizer:alt_rst_sync_uq1|altera_reset_synchronizer_int_chain_out ; SOPC:inst2|SOPC_cpu:cpu|Mn_rot_step2[1]                                                                                                                                                                                                                                                            ; inst|altpll_component|pll|clk[0] ; inst|altpll_component|pll|clk[0] ; 6.666        ; 0.010      ; 1.725      ;
; 4.983  ; SOPC:inst2|altera_reset_controller:rst_controller|altera_reset_synchronizer:alt_rst_sync_uq1|altera_reset_synchronizer_int_chain_out ; SOPC:inst2|SOPC_cpu:cpu|Mn_rot_step2[17]                                                                                                                                                                                                                                                           ; inst|altpll_component|pll|clk[0] ; inst|altpll_component|pll|clk[0] ; 6.666        ; 0.010      ; 1.725      ;
; 4.983  ; SOPC:inst2|altera_reset_controller:rst_controller|altera_reset_synchronizer:alt_rst_sync_uq1|altera_reset_synchronizer_int_chain_out ; SOPC:inst2|SOPC_cpu:cpu|Mn_rot_step2[27]                                                                                                                                                                                                                                                           ; inst|altpll_component|pll|clk[0] ; inst|altpll_component|pll|clk[0] ; 6.666        ; 0.003      ; 1.718      ;
; 4.983  ; SOPC:inst2|altera_reset_controller:rst_controller|altera_reset_synchronizer:alt_rst_sync_uq1|altera_reset_synchronizer_int_chain_out ; SOPC:inst2|SOPC_cpu:cpu|Mn_rot_step2[6]                                                                                                                                                                                                                                                            ; inst|altpll_component|pll|clk[0] ; inst|altpll_component|pll|clk[0] ; 6.666        ; 0.010      ; 1.725      ;
; 4.983  ; SOPC:inst2|altera_reset_controller:rst_controller|altera_reset_synchronizer:alt_rst_sync_uq1|altera_reset_synchronizer_int_chain_out ; SOPC:inst2|SOPC_cpu:cpu|Mn_rot_step2[22]                                                                                                                                                                                                                                                           ; inst|altpll_component|pll|clk[0] ; inst|altpll_component|pll|clk[0] ; 6.666        ; 0.010      ; 1.725      ;
; 4.983  ; SOPC:inst2|altera_reset_controller:rst_controller|altera_reset_synchronizer:alt_rst_sync_uq1|altera_reset_synchronizer_int_chain_out ; SOPC:inst2|SOPC_cpu:cpu|Mn_rot_step2[16]                                                                                                                                                                                                                                                           ; inst|altpll_component|pll|clk[0] ; inst|altpll_component|pll|clk[0] ; 6.666        ; 0.010      ; 1.725      ;
; 4.983  ; SOPC:inst2|altera_reset_controller:rst_controller|altera_reset_synchronizer:alt_rst_sync_uq1|altera_reset_synchronizer_int_chain_out ; SOPC:inst2|SOPC_cpu:cpu|Mn_rot_step2[0]                                                                                                                                                                                                                                                            ; inst|altpll_component|pll|clk[0] ; inst|altpll_component|pll|clk[0] ; 6.666        ; 0.010      ; 1.725      ;
; 4.983  ; SOPC:inst2|altera_reset_controller:rst_controller|altera_reset_synchronizer:alt_rst_sync_uq1|altera_reset_synchronizer_int_chain_out ; SOPC:inst2|SOPC_cpu:cpu|Mn_rot_step2[26]                                                                                                                                                                                                                                                           ; inst|altpll_component|pll|clk[0] ; inst|altpll_component|pll|clk[0] ; 6.666        ; 0.010      ; 1.725      ;
; 4.983  ; SOPC:inst2|altera_reset_controller:rst_controller|altera_reset_synchronizer:alt_rst_sync_uq1|altera_reset_synchronizer_int_chain_out ; SOPC:inst2|SOPC_cpu:cpu|Mn_rot_step2[10]                                                                                                                                                                                                                                                           ; inst|altpll_component|pll|clk[0] ; inst|altpll_component|pll|clk[0] ; 6.666        ; 0.010      ; 1.725      ;
; 4.983  ; SOPC:inst2|altera_reset_controller:rst_controller|altera_reset_synchronizer:alt_rst_sync_uq1|altera_reset_synchronizer_int_chain_out ; SOPC:inst2|SOPC_cpu:cpu|Mn_rot_step2[23]                                                                                                                                                                                                                                                           ; inst|altpll_component|pll|clk[0] ; inst|altpll_component|pll|clk[0] ; 6.666        ; 0.003      ; 1.718      ;
; 4.983  ; SOPC:inst2|altera_reset_controller:rst_controller|altera_reset_synchronizer:alt_rst_sync_uq1|altera_reset_synchronizer_int_chain_out ; SOPC:inst2|SOPC_cpu:cpu|Mn_rot_step2[7]                                                                                                                                                                                                                                                            ; inst|altpll_component|pll|clk[0] ; inst|altpll_component|pll|clk[0] ; 6.666        ; 0.003      ; 1.718      ;
; 4.983  ; SOPC:inst2|altera_reset_controller:rst_controller|altera_reset_synchronizer:alt_rst_sync_uq1|altera_reset_synchronizer_int_chain_out ; SOPC:inst2|SOPC_cpu:cpu|Mn_rot_step2[2]                                                                                                                                                                                                                                                            ; inst|altpll_component|pll|clk[0] ; inst|altpll_component|pll|clk[0] ; 6.666        ; 0.010      ; 1.725      ;
; 4.983  ; SOPC:inst2|altera_reset_controller:rst_controller|altera_reset_synchronizer:alt_rst_sync_uq1|altera_reset_synchronizer_int_chain_out ; SOPC:inst2|SOPC_cpu:cpu|Mn_rot_step2[18]                                                                                                                                                                                                                                                           ; inst|altpll_component|pll|clk[0] ; inst|altpll_component|pll|clk[0] ; 6.666        ; 0.010      ; 1.725      ;
; 4.983  ; SOPC:inst2|altera_reset_controller:rst_controller|altera_reset_synchronizer:alt_rst_sync_uq1|altera_reset_synchronizer_int_chain_out ; SOPC:inst2|SOPC_cpu:cpu|Mn_rot_step2[15]                                                                                                                                                                                                                                                           ; inst|altpll_component|pll|clk[0] ; inst|altpll_component|pll|clk[0] ; 6.666        ; 0.003      ; 1.718      ;
; 4.983  ; SOPC:inst2|altera_reset_controller:rst_controller|altera_reset_synchronizer:alt_rst_sync_uq1|altera_reset_synchronizer_int_chain_out ; SOPC:inst2|SOPC_cpu:cpu|Mn_rot_step2[31]                                                                                                                                                                                                                                                           ; inst|altpll_component|pll|clk[0] ; inst|altpll_component|pll|clk[0] ; 6.666        ; 0.003      ; 1.718      ;
; 11.380 ; SOPC:inst2|altera_reset_controller:rst_controller|altera_reset_synchronizer:alt_rst_sync_uq1|altera_reset_synchronizer_int_chain_out ; SOPC:inst2|SOPC_cpu:cpu|D_bht_data[1]                                                                                                                                                                                                                                                              ; inst|altpll_component|pll|clk[0] ; inst|altpll_component|pll|clk[0] ; 13.333       ; 0.058      ; 2.010      ;
; 11.380 ; SOPC:inst2|altera_reset_controller:rst_controller|altera_reset_synchronizer:alt_rst_sync_uq1|altera_reset_synchronizer_int_chain_out ; SOPC:inst2|SOPC_cpu:cpu|D_bht_data[0]                                                                                                                                                                                                                                                              ; inst|altpll_component|pll|clk[0] ; inst|altpll_component|pll|clk[0] ; 13.333       ; 0.058      ; 2.010      ;
; 11.420 ; SOPC:inst2|altera_reset_controller:rst_controller|altera_reset_synchronizer:alt_rst_sync_uq1|altera_reset_synchronizer_int_chain_out ; SOPC:inst2|SOPC_cpu:cpu|A_mul_src1[0]                                                                                                                                                                                                                                                              ; inst|altpll_component|pll|clk[0] ; inst|altpll_component|pll|clk[0] ; 13.333       ; 0.056      ; 1.944      ;
; 11.420 ; SOPC:inst2|altera_reset_controller:rst_controller|altera_reset_synchronizer:alt_rst_sync_uq1|altera_reset_synchronizer_int_chain_out ; SOPC:inst2|SOPC_cpu:cpu|A_mul_src1[1]                                                                                                                                                                                                                                                              ; inst|altpll_component|pll|clk[0] ; inst|altpll_component|pll|clk[0] ; 13.333       ; 0.056      ; 1.944      ;
; 11.420 ; SOPC:inst2|altera_reset_controller:rst_controller|altera_reset_synchronizer:alt_rst_sync_uq1|altera_reset_synchronizer_int_chain_out ; SOPC:inst2|SOPC_cpu:cpu|A_mul_src1[2]                                                                                                                                                                                                                                                              ; inst|altpll_component|pll|clk[0] ; inst|altpll_component|pll|clk[0] ; 13.333       ; 0.056      ; 1.944      ;
; 11.420 ; SOPC:inst2|altera_reset_controller:rst_controller|altera_reset_synchronizer:alt_rst_sync_uq1|altera_reset_synchronizer_int_chain_out ; SOPC:inst2|SOPC_cpu:cpu|A_mul_src1[3]                                                                                                                                                                                                                                                              ; inst|altpll_component|pll|clk[0] ; inst|altpll_component|pll|clk[0] ; 13.333       ; 0.056      ; 1.944      ;
; 11.420 ; SOPC:inst2|altera_reset_controller:rst_controller|altera_reset_synchronizer:alt_rst_sync_uq1|altera_reset_synchronizer_int_chain_out ; SOPC:inst2|SOPC_cpu:cpu|A_mul_src1[4]                                                                                                                                                                                                                                                              ; inst|altpll_component|pll|clk[0] ; inst|altpll_component|pll|clk[0] ; 13.333       ; 0.056      ; 1.944      ;
; 11.420 ; SOPC:inst2|altera_reset_controller:rst_controller|altera_reset_synchronizer:alt_rst_sync_uq1|altera_reset_synchronizer_int_chain_out ; SOPC:inst2|SOPC_cpu:cpu|A_mul_src1[5]                                                                                                                                                                                                                                                              ; inst|altpll_component|pll|clk[0] ; inst|altpll_component|pll|clk[0] ; 13.333       ; 0.056      ; 1.944      ;
; 11.420 ; SOPC:inst2|altera_reset_controller:rst_controller|altera_reset_synchronizer:alt_rst_sync_uq1|altera_reset_synchronizer_int_chain_out ; SOPC:inst2|SOPC_cpu:cpu|A_mul_src1[6]                                                                                                                                                                                                                                                              ; inst|altpll_component|pll|clk[0] ; inst|altpll_component|pll|clk[0] ; 13.333       ; 0.056      ; 1.944      ;
; 11.420 ; SOPC:inst2|altera_reset_controller:rst_controller|altera_reset_synchronizer:alt_rst_sync_uq1|altera_reset_synchronizer_int_chain_out ; SOPC:inst2|SOPC_cpu:cpu|A_mul_src1[7]                                                                                                                                                                                                                                                              ; inst|altpll_component|pll|clk[0] ; inst|altpll_component|pll|clk[0] ; 13.333       ; 0.056      ; 1.944      ;
; 11.420 ; SOPC:inst2|altera_reset_controller:rst_controller|altera_reset_synchronizer:alt_rst_sync_uq1|altera_reset_synchronizer_int_chain_out ; SOPC:inst2|SOPC_cpu:cpu|A_mul_src1[8]                                                                                                                                                                                                                                                              ; inst|altpll_component|pll|clk[0] ; inst|altpll_component|pll|clk[0] ; 13.333       ; 0.056      ; 1.944      ;
; 11.420 ; SOPC:inst2|altera_reset_controller:rst_controller|altera_reset_synchronizer:alt_rst_sync_uq1|altera_reset_synchronizer_int_chain_out ; SOPC:inst2|SOPC_cpu:cpu|A_mul_src1[9]                                                                                                                                                                                                                                                              ; inst|altpll_component|pll|clk[0] ; inst|altpll_component|pll|clk[0] ; 13.333       ; 0.056      ; 1.944      ;
; 11.420 ; SOPC:inst2|altera_reset_controller:rst_controller|altera_reset_synchronizer:alt_rst_sync_uq1|altera_reset_synchronizer_int_chain_out ; SOPC:inst2|SOPC_cpu:cpu|A_mul_src1[10]                                                                                                                                                                                                                                                             ; inst|altpll_component|pll|clk[0] ; inst|altpll_component|pll|clk[0] ; 13.333       ; 0.056      ; 1.944      ;
; 11.420 ; SOPC:inst2|altera_reset_controller:rst_controller|altera_reset_synchronizer:alt_rst_sync_uq1|altera_reset_synchronizer_int_chain_out ; SOPC:inst2|SOPC_cpu:cpu|A_mul_src1[11]                                                                                                                                                                                                                                                             ; inst|altpll_component|pll|clk[0] ; inst|altpll_component|pll|clk[0] ; 13.333       ; 0.056      ; 1.944      ;
; 11.420 ; SOPC:inst2|altera_reset_controller:rst_controller|altera_reset_synchronizer:alt_rst_sync_uq1|altera_reset_synchronizer_int_chain_out ; SOPC:inst2|SOPC_cpu:cpu|A_mul_src1[12]                                                                                                                                                                                                                                                             ; inst|altpll_component|pll|clk[0] ; inst|altpll_component|pll|clk[0] ; 13.333       ; 0.056      ; 1.944      ;
; 11.420 ; SOPC:inst2|altera_reset_controller:rst_controller|altera_reset_synchronizer:alt_rst_sync_uq1|altera_reset_synchronizer_int_chain_out ; SOPC:inst2|SOPC_cpu:cpu|A_mul_src1[13]                                                                                                                                                                                                                                                             ; inst|altpll_component|pll|clk[0] ; inst|altpll_component|pll|clk[0] ; 13.333       ; 0.056      ; 1.944      ;
; 11.420 ; SOPC:inst2|altera_reset_controller:rst_controller|altera_reset_synchronizer:alt_rst_sync_uq1|altera_reset_synchronizer_int_chain_out ; SOPC:inst2|SOPC_cpu:cpu|A_mul_src1[14]                                                                                                                                                                                                                                                             ; inst|altpll_component|pll|clk[0] ; inst|altpll_component|pll|clk[0] ; 13.333       ; 0.056      ; 1.944      ;
; 11.420 ; SOPC:inst2|altera_reset_controller:rst_controller|altera_reset_synchronizer:alt_rst_sync_uq1|altera_reset_synchronizer_int_chain_out ; SOPC:inst2|SOPC_cpu:cpu|A_mul_src1[15]                                                                                                                                                                                                                                                             ; inst|altpll_component|pll|clk[0] ; inst|altpll_component|pll|clk[0] ; 13.333       ; 0.056      ; 1.944      ;
; 11.420 ; SOPC:inst2|altera_reset_controller:rst_controller|altera_reset_synchronizer:alt_rst_sync_uq1|altera_reset_synchronizer_int_chain_out ; SOPC:inst2|SOPC_cpu:cpu|A_mul_src1[16]                                                                                                                                                                                                                                                             ; inst|altpll_component|pll|clk[0] ; inst|altpll_component|pll|clk[0] ; 13.333       ; 0.057      ; 1.945      ;
; 11.420 ; SOPC:inst2|altera_reset_controller:rst_controller|altera_reset_synchronizer:alt_rst_sync_uq1|altera_reset_synchronizer_int_chain_out ; SOPC:inst2|SOPC_cpu:cpu|A_mul_src1[17]                                                                                                                                                                                                                                                             ; inst|altpll_component|pll|clk[0] ; inst|altpll_component|pll|clk[0] ; 13.333       ; 0.057      ; 1.945      ;
; 11.420 ; SOPC:inst2|altera_reset_controller:rst_controller|altera_reset_synchronizer:alt_rst_sync_uq1|altera_reset_synchronizer_int_chain_out ; SOPC:inst2|SOPC_cpu:cpu|A_mul_src1[18]                                                                                                                                                                                                                                                             ; inst|altpll_component|pll|clk[0] ; inst|altpll_component|pll|clk[0] ; 13.333       ; 0.057      ; 1.945      ;
; 11.420 ; SOPC:inst2|altera_reset_controller:rst_controller|altera_reset_synchronizer:alt_rst_sync_uq1|altera_reset_synchronizer_int_chain_out ; SOPC:inst2|SOPC_cpu:cpu|A_mul_src1[19]                                                                                                                                                                                                                                                             ; inst|altpll_component|pll|clk[0] ; inst|altpll_component|pll|clk[0] ; 13.333       ; 0.057      ; 1.945      ;
; 11.420 ; SOPC:inst2|altera_reset_controller:rst_controller|altera_reset_synchronizer:alt_rst_sync_uq1|altera_reset_synchronizer_int_chain_out ; SOPC:inst2|SOPC_cpu:cpu|A_mul_src1[20]                                                                                                                                                                                                                                                             ; inst|altpll_component|pll|clk[0] ; inst|altpll_component|pll|clk[0] ; 13.333       ; 0.057      ; 1.945      ;
; 11.420 ; SOPC:inst2|altera_reset_controller:rst_controller|altera_reset_synchronizer:alt_rst_sync_uq1|altera_reset_synchronizer_int_chain_out ; SOPC:inst2|SOPC_cpu:cpu|A_mul_src1[21]                                                                                                                                                                                                                                                             ; inst|altpll_component|pll|clk[0] ; inst|altpll_component|pll|clk[0] ; 13.333       ; 0.057      ; 1.945      ;
; 11.420 ; SOPC:inst2|altera_reset_controller:rst_controller|altera_reset_synchronizer:alt_rst_sync_uq1|altera_reset_synchronizer_int_chain_out ; SOPC:inst2|SOPC_cpu:cpu|A_mul_src1[22]                                                                                                                                                                                                                                                             ; inst|altpll_component|pll|clk[0] ; inst|altpll_component|pll|clk[0] ; 13.333       ; 0.057      ; 1.945      ;
; 11.420 ; SOPC:inst2|altera_reset_controller:rst_controller|altera_reset_synchronizer:alt_rst_sync_uq1|altera_reset_synchronizer_int_chain_out ; SOPC:inst2|SOPC_cpu:cpu|A_mul_src1[23]                                                                                                                                                                                                                                                             ; inst|altpll_component|pll|clk[0] ; inst|altpll_component|pll|clk[0] ; 13.333       ; 0.057      ; 1.945      ;
; 11.420 ; SOPC:inst2|altera_reset_controller:rst_controller|altera_reset_synchronizer:alt_rst_sync_uq1|altera_reset_synchronizer_int_chain_out ; SOPC:inst2|SOPC_cpu:cpu|A_mul_src1[24]                                                                                                                                                                                                                                                             ; inst|altpll_component|pll|clk[0] ; inst|altpll_component|pll|clk[0] ; 13.333       ; 0.057      ; 1.945      ;
; 11.420 ; SOPC:inst2|altera_reset_controller:rst_controller|altera_reset_synchronizer:alt_rst_sync_uq1|altera_reset_synchronizer_int_chain_out ; SOPC:inst2|SOPC_cpu:cpu|A_mul_src1[25]                                                                                                                                                                                                                                                             ; inst|altpll_component|pll|clk[0] ; inst|altpll_component|pll|clk[0] ; 13.333       ; 0.057      ; 1.945      ;
; 11.420 ; SOPC:inst2|altera_reset_controller:rst_controller|altera_reset_synchronizer:alt_rst_sync_uq1|altera_reset_synchronizer_int_chain_out ; SOPC:inst2|SOPC_cpu:cpu|A_mul_src1[26]                                                                                                                                                                                                                                                             ; inst|altpll_component|pll|clk[0] ; inst|altpll_component|pll|clk[0] ; 13.333       ; 0.057      ; 1.945      ;
; 11.420 ; SOPC:inst2|altera_reset_controller:rst_controller|altera_reset_synchronizer:alt_rst_sync_uq1|altera_reset_synchronizer_int_chain_out ; SOPC:inst2|SOPC_cpu:cpu|A_mul_src1[27]                                                                                                                                                                                                                                                             ; inst|altpll_component|pll|clk[0] ; inst|altpll_component|pll|clk[0] ; 13.333       ; 0.057      ; 1.945      ;
; 11.420 ; SOPC:inst2|altera_reset_controller:rst_controller|altera_reset_synchronizer:alt_rst_sync_uq1|altera_reset_synchronizer_int_chain_out ; SOPC:inst2|SOPC_cpu:cpu|A_mul_src1[28]                                                                                                                                                                                                                                                             ; inst|altpll_component|pll|clk[0] ; inst|altpll_component|pll|clk[0] ; 13.333       ; 0.057      ; 1.945      ;
; 11.420 ; SOPC:inst2|altera_reset_controller:rst_controller|altera_reset_synchronizer:alt_rst_sync_uq1|altera_reset_synchronizer_int_chain_out ; SOPC:inst2|SOPC_cpu:cpu|A_mul_src1[29]                                                                                                                                                                                                                                                             ; inst|altpll_component|pll|clk[0] ; inst|altpll_component|pll|clk[0] ; 13.333       ; 0.057      ; 1.945      ;
; 11.420 ; SOPC:inst2|altera_reset_controller:rst_controller|altera_reset_synchronizer:alt_rst_sync_uq1|altera_reset_synchronizer_int_chain_out ; SOPC:inst2|SOPC_cpu:cpu|A_mul_src1[30]                                                                                                                                                                                                                                                             ; inst|altpll_component|pll|clk[0] ; inst|altpll_component|pll|clk[0] ; 13.333       ; 0.057      ; 1.945      ;
; 11.420 ; SOPC:inst2|altera_reset_controller:rst_controller|altera_reset_synchronizer:alt_rst_sync_uq1|altera_reset_synchronizer_int_chain_out ; SOPC:inst2|SOPC_cpu:cpu|A_mul_src1[31]                                                                                                                                                                                                                                                             ; inst|altpll_component|pll|clk[0] ; inst|altpll_component|pll|clk[0] ; 13.333       ; 0.057      ; 1.945      ;
; 11.427 ; SOPC:inst2|altera_reset_controller:rst_controller|altera_reset_synchronizer:alt_rst_sync_uq1|altera_reset_synchronizer_int_chain_out ; SOPC:inst2|SOPC_cpu:cpu|SOPC_cpu_mult_cell:the_SOPC_cpu_mult_cell|altera_mult_add:the_altmult_add_part_1|altera_mult_add_mpt2:auto_generated|altera_mult_add_rtl:altera_mult_add_rtl1|ama_multiplier_function:multiplier_block|ama_register_function:multiplier_register_block_0|data_out_wire[26] ; inst|altpll_component|pll|clk[0] ; inst|altpll_component|pll|clk[0] ; 13.333       ; 0.056      ; 1.937      ;
; 11.427 ; SOPC:inst2|altera_reset_controller:rst_controller|altera_reset_synchronizer:alt_rst_sync_uq1|altera_reset_synchronizer_int_chain_out ; SOPC:inst2|SOPC_cpu:cpu|SOPC_cpu_mult_cell:the_SOPC_cpu_mult_cell|altera_mult_add:the_altmult_add_part_1|altera_mult_add_mpt2:auto_generated|altera_mult_add_rtl:altera_mult_add_rtl1|ama_multiplier_function:multiplier_block|ama_register_function:multiplier_register_block_0|data_out_wire[1]  ; inst|altpll_component|pll|clk[0] ; inst|altpll_component|pll|clk[0] ; 13.333       ; 0.056      ; 1.937      ;
; 11.427 ; SOPC:inst2|altera_reset_controller:rst_controller|altera_reset_synchronizer:alt_rst_sync_uq1|altera_reset_synchronizer_int_chain_out ; SOPC:inst2|SOPC_cpu:cpu|SOPC_cpu_mult_cell:the_SOPC_cpu_mult_cell|altera_mult_add:the_altmult_add_part_1|altera_mult_add_mpt2:auto_generated|altera_mult_add_rtl:altera_mult_add_rtl1|ama_multiplier_function:multiplier_block|ama_register_function:multiplier_register_block_0|data_out_wire[0]  ; inst|altpll_component|pll|clk[0] ; inst|altpll_component|pll|clk[0] ; 13.333       ; 0.056      ; 1.937      ;
; 11.427 ; SOPC:inst2|altera_reset_controller:rst_controller|altera_reset_synchronizer:alt_rst_sync_uq1|altera_reset_synchronizer_int_chain_out ; SOPC:inst2|SOPC_cpu:cpu|SOPC_cpu_mult_cell:the_SOPC_cpu_mult_cell|altera_mult_add:the_altmult_add_part_1|altera_mult_add_mpt2:auto_generated|altera_mult_add_rtl:altera_mult_add_rtl1|ama_multiplier_function:multiplier_block|ama_register_function:multiplier_register_block_0|data_out_wire[3]  ; inst|altpll_component|pll|clk[0] ; inst|altpll_component|pll|clk[0] ; 13.333       ; 0.056      ; 1.937      ;
; 11.427 ; SOPC:inst2|altera_reset_controller:rst_controller|altera_reset_synchronizer:alt_rst_sync_uq1|altera_reset_synchronizer_int_chain_out ; SOPC:inst2|SOPC_cpu:cpu|SOPC_cpu_mult_cell:the_SOPC_cpu_mult_cell|altera_mult_add:the_altmult_add_part_1|altera_mult_add_mpt2:auto_generated|altera_mult_add_rtl:altera_mult_add_rtl1|ama_multiplier_function:multiplier_block|ama_register_function:multiplier_register_block_0|data_out_wire[2]  ; inst|altpll_component|pll|clk[0] ; inst|altpll_component|pll|clk[0] ; 13.333       ; 0.056      ; 1.937      ;
; 11.427 ; SOPC:inst2|altera_reset_controller:rst_controller|altera_reset_synchronizer:alt_rst_sync_uq1|altera_reset_synchronizer_int_chain_out ; SOPC:inst2|SOPC_cpu:cpu|SOPC_cpu_mult_cell:the_SOPC_cpu_mult_cell|altera_mult_add:the_altmult_add_part_1|altera_mult_add_mpt2:auto_generated|altera_mult_add_rtl:altera_mult_add_rtl1|ama_multiplier_function:multiplier_block|ama_register_function:multiplier_register_block_0|data_out_wire[7]  ; inst|altpll_component|pll|clk[0] ; inst|altpll_component|pll|clk[0] ; 13.333       ; 0.056      ; 1.937      ;
; 11.427 ; SOPC:inst2|altera_reset_controller:rst_controller|altera_reset_synchronizer:alt_rst_sync_uq1|altera_reset_synchronizer_int_chain_out ; SOPC:inst2|SOPC_cpu:cpu|SOPC_cpu_mult_cell:the_SOPC_cpu_mult_cell|altera_mult_add:the_altmult_add_part_1|altera_mult_add_mpt2:auto_generated|altera_mult_add_rtl:altera_mult_add_rtl1|ama_multiplier_function:multiplier_block|ama_register_function:multiplier_register_block_0|data_out_wire[4]  ; inst|altpll_component|pll|clk[0] ; inst|altpll_component|pll|clk[0] ; 13.333       ; 0.056      ; 1.937      ;
; 11.427 ; SOPC:inst2|altera_reset_controller:rst_controller|altera_reset_synchronizer:alt_rst_sync_uq1|altera_reset_synchronizer_int_chain_out ; SOPC:inst2|SOPC_cpu:cpu|SOPC_cpu_mult_cell:the_SOPC_cpu_mult_cell|altera_mult_add:the_altmult_add_part_1|altera_mult_add_mpt2:auto_generated|altera_mult_add_rtl:altera_mult_add_rtl1|ama_multiplier_function:multiplier_block|ama_register_function:multiplier_register_block_0|data_out_wire[5]  ; inst|altpll_component|pll|clk[0] ; inst|altpll_component|pll|clk[0] ; 13.333       ; 0.056      ; 1.937      ;
; 11.427 ; SOPC:inst2|altera_reset_controller:rst_controller|altera_reset_synchronizer:alt_rst_sync_uq1|altera_reset_synchronizer_int_chain_out ; SOPC:inst2|SOPC_cpu:cpu|SOPC_cpu_mult_cell:the_SOPC_cpu_mult_cell|altera_mult_add:the_altmult_add_part_1|altera_mult_add_mpt2:auto_generated|altera_mult_add_rtl:altera_mult_add_rtl1|ama_multiplier_function:multiplier_block|ama_register_function:multiplier_register_block_0|data_out_wire[6]  ; inst|altpll_component|pll|clk[0] ; inst|altpll_component|pll|clk[0] ; 13.333       ; 0.056      ; 1.937      ;
; 11.427 ; SOPC:inst2|altera_reset_controller:rst_controller|altera_reset_synchronizer:alt_rst_sync_uq1|altera_reset_synchronizer_int_chain_out ; SOPC:inst2|SOPC_cpu:cpu|SOPC_cpu_mult_cell:the_SOPC_cpu_mult_cell|altera_mult_add:the_altmult_add_part_1|altera_mult_add_mpt2:auto_generated|altera_mult_add_rtl:altera_mult_add_rtl1|ama_multiplier_function:multiplier_block|ama_register_function:multiplier_register_block_0|data_out_wire[17] ; inst|altpll_component|pll|clk[0] ; inst|altpll_component|pll|clk[0] ; 13.333       ; 0.056      ; 1.937      ;
; 11.427 ; SOPC:inst2|altera_reset_controller:rst_controller|altera_reset_synchronizer:alt_rst_sync_uq1|altera_reset_synchronizer_int_chain_out ; SOPC:inst2|SOPC_cpu:cpu|SOPC_cpu_mult_cell:the_SOPC_cpu_mult_cell|altera_mult_add:the_altmult_add_part_1|altera_mult_add_mpt2:auto_generated|altera_mult_add_rtl:altera_mult_add_rtl1|ama_multiplier_function:multiplier_block|ama_register_function:multiplier_register_block_0|data_out_wire[8]  ; inst|altpll_component|pll|clk[0] ; inst|altpll_component|pll|clk[0] ; 13.333       ; 0.056      ; 1.937      ;
; 11.427 ; SOPC:inst2|altera_reset_controller:rst_controller|altera_reset_synchronizer:alt_rst_sync_uq1|altera_reset_synchronizer_int_chain_out ; SOPC:inst2|SOPC_cpu:cpu|SOPC_cpu_mult_cell:the_SOPC_cpu_mult_cell|altera_mult_add:the_altmult_add_part_1|altera_mult_add_mpt2:auto_generated|altera_mult_add_rtl:altera_mult_add_rtl1|ama_multiplier_function:multiplier_block|ama_register_function:multiplier_register_block_0|data_out_wire[9]  ; inst|altpll_component|pll|clk[0] ; inst|altpll_component|pll|clk[0] ; 13.333       ; 0.056      ; 1.937      ;
; 11.427 ; SOPC:inst2|altera_reset_controller:rst_controller|altera_reset_synchronizer:alt_rst_sync_uq1|altera_reset_synchronizer_int_chain_out ; SOPC:inst2|SOPC_cpu:cpu|SOPC_cpu_mult_cell:the_SOPC_cpu_mult_cell|altera_mult_add:the_altmult_add_part_1|altera_mult_add_mpt2:auto_generated|altera_mult_add_rtl:altera_mult_add_rtl1|ama_multiplier_function:multiplier_block|ama_register_function:multiplier_register_block_0|data_out_wire[10] ; inst|altpll_component|pll|clk[0] ; inst|altpll_component|pll|clk[0] ; 13.333       ; 0.056      ; 1.937      ;
; 11.427 ; SOPC:inst2|altera_reset_controller:rst_controller|altera_reset_synchronizer:alt_rst_sync_uq1|altera_reset_synchronizer_int_chain_out ; SOPC:inst2|SOPC_cpu:cpu|SOPC_cpu_mult_cell:the_SOPC_cpu_mult_cell|altera_mult_add:the_altmult_add_part_1|altera_mult_add_mpt2:auto_generated|altera_mult_add_rtl:altera_mult_add_rtl1|ama_multiplier_function:multiplier_block|ama_register_function:multiplier_register_block_0|data_out_wire[11] ; inst|altpll_component|pll|clk[0] ; inst|altpll_component|pll|clk[0] ; 13.333       ; 0.056      ; 1.937      ;
; 11.427 ; SOPC:inst2|altera_reset_controller:rst_controller|altera_reset_synchronizer:alt_rst_sync_uq1|altera_reset_synchronizer_int_chain_out ; SOPC:inst2|SOPC_cpu:cpu|SOPC_cpu_mult_cell:the_SOPC_cpu_mult_cell|altera_mult_add:the_altmult_add_part_1|altera_mult_add_mpt2:auto_generated|altera_mult_add_rtl:altera_mult_add_rtl1|ama_multiplier_function:multiplier_block|ama_register_function:multiplier_register_block_0|data_out_wire[12] ; inst|altpll_component|pll|clk[0] ; inst|altpll_component|pll|clk[0] ; 13.333       ; 0.056      ; 1.937      ;
; 11.427 ; SOPC:inst2|altera_reset_controller:rst_controller|altera_reset_synchronizer:alt_rst_sync_uq1|altera_reset_synchronizer_int_chain_out ; SOPC:inst2|SOPC_cpu:cpu|SOPC_cpu_mult_cell:the_SOPC_cpu_mult_cell|altera_mult_add:the_altmult_add_part_1|altera_mult_add_mpt2:auto_generated|altera_mult_add_rtl:altera_mult_add_rtl1|ama_multiplier_function:multiplier_block|ama_register_function:multiplier_register_block_0|data_out_wire[13] ; inst|altpll_component|pll|clk[0] ; inst|altpll_component|pll|clk[0] ; 13.333       ; 0.056      ; 1.937      ;
; 11.427 ; SOPC:inst2|altera_reset_controller:rst_controller|altera_reset_synchronizer:alt_rst_sync_uq1|altera_reset_synchronizer_int_chain_out ; SOPC:inst2|SOPC_cpu:cpu|SOPC_cpu_mult_cell:the_SOPC_cpu_mult_cell|altera_mult_add:the_altmult_add_part_1|altera_mult_add_mpt2:auto_generated|altera_mult_add_rtl:altera_mult_add_rtl1|ama_multiplier_function:multiplier_block|ama_register_function:multiplier_register_block_0|data_out_wire[14] ; inst|altpll_component|pll|clk[0] ; inst|altpll_component|pll|clk[0] ; 13.333       ; 0.056      ; 1.937      ;
; 11.427 ; SOPC:inst2|altera_reset_controller:rst_controller|altera_reset_synchronizer:alt_rst_sync_uq1|altera_reset_synchronizer_int_chain_out ; SOPC:inst2|SOPC_cpu:cpu|SOPC_cpu_mult_cell:the_SOPC_cpu_mult_cell|altera_mult_add:the_altmult_add_part_1|altera_mult_add_mpt2:auto_generated|altera_mult_add_rtl:altera_mult_add_rtl1|ama_multiplier_function:multiplier_block|ama_register_function:multiplier_register_block_0|data_out_wire[15] ; inst|altpll_component|pll|clk[0] ; inst|altpll_component|pll|clk[0] ; 13.333       ; 0.056      ; 1.937      ;
; 11.427 ; SOPC:inst2|altera_reset_controller:rst_controller|altera_reset_synchronizer:alt_rst_sync_uq1|altera_reset_synchronizer_int_chain_out ; SOPC:inst2|SOPC_cpu:cpu|SOPC_cpu_mult_cell:the_SOPC_cpu_mult_cell|altera_mult_add:the_altmult_add_part_1|altera_mult_add_mpt2:auto_generated|altera_mult_add_rtl:altera_mult_add_rtl1|ama_multiplier_function:multiplier_block|ama_register_function:multiplier_register_block_0|data_out_wire[21] ; inst|altpll_component|pll|clk[0] ; inst|altpll_component|pll|clk[0] ; 13.333       ; 0.056      ; 1.937      ;
; 11.427 ; SOPC:inst2|altera_reset_controller:rst_controller|altera_reset_synchronizer:alt_rst_sync_uq1|altera_reset_synchronizer_int_chain_out ; SOPC:inst2|SOPC_cpu:cpu|SOPC_cpu_mult_cell:the_SOPC_cpu_mult_cell|altera_mult_add:the_altmult_add_part_1|altera_mult_add_mpt2:auto_generated|altera_mult_add_rtl:altera_mult_add_rtl1|ama_multiplier_function:multiplier_block|ama_register_function:multiplier_register_block_0|data_out_wire[18] ; inst|altpll_component|pll|clk[0] ; inst|altpll_component|pll|clk[0] ; 13.333       ; 0.056      ; 1.937      ;
; 11.427 ; SOPC:inst2|altera_reset_controller:rst_controller|altera_reset_synchronizer:alt_rst_sync_uq1|altera_reset_synchronizer_int_chain_out ; SOPC:inst2|SOPC_cpu:cpu|SOPC_cpu_mult_cell:the_SOPC_cpu_mult_cell|altera_mult_add:the_altmult_add_part_1|altera_mult_add_mpt2:auto_generated|altera_mult_add_rtl:altera_mult_add_rtl1|ama_multiplier_function:multiplier_block|ama_register_function:multiplier_register_block_0|data_out_wire[19] ; inst|altpll_component|pll|clk[0] ; inst|altpll_component|pll|clk[0] ; 13.333       ; 0.056      ; 1.937      ;
; 11.427 ; SOPC:inst2|altera_reset_controller:rst_controller|altera_reset_synchronizer:alt_rst_sync_uq1|altera_reset_synchronizer_int_chain_out ; SOPC:inst2|SOPC_cpu:cpu|SOPC_cpu_mult_cell:the_SOPC_cpu_mult_cell|altera_mult_add:the_altmult_add_part_1|altera_mult_add_mpt2:auto_generated|altera_mult_add_rtl:altera_mult_add_rtl1|ama_multiplier_function:multiplier_block|ama_register_function:multiplier_register_block_0|data_out_wire[20] ; inst|altpll_component|pll|clk[0] ; inst|altpll_component|pll|clk[0] ; 13.333       ; 0.056      ; 1.937      ;
; 11.427 ; SOPC:inst2|altera_reset_controller:rst_controller|altera_reset_synchronizer:alt_rst_sync_uq1|altera_reset_synchronizer_int_chain_out ; SOPC:inst2|SOPC_cpu:cpu|SOPC_cpu_mult_cell:the_SOPC_cpu_mult_cell|altera_mult_add:the_altmult_add_part_1|altera_mult_add_mpt2:auto_generated|altera_mult_add_rtl:altera_mult_add_rtl1|ama_multiplier_function:multiplier_block|ama_register_function:multiplier_register_block_0|data_out_wire[24] ; inst|altpll_component|pll|clk[0] ; inst|altpll_component|pll|clk[0] ; 13.333       ; 0.056      ; 1.937      ;
; 11.427 ; SOPC:inst2|altera_reset_controller:rst_controller|altera_reset_synchronizer:alt_rst_sync_uq1|altera_reset_synchronizer_int_chain_out ; SOPC:inst2|SOPC_cpu:cpu|SOPC_cpu_mult_cell:the_SOPC_cpu_mult_cell|altera_mult_add:the_altmult_add_part_1|altera_mult_add_mpt2:auto_generated|altera_mult_add_rtl:altera_mult_add_rtl1|ama_multiplier_function:multiplier_block|ama_register_function:multiplier_register_block_0|data_out_wire[22] ; inst|altpll_component|pll|clk[0] ; inst|altpll_component|pll|clk[0] ; 13.333       ; 0.056      ; 1.937      ;
; 11.427 ; SOPC:inst2|altera_reset_controller:rst_controller|altera_reset_synchronizer:alt_rst_sync_uq1|altera_reset_synchronizer_int_chain_out ; SOPC:inst2|SOPC_cpu:cpu|SOPC_cpu_mult_cell:the_SOPC_cpu_mult_cell|altera_mult_add:the_altmult_add_part_1|altera_mult_add_mpt2:auto_generated|altera_mult_add_rtl:altera_mult_add_rtl1|ama_multiplier_function:multiplier_block|ama_register_function:multiplier_register_block_0|data_out_wire[23] ; inst|altpll_component|pll|clk[0] ; inst|altpll_component|pll|clk[0] ; 13.333       ; 0.056      ; 1.937      ;
; 11.427 ; SOPC:inst2|altera_reset_controller:rst_controller|altera_reset_synchronizer:alt_rst_sync_uq1|altera_reset_synchronizer_int_chain_out ; SOPC:inst2|SOPC_cpu:cpu|SOPC_cpu_mult_cell:the_SOPC_cpu_mult_cell|altera_mult_add:the_altmult_add_part_1|altera_mult_add_mpt2:auto_generated|altera_mult_add_rtl:altera_mult_add_rtl1|ama_multiplier_function:multiplier_block|ama_register_function:multiplier_register_block_0|data_out_wire[28] ; inst|altpll_component|pll|clk[0] ; inst|altpll_component|pll|clk[0] ; 13.333       ; 0.056      ; 1.937      ;
; 11.427 ; SOPC:inst2|altera_reset_controller:rst_controller|altera_reset_synchronizer:alt_rst_sync_uq1|altera_reset_synchronizer_int_chain_out ; SOPC:inst2|SOPC_cpu:cpu|SOPC_cpu_mult_cell:the_SOPC_cpu_mult_cell|altera_mult_add:the_altmult_add_part_1|altera_mult_add_mpt2:auto_generated|altera_mult_add_rtl:altera_mult_add_rtl1|ama_multiplier_function:multiplier_block|ama_register_function:multiplier_register_block_0|data_out_wire[25] ; inst|altpll_component|pll|clk[0] ; inst|altpll_component|pll|clk[0] ; 13.333       ; 0.056      ; 1.937      ;
; 11.427 ; SOPC:inst2|altera_reset_controller:rst_controller|altera_reset_synchronizer:alt_rst_sync_uq1|altera_reset_synchronizer_int_chain_out ; SOPC:inst2|SOPC_cpu:cpu|SOPC_cpu_mult_cell:the_SOPC_cpu_mult_cell|altera_mult_add:the_altmult_add_part_1|altera_mult_add_mpt2:auto_generated|altera_mult_add_rtl:altera_mult_add_rtl1|ama_multiplier_function:multiplier_block|ama_register_function:multiplier_register_block_0|data_out_wire[27] ; inst|altpll_component|pll|clk[0] ; inst|altpll_component|pll|clk[0] ; 13.333       ; 0.056      ; 1.937      ;
; 11.427 ; SOPC:inst2|altera_reset_controller:rst_controller|altera_reset_synchronizer:alt_rst_sync_uq1|altera_reset_synchronizer_int_chain_out ; SOPC:inst2|SOPC_cpu:cpu|SOPC_cpu_mult_cell:the_SOPC_cpu_mult_cell|altera_mult_add:the_altmult_add_part_1|altera_mult_add_mpt2:auto_generated|altera_mult_add_rtl:altera_mult_add_rtl1|ama_multiplier_function:multiplier_block|ama_register_function:multiplier_register_block_0|data_out_wire[29] ; inst|altpll_component|pll|clk[0] ; inst|altpll_component|pll|clk[0] ; 13.333       ; 0.056      ; 1.937      ;
; 11.427 ; SOPC:inst2|altera_reset_controller:rst_controller|altera_reset_synchronizer:alt_rst_sync_uq1|altera_reset_synchronizer_int_chain_out ; SOPC:inst2|SOPC_cpu:cpu|SOPC_cpu_mult_cell:the_SOPC_cpu_mult_cell|altera_mult_add:the_altmult_add_part_1|altera_mult_add_mpt2:auto_generated|altera_mult_add_rtl:altera_mult_add_rtl1|ama_multiplier_function:multiplier_block|ama_register_function:multiplier_register_block_0|data_out_wire[30] ; inst|altpll_component|pll|clk[0] ; inst|altpll_component|pll|clk[0] ; 13.333       ; 0.056      ; 1.937      ;
; 11.427 ; SOPC:inst2|altera_reset_controller:rst_controller|altera_reset_synchronizer:alt_rst_sync_uq1|altera_reset_synchronizer_int_chain_out ; SOPC:inst2|SOPC_cpu:cpu|SOPC_cpu_mult_cell:the_SOPC_cpu_mult_cell|altera_mult_add:the_altmult_add_part_1|altera_mult_add_mpt2:auto_generated|altera_mult_add_rtl:altera_mult_add_rtl1|ama_multiplier_function:multiplier_block|ama_register_function:multiplier_register_block_0|data_out_wire[16] ; inst|altpll_component|pll|clk[0] ; inst|altpll_component|pll|clk[0] ; 13.333       ; 0.056      ; 1.937      ;
; 11.427 ; SOPC:inst2|altera_reset_controller:rst_controller|altera_reset_synchronizer:alt_rst_sync_uq1|altera_reset_synchronizer_int_chain_out ; SOPC:inst2|SOPC_cpu:cpu|SOPC_cpu_mult_cell:the_SOPC_cpu_mult_cell|altera_mult_add:the_altmult_add_part_1|altera_mult_add_mpt2:auto_generated|altera_mult_add_rtl:altera_mult_add_rtl1|ama_multiplier_function:multiplier_block|ama_register_function:multiplier_register_block_0|data_out_wire[31] ; inst|altpll_component|pll|clk[0] ; inst|altpll_component|pll|clk[0] ; 13.333       ; 0.056      ; 1.937      ;
; 11.427 ; SOPC:inst2|altera_reset_controller:rst_controller|altera_reset_synchronizer:alt_rst_sync_uq1|altera_reset_synchronizer_int_chain_out ; SOPC:inst2|SOPC_cpu:cpu|SOPC_cpu_mult_cell:the_SOPC_cpu_mult_cell|altera_mult_add:the_altmult_add_part_2|altera_mult_add_opt2:auto_generated|altera_mult_add_rtl:altera_mult_add_rtl1|ama_multiplier_function:multiplier_block|ama_register_function:multiplier_register_block_0|data_out_wire[1]  ; inst|altpll_component|pll|clk[0] ; inst|altpll_component|pll|clk[0] ; 13.333       ; 0.057      ; 1.938      ;
; 11.427 ; SOPC:inst2|altera_reset_controller:rst_controller|altera_reset_synchronizer:alt_rst_sync_uq1|altera_reset_synchronizer_int_chain_out ; SOPC:inst2|SOPC_cpu:cpu|SOPC_cpu_mult_cell:the_SOPC_cpu_mult_cell|altera_mult_add:the_altmult_add_part_2|altera_mult_add_opt2:auto_generated|altera_mult_add_rtl:altera_mult_add_rtl1|ama_multiplier_function:multiplier_block|ama_register_function:multiplier_register_block_0|data_out_wire[0]  ; inst|altpll_component|pll|clk[0] ; inst|altpll_component|pll|clk[0] ; 13.333       ; 0.057      ; 1.938      ;
+--------+--------------------------------------------------------------------------------------------------------------------------------------+----------------------------------------------------------------------------------------------------------------------------------------------------------------------------------------------------------------------------------------------------------------------------------------------------+----------------------------------+----------------------------------+--------------+------------+------------+


+---------------------------------------------------------------------------------------------------------------------------------------------------------------------------------------------------------------------------------------------------------------------------------------------------------------------------------------------------------------------------------------------------------------------------------------------------------------------------+
; Fast Model Removal: 'inst|altpll_component|pll|clk[0]'                                                                                                                                                                                                                                                                                                                                                                                                                    ;
+-------+--------------------------------------------------------------------------------------------------------------------------------------+-------------------------------------------------------------------------------------------------------------------------------------------------------------------------------------------------------------+----------------------------------+----------------------------------+--------------+------------+------------+
; Slack ; From Node                                                                                                                            ; To Node                                                                                                                                                                                                     ; Launch Clock                     ; Latch Clock                      ; Relationship ; Clock Skew ; Data Delay ;
+-------+--------------------------------------------------------------------------------------------------------------------------------------+-------------------------------------------------------------------------------------------------------------------------------------------------------------------------------------------------------------+----------------------------------+----------------------------------+--------------+------------+------------+
; 1.394 ; SOPC:inst2|altera_reset_controller:rst_controller|altera_reset_synchronizer:alt_rst_sync_uq1|altera_reset_synchronizer_int_chain_out ; SOPC:inst2|altera_avalon_sc_fifo:sysid_control_slave_translator_avalon_universal_slave_0_agent_rsp_fifo|mem_used[0]                                                                                         ; inst|altpll_component|pll|clk[0] ; inst|altpll_component|pll|clk[0] ; 0.000        ; 0.024      ; 1.570      ;
; 1.394 ; SOPC:inst2|altera_reset_controller:rst_controller|altera_reset_synchronizer:alt_rst_sync_uq1|altera_reset_synchronizer_int_chain_out ; SOPC:inst2|altera_merlin_master_agent:cpu_data_master_translator_avalon_universal_master_0_agent|hold_waitrequest                                                                                           ; inst|altpll_component|pll|clk[0] ; inst|altpll_component|pll|clk[0] ; 0.000        ; 0.027      ; 1.573      ;
; 1.394 ; SOPC:inst2|altera_reset_controller:rst_controller|altera_reset_synchronizer:alt_rst_sync_uq1|altera_reset_synchronizer_int_chain_out ; SOPC:inst2|SOPC_jtag_uart:jtag_uart|read_0                                                                                                                                                                  ; inst|altpll_component|pll|clk[0] ; inst|altpll_component|pll|clk[0] ; 0.000        ; 0.019      ; 1.565      ;
; 1.394 ; SOPC:inst2|altera_reset_controller:rst_controller|altera_reset_synchronizer:alt_rst_sync_uq1|altera_reset_synchronizer_int_chain_out ; SOPC:inst2|SOPC_jtag_uart:jtag_uart|alt_jtag_atlantic:SOPC_jtag_uart_alt_jtag_atlantic|rst2                                                                                                                 ; inst|altpll_component|pll|clk[0] ; inst|altpll_component|pll|clk[0] ; 0.000        ; 0.014      ; 1.560      ;
; 1.394 ; SOPC:inst2|altera_reset_controller:rst_controller|altera_reset_synchronizer:alt_rst_sync_uq1|altera_reset_synchronizer_int_chain_out ; SOPC:inst2|SOPC_jtag_uart:jtag_uart|alt_jtag_atlantic:SOPC_jtag_uart_alt_jtag_atlantic|write1                                                                                                               ; inst|altpll_component|pll|clk[0] ; inst|altpll_component|pll|clk[0] ; 0.000        ; 0.014      ; 1.560      ;
; 1.394 ; SOPC:inst2|altera_reset_controller:rst_controller|altera_reset_synchronizer:alt_rst_sync_uq1|altera_reset_synchronizer_int_chain_out ; SOPC:inst2|SOPC_jtag_uart:jtag_uart|alt_jtag_atlantic:SOPC_jtag_uart_alt_jtag_atlantic|write2                                                                                                               ; inst|altpll_component|pll|clk[0] ; inst|altpll_component|pll|clk[0] ; 0.000        ; 0.014      ; 1.560      ;
; 1.394 ; SOPC:inst2|altera_reset_controller:rst_controller|altera_reset_synchronizer:alt_rst_sync_uq1|altera_reset_synchronizer_int_chain_out ; SOPC:inst2|SOPC_jtag_uart:jtag_uart|SOPC_jtag_uart_scfifo_r:the_SOPC_jtag_uart_scfifo_r|scfifo:rfifo|scfifo_1n21:auto_generated|a_dpfifo_8t21:dpfifo|a_fefifo_7cf:fifo_state|cntr_rj7:count_usedw|safe_q[0] ; inst|altpll_component|pll|clk[0] ; inst|altpll_component|pll|clk[0] ; 0.000        ; 0.020      ; 1.566      ;
; 1.394 ; SOPC:inst2|altera_reset_controller:rst_controller|altera_reset_synchronizer:alt_rst_sync_uq1|altera_reset_synchronizer_int_chain_out ; SOPC:inst2|SOPC_jtag_uart:jtag_uart|SOPC_jtag_uart_scfifo_r:the_SOPC_jtag_uart_scfifo_r|scfifo:rfifo|scfifo_1n21:auto_generated|a_dpfifo_8t21:dpfifo|a_fefifo_7cf:fifo_state|cntr_rj7:count_usedw|safe_q[1] ; inst|altpll_component|pll|clk[0] ; inst|altpll_component|pll|clk[0] ; 0.000        ; 0.020      ; 1.566      ;
; 1.394 ; SOPC:inst2|altera_reset_controller:rst_controller|altera_reset_synchronizer:alt_rst_sync_uq1|altera_reset_synchronizer_int_chain_out ; SOPC:inst2|SOPC_jtag_uart:jtag_uart|SOPC_jtag_uart_scfifo_r:the_SOPC_jtag_uart_scfifo_r|scfifo:rfifo|scfifo_1n21:auto_generated|a_dpfifo_8t21:dpfifo|a_fefifo_7cf:fifo_state|cntr_rj7:count_usedw|safe_q[2] ; inst|altpll_component|pll|clk[0] ; inst|altpll_component|pll|clk[0] ; 0.000        ; 0.020      ; 1.566      ;
; 1.394 ; SOPC:inst2|altera_reset_controller:rst_controller|altera_reset_synchronizer:alt_rst_sync_uq1|altera_reset_synchronizer_int_chain_out ; SOPC:inst2|SOPC_jtag_uart:jtag_uart|SOPC_jtag_uart_scfifo_r:the_SOPC_jtag_uart_scfifo_r|scfifo:rfifo|scfifo_1n21:auto_generated|a_dpfifo_8t21:dpfifo|a_fefifo_7cf:fifo_state|cntr_rj7:count_usedw|safe_q[4] ; inst|altpll_component|pll|clk[0] ; inst|altpll_component|pll|clk[0] ; 0.000        ; 0.020      ; 1.566      ;
; 1.394 ; SOPC:inst2|altera_reset_controller:rst_controller|altera_reset_synchronizer:alt_rst_sync_uq1|altera_reset_synchronizer_int_chain_out ; SOPC:inst2|SOPC_jtag_uart:jtag_uart|SOPC_jtag_uart_scfifo_r:the_SOPC_jtag_uart_scfifo_r|scfifo:rfifo|scfifo_1n21:auto_generated|a_dpfifo_8t21:dpfifo|a_fefifo_7cf:fifo_state|cntr_rj7:count_usedw|safe_q[5] ; inst|altpll_component|pll|clk[0] ; inst|altpll_component|pll|clk[0] ; 0.000        ; 0.020      ; 1.566      ;
; 1.394 ; SOPC:inst2|altera_reset_controller:rst_controller|altera_reset_synchronizer:alt_rst_sync_uq1|altera_reset_synchronizer_int_chain_out ; SOPC:inst2|SOPC_jtag_uart:jtag_uart|SOPC_jtag_uart_scfifo_r:the_SOPC_jtag_uart_scfifo_r|scfifo:rfifo|scfifo_1n21:auto_generated|a_dpfifo_8t21:dpfifo|a_fefifo_7cf:fifo_state|b_non_empty                    ; inst|altpll_component|pll|clk[0] ; inst|altpll_component|pll|clk[0] ; 0.000        ; 0.020      ; 1.566      ;
; 1.394 ; SOPC:inst2|altera_reset_controller:rst_controller|altera_reset_synchronizer:alt_rst_sync_uq1|altera_reset_synchronizer_int_chain_out ; SOPC:inst2|SOPC_jtag_uart:jtag_uart|SOPC_jtag_uart_scfifo_r:the_SOPC_jtag_uart_scfifo_r|scfifo:rfifo|scfifo_1n21:auto_generated|a_dpfifo_8t21:dpfifo|a_fefifo_7cf:fifo_state|b_full                         ; inst|altpll_component|pll|clk[0] ; inst|altpll_component|pll|clk[0] ; 0.000        ; 0.019      ; 1.565      ;
; 1.394 ; SOPC:inst2|altera_reset_controller:rst_controller|altera_reset_synchronizer:alt_rst_sync_uq1|altera_reset_synchronizer_int_chain_out ; SOPC:inst2|SOPC_jtag_uart:jtag_uart|t_dav                                                                                                                                                                   ; inst|altpll_component|pll|clk[0] ; inst|altpll_component|pll|clk[0] ; 0.000        ; 0.024      ; 1.570      ;
; 1.394 ; SOPC:inst2|altera_reset_controller:rst_controller|altera_reset_synchronizer:alt_rst_sync_uq1|altera_reset_synchronizer_int_chain_out ; SOPC:inst2|SOPC_jtag_uart:jtag_uart|alt_jtag_atlantic:SOPC_jtag_uart_alt_jtag_atlantic|t_ena~reg0                                                                                                           ; inst|altpll_component|pll|clk[0] ; inst|altpll_component|pll|clk[0] ; 0.000        ; 0.014      ; 1.560      ;
; 1.394 ; SOPC:inst2|altera_reset_controller:rst_controller|altera_reset_synchronizer:alt_rst_sync_uq1|altera_reset_synchronizer_int_chain_out ; SOPC:inst2|SOPC_jtag_uart:jtag_uart|SOPC_jtag_uart_scfifo_r:the_SOPC_jtag_uart_scfifo_r|scfifo:rfifo|scfifo_1n21:auto_generated|a_dpfifo_8t21:dpfifo|a_fefifo_7cf:fifo_state|cntr_rj7:count_usedw|safe_q[3] ; inst|altpll_component|pll|clk[0] ; inst|altpll_component|pll|clk[0] ; 0.000        ; 0.020      ; 1.566      ;
; 1.394 ; SOPC:inst2|altera_reset_controller:rst_controller|altera_reset_synchronizer:alt_rst_sync_uq1|altera_reset_synchronizer_int_chain_out ; SOPC:inst2|SOPC_jtag_uart:jtag_uart|fifo_wr                                                                                                                                                                 ; inst|altpll_component|pll|clk[0] ; inst|altpll_component|pll|clk[0] ; 0.000        ; 0.019      ; 1.565      ;
; 1.394 ; SOPC:inst2|altera_reset_controller:rst_controller|altera_reset_synchronizer:alt_rst_sync_uq1|altera_reset_synchronizer_int_chain_out ; SOPC:inst2|SOPC_jtag_uart:jtag_uart|SOPC_jtag_uart_scfifo_w:the_SOPC_jtag_uart_scfifo_w|scfifo:wfifo|scfifo_1n21:auto_generated|a_dpfifo_8t21:dpfifo|a_fefifo_7cf:fifo_state|cntr_rj7:count_usedw|safe_q[1] ; inst|altpll_component|pll|clk[0] ; inst|altpll_component|pll|clk[0] ; 0.000        ; 0.028      ; 1.574      ;
; 1.394 ; SOPC:inst2|altera_reset_controller:rst_controller|altera_reset_synchronizer:alt_rst_sync_uq1|altera_reset_synchronizer_int_chain_out ; SOPC:inst2|SOPC_jtag_uart:jtag_uart|SOPC_jtag_uart_scfifo_w:the_SOPC_jtag_uart_scfifo_w|scfifo:wfifo|scfifo_1n21:auto_generated|a_dpfifo_8t21:dpfifo|a_fefifo_7cf:fifo_state|cntr_rj7:count_usedw|safe_q[2] ; inst|altpll_component|pll|clk[0] ; inst|altpll_component|pll|clk[0] ; 0.000        ; 0.028      ; 1.574      ;
; 1.394 ; SOPC:inst2|altera_reset_controller:rst_controller|altera_reset_synchronizer:alt_rst_sync_uq1|altera_reset_synchronizer_int_chain_out ; SOPC:inst2|SOPC_jtag_uart:jtag_uart|SOPC_jtag_uart_scfifo_w:the_SOPC_jtag_uart_scfifo_w|scfifo:wfifo|scfifo_1n21:auto_generated|a_dpfifo_8t21:dpfifo|a_fefifo_7cf:fifo_state|cntr_rj7:count_usedw|safe_q[3] ; inst|altpll_component|pll|clk[0] ; inst|altpll_component|pll|clk[0] ; 0.000        ; 0.028      ; 1.574      ;
; 1.394 ; SOPC:inst2|altera_reset_controller:rst_controller|altera_reset_synchronizer:alt_rst_sync_uq1|altera_reset_synchronizer_int_chain_out ; SOPC:inst2|SOPC_jtag_uart:jtag_uart|SOPC_jtag_uart_scfifo_w:the_SOPC_jtag_uart_scfifo_w|scfifo:wfifo|scfifo_1n21:auto_generated|a_dpfifo_8t21:dpfifo|a_fefifo_7cf:fifo_state|cntr_rj7:count_usedw|safe_q[4] ; inst|altpll_component|pll|clk[0] ; inst|altpll_component|pll|clk[0] ; 0.000        ; 0.028      ; 1.574      ;
; 1.394 ; SOPC:inst2|altera_reset_controller:rst_controller|altera_reset_synchronizer:alt_rst_sync_uq1|altera_reset_synchronizer_int_chain_out ; SOPC:inst2|SOPC_jtag_uart:jtag_uart|SOPC_jtag_uart_scfifo_w:the_SOPC_jtag_uart_scfifo_w|scfifo:wfifo|scfifo_1n21:auto_generated|a_dpfifo_8t21:dpfifo|a_fefifo_7cf:fifo_state|cntr_rj7:count_usedw|safe_q[5] ; inst|altpll_component|pll|clk[0] ; inst|altpll_component|pll|clk[0] ; 0.000        ; 0.028      ; 1.574      ;
; 1.394 ; SOPC:inst2|altera_reset_controller:rst_controller|altera_reset_synchronizer:alt_rst_sync_uq1|altera_reset_synchronizer_int_chain_out ; SOPC:inst2|SOPC_jtag_uart:jtag_uart|SOPC_jtag_uart_scfifo_w:the_SOPC_jtag_uart_scfifo_w|scfifo:wfifo|scfifo_1n21:auto_generated|a_dpfifo_8t21:dpfifo|a_fefifo_7cf:fifo_state|b_full                         ; inst|altpll_component|pll|clk[0] ; inst|altpll_component|pll|clk[0] ; 0.000        ; 0.028      ; 1.574      ;
; 1.394 ; SOPC:inst2|altera_reset_controller:rst_controller|altera_reset_synchronizer:alt_rst_sync_uq1|altera_reset_synchronizer_int_chain_out ; SOPC:inst2|SOPC_jtag_uart:jtag_uart|SOPC_jtag_uart_scfifo_w:the_SOPC_jtag_uart_scfifo_w|scfifo:wfifo|scfifo_1n21:auto_generated|a_dpfifo_8t21:dpfifo|a_fefifo_7cf:fifo_state|b_non_empty                    ; inst|altpll_component|pll|clk[0] ; inst|altpll_component|pll|clk[0] ; 0.000        ; 0.028      ; 1.574      ;
; 1.394 ; SOPC:inst2|altera_reset_controller:rst_controller|altera_reset_synchronizer:alt_rst_sync_uq1|altera_reset_synchronizer_int_chain_out ; SOPC:inst2|SOPC_jtag_uart:jtag_uart|r_val                                                                                                                                                                   ; inst|altpll_component|pll|clk[0] ; inst|altpll_component|pll|clk[0] ; 0.000        ; 0.014      ; 1.560      ;
; 1.394 ; SOPC:inst2|altera_reset_controller:rst_controller|altera_reset_synchronizer:alt_rst_sync_uq1|altera_reset_synchronizer_int_chain_out ; SOPC:inst2|SOPC_jtag_uart:jtag_uart|alt_jtag_atlantic:SOPC_jtag_uart_alt_jtag_atlantic|rvalid                                                                                                               ; inst|altpll_component|pll|clk[0] ; inst|altpll_component|pll|clk[0] ; 0.000        ; 0.014      ; 1.560      ;
; 1.394 ; SOPC:inst2|altera_reset_controller:rst_controller|altera_reset_synchronizer:alt_rst_sync_uq1|altera_reset_synchronizer_int_chain_out ; SOPC:inst2|altera_avalon_sc_fifo:lcd32_data_s1_translator_avalon_universal_slave_0_agent_rsp_fifo|mem_used[0]                                                                                               ; inst|altpll_component|pll|clk[0] ; inst|altpll_component|pll|clk[0] ; 0.000        ; 0.023      ; 1.569      ;
; 1.394 ; SOPC:inst2|altera_reset_controller:rst_controller|altera_reset_synchronizer:alt_rst_sync_uq1|altera_reset_synchronizer_int_chain_out ; SOPC:inst2|altera_merlin_slave_translator:lcd32_data_s1_translator|wait_latency_counter[1]                                                                                                                  ; inst|altpll_component|pll|clk[0] ; inst|altpll_component|pll|clk[0] ; 0.000        ; 0.023      ; 1.569      ;
; 1.394 ; SOPC:inst2|altera_reset_controller:rst_controller|altera_reset_synchronizer:alt_rst_sync_uq1|altera_reset_synchronizer_int_chain_out ; SOPC:inst2|altera_avalon_sc_fifo:lcd32_data_s1_translator_avalon_universal_slave_0_agent_rsp_fifo|mem_used[1]                                                                                               ; inst|altpll_component|pll|clk[0] ; inst|altpll_component|pll|clk[0] ; 0.000        ; 0.023      ; 1.569      ;
; 1.394 ; SOPC:inst2|altera_reset_controller:rst_controller|altera_reset_synchronizer:alt_rst_sync_uq1|altera_reset_synchronizer_int_chain_out ; SOPC:inst2|altera_merlin_slave_translator:lcd32_data_s1_translator|wait_latency_counter[0]                                                                                                                  ; inst|altpll_component|pll|clk[0] ; inst|altpll_component|pll|clk[0] ; 0.000        ; 0.023      ; 1.569      ;
; 1.394 ; SOPC:inst2|altera_reset_controller:rst_controller|altera_reset_synchronizer:alt_rst_sync_uq1|altera_reset_synchronizer_int_chain_out ; SOPC:inst2|altera_merlin_slave_translator:lcd32_data_s1_translator|read_latency_shift_reg[0]                                                                                                                ; inst|altpll_component|pll|clk[0] ; inst|altpll_component|pll|clk[0] ; 0.000        ; 0.023      ; 1.569      ;
; 1.394 ; SOPC:inst2|altera_reset_controller:rst_controller|altera_reset_synchronizer:alt_rst_sync_uq1|altera_reset_synchronizer_int_chain_out ; SOPC:inst2|SOPC_lcd32_data:lcd32_data|data_out[7]                                                                                                                                                           ; inst|altpll_component|pll|clk[0] ; inst|altpll_component|pll|clk[0] ; 0.000        ; 0.031      ; 1.577      ;
; 1.394 ; SOPC:inst2|altera_reset_controller:rst_controller|altera_reset_synchronizer:alt_rst_sync_uq1|altera_reset_synchronizer_int_chain_out ; SOPC:inst2|SOPC_lcd32_data:lcd32_data|data_dir[7]                                                                                                                                                           ; inst|altpll_component|pll|clk[0] ; inst|altpll_component|pll|clk[0] ; 0.000        ; 0.032      ; 1.578      ;
; 1.394 ; SOPC:inst2|altera_reset_controller:rst_controller|altera_reset_synchronizer:alt_rst_sync_uq1|altera_reset_synchronizer_int_chain_out ; SOPC:inst2|SOPC_lcd32_data:lcd32_data|readdata[7]                                                                                                                                                           ; inst|altpll_component|pll|clk[0] ; inst|altpll_component|pll|clk[0] ; 0.000        ; 0.030      ; 1.576      ;
; 1.394 ; SOPC:inst2|altera_reset_controller:rst_controller|altera_reset_synchronizer:alt_rst_sync_uq1|altera_reset_synchronizer_int_chain_out ; SOPC:inst2|altera_merlin_slave_translator:lcd32_data_s1_translator|av_readdata_pre[7]                                                                                                                       ; inst|altpll_component|pll|clk[0] ; inst|altpll_component|pll|clk[0] ; 0.000        ; 0.013      ; 1.559      ;
; 1.394 ; SOPC:inst2|altera_reset_controller:rst_controller|altera_reset_synchronizer:alt_rst_sync_uq1|altera_reset_synchronizer_int_chain_out ; SOPC:inst2|altera_avalon_sc_fifo:sdram_s1_translator_avalon_universal_slave_0_agent_rsp_fifo|mem[7][66]                                                                                                     ; inst|altpll_component|pll|clk[0] ; inst|altpll_component|pll|clk[0] ; 0.000        ; 0.006      ; 1.552      ;
; 1.394 ; SOPC:inst2|altera_reset_controller:rst_controller|altera_reset_synchronizer:alt_rst_sync_uq1|altera_reset_synchronizer_int_chain_out ; SOPC:inst2|altera_avalon_sc_fifo:sdram_s1_translator_avalon_universal_slave_0_agent_rsp_fifo|mem[6][66]                                                                                                     ; inst|altpll_component|pll|clk[0] ; inst|altpll_component|pll|clk[0] ; 0.000        ; 0.006      ; 1.552      ;
; 1.394 ; SOPC:inst2|altera_reset_controller:rst_controller|altera_reset_synchronizer:alt_rst_sync_uq1|altera_reset_synchronizer_int_chain_out ; SOPC:inst2|altera_avalon_sc_fifo:sdram_s1_translator_avalon_universal_slave_0_agent_rsp_fifo|mem[5][66]                                                                                                     ; inst|altpll_component|pll|clk[0] ; inst|altpll_component|pll|clk[0] ; 0.000        ; 0.000      ; 1.546      ;
; 1.394 ; SOPC:inst2|altera_reset_controller:rst_controller|altera_reset_synchronizer:alt_rst_sync_uq1|altera_reset_synchronizer_int_chain_out ; SOPC:inst2|altera_avalon_sc_fifo:sdram_s1_translator_avalon_universal_slave_0_agent_rsp_fifo|mem[4][66]                                                                                                     ; inst|altpll_component|pll|clk[0] ; inst|altpll_component|pll|clk[0] ; 0.000        ; 0.000      ; 1.546      ;
; 1.394 ; SOPC:inst2|altera_reset_controller:rst_controller|altera_reset_synchronizer:alt_rst_sync_uq1|altera_reset_synchronizer_int_chain_out ; SOPC:inst2|altera_avalon_sc_fifo:sdram_s1_translator_avalon_universal_slave_0_agent_rsp_fifo|mem[3][66]                                                                                                     ; inst|altpll_component|pll|clk[0] ; inst|altpll_component|pll|clk[0] ; 0.000        ; 0.007      ; 1.553      ;
; 1.394 ; SOPC:inst2|altera_reset_controller:rst_controller|altera_reset_synchronizer:alt_rst_sync_uq1|altera_reset_synchronizer_int_chain_out ; SOPC:inst2|altera_avalon_sc_fifo:sdram_s1_translator_avalon_universal_slave_0_agent_rsp_fifo|mem[2][66]                                                                                                     ; inst|altpll_component|pll|clk[0] ; inst|altpll_component|pll|clk[0] ; 0.000        ; 0.007      ; 1.553      ;
; 1.394 ; SOPC:inst2|altera_reset_controller:rst_controller|altera_reset_synchronizer:alt_rst_sync_uq1|altera_reset_synchronizer_int_chain_out ; SOPC:inst2|altera_avalon_sc_fifo:sdram_s1_translator_avalon_universal_slave_0_agent_rsp_fifo|mem[1][66]                                                                                                     ; inst|altpll_component|pll|clk[0] ; inst|altpll_component|pll|clk[0] ; 0.000        ; 0.002      ; 1.548      ;
; 1.394 ; SOPC:inst2|altera_reset_controller:rst_controller|altera_reset_synchronizer:alt_rst_sync_uq1|altera_reset_synchronizer_int_chain_out ; SOPC:inst2|altera_avalon_sc_fifo:sdram_s1_translator_avalon_universal_slave_0_agent_rsp_fifo|mem[0][66]                                                                                                     ; inst|altpll_component|pll|clk[0] ; inst|altpll_component|pll|clk[0] ; 0.000        ; 0.002      ; 1.548      ;
; 1.394 ; SOPC:inst2|altera_reset_controller:rst_controller|altera_reset_synchronizer:alt_rst_sync_uq1|altera_reset_synchronizer_int_chain_out ; SOPC:inst2|altera_avalon_sc_fifo:sdram_s1_translator_avalon_universal_slave_0_agent_rdata_fifo|rd_ptr[0]                                                                                                    ; inst|altpll_component|pll|clk[0] ; inst|altpll_component|pll|clk[0] ; 0.000        ; -0.002     ; 1.544      ;
; 1.394 ; SOPC:inst2|altera_reset_controller:rst_controller|altera_reset_synchronizer:alt_rst_sync_uq1|altera_reset_synchronizer_int_chain_out ; SOPC:inst2|altera_avalon_sc_fifo:sdram_s1_translator_avalon_universal_slave_0_agent_rdata_fifo|rd_ptr[1]                                                                                                    ; inst|altpll_component|pll|clk[0] ; inst|altpll_component|pll|clk[0] ; 0.000        ; -0.002     ; 1.544      ;
; 1.394 ; SOPC:inst2|altera_reset_controller:rst_controller|altera_reset_synchronizer:alt_rst_sync_uq1|altera_reset_synchronizer_int_chain_out ; SOPC:inst2|altera_avalon_sc_fifo:sdram_s1_translator_avalon_universal_slave_0_agent_rdata_fifo|rd_ptr[2]                                                                                                    ; inst|altpll_component|pll|clk[0] ; inst|altpll_component|pll|clk[0] ; 0.000        ; -0.002     ; 1.544      ;
; 1.394 ; SOPC:inst2|altera_reset_controller:rst_controller|altera_reset_synchronizer:alt_rst_sync_uq1|altera_reset_synchronizer_int_chain_out ; SOPC:inst2|altera_avalon_sc_fifo:sdram_s1_translator_avalon_universal_slave_0_agent_rdata_fifo|wr_ptr[0]                                                                                                    ; inst|altpll_component|pll|clk[0] ; inst|altpll_component|pll|clk[0] ; 0.000        ; 0.004      ; 1.550      ;
; 1.394 ; SOPC:inst2|altera_reset_controller:rst_controller|altera_reset_synchronizer:alt_rst_sync_uq1|altera_reset_synchronizer_int_chain_out ; SOPC:inst2|altera_avalon_sc_fifo:sdram_s1_translator_avalon_universal_slave_0_agent_rdata_fifo|wr_ptr[2]                                                                                                    ; inst|altpll_component|pll|clk[0] ; inst|altpll_component|pll|clk[0] ; 0.000        ; 0.004      ; 1.550      ;
; 1.394 ; SOPC:inst2|altera_reset_controller:rst_controller|altera_reset_synchronizer:alt_rst_sync_uq1|altera_reset_synchronizer_int_chain_out ; SOPC:inst2|SOPC_sdram:sdram|refresh_counter[0]                                                                                                                                                              ; inst|altpll_component|pll|clk[0] ; inst|altpll_component|pll|clk[0] ; 0.000        ; 0.023      ; 1.569      ;
; 1.394 ; SOPC:inst2|altera_reset_controller:rst_controller|altera_reset_synchronizer:alt_rst_sync_uq1|altera_reset_synchronizer_int_chain_out ; SOPC:inst2|SOPC_sdram:sdram|refresh_counter[1]                                                                                                                                                              ; inst|altpll_component|pll|clk[0] ; inst|altpll_component|pll|clk[0] ; 0.000        ; 0.023      ; 1.569      ;
; 1.394 ; SOPC:inst2|altera_reset_controller:rst_controller|altera_reset_synchronizer:alt_rst_sync_uq1|altera_reset_synchronizer_int_chain_out ; SOPC:inst2|SOPC_sdram:sdram|refresh_counter[2]                                                                                                                                                              ; inst|altpll_component|pll|clk[0] ; inst|altpll_component|pll|clk[0] ; 0.000        ; 0.023      ; 1.569      ;
; 1.394 ; SOPC:inst2|altera_reset_controller:rst_controller|altera_reset_synchronizer:alt_rst_sync_uq1|altera_reset_synchronizer_int_chain_out ; SOPC:inst2|SOPC_sdram:sdram|refresh_counter[3]                                                                                                                                                              ; inst|altpll_component|pll|clk[0] ; inst|altpll_component|pll|clk[0] ; 0.000        ; 0.023      ; 1.569      ;
; 1.394 ; SOPC:inst2|altera_reset_controller:rst_controller|altera_reset_synchronizer:alt_rst_sync_uq1|altera_reset_synchronizer_int_chain_out ; SOPC:inst2|SOPC_sdram:sdram|refresh_counter[4]                                                                                                                                                              ; inst|altpll_component|pll|clk[0] ; inst|altpll_component|pll|clk[0] ; 0.000        ; 0.023      ; 1.569      ;
; 1.394 ; SOPC:inst2|altera_reset_controller:rst_controller|altera_reset_synchronizer:alt_rst_sync_uq1|altera_reset_synchronizer_int_chain_out ; SOPC:inst2|SOPC_sdram:sdram|refresh_counter[5]                                                                                                                                                              ; inst|altpll_component|pll|clk[0] ; inst|altpll_component|pll|clk[0] ; 0.000        ; 0.023      ; 1.569      ;
; 1.394 ; SOPC:inst2|altera_reset_controller:rst_controller|altera_reset_synchronizer:alt_rst_sync_uq1|altera_reset_synchronizer_int_chain_out ; SOPC:inst2|SOPC_sdram:sdram|refresh_counter[6]                                                                                                                                                              ; inst|altpll_component|pll|clk[0] ; inst|altpll_component|pll|clk[0] ; 0.000        ; 0.023      ; 1.569      ;
; 1.394 ; SOPC:inst2|altera_reset_controller:rst_controller|altera_reset_synchronizer:alt_rst_sync_uq1|altera_reset_synchronizer_int_chain_out ; SOPC:inst2|SOPC_sdram:sdram|refresh_counter[7]                                                                                                                                                              ; inst|altpll_component|pll|clk[0] ; inst|altpll_component|pll|clk[0] ; 0.000        ; 0.023      ; 1.569      ;
; 1.394 ; SOPC:inst2|altera_reset_controller:rst_controller|altera_reset_synchronizer:alt_rst_sync_uq1|altera_reset_synchronizer_int_chain_out ; SOPC:inst2|SOPC_sdram:sdram|refresh_counter[8]                                                                                                                                                              ; inst|altpll_component|pll|clk[0] ; inst|altpll_component|pll|clk[0] ; 0.000        ; 0.023      ; 1.569      ;
; 1.394 ; SOPC:inst2|altera_reset_controller:rst_controller|altera_reset_synchronizer:alt_rst_sync_uq1|altera_reset_synchronizer_int_chain_out ; SOPC:inst2|SOPC_sdram:sdram|refresh_counter[9]                                                                                                                                                              ; inst|altpll_component|pll|clk[0] ; inst|altpll_component|pll|clk[0] ; 0.000        ; 0.023      ; 1.569      ;
; 1.394 ; SOPC:inst2|altera_reset_controller:rst_controller|altera_reset_synchronizer:alt_rst_sync_uq1|altera_reset_synchronizer_int_chain_out ; SOPC:inst2|SOPC_sdram:sdram|refresh_counter[10]                                                                                                                                                             ; inst|altpll_component|pll|clk[0] ; inst|altpll_component|pll|clk[0] ; 0.000        ; 0.023      ; 1.569      ;
; 1.394 ; SOPC:inst2|altera_reset_controller:rst_controller|altera_reset_synchronizer:alt_rst_sync_uq1|altera_reset_synchronizer_int_chain_out ; SOPC:inst2|SOPC_sdram:sdram|refresh_counter[11]                                                                                                                                                             ; inst|altpll_component|pll|clk[0] ; inst|altpll_component|pll|clk[0] ; 0.000        ; 0.023      ; 1.569      ;
; 1.394 ; SOPC:inst2|altera_reset_controller:rst_controller|altera_reset_synchronizer:alt_rst_sync_uq1|altera_reset_synchronizer_int_chain_out ; SOPC:inst2|SOPC_sdram:sdram|refresh_counter[12]                                                                                                                                                             ; inst|altpll_component|pll|clk[0] ; inst|altpll_component|pll|clk[0] ; 0.000        ; 0.023      ; 1.569      ;
; 1.394 ; SOPC:inst2|altera_reset_controller:rst_controller|altera_reset_synchronizer:alt_rst_sync_uq1|altera_reset_synchronizer_int_chain_out ; SOPC:inst2|SOPC_sdram:sdram|i_state.001                                                                                                                                                                     ; inst|altpll_component|pll|clk[0] ; inst|altpll_component|pll|clk[0] ; 0.000        ; 0.016      ; 1.562      ;
; 1.394 ; SOPC:inst2|altera_reset_controller:rst_controller|altera_reset_synchronizer:alt_rst_sync_uq1|altera_reset_synchronizer_int_chain_out ; SOPC:inst2|SOPC_sdram:sdram|i_state.011                                                                                                                                                                     ; inst|altpll_component|pll|clk[0] ; inst|altpll_component|pll|clk[0] ; 0.000        ; 0.015      ; 1.561      ;
; 1.394 ; SOPC:inst2|altera_reset_controller:rst_controller|altera_reset_synchronizer:alt_rst_sync_uq1|altera_reset_synchronizer_int_chain_out ; SOPC:inst2|SOPC_sdram:sdram|i_next.111                                                                                                                                                                      ; inst|altpll_component|pll|clk[0] ; inst|altpll_component|pll|clk[0] ; 0.000        ; 0.015      ; 1.561      ;
; 1.394 ; SOPC:inst2|altera_reset_controller:rst_controller|altera_reset_synchronizer:alt_rst_sync_uq1|altera_reset_synchronizer_int_chain_out ; SOPC:inst2|SOPC_sdram:sdram|i_state.111                                                                                                                                                                     ; inst|altpll_component|pll|clk[0] ; inst|altpll_component|pll|clk[0] ; 0.000        ; 0.015      ; 1.561      ;
; 1.394 ; SOPC:inst2|altera_reset_controller:rst_controller|altera_reset_synchronizer:alt_rst_sync_uq1|altera_reset_synchronizer_int_chain_out ; SOPC:inst2|SOPC_sdram:sdram|i_count[0]                                                                                                                                                                      ; inst|altpll_component|pll|clk[0] ; inst|altpll_component|pll|clk[0] ; 0.000        ; 0.015      ; 1.561      ;
; 1.394 ; SOPC:inst2|altera_reset_controller:rst_controller|altera_reset_synchronizer:alt_rst_sync_uq1|altera_reset_synchronizer_int_chain_out ; SOPC:inst2|SOPC_sdram:sdram|i_count[2]                                                                                                                                                                      ; inst|altpll_component|pll|clk[0] ; inst|altpll_component|pll|clk[0] ; 0.000        ; 0.015      ; 1.561      ;
; 1.394 ; SOPC:inst2|altera_reset_controller:rst_controller|altera_reset_synchronizer:alt_rst_sync_uq1|altera_reset_synchronizer_int_chain_out ; SOPC:inst2|SOPC_sdram:sdram|i_next.010                                                                                                                                                                      ; inst|altpll_component|pll|clk[0] ; inst|altpll_component|pll|clk[0] ; 0.000        ; 0.015      ; 1.561      ;
; 1.394 ; SOPC:inst2|altera_reset_controller:rst_controller|altera_reset_synchronizer:alt_rst_sync_uq1|altera_reset_synchronizer_int_chain_out ; SOPC:inst2|SOPC_sdram:sdram|i_state.010                                                                                                                                                                     ; inst|altpll_component|pll|clk[0] ; inst|altpll_component|pll|clk[0] ; 0.000        ; 0.015      ; 1.561      ;
; 1.394 ; SOPC:inst2|altera_reset_controller:rst_controller|altera_reset_synchronizer:alt_rst_sync_uq1|altera_reset_synchronizer_int_chain_out ; SOPC:inst2|SOPC_sdram:sdram|i_count[1]                                                                                                                                                                      ; inst|altpll_component|pll|clk[0] ; inst|altpll_component|pll|clk[0] ; 0.000        ; 0.015      ; 1.561      ;
; 1.394 ; SOPC:inst2|altera_reset_controller:rst_controller|altera_reset_synchronizer:alt_rst_sync_uq1|altera_reset_synchronizer_int_chain_out ; SOPC:inst2|SOPC_sdram:sdram|i_next.000                                                                                                                                                                      ; inst|altpll_component|pll|clk[0] ; inst|altpll_component|pll|clk[0] ; 0.000        ; 0.016      ; 1.562      ;
; 1.394 ; SOPC:inst2|altera_reset_controller:rst_controller|altera_reset_synchronizer:alt_rst_sync_uq1|altera_reset_synchronizer_int_chain_out ; SOPC:inst2|SOPC_sdram:sdram|i_state.000                                                                                                                                                                     ; inst|altpll_component|pll|clk[0] ; inst|altpll_component|pll|clk[0] ; 0.000        ; 0.016      ; 1.562      ;
; 1.394 ; SOPC:inst2|altera_reset_controller:rst_controller|altera_reset_synchronizer:alt_rst_sync_uq1|altera_reset_synchronizer_int_chain_out ; SOPC:inst2|SOPC_sdram:sdram|i_next.101                                                                                                                                                                      ; inst|altpll_component|pll|clk[0] ; inst|altpll_component|pll|clk[0] ; 0.000        ; 0.016      ; 1.562      ;
; 1.394 ; SOPC:inst2|altera_reset_controller:rst_controller|altera_reset_synchronizer:alt_rst_sync_uq1|altera_reset_synchronizer_int_chain_out ; SOPC:inst2|SOPC_sdram:sdram|i_state.101                                                                                                                                                                     ; inst|altpll_component|pll|clk[0] ; inst|altpll_component|pll|clk[0] ; 0.000        ; 0.016      ; 1.562      ;
; 1.394 ; SOPC:inst2|altera_reset_controller:rst_controller|altera_reset_synchronizer:alt_rst_sync_uq1|altera_reset_synchronizer_int_chain_out ; SOPC:inst2|SOPC_sdram:sdram|init_done                                                                                                                                                                       ; inst|altpll_component|pll|clk[0] ; inst|altpll_component|pll|clk[0] ; 0.000        ; 0.018      ; 1.564      ;
; 1.394 ; SOPC:inst2|altera_reset_controller:rst_controller|altera_reset_synchronizer:alt_rst_sync_uq1|altera_reset_synchronizer_int_chain_out ; SOPC:inst2|altera_merlin_slave_translator:epcs_epcs_control_port_translator|wait_latency_counter[0]                                                                                                         ; inst|altpll_component|pll|clk[0] ; inst|altpll_component|pll|clk[0] ; 0.000        ; 0.028      ; 1.574      ;
; 1.394 ; SOPC:inst2|altera_reset_controller:rst_controller|altera_reset_synchronizer:alt_rst_sync_uq1|altera_reset_synchronizer_int_chain_out ; SOPC:inst2|SOPC_cmd_xbar_mux:cmd_xbar_mux_001|altera_merlin_arbitrator:arb|top_priority_reg[1]                                                                                                              ; inst|altpll_component|pll|clk[0] ; inst|altpll_component|pll|clk[0] ; 0.000        ; 0.023      ; 1.569      ;
; 1.394 ; SOPC:inst2|altera_reset_controller:rst_controller|altera_reset_synchronizer:alt_rst_sync_uq1|altera_reset_synchronizer_int_chain_out ; SOPC:inst2|SOPC_cmd_xbar_mux:cmd_xbar_mux_001|altera_merlin_arbitrator:arb|top_priority_reg[0]                                                                                                              ; inst|altpll_component|pll|clk[0] ; inst|altpll_component|pll|clk[0] ; 0.000        ; 0.023      ; 1.569      ;
; 1.394 ; SOPC:inst2|altera_reset_controller:rst_controller|altera_reset_synchronizer:alt_rst_sync_uq1|altera_reset_synchronizer_int_chain_out ; SOPC:inst2|SOPC_epcs:epcs|SOPC_epcs_sub:the_SOPC_epcs_sub|wr_strobe                                                                                                                                         ; inst|altpll_component|pll|clk[0] ; inst|altpll_component|pll|clk[0] ; 0.000        ; 0.021      ; 1.567      ;
; 1.394 ; SOPC:inst2|altera_reset_controller:rst_controller|altera_reset_synchronizer:alt_rst_sync_uq1|altera_reset_synchronizer_int_chain_out ; SOPC:inst2|SOPC_epcs:epcs|SOPC_epcs_sub:the_SOPC_epcs_sub|SSO_reg                                                                                                                                           ; inst|altpll_component|pll|clk[0] ; inst|altpll_component|pll|clk[0] ; 0.000        ; 0.019      ; 1.565      ;
; 1.394 ; SOPC:inst2|altera_reset_controller:rst_controller|altera_reset_synchronizer:alt_rst_sync_uq1|altera_reset_synchronizer_int_chain_out ; SOPC:inst2|SOPC_epcs:epcs|SOPC_epcs_sub:the_SOPC_epcs_sub|slowcount[0]                                                                                                                                      ; inst|altpll_component|pll|clk[0] ; inst|altpll_component|pll|clk[0] ; 0.000        ; 0.031      ; 1.577      ;
; 1.394 ; SOPC:inst2|altera_reset_controller:rst_controller|altera_reset_synchronizer:alt_rst_sync_uq1|altera_reset_synchronizer_int_chain_out ; SOPC:inst2|SOPC_epcs:epcs|SOPC_epcs_sub:the_SOPC_epcs_sub|state[0]                                                                                                                                          ; inst|altpll_component|pll|clk[0] ; inst|altpll_component|pll|clk[0] ; 0.000        ; 0.031      ; 1.577      ;
; 1.394 ; SOPC:inst2|altera_reset_controller:rst_controller|altera_reset_synchronizer:alt_rst_sync_uq1|altera_reset_synchronizer_int_chain_out ; SOPC:inst2|SOPC_epcs:epcs|SOPC_epcs_sub:the_SOPC_epcs_sub|state[2]                                                                                                                                          ; inst|altpll_component|pll|clk[0] ; inst|altpll_component|pll|clk[0] ; 0.000        ; 0.031      ; 1.577      ;
; 1.394 ; SOPC:inst2|altera_reset_controller:rst_controller|altera_reset_synchronizer:alt_rst_sync_uq1|altera_reset_synchronizer_int_chain_out ; SOPC:inst2|SOPC_epcs:epcs|SOPC_epcs_sub:the_SOPC_epcs_sub|state[3]                                                                                                                                          ; inst|altpll_component|pll|clk[0] ; inst|altpll_component|pll|clk[0] ; 0.000        ; 0.031      ; 1.577      ;
; 1.394 ; SOPC:inst2|altera_reset_controller:rst_controller|altera_reset_synchronizer:alt_rst_sync_uq1|altera_reset_synchronizer_int_chain_out ; SOPC:inst2|SOPC_epcs:epcs|SOPC_epcs_sub:the_SOPC_epcs_sub|state[4]                                                                                                                                          ; inst|altpll_component|pll|clk[0] ; inst|altpll_component|pll|clk[0] ; 0.000        ; 0.031      ; 1.577      ;
; 1.394 ; SOPC:inst2|altera_reset_controller:rst_controller|altera_reset_synchronizer:alt_rst_sync_uq1|altera_reset_synchronizer_int_chain_out ; SOPC:inst2|SOPC_epcs:epcs|SOPC_epcs_sub:the_SOPC_epcs_sub|state[1]                                                                                                                                          ; inst|altpll_component|pll|clk[0] ; inst|altpll_component|pll|clk[0] ; 0.000        ; 0.031      ; 1.577      ;
; 1.394 ; SOPC:inst2|altera_reset_controller:rst_controller|altera_reset_synchronizer:alt_rst_sync_uq1|altera_reset_synchronizer_int_chain_out ; SOPC:inst2|SOPC_epcs:epcs|SOPC_epcs_sub:the_SOPC_epcs_sub|data_wr_strobe                                                                                                                                    ; inst|altpll_component|pll|clk[0] ; inst|altpll_component|pll|clk[0] ; 0.000        ; 0.021      ; 1.567      ;
; 1.394 ; SOPC:inst2|altera_reset_controller:rst_controller|altera_reset_synchronizer:alt_rst_sync_uq1|altera_reset_synchronizer_int_chain_out ; SOPC:inst2|SOPC_epcs:epcs|SOPC_epcs_sub:the_SOPC_epcs_sub|transmitting                                                                                                                                      ; inst|altpll_component|pll|clk[0] ; inst|altpll_component|pll|clk[0] ; 0.000        ; 0.028      ; 1.574      ;
; 1.394 ; SOPC:inst2|altera_reset_controller:rst_controller|altera_reset_synchronizer:alt_rst_sync_uq1|altera_reset_synchronizer_int_chain_out ; SOPC:inst2|SOPC_epcs:epcs|SOPC_epcs_sub:the_SOPC_epcs_sub|epcs_slave_select_holding_reg[10]                                                                                                                 ; inst|altpll_component|pll|clk[0] ; inst|altpll_component|pll|clk[0] ; 0.000        ; 0.025      ; 1.571      ;
; 1.394 ; SOPC:inst2|altera_reset_controller:rst_controller|altera_reset_synchronizer:alt_rst_sync_uq1|altera_reset_synchronizer_int_chain_out ; SOPC:inst2|SOPC_epcs:epcs|SOPC_epcs_sub:the_SOPC_epcs_sub|epcs_slave_select_reg[10]                                                                                                                         ; inst|altpll_component|pll|clk[0] ; inst|altpll_component|pll|clk[0] ; 0.000        ; 0.025      ; 1.571      ;
; 1.394 ; SOPC:inst2|altera_reset_controller:rst_controller|altera_reset_synchronizer:alt_rst_sync_uq1|altera_reset_synchronizer_int_chain_out ; SOPC:inst2|SOPC_epcs:epcs|SOPC_epcs_sub:the_SOPC_epcs_sub|endofpacketvalue_reg[10]                                                                                                                          ; inst|altpll_component|pll|clk[0] ; inst|altpll_component|pll|clk[0] ; 0.000        ; 0.015      ; 1.561      ;
; 1.394 ; SOPC:inst2|altera_reset_controller:rst_controller|altera_reset_synchronizer:alt_rst_sync_uq1|altera_reset_synchronizer_int_chain_out ; SOPC:inst2|SOPC_epcs:epcs|SOPC_epcs_sub:the_SOPC_epcs_sub|data_to_cpu[10]                                                                                                                                   ; inst|altpll_component|pll|clk[0] ; inst|altpll_component|pll|clk[0] ; 0.000        ; 0.019      ; 1.565      ;
; 1.394 ; SOPC:inst2|altera_reset_controller:rst_controller|altera_reset_synchronizer:alt_rst_sync_uq1|altera_reset_synchronizer_int_chain_out ; SOPC:inst2|altera_merlin_slave_translator:epcs_epcs_control_port_translator|av_readdata_pre[10]                                                                                                             ; inst|altpll_component|pll|clk[0] ; inst|altpll_component|pll|clk[0] ; 0.000        ; 0.013      ; 1.559      ;
; 1.394 ; SOPC:inst2|altera_reset_controller:rst_controller|altera_reset_synchronizer:alt_rst_sync_uq1|altera_reset_synchronizer_int_chain_out ; SOPC:inst2|altera_merlin_slave_translator:spi_touch_spi_control_port_translator|wait_latency_counter[0]                                                                                                     ; inst|altpll_component|pll|clk[0] ; inst|altpll_component|pll|clk[0] ; 0.000        ; 0.027      ; 1.573      ;
; 1.394 ; SOPC:inst2|altera_reset_controller:rst_controller|altera_reset_synchronizer:alt_rst_sync_uq1|altera_reset_synchronizer_int_chain_out ; SOPC:inst2|altera_merlin_slave_translator:spi_touch_spi_control_port_translator|wait_latency_counter[1]                                                                                                     ; inst|altpll_component|pll|clk[0] ; inst|altpll_component|pll|clk[0] ; 0.000        ; 0.027      ; 1.573      ;
; 1.394 ; SOPC:inst2|altera_reset_controller:rst_controller|altera_reset_synchronizer:alt_rst_sync_uq1|altera_reset_synchronizer_int_chain_out ; SOPC:inst2|altera_merlin_slave_translator:spi_touch_spi_control_port_translator|read_latency_shift_reg[0]                                                                                                   ; inst|altpll_component|pll|clk[0] ; inst|altpll_component|pll|clk[0] ; 0.000        ; 0.027      ; 1.573      ;
; 1.394 ; SOPC:inst2|altera_reset_controller:rst_controller|altera_reset_synchronizer:alt_rst_sync_uq1|altera_reset_synchronizer_int_chain_out ; SOPC:inst2|altera_avalon_sc_fifo:spi_touch_spi_control_port_translator_avalon_universal_slave_0_agent_rsp_fifo|mem_used[0]                                                                                  ; inst|altpll_component|pll|clk[0] ; inst|altpll_component|pll|clk[0] ; 0.000        ; 0.027      ; 1.573      ;
; 1.394 ; SOPC:inst2|altera_reset_controller:rst_controller|altera_reset_synchronizer:alt_rst_sync_uq1|altera_reset_synchronizer_int_chain_out ; SOPC:inst2|altera_avalon_sc_fifo:spi_touch_spi_control_port_translator_avalon_universal_slave_0_agent_rsp_fifo|mem_used[1]                                                                                  ; inst|altpll_component|pll|clk[0] ; inst|altpll_component|pll|clk[0] ; 0.000        ; 0.027      ; 1.573      ;
; 1.394 ; SOPC:inst2|altera_reset_controller:rst_controller|altera_reset_synchronizer:alt_rst_sync_uq1|altera_reset_synchronizer_int_chain_out ; SOPC:inst2|SOPC_spi_touch:spi_touch|wr_strobe                                                                                                                                                               ; inst|altpll_component|pll|clk[0] ; inst|altpll_component|pll|clk[0] ; 0.000        ; 0.025      ; 1.571      ;
; 1.394 ; SOPC:inst2|altera_reset_controller:rst_controller|altera_reset_synchronizer:alt_rst_sync_uq1|altera_reset_synchronizer_int_chain_out ; SOPC:inst2|SOPC_spi_touch:spi_touch|SSO_reg                                                                                                                                                                 ; inst|altpll_component|pll|clk[0] ; inst|altpll_component|pll|clk[0] ; 0.000        ; 0.029      ; 1.575      ;
+-------+--------------------------------------------------------------------------------------------------------------------------------------+-------------------------------------------------------------------------------------------------------------------------------------------------------------------------------------------------------------+----------------------------------+----------------------------------+--------------+------------+------------+


+----------------------------------------------------------------------------------------------------------------------------------------------------------------------------------------------------------------------------------------------------------------------+
; Fast Model Minimum Pulse Width: 'inst|altpll_component|pll|clk[0]'                                                                                                                                                                                                   ;
+-------+--------------+----------------+------------------+----------------------------------+------------+-----------------------------------------------------------------------------------------------------------------------------------------------------------+
; Slack ; Actual Width ; Required Width ; Type             ; Clock                            ; Clock Edge ; Target                                                                                                                                                    ;
+-------+--------------+----------------+------------------+----------------------------------+------------+-----------------------------------------------------------------------------------------------------------------------------------------------------------+
; 4.539 ; 6.666        ; 2.127          ; High Pulse Width ; inst|altpll_component|pll|clk[0] ; Rise       ; SOPC:inst2|SOPC_cpu:cpu|D_bht_data[0]                                                                                                                     ;
; 4.539 ; 6.666        ; 2.127          ; High Pulse Width ; inst|altpll_component|pll|clk[0] ; Rise       ; SOPC:inst2|SOPC_cpu:cpu|D_bht_data[1]                                                                                                                     ;
; 4.539 ; 6.666        ; 2.127          ; High Pulse Width ; inst|altpll_component|pll|clk[0] ; Rise       ; SOPC:inst2|SOPC_cpu:cpu|SOPC_cpu_bht_module:SOPC_cpu_bht|altsyncram:the_altsyncram|altsyncram_d5g1:auto_generated|ram_block1a0~porta_address_reg0         ;
; 4.539 ; 6.666        ; 2.127          ; High Pulse Width ; inst|altpll_component|pll|clk[0] ; Rise       ; SOPC:inst2|SOPC_cpu:cpu|SOPC_cpu_bht_module:SOPC_cpu_bht|altsyncram:the_altsyncram|altsyncram_d5g1:auto_generated|ram_block1a0~porta_address_reg1         ;
; 4.539 ; 6.666        ; 2.127          ; High Pulse Width ; inst|altpll_component|pll|clk[0] ; Rise       ; SOPC:inst2|SOPC_cpu:cpu|SOPC_cpu_bht_module:SOPC_cpu_bht|altsyncram:the_altsyncram|altsyncram_d5g1:auto_generated|ram_block1a0~porta_address_reg2         ;
; 4.539 ; 6.666        ; 2.127          ; High Pulse Width ; inst|altpll_component|pll|clk[0] ; Rise       ; SOPC:inst2|SOPC_cpu:cpu|SOPC_cpu_bht_module:SOPC_cpu_bht|altsyncram:the_altsyncram|altsyncram_d5g1:auto_generated|ram_block1a0~porta_address_reg3         ;
; 4.539 ; 6.666        ; 2.127          ; High Pulse Width ; inst|altpll_component|pll|clk[0] ; Rise       ; SOPC:inst2|SOPC_cpu:cpu|SOPC_cpu_bht_module:SOPC_cpu_bht|altsyncram:the_altsyncram|altsyncram_d5g1:auto_generated|ram_block1a0~porta_address_reg4         ;
; 4.539 ; 6.666        ; 2.127          ; High Pulse Width ; inst|altpll_component|pll|clk[0] ; Rise       ; SOPC:inst2|SOPC_cpu:cpu|SOPC_cpu_bht_module:SOPC_cpu_bht|altsyncram:the_altsyncram|altsyncram_d5g1:auto_generated|ram_block1a0~porta_address_reg5         ;
; 4.539 ; 6.666        ; 2.127          ; High Pulse Width ; inst|altpll_component|pll|clk[0] ; Rise       ; SOPC:inst2|SOPC_cpu:cpu|SOPC_cpu_bht_module:SOPC_cpu_bht|altsyncram:the_altsyncram|altsyncram_d5g1:auto_generated|ram_block1a0~porta_address_reg6         ;
; 4.539 ; 6.666        ; 2.127          ; High Pulse Width ; inst|altpll_component|pll|clk[0] ; Rise       ; SOPC:inst2|SOPC_cpu:cpu|SOPC_cpu_bht_module:SOPC_cpu_bht|altsyncram:the_altsyncram|altsyncram_d5g1:auto_generated|ram_block1a0~porta_address_reg7         ;
; 4.539 ; 6.666        ; 2.127          ; High Pulse Width ; inst|altpll_component|pll|clk[0] ; Rise       ; SOPC:inst2|SOPC_cpu:cpu|SOPC_cpu_bht_module:SOPC_cpu_bht|altsyncram:the_altsyncram|altsyncram_d5g1:auto_generated|ram_block1a0~porta_datain_reg0          ;
; 4.539 ; 6.666        ; 2.127          ; High Pulse Width ; inst|altpll_component|pll|clk[0] ; Rise       ; SOPC:inst2|SOPC_cpu:cpu|SOPC_cpu_bht_module:SOPC_cpu_bht|altsyncram:the_altsyncram|altsyncram_d5g1:auto_generated|ram_block1a0~porta_datain_reg1          ;
; 4.539 ; 6.666        ; 2.127          ; High Pulse Width ; inst|altpll_component|pll|clk[0] ; Rise       ; SOPC:inst2|SOPC_cpu:cpu|SOPC_cpu_bht_module:SOPC_cpu_bht|altsyncram:the_altsyncram|altsyncram_d5g1:auto_generated|ram_block1a0~porta_memory_reg0          ;
; 4.539 ; 6.666        ; 2.127          ; High Pulse Width ; inst|altpll_component|pll|clk[0] ; Rise       ; SOPC:inst2|SOPC_cpu:cpu|SOPC_cpu_bht_module:SOPC_cpu_bht|altsyncram:the_altsyncram|altsyncram_d5g1:auto_generated|ram_block1a0~porta_we_reg               ;
; 4.539 ; 6.666        ; 2.127          ; High Pulse Width ; inst|altpll_component|pll|clk[0] ; Rise       ; SOPC:inst2|SOPC_cpu:cpu|SOPC_cpu_bht_module:SOPC_cpu_bht|altsyncram:the_altsyncram|altsyncram_d5g1:auto_generated|ram_block1a0~portb_address_reg0         ;
; 4.539 ; 6.666        ; 2.127          ; High Pulse Width ; inst|altpll_component|pll|clk[0] ; Rise       ; SOPC:inst2|SOPC_cpu:cpu|SOPC_cpu_bht_module:SOPC_cpu_bht|altsyncram:the_altsyncram|altsyncram_d5g1:auto_generated|ram_block1a0~portb_address_reg1         ;
; 4.539 ; 6.666        ; 2.127          ; High Pulse Width ; inst|altpll_component|pll|clk[0] ; Rise       ; SOPC:inst2|SOPC_cpu:cpu|SOPC_cpu_bht_module:SOPC_cpu_bht|altsyncram:the_altsyncram|altsyncram_d5g1:auto_generated|ram_block1a0~portb_address_reg2         ;
; 4.539 ; 6.666        ; 2.127          ; High Pulse Width ; inst|altpll_component|pll|clk[0] ; Rise       ; SOPC:inst2|SOPC_cpu:cpu|SOPC_cpu_bht_module:SOPC_cpu_bht|altsyncram:the_altsyncram|altsyncram_d5g1:auto_generated|ram_block1a0~portb_address_reg3         ;
; 4.539 ; 6.666        ; 2.127          ; High Pulse Width ; inst|altpll_component|pll|clk[0] ; Rise       ; SOPC:inst2|SOPC_cpu:cpu|SOPC_cpu_bht_module:SOPC_cpu_bht|altsyncram:the_altsyncram|altsyncram_d5g1:auto_generated|ram_block1a0~portb_address_reg4         ;
; 4.539 ; 6.666        ; 2.127          ; High Pulse Width ; inst|altpll_component|pll|clk[0] ; Rise       ; SOPC:inst2|SOPC_cpu:cpu|SOPC_cpu_bht_module:SOPC_cpu_bht|altsyncram:the_altsyncram|altsyncram_d5g1:auto_generated|ram_block1a0~portb_address_reg5         ;
; 4.539 ; 6.666        ; 2.127          ; High Pulse Width ; inst|altpll_component|pll|clk[0] ; Rise       ; SOPC:inst2|SOPC_cpu:cpu|SOPC_cpu_bht_module:SOPC_cpu_bht|altsyncram:the_altsyncram|altsyncram_d5g1:auto_generated|ram_block1a0~portb_address_reg6         ;
; 4.539 ; 6.666        ; 2.127          ; High Pulse Width ; inst|altpll_component|pll|clk[0] ; Rise       ; SOPC:inst2|SOPC_cpu:cpu|SOPC_cpu_bht_module:SOPC_cpu_bht|altsyncram:the_altsyncram|altsyncram_d5g1:auto_generated|ram_block1a0~portb_address_reg7         ;
; 4.539 ; 6.666        ; 2.127          ; High Pulse Width ; inst|altpll_component|pll|clk[0] ; Rise       ; SOPC:inst2|SOPC_cpu:cpu|SOPC_cpu_bht_module:SOPC_cpu_bht|altsyncram:the_altsyncram|altsyncram_d5g1:auto_generated|ram_block1a0~portb_re_reg               ;
; 4.539 ; 6.666        ; 2.127          ; High Pulse Width ; inst|altpll_component|pll|clk[0] ; Rise       ; SOPC:inst2|SOPC_cpu:cpu|SOPC_cpu_bht_module:SOPC_cpu_bht|altsyncram:the_altsyncram|altsyncram_d5g1:auto_generated|ram_block1a1~porta_memory_reg0          ;
; 4.539 ; 6.666        ; 2.127          ; High Pulse Width ; inst|altpll_component|pll|clk[0] ; Rise       ; SOPC:inst2|SOPC_cpu:cpu|SOPC_cpu_ic_data_module:SOPC_cpu_ic_data|altsyncram:the_altsyncram|altsyncram_c9d1:auto_generated|ram_block1a0~porta_address_reg0 ;
; 4.539 ; 6.666        ; 2.127          ; High Pulse Width ; inst|altpll_component|pll|clk[0] ; Rise       ; SOPC:inst2|SOPC_cpu:cpu|SOPC_cpu_ic_data_module:SOPC_cpu_ic_data|altsyncram:the_altsyncram|altsyncram_c9d1:auto_generated|ram_block1a0~porta_address_reg1 ;
; 4.539 ; 6.666        ; 2.127          ; High Pulse Width ; inst|altpll_component|pll|clk[0] ; Rise       ; SOPC:inst2|SOPC_cpu:cpu|SOPC_cpu_ic_data_module:SOPC_cpu_ic_data|altsyncram:the_altsyncram|altsyncram_c9d1:auto_generated|ram_block1a0~porta_address_reg2 ;
; 4.539 ; 6.666        ; 2.127          ; High Pulse Width ; inst|altpll_component|pll|clk[0] ; Rise       ; SOPC:inst2|SOPC_cpu:cpu|SOPC_cpu_ic_data_module:SOPC_cpu_ic_data|altsyncram:the_altsyncram|altsyncram_c9d1:auto_generated|ram_block1a0~porta_address_reg3 ;
; 4.539 ; 6.666        ; 2.127          ; High Pulse Width ; inst|altpll_component|pll|clk[0] ; Rise       ; SOPC:inst2|SOPC_cpu:cpu|SOPC_cpu_ic_data_module:SOPC_cpu_ic_data|altsyncram:the_altsyncram|altsyncram_c9d1:auto_generated|ram_block1a0~porta_address_reg4 ;
; 4.539 ; 6.666        ; 2.127          ; High Pulse Width ; inst|altpll_component|pll|clk[0] ; Rise       ; SOPC:inst2|SOPC_cpu:cpu|SOPC_cpu_ic_data_module:SOPC_cpu_ic_data|altsyncram:the_altsyncram|altsyncram_c9d1:auto_generated|ram_block1a0~porta_address_reg5 ;
; 4.539 ; 6.666        ; 2.127          ; High Pulse Width ; inst|altpll_component|pll|clk[0] ; Rise       ; SOPC:inst2|SOPC_cpu:cpu|SOPC_cpu_ic_data_module:SOPC_cpu_ic_data|altsyncram:the_altsyncram|altsyncram_c9d1:auto_generated|ram_block1a0~porta_address_reg6 ;
; 4.539 ; 6.666        ; 2.127          ; High Pulse Width ; inst|altpll_component|pll|clk[0] ; Rise       ; SOPC:inst2|SOPC_cpu:cpu|SOPC_cpu_ic_data_module:SOPC_cpu_ic_data|altsyncram:the_altsyncram|altsyncram_c9d1:auto_generated|ram_block1a0~porta_address_reg7 ;
; 4.539 ; 6.666        ; 2.127          ; High Pulse Width ; inst|altpll_component|pll|clk[0] ; Rise       ; SOPC:inst2|SOPC_cpu:cpu|SOPC_cpu_ic_data_module:SOPC_cpu_ic_data|altsyncram:the_altsyncram|altsyncram_c9d1:auto_generated|ram_block1a0~porta_address_reg8 ;
; 4.539 ; 6.666        ; 2.127          ; High Pulse Width ; inst|altpll_component|pll|clk[0] ; Rise       ; SOPC:inst2|SOPC_cpu:cpu|SOPC_cpu_ic_data_module:SOPC_cpu_ic_data|altsyncram:the_altsyncram|altsyncram_c9d1:auto_generated|ram_block1a0~porta_datain_reg0  ;
; 4.539 ; 6.666        ; 2.127          ; High Pulse Width ; inst|altpll_component|pll|clk[0] ; Rise       ; SOPC:inst2|SOPC_cpu:cpu|SOPC_cpu_ic_data_module:SOPC_cpu_ic_data|altsyncram:the_altsyncram|altsyncram_c9d1:auto_generated|ram_block1a0~porta_datain_reg1  ;
; 4.539 ; 6.666        ; 2.127          ; High Pulse Width ; inst|altpll_component|pll|clk[0] ; Rise       ; SOPC:inst2|SOPC_cpu:cpu|SOPC_cpu_ic_data_module:SOPC_cpu_ic_data|altsyncram:the_altsyncram|altsyncram_c9d1:auto_generated|ram_block1a0~porta_datain_reg2  ;
; 4.539 ; 6.666        ; 2.127          ; High Pulse Width ; inst|altpll_component|pll|clk[0] ; Rise       ; SOPC:inst2|SOPC_cpu:cpu|SOPC_cpu_ic_data_module:SOPC_cpu_ic_data|altsyncram:the_altsyncram|altsyncram_c9d1:auto_generated|ram_block1a0~porta_datain_reg3  ;
; 4.539 ; 6.666        ; 2.127          ; High Pulse Width ; inst|altpll_component|pll|clk[0] ; Rise       ; SOPC:inst2|SOPC_cpu:cpu|SOPC_cpu_ic_data_module:SOPC_cpu_ic_data|altsyncram:the_altsyncram|altsyncram_c9d1:auto_generated|ram_block1a0~porta_datain_reg4  ;
; 4.539 ; 6.666        ; 2.127          ; High Pulse Width ; inst|altpll_component|pll|clk[0] ; Rise       ; SOPC:inst2|SOPC_cpu:cpu|SOPC_cpu_ic_data_module:SOPC_cpu_ic_data|altsyncram:the_altsyncram|altsyncram_c9d1:auto_generated|ram_block1a0~porta_datain_reg5  ;
; 4.539 ; 6.666        ; 2.127          ; High Pulse Width ; inst|altpll_component|pll|clk[0] ; Rise       ; SOPC:inst2|SOPC_cpu:cpu|SOPC_cpu_ic_data_module:SOPC_cpu_ic_data|altsyncram:the_altsyncram|altsyncram_c9d1:auto_generated|ram_block1a0~porta_datain_reg6  ;
; 4.539 ; 6.666        ; 2.127          ; High Pulse Width ; inst|altpll_component|pll|clk[0] ; Rise       ; SOPC:inst2|SOPC_cpu:cpu|SOPC_cpu_ic_data_module:SOPC_cpu_ic_data|altsyncram:the_altsyncram|altsyncram_c9d1:auto_generated|ram_block1a0~porta_datain_reg7  ;
; 4.539 ; 6.666        ; 2.127          ; High Pulse Width ; inst|altpll_component|pll|clk[0] ; Rise       ; SOPC:inst2|SOPC_cpu:cpu|SOPC_cpu_ic_data_module:SOPC_cpu_ic_data|altsyncram:the_altsyncram|altsyncram_c9d1:auto_generated|ram_block1a0~porta_datain_reg8  ;
; 4.539 ; 6.666        ; 2.127          ; High Pulse Width ; inst|altpll_component|pll|clk[0] ; Rise       ; SOPC:inst2|SOPC_cpu:cpu|SOPC_cpu_ic_data_module:SOPC_cpu_ic_data|altsyncram:the_altsyncram|altsyncram_c9d1:auto_generated|ram_block1a0~porta_memory_reg0  ;
; 4.539 ; 6.666        ; 2.127          ; High Pulse Width ; inst|altpll_component|pll|clk[0] ; Rise       ; SOPC:inst2|SOPC_cpu:cpu|SOPC_cpu_ic_data_module:SOPC_cpu_ic_data|altsyncram:the_altsyncram|altsyncram_c9d1:auto_generated|ram_block1a0~porta_we_reg       ;
; 4.539 ; 6.666        ; 2.127          ; High Pulse Width ; inst|altpll_component|pll|clk[0] ; Rise       ; SOPC:inst2|SOPC_cpu:cpu|SOPC_cpu_ic_data_module:SOPC_cpu_ic_data|altsyncram:the_altsyncram|altsyncram_c9d1:auto_generated|ram_block1a0~portb_address_reg0 ;
; 4.539 ; 6.666        ; 2.127          ; High Pulse Width ; inst|altpll_component|pll|clk[0] ; Rise       ; SOPC:inst2|SOPC_cpu:cpu|SOPC_cpu_ic_data_module:SOPC_cpu_ic_data|altsyncram:the_altsyncram|altsyncram_c9d1:auto_generated|ram_block1a0~portb_address_reg1 ;
; 4.539 ; 6.666        ; 2.127          ; High Pulse Width ; inst|altpll_component|pll|clk[0] ; Rise       ; SOPC:inst2|SOPC_cpu:cpu|SOPC_cpu_ic_data_module:SOPC_cpu_ic_data|altsyncram:the_altsyncram|altsyncram_c9d1:auto_generated|ram_block1a0~portb_address_reg2 ;
; 4.539 ; 6.666        ; 2.127          ; High Pulse Width ; inst|altpll_component|pll|clk[0] ; Rise       ; SOPC:inst2|SOPC_cpu:cpu|SOPC_cpu_ic_data_module:SOPC_cpu_ic_data|altsyncram:the_altsyncram|altsyncram_c9d1:auto_generated|ram_block1a0~portb_address_reg3 ;
; 4.539 ; 6.666        ; 2.127          ; High Pulse Width ; inst|altpll_component|pll|clk[0] ; Rise       ; SOPC:inst2|SOPC_cpu:cpu|SOPC_cpu_ic_data_module:SOPC_cpu_ic_data|altsyncram:the_altsyncram|altsyncram_c9d1:auto_generated|ram_block1a0~portb_address_reg4 ;
; 4.539 ; 6.666        ; 2.127          ; High Pulse Width ; inst|altpll_component|pll|clk[0] ; Rise       ; SOPC:inst2|SOPC_cpu:cpu|SOPC_cpu_ic_data_module:SOPC_cpu_ic_data|altsyncram:the_altsyncram|altsyncram_c9d1:auto_generated|ram_block1a0~portb_address_reg5 ;
; 4.539 ; 6.666        ; 2.127          ; High Pulse Width ; inst|altpll_component|pll|clk[0] ; Rise       ; SOPC:inst2|SOPC_cpu:cpu|SOPC_cpu_ic_data_module:SOPC_cpu_ic_data|altsyncram:the_altsyncram|altsyncram_c9d1:auto_generated|ram_block1a0~portb_address_reg6 ;
; 4.539 ; 6.666        ; 2.127          ; High Pulse Width ; inst|altpll_component|pll|clk[0] ; Rise       ; SOPC:inst2|SOPC_cpu:cpu|SOPC_cpu_ic_data_module:SOPC_cpu_ic_data|altsyncram:the_altsyncram|altsyncram_c9d1:auto_generated|ram_block1a0~portb_address_reg7 ;
; 4.539 ; 6.666        ; 2.127          ; High Pulse Width ; inst|altpll_component|pll|clk[0] ; Rise       ; SOPC:inst2|SOPC_cpu:cpu|SOPC_cpu_ic_data_module:SOPC_cpu_ic_data|altsyncram:the_altsyncram|altsyncram_c9d1:auto_generated|ram_block1a0~portb_address_reg8 ;
; 4.539 ; 6.666        ; 2.127          ; High Pulse Width ; inst|altpll_component|pll|clk[0] ; Rise       ; SOPC:inst2|SOPC_cpu:cpu|SOPC_cpu_ic_data_module:SOPC_cpu_ic_data|altsyncram:the_altsyncram|altsyncram_c9d1:auto_generated|ram_block1a0~portb_re_reg       ;
; 4.539 ; 6.666        ; 2.127          ; High Pulse Width ; inst|altpll_component|pll|clk[0] ; Rise       ; SOPC:inst2|SOPC_cpu:cpu|SOPC_cpu_ic_data_module:SOPC_cpu_ic_data|altsyncram:the_altsyncram|altsyncram_c9d1:auto_generated|ram_block1a10~porta_memory_reg0 ;
; 4.539 ; 6.666        ; 2.127          ; High Pulse Width ; inst|altpll_component|pll|clk[0] ; Rise       ; SOPC:inst2|SOPC_cpu:cpu|SOPC_cpu_ic_data_module:SOPC_cpu_ic_data|altsyncram:the_altsyncram|altsyncram_c9d1:auto_generated|ram_block1a11~porta_memory_reg0 ;
; 4.539 ; 6.666        ; 2.127          ; High Pulse Width ; inst|altpll_component|pll|clk[0] ; Rise       ; SOPC:inst2|SOPC_cpu:cpu|SOPC_cpu_ic_data_module:SOPC_cpu_ic_data|altsyncram:the_altsyncram|altsyncram_c9d1:auto_generated|ram_block1a12~porta_memory_reg0 ;
; 4.539 ; 6.666        ; 2.127          ; High Pulse Width ; inst|altpll_component|pll|clk[0] ; Rise       ; SOPC:inst2|SOPC_cpu:cpu|SOPC_cpu_ic_data_module:SOPC_cpu_ic_data|altsyncram:the_altsyncram|altsyncram_c9d1:auto_generated|ram_block1a13~porta_memory_reg0 ;
; 4.539 ; 6.666        ; 2.127          ; High Pulse Width ; inst|altpll_component|pll|clk[0] ; Rise       ; SOPC:inst2|SOPC_cpu:cpu|SOPC_cpu_ic_data_module:SOPC_cpu_ic_data|altsyncram:the_altsyncram|altsyncram_c9d1:auto_generated|ram_block1a14~porta_memory_reg0 ;
; 4.539 ; 6.666        ; 2.127          ; High Pulse Width ; inst|altpll_component|pll|clk[0] ; Rise       ; SOPC:inst2|SOPC_cpu:cpu|SOPC_cpu_ic_data_module:SOPC_cpu_ic_data|altsyncram:the_altsyncram|altsyncram_c9d1:auto_generated|ram_block1a15~porta_memory_reg0 ;
; 4.539 ; 6.666        ; 2.127          ; High Pulse Width ; inst|altpll_component|pll|clk[0] ; Rise       ; SOPC:inst2|SOPC_cpu:cpu|SOPC_cpu_ic_data_module:SOPC_cpu_ic_data|altsyncram:the_altsyncram|altsyncram_c9d1:auto_generated|ram_block1a16~porta_memory_reg0 ;
; 4.539 ; 6.666        ; 2.127          ; High Pulse Width ; inst|altpll_component|pll|clk[0] ; Rise       ; SOPC:inst2|SOPC_cpu:cpu|SOPC_cpu_ic_data_module:SOPC_cpu_ic_data|altsyncram:the_altsyncram|altsyncram_c9d1:auto_generated|ram_block1a17~porta_memory_reg0 ;
; 4.539 ; 6.666        ; 2.127          ; High Pulse Width ; inst|altpll_component|pll|clk[0] ; Rise       ; SOPC:inst2|SOPC_cpu:cpu|SOPC_cpu_ic_data_module:SOPC_cpu_ic_data|altsyncram:the_altsyncram|altsyncram_c9d1:auto_generated|ram_block1a18~porta_memory_reg0 ;
; 4.539 ; 6.666        ; 2.127          ; High Pulse Width ; inst|altpll_component|pll|clk[0] ; Rise       ; SOPC:inst2|SOPC_cpu:cpu|SOPC_cpu_ic_data_module:SOPC_cpu_ic_data|altsyncram:the_altsyncram|altsyncram_c9d1:auto_generated|ram_block1a19~porta_memory_reg0 ;
; 4.539 ; 6.666        ; 2.127          ; High Pulse Width ; inst|altpll_component|pll|clk[0] ; Rise       ; SOPC:inst2|SOPC_cpu:cpu|SOPC_cpu_ic_data_module:SOPC_cpu_ic_data|altsyncram:the_altsyncram|altsyncram_c9d1:auto_generated|ram_block1a1~porta_memory_reg0  ;
; 4.539 ; 6.666        ; 2.127          ; High Pulse Width ; inst|altpll_component|pll|clk[0] ; Rise       ; SOPC:inst2|SOPC_cpu:cpu|SOPC_cpu_ic_data_module:SOPC_cpu_ic_data|altsyncram:the_altsyncram|altsyncram_c9d1:auto_generated|ram_block1a20~porta_memory_reg0 ;
; 4.539 ; 6.666        ; 2.127          ; High Pulse Width ; inst|altpll_component|pll|clk[0] ; Rise       ; SOPC:inst2|SOPC_cpu:cpu|SOPC_cpu_ic_data_module:SOPC_cpu_ic_data|altsyncram:the_altsyncram|altsyncram_c9d1:auto_generated|ram_block1a21~porta_memory_reg0 ;
; 4.539 ; 6.666        ; 2.127          ; High Pulse Width ; inst|altpll_component|pll|clk[0] ; Rise       ; SOPC:inst2|SOPC_cpu:cpu|SOPC_cpu_ic_data_module:SOPC_cpu_ic_data|altsyncram:the_altsyncram|altsyncram_c9d1:auto_generated|ram_block1a22~porta_memory_reg0 ;
; 4.539 ; 6.666        ; 2.127          ; High Pulse Width ; inst|altpll_component|pll|clk[0] ; Rise       ; SOPC:inst2|SOPC_cpu:cpu|SOPC_cpu_ic_data_module:SOPC_cpu_ic_data|altsyncram:the_altsyncram|altsyncram_c9d1:auto_generated|ram_block1a23~porta_memory_reg0 ;
; 4.539 ; 6.666        ; 2.127          ; High Pulse Width ; inst|altpll_component|pll|clk[0] ; Rise       ; SOPC:inst2|SOPC_cpu:cpu|SOPC_cpu_ic_data_module:SOPC_cpu_ic_data|altsyncram:the_altsyncram|altsyncram_c9d1:auto_generated|ram_block1a24~porta_memory_reg0 ;
; 4.539 ; 6.666        ; 2.127          ; High Pulse Width ; inst|altpll_component|pll|clk[0] ; Rise       ; SOPC:inst2|SOPC_cpu:cpu|SOPC_cpu_ic_data_module:SOPC_cpu_ic_data|altsyncram:the_altsyncram|altsyncram_c9d1:auto_generated|ram_block1a25~porta_memory_reg0 ;
; 4.539 ; 6.666        ; 2.127          ; High Pulse Width ; inst|altpll_component|pll|clk[0] ; Rise       ; SOPC:inst2|SOPC_cpu:cpu|SOPC_cpu_ic_data_module:SOPC_cpu_ic_data|altsyncram:the_altsyncram|altsyncram_c9d1:auto_generated|ram_block1a26~porta_memory_reg0 ;
; 4.539 ; 6.666        ; 2.127          ; High Pulse Width ; inst|altpll_component|pll|clk[0] ; Rise       ; SOPC:inst2|SOPC_cpu:cpu|SOPC_cpu_ic_data_module:SOPC_cpu_ic_data|altsyncram:the_altsyncram|altsyncram_c9d1:auto_generated|ram_block1a27~porta_memory_reg0 ;
; 4.539 ; 6.666        ; 2.127          ; High Pulse Width ; inst|altpll_component|pll|clk[0] ; Rise       ; SOPC:inst2|SOPC_cpu:cpu|SOPC_cpu_ic_data_module:SOPC_cpu_ic_data|altsyncram:the_altsyncram|altsyncram_c9d1:auto_generated|ram_block1a28~porta_memory_reg0 ;
; 4.539 ; 6.666        ; 2.127          ; High Pulse Width ; inst|altpll_component|pll|clk[0] ; Rise       ; SOPC:inst2|SOPC_cpu:cpu|SOPC_cpu_ic_data_module:SOPC_cpu_ic_data|altsyncram:the_altsyncram|altsyncram_c9d1:auto_generated|ram_block1a29~porta_memory_reg0 ;
; 4.539 ; 6.666        ; 2.127          ; High Pulse Width ; inst|altpll_component|pll|clk[0] ; Rise       ; SOPC:inst2|SOPC_cpu:cpu|SOPC_cpu_ic_data_module:SOPC_cpu_ic_data|altsyncram:the_altsyncram|altsyncram_c9d1:auto_generated|ram_block1a2~porta_memory_reg0  ;
; 4.539 ; 6.666        ; 2.127          ; High Pulse Width ; inst|altpll_component|pll|clk[0] ; Rise       ; SOPC:inst2|SOPC_cpu:cpu|SOPC_cpu_ic_data_module:SOPC_cpu_ic_data|altsyncram:the_altsyncram|altsyncram_c9d1:auto_generated|ram_block1a30~porta_memory_reg0 ;
; 4.539 ; 6.666        ; 2.127          ; High Pulse Width ; inst|altpll_component|pll|clk[0] ; Rise       ; SOPC:inst2|SOPC_cpu:cpu|SOPC_cpu_ic_data_module:SOPC_cpu_ic_data|altsyncram:the_altsyncram|altsyncram_c9d1:auto_generated|ram_block1a31~porta_memory_reg0 ;
; 4.539 ; 6.666        ; 2.127          ; High Pulse Width ; inst|altpll_component|pll|clk[0] ; Rise       ; SOPC:inst2|SOPC_cpu:cpu|SOPC_cpu_ic_data_module:SOPC_cpu_ic_data|altsyncram:the_altsyncram|altsyncram_c9d1:auto_generated|ram_block1a3~porta_address_reg0 ;
; 4.539 ; 6.666        ; 2.127          ; High Pulse Width ; inst|altpll_component|pll|clk[0] ; Rise       ; SOPC:inst2|SOPC_cpu:cpu|SOPC_cpu_ic_data_module:SOPC_cpu_ic_data|altsyncram:the_altsyncram|altsyncram_c9d1:auto_generated|ram_block1a3~porta_address_reg1 ;
; 4.539 ; 6.666        ; 2.127          ; High Pulse Width ; inst|altpll_component|pll|clk[0] ; Rise       ; SOPC:inst2|SOPC_cpu:cpu|SOPC_cpu_ic_data_module:SOPC_cpu_ic_data|altsyncram:the_altsyncram|altsyncram_c9d1:auto_generated|ram_block1a3~porta_address_reg2 ;
; 4.539 ; 6.666        ; 2.127          ; High Pulse Width ; inst|altpll_component|pll|clk[0] ; Rise       ; SOPC:inst2|SOPC_cpu:cpu|SOPC_cpu_ic_data_module:SOPC_cpu_ic_data|altsyncram:the_altsyncram|altsyncram_c9d1:auto_generated|ram_block1a3~porta_address_reg3 ;
; 4.539 ; 6.666        ; 2.127          ; High Pulse Width ; inst|altpll_component|pll|clk[0] ; Rise       ; SOPC:inst2|SOPC_cpu:cpu|SOPC_cpu_ic_data_module:SOPC_cpu_ic_data|altsyncram:the_altsyncram|altsyncram_c9d1:auto_generated|ram_block1a3~porta_address_reg4 ;
; 4.539 ; 6.666        ; 2.127          ; High Pulse Width ; inst|altpll_component|pll|clk[0] ; Rise       ; SOPC:inst2|SOPC_cpu:cpu|SOPC_cpu_ic_data_module:SOPC_cpu_ic_data|altsyncram:the_altsyncram|altsyncram_c9d1:auto_generated|ram_block1a3~porta_address_reg5 ;
; 4.539 ; 6.666        ; 2.127          ; High Pulse Width ; inst|altpll_component|pll|clk[0] ; Rise       ; SOPC:inst2|SOPC_cpu:cpu|SOPC_cpu_ic_data_module:SOPC_cpu_ic_data|altsyncram:the_altsyncram|altsyncram_c9d1:auto_generated|ram_block1a3~porta_address_reg6 ;
; 4.539 ; 6.666        ; 2.127          ; High Pulse Width ; inst|altpll_component|pll|clk[0] ; Rise       ; SOPC:inst2|SOPC_cpu:cpu|SOPC_cpu_ic_data_module:SOPC_cpu_ic_data|altsyncram:the_altsyncram|altsyncram_c9d1:auto_generated|ram_block1a3~porta_address_reg7 ;
; 4.539 ; 6.666        ; 2.127          ; High Pulse Width ; inst|altpll_component|pll|clk[0] ; Rise       ; SOPC:inst2|SOPC_cpu:cpu|SOPC_cpu_ic_data_module:SOPC_cpu_ic_data|altsyncram:the_altsyncram|altsyncram_c9d1:auto_generated|ram_block1a3~porta_address_reg8 ;
; 4.539 ; 6.666        ; 2.127          ; High Pulse Width ; inst|altpll_component|pll|clk[0] ; Rise       ; SOPC:inst2|SOPC_cpu:cpu|SOPC_cpu_ic_data_module:SOPC_cpu_ic_data|altsyncram:the_altsyncram|altsyncram_c9d1:auto_generated|ram_block1a3~porta_datain_reg0  ;
; 4.539 ; 6.666        ; 2.127          ; High Pulse Width ; inst|altpll_component|pll|clk[0] ; Rise       ; SOPC:inst2|SOPC_cpu:cpu|SOPC_cpu_ic_data_module:SOPC_cpu_ic_data|altsyncram:the_altsyncram|altsyncram_c9d1:auto_generated|ram_block1a3~porta_datain_reg1  ;
; 4.539 ; 6.666        ; 2.127          ; High Pulse Width ; inst|altpll_component|pll|clk[0] ; Rise       ; SOPC:inst2|SOPC_cpu:cpu|SOPC_cpu_ic_data_module:SOPC_cpu_ic_data|altsyncram:the_altsyncram|altsyncram_c9d1:auto_generated|ram_block1a3~porta_datain_reg2  ;
; 4.539 ; 6.666        ; 2.127          ; High Pulse Width ; inst|altpll_component|pll|clk[0] ; Rise       ; SOPC:inst2|SOPC_cpu:cpu|SOPC_cpu_ic_data_module:SOPC_cpu_ic_data|altsyncram:the_altsyncram|altsyncram_c9d1:auto_generated|ram_block1a3~porta_datain_reg3  ;
; 4.539 ; 6.666        ; 2.127          ; High Pulse Width ; inst|altpll_component|pll|clk[0] ; Rise       ; SOPC:inst2|SOPC_cpu:cpu|SOPC_cpu_ic_data_module:SOPC_cpu_ic_data|altsyncram:the_altsyncram|altsyncram_c9d1:auto_generated|ram_block1a3~porta_datain_reg4  ;
; 4.539 ; 6.666        ; 2.127          ; High Pulse Width ; inst|altpll_component|pll|clk[0] ; Rise       ; SOPC:inst2|SOPC_cpu:cpu|SOPC_cpu_ic_data_module:SOPC_cpu_ic_data|altsyncram:the_altsyncram|altsyncram_c9d1:auto_generated|ram_block1a3~porta_datain_reg5  ;
; 4.539 ; 6.666        ; 2.127          ; High Pulse Width ; inst|altpll_component|pll|clk[0] ; Rise       ; SOPC:inst2|SOPC_cpu:cpu|SOPC_cpu_ic_data_module:SOPC_cpu_ic_data|altsyncram:the_altsyncram|altsyncram_c9d1:auto_generated|ram_block1a3~porta_datain_reg6  ;
; 4.539 ; 6.666        ; 2.127          ; High Pulse Width ; inst|altpll_component|pll|clk[0] ; Rise       ; SOPC:inst2|SOPC_cpu:cpu|SOPC_cpu_ic_data_module:SOPC_cpu_ic_data|altsyncram:the_altsyncram|altsyncram_c9d1:auto_generated|ram_block1a3~porta_datain_reg7  ;
; 4.539 ; 6.666        ; 2.127          ; High Pulse Width ; inst|altpll_component|pll|clk[0] ; Rise       ; SOPC:inst2|SOPC_cpu:cpu|SOPC_cpu_ic_data_module:SOPC_cpu_ic_data|altsyncram:the_altsyncram|altsyncram_c9d1:auto_generated|ram_block1a3~porta_datain_reg8  ;
; 4.539 ; 6.666        ; 2.127          ; High Pulse Width ; inst|altpll_component|pll|clk[0] ; Rise       ; SOPC:inst2|SOPC_cpu:cpu|SOPC_cpu_ic_data_module:SOPC_cpu_ic_data|altsyncram:the_altsyncram|altsyncram_c9d1:auto_generated|ram_block1a3~porta_memory_reg0  ;
; 4.539 ; 6.666        ; 2.127          ; High Pulse Width ; inst|altpll_component|pll|clk[0] ; Rise       ; SOPC:inst2|SOPC_cpu:cpu|SOPC_cpu_ic_data_module:SOPC_cpu_ic_data|altsyncram:the_altsyncram|altsyncram_c9d1:auto_generated|ram_block1a3~porta_we_reg       ;
; 4.539 ; 6.666        ; 2.127          ; High Pulse Width ; inst|altpll_component|pll|clk[0] ; Rise       ; SOPC:inst2|SOPC_cpu:cpu|SOPC_cpu_ic_data_module:SOPC_cpu_ic_data|altsyncram:the_altsyncram|altsyncram_c9d1:auto_generated|ram_block1a3~portb_address_reg0 ;
; 4.539 ; 6.666        ; 2.127          ; High Pulse Width ; inst|altpll_component|pll|clk[0] ; Rise       ; SOPC:inst2|SOPC_cpu:cpu|SOPC_cpu_ic_data_module:SOPC_cpu_ic_data|altsyncram:the_altsyncram|altsyncram_c9d1:auto_generated|ram_block1a3~portb_address_reg1 ;
+-------+--------------+----------------+------------------+----------------------------------+------------+-----------------------------------------------------------------------------------------------------------------------------------------------------------+


+----------------------------------------------------------------------------------------------------------------------+
; Fast Model Minimum Pulse Width: 'clk_in'                                                                             ;
+--------+--------------+----------------+------------------+--------+------------+------------------------------------+
; Slack  ; Actual Width ; Required Width ; Type             ; Clock  ; Clock Edge ; Target                             ;
+--------+--------------+----------------+------------------+--------+------------+------------------------------------+
; 6.666  ; 6.666        ; 0.000          ; High Pulse Width ; clk_in ; Rise       ; CLK|combout                        ;
; 6.666  ; 6.666        ; 0.000          ; High Pulse Width ; clk_in ; Rise       ; inst|altpll_component|pll|clk[0]   ;
; 6.666  ; 6.666        ; 0.000          ; High Pulse Width ; clk_in ; Rise       ; inst|altpll_component|pll|clk[1]   ;
; 6.666  ; 6.666        ; 0.000          ; High Pulse Width ; clk_in ; Rise       ; inst|altpll_component|pll|inclk[0] ;
; 6.667  ; 6.667        ; 0.000          ; Low Pulse Width  ; clk_in ; Rise       ; CLK|combout                        ;
; 6.667  ; 6.667        ; 0.000          ; Low Pulse Width  ; clk_in ; Rise       ; inst|altpll_component|pll|clk[0]   ;
; 6.667  ; 6.667        ; 0.000          ; Low Pulse Width  ; clk_in ; Rise       ; inst|altpll_component|pll|clk[1]   ;
; 6.667  ; 6.667        ; 0.000          ; Low Pulse Width  ; clk_in ; Rise       ; inst|altpll_component|pll|inclk[0] ;
; 10.953 ; 13.333       ; 2.380          ; Port Rate        ; clk_in ; Rise       ; CLK                                ;
+--------+--------------+----------------+------------------+--------+------------+------------------------------------+


+-------------------------------------------------------------------------------------------------------------+
; Fast Model Minimum Pulse Width: 'altera_reserved_tck'                                                       ;
+--------+--------------+----------------+-----------+---------------------+------------+---------------------+
; Slack  ; Actual Width ; Required Width ; Type      ; Clock               ; Clock Edge ; Target              ;
+--------+--------------+----------------+-----------+---------------------+------------+---------------------+
; 97.778 ; 100.000      ; 2.222          ; Port Rate ; altera_reserved_tck ; Rise       ; altera_reserved_tck ;
+--------+--------------+----------------+-----------+---------------------+------------+---------------------+


+-------------------------------------------------------------------------------------------------------------------------+
; Setup Times                                                                                                             ;
+--------------------------------------------+------------+-------+-------+------------+----------------------------------+
; Data Port                                  ; Clock Port ; Rise  ; Fall  ; Clock Edge ; Clock Reference                  ;
+--------------------------------------------+------------+-------+-------+------------+----------------------------------+
; DQ[*]                                      ; clk_in     ; 1.034 ; 1.034 ; Rise       ; inst|altpll_component|pll|clk[0] ;
;  DQ[0]                                     ; clk_in     ; 1.034 ; 1.034 ; Rise       ; inst|altpll_component|pll|clk[0] ;
;  DQ[1]                                     ; clk_in     ; 1.034 ; 1.034 ; Rise       ; inst|altpll_component|pll|clk[0] ;
;  DQ[2]                                     ; clk_in     ; 1.023 ; 1.023 ; Rise       ; inst|altpll_component|pll|clk[0] ;
;  DQ[3]                                     ; clk_in     ; 1.029 ; 1.029 ; Rise       ; inst|altpll_component|pll|clk[0] ;
;  DQ[4]                                     ; clk_in     ; 1.013 ; 1.013 ; Rise       ; inst|altpll_component|pll|clk[0] ;
;  DQ[5]                                     ; clk_in     ; 1.013 ; 1.013 ; Rise       ; inst|altpll_component|pll|clk[0] ;
;  DQ[6]                                     ; clk_in     ; 0.948 ; 0.948 ; Rise       ; inst|altpll_component|pll|clk[0] ;
;  DQ[7]                                     ; clk_in     ; 0.938 ; 0.938 ; Rise       ; inst|altpll_component|pll|clk[0] ;
;  DQ[8]                                     ; clk_in     ; 1.009 ; 1.009 ; Rise       ; inst|altpll_component|pll|clk[0] ;
;  DQ[9]                                     ; clk_in     ; 1.010 ; 1.010 ; Rise       ; inst|altpll_component|pll|clk[0] ;
;  DQ[10]                                    ; clk_in     ; 1.020 ; 1.020 ; Rise       ; inst|altpll_component|pll|clk[0] ;
;  DQ[11]                                    ; clk_in     ; 1.011 ; 1.011 ; Rise       ; inst|altpll_component|pll|clk[0] ;
;  DQ[12]                                    ; clk_in     ; 1.011 ; 1.011 ; Rise       ; inst|altpll_component|pll|clk[0] ;
;  DQ[13]                                    ; clk_in     ; 1.023 ; 1.023 ; Rise       ; inst|altpll_component|pll|clk[0] ;
;  DQ[14]                                    ; clk_in     ; 1.011 ; 1.011 ; Rise       ; inst|altpll_component|pll|clk[0] ;
;  DQ[15]                                    ; clk_in     ; 1.008 ; 1.008 ; Rise       ; inst|altpll_component|pll|clk[0] ;
; MISO_to_the_spi_touch                      ; clk_in     ; 3.706 ; 3.706 ; Rise       ; inst|altpll_component|pll|clk[0] ;
; bidir_port_to_and_from_the_lcd32_data[*]   ; clk_in     ; 3.722 ; 3.722 ; Rise       ; inst|altpll_component|pll|clk[0] ;
;  bidir_port_to_and_from_the_lcd32_data[0]  ; clk_in     ; 3.659 ; 3.659 ; Rise       ; inst|altpll_component|pll|clk[0] ;
;  bidir_port_to_and_from_the_lcd32_data[1]  ; clk_in     ; 3.694 ; 3.694 ; Rise       ; inst|altpll_component|pll|clk[0] ;
;  bidir_port_to_and_from_the_lcd32_data[2]  ; clk_in     ; 3.523 ; 3.523 ; Rise       ; inst|altpll_component|pll|clk[0] ;
;  bidir_port_to_and_from_the_lcd32_data[3]  ; clk_in     ; 3.459 ; 3.459 ; Rise       ; inst|altpll_component|pll|clk[0] ;
;  bidir_port_to_and_from_the_lcd32_data[4]  ; clk_in     ; 3.452 ; 3.452 ; Rise       ; inst|altpll_component|pll|clk[0] ;
;  bidir_port_to_and_from_the_lcd32_data[5]  ; clk_in     ; 3.577 ; 3.577 ; Rise       ; inst|altpll_component|pll|clk[0] ;
;  bidir_port_to_and_from_the_lcd32_data[6]  ; clk_in     ; 3.466 ; 3.466 ; Rise       ; inst|altpll_component|pll|clk[0] ;
;  bidir_port_to_and_from_the_lcd32_data[7]  ; clk_in     ; 3.466 ; 3.466 ; Rise       ; inst|altpll_component|pll|clk[0] ;
;  bidir_port_to_and_from_the_lcd32_data[8]  ; clk_in     ; 3.589 ; 3.589 ; Rise       ; inst|altpll_component|pll|clk[0] ;
;  bidir_port_to_and_from_the_lcd32_data[9]  ; clk_in     ; 3.630 ; 3.630 ; Rise       ; inst|altpll_component|pll|clk[0] ;
;  bidir_port_to_and_from_the_lcd32_data[10] ; clk_in     ; 3.595 ; 3.595 ; Rise       ; inst|altpll_component|pll|clk[0] ;
;  bidir_port_to_and_from_the_lcd32_data[11] ; clk_in     ; 3.722 ; 3.722 ; Rise       ; inst|altpll_component|pll|clk[0] ;
;  bidir_port_to_and_from_the_lcd32_data[12] ; clk_in     ; 3.568 ; 3.568 ; Rise       ; inst|altpll_component|pll|clk[0] ;
;  bidir_port_to_and_from_the_lcd32_data[13] ; clk_in     ; 3.695 ; 3.695 ; Rise       ; inst|altpll_component|pll|clk[0] ;
;  bidir_port_to_and_from_the_lcd32_data[14] ; clk_in     ; 3.599 ; 3.599 ; Rise       ; inst|altpll_component|pll|clk[0] ;
;  bidir_port_to_and_from_the_lcd32_data[15] ; clk_in     ; 3.545 ; 3.545 ; Rise       ; inst|altpll_component|pll|clk[0] ;
+--------------------------------------------+------------+-------+-------+------------+----------------------------------+


+---------------------------------------------------------------------------------------------------------------------------+
; Hold Times                                                                                                                ;
+--------------------------------------------+------------+--------+--------+------------+----------------------------------+
; Data Port                                  ; Clock Port ; Rise   ; Fall   ; Clock Edge ; Clock Reference                  ;
+--------------------------------------------+------------+--------+--------+------------+----------------------------------+
; DQ[*]                                      ; clk_in     ; -0.837 ; -0.837 ; Rise       ; inst|altpll_component|pll|clk[0] ;
;  DQ[0]                                     ; clk_in     ; -0.948 ; -0.948 ; Rise       ; inst|altpll_component|pll|clk[0] ;
;  DQ[1]                                     ; clk_in     ; -0.948 ; -0.948 ; Rise       ; inst|altpll_component|pll|clk[0] ;
;  DQ[2]                                     ; clk_in     ; -0.937 ; -0.937 ; Rise       ; inst|altpll_component|pll|clk[0] ;
;  DQ[3]                                     ; clk_in     ; -0.943 ; -0.943 ; Rise       ; inst|altpll_component|pll|clk[0] ;
;  DQ[4]                                     ; clk_in     ; -0.927 ; -0.927 ; Rise       ; inst|altpll_component|pll|clk[0] ;
;  DQ[5]                                     ; clk_in     ; -0.927 ; -0.927 ; Rise       ; inst|altpll_component|pll|clk[0] ;
;  DQ[6]                                     ; clk_in     ; -0.847 ; -0.847 ; Rise       ; inst|altpll_component|pll|clk[0] ;
;  DQ[7]                                     ; clk_in     ; -0.837 ; -0.837 ; Rise       ; inst|altpll_component|pll|clk[0] ;
;  DQ[8]                                     ; clk_in     ; -0.923 ; -0.923 ; Rise       ; inst|altpll_component|pll|clk[0] ;
;  DQ[9]                                     ; clk_in     ; -0.924 ; -0.924 ; Rise       ; inst|altpll_component|pll|clk[0] ;
;  DQ[10]                                    ; clk_in     ; -0.934 ; -0.934 ; Rise       ; inst|altpll_component|pll|clk[0] ;
;  DQ[11]                                    ; clk_in     ; -0.925 ; -0.925 ; Rise       ; inst|altpll_component|pll|clk[0] ;
;  DQ[12]                                    ; clk_in     ; -0.925 ; -0.925 ; Rise       ; inst|altpll_component|pll|clk[0] ;
;  DQ[13]                                    ; clk_in     ; -0.937 ; -0.937 ; Rise       ; inst|altpll_component|pll|clk[0] ;
;  DQ[14]                                    ; clk_in     ; -0.925 ; -0.925 ; Rise       ; inst|altpll_component|pll|clk[0] ;
;  DQ[15]                                    ; clk_in     ; -0.922 ; -0.922 ; Rise       ; inst|altpll_component|pll|clk[0] ;
; MISO_to_the_spi_touch                      ; clk_in     ; -3.586 ; -3.586 ; Rise       ; inst|altpll_component|pll|clk[0] ;
; bidir_port_to_and_from_the_lcd32_data[*]   ; clk_in     ; -3.332 ; -3.332 ; Rise       ; inst|altpll_component|pll|clk[0] ;
;  bidir_port_to_and_from_the_lcd32_data[0]  ; clk_in     ; -3.539 ; -3.539 ; Rise       ; inst|altpll_component|pll|clk[0] ;
;  bidir_port_to_and_from_the_lcd32_data[1]  ; clk_in     ; -3.574 ; -3.574 ; Rise       ; inst|altpll_component|pll|clk[0] ;
;  bidir_port_to_and_from_the_lcd32_data[2]  ; clk_in     ; -3.403 ; -3.403 ; Rise       ; inst|altpll_component|pll|clk[0] ;
;  bidir_port_to_and_from_the_lcd32_data[3]  ; clk_in     ; -3.339 ; -3.339 ; Rise       ; inst|altpll_component|pll|clk[0] ;
;  bidir_port_to_and_from_the_lcd32_data[4]  ; clk_in     ; -3.332 ; -3.332 ; Rise       ; inst|altpll_component|pll|clk[0] ;
;  bidir_port_to_and_from_the_lcd32_data[5]  ; clk_in     ; -3.457 ; -3.457 ; Rise       ; inst|altpll_component|pll|clk[0] ;
;  bidir_port_to_and_from_the_lcd32_data[6]  ; clk_in     ; -3.346 ; -3.346 ; Rise       ; inst|altpll_component|pll|clk[0] ;
;  bidir_port_to_and_from_the_lcd32_data[7]  ; clk_in     ; -3.346 ; -3.346 ; Rise       ; inst|altpll_component|pll|clk[0] ;
;  bidir_port_to_and_from_the_lcd32_data[8]  ; clk_in     ; -3.469 ; -3.469 ; Rise       ; inst|altpll_component|pll|clk[0] ;
;  bidir_port_to_and_from_the_lcd32_data[9]  ; clk_in     ; -3.510 ; -3.510 ; Rise       ; inst|altpll_component|pll|clk[0] ;
;  bidir_port_to_and_from_the_lcd32_data[10] ; clk_in     ; -3.475 ; -3.475 ; Rise       ; inst|altpll_component|pll|clk[0] ;
;  bidir_port_to_and_from_the_lcd32_data[11] ; clk_in     ; -3.602 ; -3.602 ; Rise       ; inst|altpll_component|pll|clk[0] ;
;  bidir_port_to_and_from_the_lcd32_data[12] ; clk_in     ; -3.448 ; -3.448 ; Rise       ; inst|altpll_component|pll|clk[0] ;
;  bidir_port_to_and_from_the_lcd32_data[13] ; clk_in     ; -3.575 ; -3.575 ; Rise       ; inst|altpll_component|pll|clk[0] ;
;  bidir_port_to_and_from_the_lcd32_data[14] ; clk_in     ; -3.479 ; -3.479 ; Rise       ; inst|altpll_component|pll|clk[0] ;
;  bidir_port_to_and_from_the_lcd32_data[15] ; clk_in     ; -3.425 ; -3.425 ; Rise       ; inst|altpll_component|pll|clk[0] ;
+--------------------------------------------+------------+--------+--------+------------+----------------------------------+


+---------------------------------------------------------------------------------------------------------------------------+
; Clock to Output Times                                                                                                     ;
+--------------------------------------------+------------+--------+--------+------------+----------------------------------+
; Data Port                                  ; Clock Port ; Rise   ; Fall   ; Clock Edge ; Clock Reference                  ;
+--------------------------------------------+------------+--------+--------+------------+----------------------------------+
; BA[*]                                      ; clk_in     ; 1.290  ; 1.290  ; Rise       ; inst|altpll_component|pll|clk[0] ;
;  BA[0]                                     ; clk_in     ; 1.290  ; 1.290  ; Rise       ; inst|altpll_component|pll|clk[0] ;
;  BA[1]                                     ; clk_in     ; 1.278  ; 1.278  ; Rise       ; inst|altpll_component|pll|clk[0] ;
; CAS                                        ; clk_in     ; 1.291  ; 1.291  ; Rise       ; inst|altpll_component|pll|clk[0] ;
; CS                                         ; clk_in     ; 1.280  ; 1.280  ; Rise       ; inst|altpll_component|pll|clk[0] ;
; DQ[*]                                      ; clk_in     ; 1.301  ; 1.301  ; Rise       ; inst|altpll_component|pll|clk[0] ;
;  DQ[0]                                     ; clk_in     ; 1.084  ; 1.084  ; Rise       ; inst|altpll_component|pll|clk[0] ;
;  DQ[1]                                     ; clk_in     ; 1.084  ; 1.084  ; Rise       ; inst|altpll_component|pll|clk[0] ;
;  DQ[2]                                     ; clk_in     ; 1.095  ; 1.095  ; Rise       ; inst|altpll_component|pll|clk[0] ;
;  DQ[3]                                     ; clk_in     ; 1.089  ; 1.089  ; Rise       ; inst|altpll_component|pll|clk[0] ;
;  DQ[4]                                     ; clk_in     ; 1.085  ; 1.085  ; Rise       ; inst|altpll_component|pll|clk[0] ;
;  DQ[5]                                     ; clk_in     ; 1.085  ; 1.085  ; Rise       ; inst|altpll_component|pll|clk[0] ;
;  DQ[6]                                     ; clk_in     ; 1.301  ; 1.301  ; Rise       ; inst|altpll_component|pll|clk[0] ;
;  DQ[7]                                     ; clk_in     ; 1.291  ; 1.291  ; Rise       ; inst|altpll_component|pll|clk[0] ;
;  DQ[8]                                     ; clk_in     ; 1.109  ; 1.109  ; Rise       ; inst|altpll_component|pll|clk[0] ;
;  DQ[9]                                     ; clk_in     ; 1.108  ; 1.108  ; Rise       ; inst|altpll_component|pll|clk[0] ;
;  DQ[10]                                    ; clk_in     ; 1.118  ; 1.118  ; Rise       ; inst|altpll_component|pll|clk[0] ;
;  DQ[11]                                    ; clk_in     ; 1.087  ; 1.087  ; Rise       ; inst|altpll_component|pll|clk[0] ;
;  DQ[12]                                    ; clk_in     ; 1.087  ; 1.087  ; Rise       ; inst|altpll_component|pll|clk[0] ;
;  DQ[13]                                    ; clk_in     ; 1.075  ; 1.075  ; Rise       ; inst|altpll_component|pll|clk[0] ;
;  DQ[14]                                    ; clk_in     ; 1.087  ; 1.087  ; Rise       ; inst|altpll_component|pll|clk[0] ;
;  DQ[15]                                    ; clk_in     ; 1.090  ; 1.090  ; Rise       ; inst|altpll_component|pll|clk[0] ;
; MOSI_from_the_spi_touch                    ; clk_in     ; 1.971  ; 1.971  ; Rise       ; inst|altpll_component|pll|clk[0] ;
; RA[*]                                      ; clk_in     ; 1.303  ; 1.303  ; Rise       ; inst|altpll_component|pll|clk[0] ;
;  RA[0]                                     ; clk_in     ; 1.256  ; 1.256  ; Rise       ; inst|altpll_component|pll|clk[0] ;
;  RA[1]                                     ; clk_in     ; 1.276  ; 1.276  ; Rise       ; inst|altpll_component|pll|clk[0] ;
;  RA[2]                                     ; clk_in     ; 1.257  ; 1.257  ; Rise       ; inst|altpll_component|pll|clk[0] ;
;  RA[3]                                     ; clk_in     ; 1.257  ; 1.257  ; Rise       ; inst|altpll_component|pll|clk[0] ;
;  RA[4]                                     ; clk_in     ; 1.276  ; 1.276  ; Rise       ; inst|altpll_component|pll|clk[0] ;
;  RA[5]                                     ; clk_in     ; 1.276  ; 1.276  ; Rise       ; inst|altpll_component|pll|clk[0] ;
;  RA[6]                                     ; clk_in     ; 1.287  ; 1.287  ; Rise       ; inst|altpll_component|pll|clk[0] ;
;  RA[7]                                     ; clk_in     ; 1.285  ; 1.285  ; Rise       ; inst|altpll_component|pll|clk[0] ;
;  RA[8]                                     ; clk_in     ; 1.281  ; 1.281  ; Rise       ; inst|altpll_component|pll|clk[0] ;
;  RA[9]                                     ; clk_in     ; 1.287  ; 1.287  ; Rise       ; inst|altpll_component|pll|clk[0] ;
;  RA[10]                                    ; clk_in     ; 1.278  ; 1.278  ; Rise       ; inst|altpll_component|pll|clk[0] ;
;  RA[11]                                    ; clk_in     ; 1.303  ; 1.303  ; Rise       ; inst|altpll_component|pll|clk[0] ;
;  RA[12]                                    ; clk_in     ; 1.293  ; 1.293  ; Rise       ; inst|altpll_component|pll|clk[0] ;
; RAS                                        ; clk_in     ; 1.291  ; 1.291  ; Rise       ; inst|altpll_component|pll|clk[0] ;
; SCLK_from_the_spi_touch                    ; clk_in     ; 1.877  ; 1.877  ; Rise       ; inst|altpll_component|pll|clk[0] ;
; SS_n_from_the_spi_touch                    ; clk_in     ; 2.460  ; 2.460  ; Rise       ; inst|altpll_component|pll|clk[0] ;
; S_DQM[*]                                   ; clk_in     ; 1.291  ; 1.291  ; Rise       ; inst|altpll_component|pll|clk[0] ;
;  S_DQM[0]                                  ; clk_in     ; 1.291  ; 1.291  ; Rise       ; inst|altpll_component|pll|clk[0] ;
;  S_DQM[1]                                  ; clk_in     ; 1.106  ; 1.106  ; Rise       ; inst|altpll_component|pll|clk[0] ;
; WE                                         ; clk_in     ; 1.291  ; 1.291  ; Rise       ; inst|altpll_component|pll|clk[0] ;
; bidir_port_to_and_from_the_lcd32_data[*]   ; clk_in     ; 2.010  ; 2.010  ; Rise       ; inst|altpll_component|pll|clk[0] ;
;  bidir_port_to_and_from_the_lcd32_data[0]  ; clk_in     ; 1.864  ; 1.864  ; Rise       ; inst|altpll_component|pll|clk[0] ;
;  bidir_port_to_and_from_the_lcd32_data[1]  ; clk_in     ; 1.867  ; 1.867  ; Rise       ; inst|altpll_component|pll|clk[0] ;
;  bidir_port_to_and_from_the_lcd32_data[2]  ; clk_in     ; 1.814  ; 1.814  ; Rise       ; inst|altpll_component|pll|clk[0] ;
;  bidir_port_to_and_from_the_lcd32_data[3]  ; clk_in     ; 1.851  ; 1.851  ; Rise       ; inst|altpll_component|pll|clk[0] ;
;  bidir_port_to_and_from_the_lcd32_data[4]  ; clk_in     ; 1.705  ; 1.705  ; Rise       ; inst|altpll_component|pll|clk[0] ;
;  bidir_port_to_and_from_the_lcd32_data[5]  ; clk_in     ; 1.690  ; 1.690  ; Rise       ; inst|altpll_component|pll|clk[0] ;
;  bidir_port_to_and_from_the_lcd32_data[6]  ; clk_in     ; 1.688  ; 1.688  ; Rise       ; inst|altpll_component|pll|clk[0] ;
;  bidir_port_to_and_from_the_lcd32_data[7]  ; clk_in     ; 1.834  ; 1.834  ; Rise       ; inst|altpll_component|pll|clk[0] ;
;  bidir_port_to_and_from_the_lcd32_data[8]  ; clk_in     ; 1.810  ; 1.810  ; Rise       ; inst|altpll_component|pll|clk[0] ;
;  bidir_port_to_and_from_the_lcd32_data[9]  ; clk_in     ; 1.970  ; 1.970  ; Rise       ; inst|altpll_component|pll|clk[0] ;
;  bidir_port_to_and_from_the_lcd32_data[10] ; clk_in     ; 1.968  ; 1.968  ; Rise       ; inst|altpll_component|pll|clk[0] ;
;  bidir_port_to_and_from_the_lcd32_data[11] ; clk_in     ; 1.881  ; 1.881  ; Rise       ; inst|altpll_component|pll|clk[0] ;
;  bidir_port_to_and_from_the_lcd32_data[12] ; clk_in     ; 1.883  ; 1.883  ; Rise       ; inst|altpll_component|pll|clk[0] ;
;  bidir_port_to_and_from_the_lcd32_data[13] ; clk_in     ; 1.997  ; 1.997  ; Rise       ; inst|altpll_component|pll|clk[0] ;
;  bidir_port_to_and_from_the_lcd32_data[14] ; clk_in     ; 2.010  ; 2.010  ; Rise       ; inst|altpll_component|pll|clk[0] ;
;  bidir_port_to_and_from_the_lcd32_data[15] ; clk_in     ; 2.003  ; 2.003  ; Rise       ; inst|altpll_component|pll|clk[0] ;
; buzz[*]                                    ; clk_in     ; 2.664  ; 2.664  ; Rise       ; inst|altpll_component|pll|clk[0] ;
;  buzz[0]                                   ; clk_in     ; 2.322  ; 2.322  ; Rise       ; inst|altpll_component|pll|clk[0] ;
;  buzz[1]                                   ; clk_in     ; 2.664  ; 2.664  ; Rise       ; inst|altpll_component|pll|clk[0] ;
;  buzz[2]                                   ; clk_in     ; 2.333  ; 2.333  ; Rise       ; inst|altpll_component|pll|clk[0] ;
;  buzz[3]                                   ; clk_in     ; 2.600  ; 2.600  ; Rise       ; inst|altpll_component|pll|clk[0] ;
; led[*]                                     ; clk_in     ; 2.742  ; 2.742  ; Rise       ; inst|altpll_component|pll|clk[0] ;
;  led[0]                                    ; clk_in     ; 2.742  ; 2.742  ; Rise       ; inst|altpll_component|pll|clk[0] ;
;  led[1]                                    ; clk_in     ; 2.631  ; 2.631  ; Rise       ; inst|altpll_component|pll|clk[0] ;
;  led[2]                                    ; clk_in     ; 2.633  ; 2.633  ; Rise       ; inst|altpll_component|pll|clk[0] ;
;  led[3]                                    ; clk_in     ; 2.449  ; 2.449  ; Rise       ; inst|altpll_component|pll|clk[0] ;
; out_port_from_the_bl_n                     ; clk_in     ; 2.106  ; 2.106  ; Rise       ; inst|altpll_component|pll|clk[0] ;
; out_port_from_the_bl_p                     ; clk_in     ; 2.567  ; 2.567  ; Rise       ; inst|altpll_component|pll|clk[0] ;
; out_port_from_the_lcd_cs                   ; clk_in     ; 2.012  ; 2.012  ; Rise       ; inst|altpll_component|pll|clk[0] ;
; out_port_from_the_lcd_rd                   ; clk_in     ; 1.972  ; 1.972  ; Rise       ; inst|altpll_component|pll|clk[0] ;
; out_port_from_the_lcd_rs                   ; clk_in     ; 2.107  ; 2.107  ; Rise       ; inst|altpll_component|pll|clk[0] ;
; out_port_from_the_lcd_wr                   ; clk_in     ; 1.895  ; 1.895  ; Rise       ; inst|altpll_component|pll|clk[0] ;
; out_port_from_the_reset                    ; clk_in     ; 2.051  ; 2.051  ; Rise       ; inst|altpll_component|pll|clk[0] ;
; out_port_from_the_touch_cs                 ; clk_in     ; 2.045  ; 2.045  ; Rise       ; inst|altpll_component|pll|clk[0] ;
; S_CLK                                      ; clk_in     ; -2.372 ;        ; Rise       ; inst|altpll_component|pll|clk[1] ;
; S_CLK                                      ; clk_in     ;        ; -2.372 ; Fall       ; inst|altpll_component|pll|clk[1] ;
+--------------------------------------------+------------+--------+--------+------------+----------------------------------+


+---------------------------------------------------------------------------------------------------------------------------+
; Minimum Clock to Output Times                                                                                             ;
+--------------------------------------------+------------+--------+--------+------------+----------------------------------+
; Data Port                                  ; Clock Port ; Rise   ; Fall   ; Clock Edge ; Clock Reference                  ;
+--------------------------------------------+------------+--------+--------+------------+----------------------------------+
; BA[*]                                      ; clk_in     ; 1.278  ; 1.278  ; Rise       ; inst|altpll_component|pll|clk[0] ;
;  BA[0]                                     ; clk_in     ; 1.290  ; 1.290  ; Rise       ; inst|altpll_component|pll|clk[0] ;
;  BA[1]                                     ; clk_in     ; 1.278  ; 1.278  ; Rise       ; inst|altpll_component|pll|clk[0] ;
; CAS                                        ; clk_in     ; 1.291  ; 1.291  ; Rise       ; inst|altpll_component|pll|clk[0] ;
; CS                                         ; clk_in     ; 1.280  ; 1.280  ; Rise       ; inst|altpll_component|pll|clk[0] ;
; DQ[*]                                      ; clk_in     ; 1.062  ; 1.062  ; Rise       ; inst|altpll_component|pll|clk[0] ;
;  DQ[0]                                     ; clk_in     ; 1.071  ; 1.071  ; Rise       ; inst|altpll_component|pll|clk[0] ;
;  DQ[1]                                     ; clk_in     ; 1.071  ; 1.071  ; Rise       ; inst|altpll_component|pll|clk[0] ;
;  DQ[2]                                     ; clk_in     ; 1.082  ; 1.082  ; Rise       ; inst|altpll_component|pll|clk[0] ;
;  DQ[3]                                     ; clk_in     ; 1.076  ; 1.076  ; Rise       ; inst|altpll_component|pll|clk[0] ;
;  DQ[4]                                     ; clk_in     ; 1.072  ; 1.072  ; Rise       ; inst|altpll_component|pll|clk[0] ;
;  DQ[5]                                     ; clk_in     ; 1.072  ; 1.072  ; Rise       ; inst|altpll_component|pll|clk[0] ;
;  DQ[6]                                     ; clk_in     ; 1.291  ; 1.291  ; Rise       ; inst|altpll_component|pll|clk[0] ;
;  DQ[7]                                     ; clk_in     ; 1.281  ; 1.281  ; Rise       ; inst|altpll_component|pll|clk[0] ;
;  DQ[8]                                     ; clk_in     ; 1.096  ; 1.096  ; Rise       ; inst|altpll_component|pll|clk[0] ;
;  DQ[9]                                     ; clk_in     ; 1.095  ; 1.095  ; Rise       ; inst|altpll_component|pll|clk[0] ;
;  DQ[10]                                    ; clk_in     ; 1.105  ; 1.105  ; Rise       ; inst|altpll_component|pll|clk[0] ;
;  DQ[11]                                    ; clk_in     ; 1.074  ; 1.074  ; Rise       ; inst|altpll_component|pll|clk[0] ;
;  DQ[12]                                    ; clk_in     ; 1.074  ; 1.074  ; Rise       ; inst|altpll_component|pll|clk[0] ;
;  DQ[13]                                    ; clk_in     ; 1.062  ; 1.062  ; Rise       ; inst|altpll_component|pll|clk[0] ;
;  DQ[14]                                    ; clk_in     ; 1.074  ; 1.074  ; Rise       ; inst|altpll_component|pll|clk[0] ;
;  DQ[15]                                    ; clk_in     ; 1.077  ; 1.077  ; Rise       ; inst|altpll_component|pll|clk[0] ;
; MOSI_from_the_spi_touch                    ; clk_in     ; 1.971  ; 1.971  ; Rise       ; inst|altpll_component|pll|clk[0] ;
; RA[*]                                      ; clk_in     ; 1.256  ; 1.256  ; Rise       ; inst|altpll_component|pll|clk[0] ;
;  RA[0]                                     ; clk_in     ; 1.256  ; 1.256  ; Rise       ; inst|altpll_component|pll|clk[0] ;
;  RA[1]                                     ; clk_in     ; 1.276  ; 1.276  ; Rise       ; inst|altpll_component|pll|clk[0] ;
;  RA[2]                                     ; clk_in     ; 1.257  ; 1.257  ; Rise       ; inst|altpll_component|pll|clk[0] ;
;  RA[3]                                     ; clk_in     ; 1.257  ; 1.257  ; Rise       ; inst|altpll_component|pll|clk[0] ;
;  RA[4]                                     ; clk_in     ; 1.276  ; 1.276  ; Rise       ; inst|altpll_component|pll|clk[0] ;
;  RA[5]                                     ; clk_in     ; 1.276  ; 1.276  ; Rise       ; inst|altpll_component|pll|clk[0] ;
;  RA[6]                                     ; clk_in     ; 1.287  ; 1.287  ; Rise       ; inst|altpll_component|pll|clk[0] ;
;  RA[7]                                     ; clk_in     ; 1.285  ; 1.285  ; Rise       ; inst|altpll_component|pll|clk[0] ;
;  RA[8]                                     ; clk_in     ; 1.281  ; 1.281  ; Rise       ; inst|altpll_component|pll|clk[0] ;
;  RA[9]                                     ; clk_in     ; 1.287  ; 1.287  ; Rise       ; inst|altpll_component|pll|clk[0] ;
;  RA[10]                                    ; clk_in     ; 1.278  ; 1.278  ; Rise       ; inst|altpll_component|pll|clk[0] ;
;  RA[11]                                    ; clk_in     ; 1.303  ; 1.303  ; Rise       ; inst|altpll_component|pll|clk[0] ;
;  RA[12]                                    ; clk_in     ; 1.293  ; 1.293  ; Rise       ; inst|altpll_component|pll|clk[0] ;
; RAS                                        ; clk_in     ; 1.291  ; 1.291  ; Rise       ; inst|altpll_component|pll|clk[0] ;
; SCLK_from_the_spi_touch                    ; clk_in     ; 1.877  ; 1.877  ; Rise       ; inst|altpll_component|pll|clk[0] ;
; SS_n_from_the_spi_touch                    ; clk_in     ; 2.109  ; 2.109  ; Rise       ; inst|altpll_component|pll|clk[0] ;
; S_DQM[*]                                   ; clk_in     ; 1.106  ; 1.106  ; Rise       ; inst|altpll_component|pll|clk[0] ;
;  S_DQM[0]                                  ; clk_in     ; 1.291  ; 1.291  ; Rise       ; inst|altpll_component|pll|clk[0] ;
;  S_DQM[1]                                  ; clk_in     ; 1.106  ; 1.106  ; Rise       ; inst|altpll_component|pll|clk[0] ;
; WE                                         ; clk_in     ; 1.291  ; 1.291  ; Rise       ; inst|altpll_component|pll|clk[0] ;
; bidir_port_to_and_from_the_lcd32_data[*]   ; clk_in     ; 1.688  ; 1.688  ; Rise       ; inst|altpll_component|pll|clk[0] ;
;  bidir_port_to_and_from_the_lcd32_data[0]  ; clk_in     ; 1.864  ; 1.864  ; Rise       ; inst|altpll_component|pll|clk[0] ;
;  bidir_port_to_and_from_the_lcd32_data[1]  ; clk_in     ; 1.867  ; 1.867  ; Rise       ; inst|altpll_component|pll|clk[0] ;
;  bidir_port_to_and_from_the_lcd32_data[2]  ; clk_in     ; 1.814  ; 1.814  ; Rise       ; inst|altpll_component|pll|clk[0] ;
;  bidir_port_to_and_from_the_lcd32_data[3]  ; clk_in     ; 1.851  ; 1.851  ; Rise       ; inst|altpll_component|pll|clk[0] ;
;  bidir_port_to_and_from_the_lcd32_data[4]  ; clk_in     ; 1.705  ; 1.705  ; Rise       ; inst|altpll_component|pll|clk[0] ;
;  bidir_port_to_and_from_the_lcd32_data[5]  ; clk_in     ; 1.690  ; 1.690  ; Rise       ; inst|altpll_component|pll|clk[0] ;
;  bidir_port_to_and_from_the_lcd32_data[6]  ; clk_in     ; 1.688  ; 1.688  ; Rise       ; inst|altpll_component|pll|clk[0] ;
;  bidir_port_to_and_from_the_lcd32_data[7]  ; clk_in     ; 1.834  ; 1.834  ; Rise       ; inst|altpll_component|pll|clk[0] ;
;  bidir_port_to_and_from_the_lcd32_data[8]  ; clk_in     ; 1.810  ; 1.810  ; Rise       ; inst|altpll_component|pll|clk[0] ;
;  bidir_port_to_and_from_the_lcd32_data[9]  ; clk_in     ; 1.970  ; 1.970  ; Rise       ; inst|altpll_component|pll|clk[0] ;
;  bidir_port_to_and_from_the_lcd32_data[10] ; clk_in     ; 1.968  ; 1.968  ; Rise       ; inst|altpll_component|pll|clk[0] ;
;  bidir_port_to_and_from_the_lcd32_data[11] ; clk_in     ; 1.881  ; 1.881  ; Rise       ; inst|altpll_component|pll|clk[0] ;
;  bidir_port_to_and_from_the_lcd32_data[12] ; clk_in     ; 1.883  ; 1.883  ; Rise       ; inst|altpll_component|pll|clk[0] ;
;  bidir_port_to_and_from_the_lcd32_data[13] ; clk_in     ; 1.997  ; 1.997  ; Rise       ; inst|altpll_component|pll|clk[0] ;
;  bidir_port_to_and_from_the_lcd32_data[14] ; clk_in     ; 2.010  ; 2.010  ; Rise       ; inst|altpll_component|pll|clk[0] ;
;  bidir_port_to_and_from_the_lcd32_data[15] ; clk_in     ; 2.003  ; 2.003  ; Rise       ; inst|altpll_component|pll|clk[0] ;
; buzz[*]                                    ; clk_in     ; 2.322  ; 2.322  ; Rise       ; inst|altpll_component|pll|clk[0] ;
;  buzz[0]                                   ; clk_in     ; 2.322  ; 2.322  ; Rise       ; inst|altpll_component|pll|clk[0] ;
;  buzz[1]                                   ; clk_in     ; 2.664  ; 2.664  ; Rise       ; inst|altpll_component|pll|clk[0] ;
;  buzz[2]                                   ; clk_in     ; 2.333  ; 2.333  ; Rise       ; inst|altpll_component|pll|clk[0] ;
;  buzz[3]                                   ; clk_in     ; 2.600  ; 2.600  ; Rise       ; inst|altpll_component|pll|clk[0] ;
; led[*]                                     ; clk_in     ; 2.449  ; 2.449  ; Rise       ; inst|altpll_component|pll|clk[0] ;
;  led[0]                                    ; clk_in     ; 2.742  ; 2.742  ; Rise       ; inst|altpll_component|pll|clk[0] ;
;  led[1]                                    ; clk_in     ; 2.631  ; 2.631  ; Rise       ; inst|altpll_component|pll|clk[0] ;
;  led[2]                                    ; clk_in     ; 2.633  ; 2.633  ; Rise       ; inst|altpll_component|pll|clk[0] ;
;  led[3]                                    ; clk_in     ; 2.449  ; 2.449  ; Rise       ; inst|altpll_component|pll|clk[0] ;
; out_port_from_the_bl_n                     ; clk_in     ; 2.106  ; 2.106  ; Rise       ; inst|altpll_component|pll|clk[0] ;
; out_port_from_the_bl_p                     ; clk_in     ; 2.567  ; 2.567  ; Rise       ; inst|altpll_component|pll|clk[0] ;
; out_port_from_the_lcd_cs                   ; clk_in     ; 2.012  ; 2.012  ; Rise       ; inst|altpll_component|pll|clk[0] ;
; out_port_from_the_lcd_rd                   ; clk_in     ; 1.972  ; 1.972  ; Rise       ; inst|altpll_component|pll|clk[0] ;
; out_port_from_the_lcd_rs                   ; clk_in     ; 2.107  ; 2.107  ; Rise       ; inst|altpll_component|pll|clk[0] ;
; out_port_from_the_lcd_wr                   ; clk_in     ; 1.895  ; 1.895  ; Rise       ; inst|altpll_component|pll|clk[0] ;
; out_port_from_the_reset                    ; clk_in     ; 2.051  ; 2.051  ; Rise       ; inst|altpll_component|pll|clk[0] ;
; out_port_from_the_touch_cs                 ; clk_in     ; 2.045  ; 2.045  ; Rise       ; inst|altpll_component|pll|clk[0] ;
; S_CLK                                      ; clk_in     ; -2.372 ;        ; Rise       ; inst|altpll_component|pll|clk[1] ;
; S_CLK                                      ; clk_in     ;        ; -2.372 ; Fall       ; inst|altpll_component|pll|clk[1] ;
+--------------------------------------------+------------+--------+--------+------------+----------------------------------+


+------------------------------------------------------------------------------------------------------------------------+
; Output Enable Times                                                                                                    ;
+--------------------------------------------+------------+-------+------+------------+----------------------------------+
; Data Port                                  ; Clock Port ; Rise  ; Fall ; Clock Edge ; Clock Reference                  ;
+--------------------------------------------+------------+-------+------+------------+----------------------------------+
; bidir_port_to_and_from_the_lcd32_data[*]   ; clk_in     ; 1.650 ;      ; Rise       ; inst|altpll_component|pll|clk[0] ;
;  bidir_port_to_and_from_the_lcd32_data[0]  ; clk_in     ; 1.811 ;      ; Rise       ; inst|altpll_component|pll|clk[0] ;
;  bidir_port_to_and_from_the_lcd32_data[1]  ; clk_in     ; 1.806 ;      ; Rise       ; inst|altpll_component|pll|clk[0] ;
;  bidir_port_to_and_from_the_lcd32_data[2]  ; clk_in     ; 1.840 ;      ; Rise       ; inst|altpll_component|pll|clk[0] ;
;  bidir_port_to_and_from_the_lcd32_data[3]  ; clk_in     ; 1.790 ;      ; Rise       ; inst|altpll_component|pll|clk[0] ;
;  bidir_port_to_and_from_the_lcd32_data[4]  ; clk_in     ; 1.650 ;      ; Rise       ; inst|altpll_component|pll|clk[0] ;
;  bidir_port_to_and_from_the_lcd32_data[5]  ; clk_in     ; 1.662 ;      ; Rise       ; inst|altpll_component|pll|clk[0] ;
;  bidir_port_to_and_from_the_lcd32_data[6]  ; clk_in     ; 1.660 ;      ; Rise       ; inst|altpll_component|pll|clk[0] ;
;  bidir_port_to_and_from_the_lcd32_data[7]  ; clk_in     ; 1.892 ;      ; Rise       ; inst|altpll_component|pll|clk[0] ;
;  bidir_port_to_and_from_the_lcd32_data[8]  ; clk_in     ; 1.779 ;      ; Rise       ; inst|altpll_component|pll|clk[0] ;
;  bidir_port_to_and_from_the_lcd32_data[9]  ; clk_in     ; 1.948 ;      ; Rise       ; inst|altpll_component|pll|clk[0] ;
;  bidir_port_to_and_from_the_lcd32_data[10] ; clk_in     ; 1.953 ;      ; Rise       ; inst|altpll_component|pll|clk[0] ;
;  bidir_port_to_and_from_the_lcd32_data[11] ; clk_in     ; 1.856 ;      ; Rise       ; inst|altpll_component|pll|clk[0] ;
;  bidir_port_to_and_from_the_lcd32_data[12] ; clk_in     ; 1.855 ;      ; Rise       ; inst|altpll_component|pll|clk[0] ;
;  bidir_port_to_and_from_the_lcd32_data[13] ; clk_in     ; 1.967 ;      ; Rise       ; inst|altpll_component|pll|clk[0] ;
;  bidir_port_to_and_from_the_lcd32_data[14] ; clk_in     ; 1.977 ;      ; Rise       ; inst|altpll_component|pll|clk[0] ;
;  bidir_port_to_and_from_the_lcd32_data[15] ; clk_in     ; 1.852 ;      ; Rise       ; inst|altpll_component|pll|clk[0] ;
+--------------------------------------------+------------+-------+------+------------+----------------------------------+


+------------------------------------------------------------------------------------------------------------------------+
; Minimum Output Enable Times                                                                                            ;
+--------------------------------------------+------------+-------+------+------------+----------------------------------+
; Data Port                                  ; Clock Port ; Rise  ; Fall ; Clock Edge ; Clock Reference                  ;
+--------------------------------------------+------------+-------+------+------------+----------------------------------+
; bidir_port_to_and_from_the_lcd32_data[*]   ; clk_in     ; 1.650 ;      ; Rise       ; inst|altpll_component|pll|clk[0] ;
;  bidir_port_to_and_from_the_lcd32_data[0]  ; clk_in     ; 1.811 ;      ; Rise       ; inst|altpll_component|pll|clk[0] ;
;  bidir_port_to_and_from_the_lcd32_data[1]  ; clk_in     ; 1.806 ;      ; Rise       ; inst|altpll_component|pll|clk[0] ;
;  bidir_port_to_and_from_the_lcd32_data[2]  ; clk_in     ; 1.840 ;      ; Rise       ; inst|altpll_component|pll|clk[0] ;
;  bidir_port_to_and_from_the_lcd32_data[3]  ; clk_in     ; 1.790 ;      ; Rise       ; inst|altpll_component|pll|clk[0] ;
;  bidir_port_to_and_from_the_lcd32_data[4]  ; clk_in     ; 1.650 ;      ; Rise       ; inst|altpll_component|pll|clk[0] ;
;  bidir_port_to_and_from_the_lcd32_data[5]  ; clk_in     ; 1.662 ;      ; Rise       ; inst|altpll_component|pll|clk[0] ;
;  bidir_port_to_and_from_the_lcd32_data[6]  ; clk_in     ; 1.660 ;      ; Rise       ; inst|altpll_component|pll|clk[0] ;
;  bidir_port_to_and_from_the_lcd32_data[7]  ; clk_in     ; 1.892 ;      ; Rise       ; inst|altpll_component|pll|clk[0] ;
;  bidir_port_to_and_from_the_lcd32_data[8]  ; clk_in     ; 1.779 ;      ; Rise       ; inst|altpll_component|pll|clk[0] ;
;  bidir_port_to_and_from_the_lcd32_data[9]  ; clk_in     ; 1.948 ;      ; Rise       ; inst|altpll_component|pll|clk[0] ;
;  bidir_port_to_and_from_the_lcd32_data[10] ; clk_in     ; 1.953 ;      ; Rise       ; inst|altpll_component|pll|clk[0] ;
;  bidir_port_to_and_from_the_lcd32_data[11] ; clk_in     ; 1.856 ;      ; Rise       ; inst|altpll_component|pll|clk[0] ;
;  bidir_port_to_and_from_the_lcd32_data[12] ; clk_in     ; 1.855 ;      ; Rise       ; inst|altpll_component|pll|clk[0] ;
;  bidir_port_to_and_from_the_lcd32_data[13] ; clk_in     ; 1.967 ;      ; Rise       ; inst|altpll_component|pll|clk[0] ;
;  bidir_port_to_and_from_the_lcd32_data[14] ; clk_in     ; 1.977 ;      ; Rise       ; inst|altpll_component|pll|clk[0] ;
;  bidir_port_to_and_from_the_lcd32_data[15] ; clk_in     ; 1.852 ;      ; Rise       ; inst|altpll_component|pll|clk[0] ;
+--------------------------------------------+------------+-------+------+------------+----------------------------------+


+---------------------------------------------------------------------------------------------------------------------------------+
; Output Disable Times                                                                                                            ;
+--------------------------------------------+------------+-----------+-----------+------------+----------------------------------+
; Data Port                                  ; Clock Port ; 0 to Hi-Z ; 1 to Hi-Z ; Clock Edge ; Clock Reference                  ;
+--------------------------------------------+------------+-----------+-----------+------------+----------------------------------+
; bidir_port_to_and_from_the_lcd32_data[*]   ; clk_in     ; 1.650     ;           ; Rise       ; inst|altpll_component|pll|clk[0] ;
;  bidir_port_to_and_from_the_lcd32_data[0]  ; clk_in     ; 1.811     ;           ; Rise       ; inst|altpll_component|pll|clk[0] ;
;  bidir_port_to_and_from_the_lcd32_data[1]  ; clk_in     ; 1.806     ;           ; Rise       ; inst|altpll_component|pll|clk[0] ;
;  bidir_port_to_and_from_the_lcd32_data[2]  ; clk_in     ; 1.840     ;           ; Rise       ; inst|altpll_component|pll|clk[0] ;
;  bidir_port_to_and_from_the_lcd32_data[3]  ; clk_in     ; 1.790     ;           ; Rise       ; inst|altpll_component|pll|clk[0] ;
;  bidir_port_to_and_from_the_lcd32_data[4]  ; clk_in     ; 1.650     ;           ; Rise       ; inst|altpll_component|pll|clk[0] ;
;  bidir_port_to_and_from_the_lcd32_data[5]  ; clk_in     ; 1.662     ;           ; Rise       ; inst|altpll_component|pll|clk[0] ;
;  bidir_port_to_and_from_the_lcd32_data[6]  ; clk_in     ; 1.660     ;           ; Rise       ; inst|altpll_component|pll|clk[0] ;
;  bidir_port_to_and_from_the_lcd32_data[7]  ; clk_in     ; 1.892     ;           ; Rise       ; inst|altpll_component|pll|clk[0] ;
;  bidir_port_to_and_from_the_lcd32_data[8]  ; clk_in     ; 1.779     ;           ; Rise       ; inst|altpll_component|pll|clk[0] ;
;  bidir_port_to_and_from_the_lcd32_data[9]  ; clk_in     ; 1.948     ;           ; Rise       ; inst|altpll_component|pll|clk[0] ;
;  bidir_port_to_and_from_the_lcd32_data[10] ; clk_in     ; 1.953     ;           ; Rise       ; inst|altpll_component|pll|clk[0] ;
;  bidir_port_to_and_from_the_lcd32_data[11] ; clk_in     ; 1.856     ;           ; Rise       ; inst|altpll_component|pll|clk[0] ;
;  bidir_port_to_and_from_the_lcd32_data[12] ; clk_in     ; 1.855     ;           ; Rise       ; inst|altpll_component|pll|clk[0] ;
;  bidir_port_to_and_from_the_lcd32_data[13] ; clk_in     ; 1.967     ;           ; Rise       ; inst|altpll_component|pll|clk[0] ;
;  bidir_port_to_and_from_the_lcd32_data[14] ; clk_in     ; 1.977     ;           ; Rise       ; inst|altpll_component|pll|clk[0] ;
;  bidir_port_to_and_from_the_lcd32_data[15] ; clk_in     ; 1.852     ;           ; Rise       ; inst|altpll_component|pll|clk[0] ;
+--------------------------------------------+------------+-----------+-----------+------------+----------------------------------+


+---------------------------------------------------------------------------------------------------------------------------------+
; Minimum Output Disable Times                                                                                                    ;
+--------------------------------------------+------------+-----------+-----------+------------+----------------------------------+
; Data Port                                  ; Clock Port ; 0 to Hi-Z ; 1 to Hi-Z ; Clock Edge ; Clock Reference                  ;
+--------------------------------------------+------------+-----------+-----------+------------+----------------------------------+
; bidir_port_to_and_from_the_lcd32_data[*]   ; clk_in     ; 1.650     ;           ; Rise       ; inst|altpll_component|pll|clk[0] ;
;  bidir_port_to_and_from_the_lcd32_data[0]  ; clk_in     ; 1.811     ;           ; Rise       ; inst|altpll_component|pll|clk[0] ;
;  bidir_port_to_and_from_the_lcd32_data[1]  ; clk_in     ; 1.806     ;           ; Rise       ; inst|altpll_component|pll|clk[0] ;
;  bidir_port_to_and_from_the_lcd32_data[2]  ; clk_in     ; 1.840     ;           ; Rise       ; inst|altpll_component|pll|clk[0] ;
;  bidir_port_to_and_from_the_lcd32_data[3]  ; clk_in     ; 1.790     ;           ; Rise       ; inst|altpll_component|pll|clk[0] ;
;  bidir_port_to_and_from_the_lcd32_data[4]  ; clk_in     ; 1.650     ;           ; Rise       ; inst|altpll_component|pll|clk[0] ;
;  bidir_port_to_and_from_the_lcd32_data[5]  ; clk_in     ; 1.662     ;           ; Rise       ; inst|altpll_component|pll|clk[0] ;
;  bidir_port_to_and_from_the_lcd32_data[6]  ; clk_in     ; 1.660     ;           ; Rise       ; inst|altpll_component|pll|clk[0] ;
;  bidir_port_to_and_from_the_lcd32_data[7]  ; clk_in     ; 1.892     ;           ; Rise       ; inst|altpll_component|pll|clk[0] ;
;  bidir_port_to_and_from_the_lcd32_data[8]  ; clk_in     ; 1.779     ;           ; Rise       ; inst|altpll_component|pll|clk[0] ;
;  bidir_port_to_and_from_the_lcd32_data[9]  ; clk_in     ; 1.948     ;           ; Rise       ; inst|altpll_component|pll|clk[0] ;
;  bidir_port_to_and_from_the_lcd32_data[10] ; clk_in     ; 1.953     ;           ; Rise       ; inst|altpll_component|pll|clk[0] ;
;  bidir_port_to_and_from_the_lcd32_data[11] ; clk_in     ; 1.856     ;           ; Rise       ; inst|altpll_component|pll|clk[0] ;
;  bidir_port_to_and_from_the_lcd32_data[12] ; clk_in     ; 1.855     ;           ; Rise       ; inst|altpll_component|pll|clk[0] ;
;  bidir_port_to_and_from_the_lcd32_data[13] ; clk_in     ; 1.967     ;           ; Rise       ; inst|altpll_component|pll|clk[0] ;
;  bidir_port_to_and_from_the_lcd32_data[14] ; clk_in     ; 1.977     ;           ; Rise       ; inst|altpll_component|pll|clk[0] ;
;  bidir_port_to_and_from_the_lcd32_data[15] ; clk_in     ; 1.852     ;           ; Rise       ; inst|altpll_component|pll|clk[0] ;
+--------------------------------------------+------------+-----------+-----------+------------+----------------------------------+


+----------------------------------------------------------------------------------------------+
; Multicorner Timing Analysis Summary                                                          ;
+-----------------------------------+-------+-------+----------+---------+---------------------+
; Clock                             ; Setup ; Hold  ; Recovery ; Removal ; Minimum Pulse Width ;
+-----------------------------------+-------+-------+----------+---------+---------------------+
; Worst-case Slack                  ; 1.618 ; 0.215 ; 2.841    ; 1.394   ; 3.599               ;
;  altera_reserved_tck              ; N/A   ; N/A   ; N/A      ; N/A     ; 97.223              ;
;  clk_in                           ; N/A   ; N/A   ; N/A      ; N/A     ; 6.666               ;
;  inst|altpll_component|pll|clk[0] ; 1.618 ; 0.215 ; 2.841    ; 1.394   ; 3.599               ;
; Design-wide TNS                   ; 0.0   ; 0.0   ; 0.0      ; 0.0     ; 0.0                 ;
;  altera_reserved_tck              ; N/A   ; N/A   ; N/A      ; N/A     ; 0.000               ;
;  clk_in                           ; N/A   ; N/A   ; N/A      ; N/A     ; 0.000               ;
;  inst|altpll_component|pll|clk[0] ; 0.000 ; 0.000 ; 0.000    ; 0.000   ; 0.000               ;
+-----------------------------------+-------+-------+----------+---------+---------------------+


+-------------------------------------------------------------------------------------------------------------------------+
; Setup Times                                                                                                             ;
+--------------------------------------------+------------+-------+-------+------------+----------------------------------+
; Data Port                                  ; Clock Port ; Rise  ; Fall  ; Clock Edge ; Clock Reference                  ;
+--------------------------------------------+------------+-------+-------+------------+----------------------------------+
; DQ[*]                                      ; clk_in     ; 1.573 ; 1.573 ; Rise       ; inst|altpll_component|pll|clk[0] ;
;  DQ[0]                                     ; clk_in     ; 1.573 ; 1.573 ; Rise       ; inst|altpll_component|pll|clk[0] ;
;  DQ[1]                                     ; clk_in     ; 1.573 ; 1.573 ; Rise       ; inst|altpll_component|pll|clk[0] ;
;  DQ[2]                                     ; clk_in     ; 1.562 ; 1.562 ; Rise       ; inst|altpll_component|pll|clk[0] ;
;  DQ[3]                                     ; clk_in     ; 1.568 ; 1.568 ; Rise       ; inst|altpll_component|pll|clk[0] ;
;  DQ[4]                                     ; clk_in     ; 1.552 ; 1.552 ; Rise       ; inst|altpll_component|pll|clk[0] ;
;  DQ[5]                                     ; clk_in     ; 1.552 ; 1.552 ; Rise       ; inst|altpll_component|pll|clk[0] ;
;  DQ[6]                                     ; clk_in     ; 1.454 ; 1.454 ; Rise       ; inst|altpll_component|pll|clk[0] ;
;  DQ[7]                                     ; clk_in     ; 1.444 ; 1.444 ; Rise       ; inst|altpll_component|pll|clk[0] ;
;  DQ[8]                                     ; clk_in     ; 1.546 ; 1.546 ; Rise       ; inst|altpll_component|pll|clk[0] ;
;  DQ[9]                                     ; clk_in     ; 1.548 ; 1.548 ; Rise       ; inst|altpll_component|pll|clk[0] ;
;  DQ[10]                                    ; clk_in     ; 1.558 ; 1.558 ; Rise       ; inst|altpll_component|pll|clk[0] ;
;  DQ[11]                                    ; clk_in     ; 1.548 ; 1.548 ; Rise       ; inst|altpll_component|pll|clk[0] ;
;  DQ[12]                                    ; clk_in     ; 1.548 ; 1.548 ; Rise       ; inst|altpll_component|pll|clk[0] ;
;  DQ[13]                                    ; clk_in     ; 1.560 ; 1.560 ; Rise       ; inst|altpll_component|pll|clk[0] ;
;  DQ[14]                                    ; clk_in     ; 1.548 ; 1.548 ; Rise       ; inst|altpll_component|pll|clk[0] ;
;  DQ[15]                                    ; clk_in     ; 1.544 ; 1.544 ; Rise       ; inst|altpll_component|pll|clk[0] ;
; MISO_to_the_spi_touch                      ; clk_in     ; 7.626 ; 7.626 ; Rise       ; inst|altpll_component|pll|clk[0] ;
; bidir_port_to_and_from_the_lcd32_data[*]   ; clk_in     ; 7.586 ; 7.586 ; Rise       ; inst|altpll_component|pll|clk[0] ;
;  bidir_port_to_and_from_the_lcd32_data[0]  ; clk_in     ; 7.311 ; 7.311 ; Rise       ; inst|altpll_component|pll|clk[0] ;
;  bidir_port_to_and_from_the_lcd32_data[1]  ; clk_in     ; 7.320 ; 7.320 ; Rise       ; inst|altpll_component|pll|clk[0] ;
;  bidir_port_to_and_from_the_lcd32_data[2]  ; clk_in     ; 6.909 ; 6.909 ; Rise       ; inst|altpll_component|pll|clk[0] ;
;  bidir_port_to_and_from_the_lcd32_data[3]  ; clk_in     ; 6.715 ; 6.715 ; Rise       ; inst|altpll_component|pll|clk[0] ;
;  bidir_port_to_and_from_the_lcd32_data[4]  ; clk_in     ; 6.707 ; 6.707 ; Rise       ; inst|altpll_component|pll|clk[0] ;
;  bidir_port_to_and_from_the_lcd32_data[5]  ; clk_in     ; 7.135 ; 7.135 ; Rise       ; inst|altpll_component|pll|clk[0] ;
;  bidir_port_to_and_from_the_lcd32_data[6]  ; clk_in     ; 6.729 ; 6.729 ; Rise       ; inst|altpll_component|pll|clk[0] ;
;  bidir_port_to_and_from_the_lcd32_data[7]  ; clk_in     ; 6.730 ; 6.730 ; Rise       ; inst|altpll_component|pll|clk[0] ;
;  bidir_port_to_and_from_the_lcd32_data[8]  ; clk_in     ; 7.127 ; 7.127 ; Rise       ; inst|altpll_component|pll|clk[0] ;
;  bidir_port_to_and_from_the_lcd32_data[9]  ; clk_in     ; 7.240 ; 7.240 ; Rise       ; inst|altpll_component|pll|clk[0] ;
;  bidir_port_to_and_from_the_lcd32_data[10] ; clk_in     ; 7.188 ; 7.188 ; Rise       ; inst|altpll_component|pll|clk[0] ;
;  bidir_port_to_and_from_the_lcd32_data[11] ; clk_in     ; 7.586 ; 7.586 ; Rise       ; inst|altpll_component|pll|clk[0] ;
;  bidir_port_to_and_from_the_lcd32_data[12] ; clk_in     ; 6.978 ; 6.978 ; Rise       ; inst|altpll_component|pll|clk[0] ;
;  bidir_port_to_and_from_the_lcd32_data[13] ; clk_in     ; 7.381 ; 7.381 ; Rise       ; inst|altpll_component|pll|clk[0] ;
;  bidir_port_to_and_from_the_lcd32_data[14] ; clk_in     ; 7.180 ; 7.180 ; Rise       ; inst|altpll_component|pll|clk[0] ;
;  bidir_port_to_and_from_the_lcd32_data[15] ; clk_in     ; 7.010 ; 7.010 ; Rise       ; inst|altpll_component|pll|clk[0] ;
+--------------------------------------------+------------+-------+-------+------------+----------------------------------+


+---------------------------------------------------------------------------------------------------------------------------+
; Hold Times                                                                                                                ;
+--------------------------------------------+------------+--------+--------+------------+----------------------------------+
; Data Port                                  ; Clock Port ; Rise   ; Fall   ; Clock Edge ; Clock Reference                  ;
+--------------------------------------------+------------+--------+--------+------------+----------------------------------+
; DQ[*]                                      ; clk_in     ; -0.837 ; -0.837 ; Rise       ; inst|altpll_component|pll|clk[0] ;
;  DQ[0]                                     ; clk_in     ; -0.948 ; -0.948 ; Rise       ; inst|altpll_component|pll|clk[0] ;
;  DQ[1]                                     ; clk_in     ; -0.948 ; -0.948 ; Rise       ; inst|altpll_component|pll|clk[0] ;
;  DQ[2]                                     ; clk_in     ; -0.937 ; -0.937 ; Rise       ; inst|altpll_component|pll|clk[0] ;
;  DQ[3]                                     ; clk_in     ; -0.943 ; -0.943 ; Rise       ; inst|altpll_component|pll|clk[0] ;
;  DQ[4]                                     ; clk_in     ; -0.927 ; -0.927 ; Rise       ; inst|altpll_component|pll|clk[0] ;
;  DQ[5]                                     ; clk_in     ; -0.927 ; -0.927 ; Rise       ; inst|altpll_component|pll|clk[0] ;
;  DQ[6]                                     ; clk_in     ; -0.847 ; -0.847 ; Rise       ; inst|altpll_component|pll|clk[0] ;
;  DQ[7]                                     ; clk_in     ; -0.837 ; -0.837 ; Rise       ; inst|altpll_component|pll|clk[0] ;
;  DQ[8]                                     ; clk_in     ; -0.923 ; -0.923 ; Rise       ; inst|altpll_component|pll|clk[0] ;
;  DQ[9]                                     ; clk_in     ; -0.924 ; -0.924 ; Rise       ; inst|altpll_component|pll|clk[0] ;
;  DQ[10]                                    ; clk_in     ; -0.934 ; -0.934 ; Rise       ; inst|altpll_component|pll|clk[0] ;
;  DQ[11]                                    ; clk_in     ; -0.925 ; -0.925 ; Rise       ; inst|altpll_component|pll|clk[0] ;
;  DQ[12]                                    ; clk_in     ; -0.925 ; -0.925 ; Rise       ; inst|altpll_component|pll|clk[0] ;
;  DQ[13]                                    ; clk_in     ; -0.937 ; -0.937 ; Rise       ; inst|altpll_component|pll|clk[0] ;
;  DQ[14]                                    ; clk_in     ; -0.925 ; -0.925 ; Rise       ; inst|altpll_component|pll|clk[0] ;
;  DQ[15]                                    ; clk_in     ; -0.922 ; -0.922 ; Rise       ; inst|altpll_component|pll|clk[0] ;
; MISO_to_the_spi_touch                      ; clk_in     ; -3.586 ; -3.586 ; Rise       ; inst|altpll_component|pll|clk[0] ;
; bidir_port_to_and_from_the_lcd32_data[*]   ; clk_in     ; -3.332 ; -3.332 ; Rise       ; inst|altpll_component|pll|clk[0] ;
;  bidir_port_to_and_from_the_lcd32_data[0]  ; clk_in     ; -3.539 ; -3.539 ; Rise       ; inst|altpll_component|pll|clk[0] ;
;  bidir_port_to_and_from_the_lcd32_data[1]  ; clk_in     ; -3.574 ; -3.574 ; Rise       ; inst|altpll_component|pll|clk[0] ;
;  bidir_port_to_and_from_the_lcd32_data[2]  ; clk_in     ; -3.403 ; -3.403 ; Rise       ; inst|altpll_component|pll|clk[0] ;
;  bidir_port_to_and_from_the_lcd32_data[3]  ; clk_in     ; -3.339 ; -3.339 ; Rise       ; inst|altpll_component|pll|clk[0] ;
;  bidir_port_to_and_from_the_lcd32_data[4]  ; clk_in     ; -3.332 ; -3.332 ; Rise       ; inst|altpll_component|pll|clk[0] ;
;  bidir_port_to_and_from_the_lcd32_data[5]  ; clk_in     ; -3.457 ; -3.457 ; Rise       ; inst|altpll_component|pll|clk[0] ;
;  bidir_port_to_and_from_the_lcd32_data[6]  ; clk_in     ; -3.346 ; -3.346 ; Rise       ; inst|altpll_component|pll|clk[0] ;
;  bidir_port_to_and_from_the_lcd32_data[7]  ; clk_in     ; -3.346 ; -3.346 ; Rise       ; inst|altpll_component|pll|clk[0] ;
;  bidir_port_to_and_from_the_lcd32_data[8]  ; clk_in     ; -3.469 ; -3.469 ; Rise       ; inst|altpll_component|pll|clk[0] ;
;  bidir_port_to_and_from_the_lcd32_data[9]  ; clk_in     ; -3.510 ; -3.510 ; Rise       ; inst|altpll_component|pll|clk[0] ;
;  bidir_port_to_and_from_the_lcd32_data[10] ; clk_in     ; -3.475 ; -3.475 ; Rise       ; inst|altpll_component|pll|clk[0] ;
;  bidir_port_to_and_from_the_lcd32_data[11] ; clk_in     ; -3.602 ; -3.602 ; Rise       ; inst|altpll_component|pll|clk[0] ;
;  bidir_port_to_and_from_the_lcd32_data[12] ; clk_in     ; -3.448 ; -3.448 ; Rise       ; inst|altpll_component|pll|clk[0] ;
;  bidir_port_to_and_from_the_lcd32_data[13] ; clk_in     ; -3.575 ; -3.575 ; Rise       ; inst|altpll_component|pll|clk[0] ;
;  bidir_port_to_and_from_the_lcd32_data[14] ; clk_in     ; -3.479 ; -3.479 ; Rise       ; inst|altpll_component|pll|clk[0] ;
;  bidir_port_to_and_from_the_lcd32_data[15] ; clk_in     ; -3.425 ; -3.425 ; Rise       ; inst|altpll_component|pll|clk[0] ;
+--------------------------------------------+------------+--------+--------+------------+----------------------------------+


+---------------------------------------------------------------------------------------------------------------------------+
; Clock to Output Times                                                                                                     ;
+--------------------------------------------+------------+--------+--------+------------+----------------------------------+
; Data Port                                  ; Clock Port ; Rise   ; Fall   ; Clock Edge ; Clock Reference                  ;
+--------------------------------------------+------------+--------+--------+------------+----------------------------------+
; BA[*]                                      ; clk_in     ; 3.166  ; 3.166  ; Rise       ; inst|altpll_component|pll|clk[0] ;
;  BA[0]                                     ; clk_in     ; 3.166  ; 3.166  ; Rise       ; inst|altpll_component|pll|clk[0] ;
;  BA[1]                                     ; clk_in     ; 3.154  ; 3.154  ; Rise       ; inst|altpll_component|pll|clk[0] ;
; CAS                                        ; clk_in     ; 3.167  ; 3.167  ; Rise       ; inst|altpll_component|pll|clk[0] ;
; CS                                         ; clk_in     ; 3.156  ; 3.156  ; Rise       ; inst|altpll_component|pll|clk[0] ;
; DQ[*]                                      ; clk_in     ; 3.167  ; 3.167  ; Rise       ; inst|altpll_component|pll|clk[0] ;
;  DQ[0]                                     ; clk_in     ; 2.752  ; 2.752  ; Rise       ; inst|altpll_component|pll|clk[0] ;
;  DQ[1]                                     ; clk_in     ; 2.752  ; 2.752  ; Rise       ; inst|altpll_component|pll|clk[0] ;
;  DQ[2]                                     ; clk_in     ; 2.763  ; 2.763  ; Rise       ; inst|altpll_component|pll|clk[0] ;
;  DQ[3]                                     ; clk_in     ; 2.757  ; 2.757  ; Rise       ; inst|altpll_component|pll|clk[0] ;
;  DQ[4]                                     ; clk_in     ; 2.753  ; 2.753  ; Rise       ; inst|altpll_component|pll|clk[0] ;
;  DQ[5]                                     ; clk_in     ; 2.753  ; 2.753  ; Rise       ; inst|altpll_component|pll|clk[0] ;
;  DQ[6]                                     ; clk_in     ; 3.167  ; 3.167  ; Rise       ; inst|altpll_component|pll|clk[0] ;
;  DQ[7]                                     ; clk_in     ; 3.157  ; 3.157  ; Rise       ; inst|altpll_component|pll|clk[0] ;
;  DQ[8]                                     ; clk_in     ; 2.779  ; 2.779  ; Rise       ; inst|altpll_component|pll|clk[0] ;
;  DQ[9]                                     ; clk_in     ; 2.777  ; 2.777  ; Rise       ; inst|altpll_component|pll|clk[0] ;
;  DQ[10]                                    ; clk_in     ; 2.787  ; 2.787  ; Rise       ; inst|altpll_component|pll|clk[0] ;
;  DQ[11]                                    ; clk_in     ; 2.757  ; 2.757  ; Rise       ; inst|altpll_component|pll|clk[0] ;
;  DQ[12]                                    ; clk_in     ; 2.757  ; 2.757  ; Rise       ; inst|altpll_component|pll|clk[0] ;
;  DQ[13]                                    ; clk_in     ; 2.745  ; 2.745  ; Rise       ; inst|altpll_component|pll|clk[0] ;
;  DQ[14]                                    ; clk_in     ; 2.757  ; 2.757  ; Rise       ; inst|altpll_component|pll|clk[0] ;
;  DQ[15]                                    ; clk_in     ; 2.761  ; 2.761  ; Rise       ; inst|altpll_component|pll|clk[0] ;
; MOSI_from_the_spi_touch                    ; clk_in     ; 4.911  ; 4.911  ; Rise       ; inst|altpll_component|pll|clk[0] ;
; RA[*]                                      ; clk_in     ; 3.180  ; 3.180  ; Rise       ; inst|altpll_component|pll|clk[0] ;
;  RA[0]                                     ; clk_in     ; 3.132  ; 3.132  ; Rise       ; inst|altpll_component|pll|clk[0] ;
;  RA[1]                                     ; clk_in     ; 3.152  ; 3.152  ; Rise       ; inst|altpll_component|pll|clk[0] ;
;  RA[2]                                     ; clk_in     ; 3.133  ; 3.133  ; Rise       ; inst|altpll_component|pll|clk[0] ;
;  RA[3]                                     ; clk_in     ; 3.133  ; 3.133  ; Rise       ; inst|altpll_component|pll|clk[0] ;
;  RA[4]                                     ; clk_in     ; 3.153  ; 3.153  ; Rise       ; inst|altpll_component|pll|clk[0] ;
;  RA[5]                                     ; clk_in     ; 3.153  ; 3.153  ; Rise       ; inst|altpll_component|pll|clk[0] ;
;  RA[6]                                     ; clk_in     ; 3.163  ; 3.163  ; Rise       ; inst|altpll_component|pll|clk[0] ;
;  RA[7]                                     ; clk_in     ; 3.161  ; 3.161  ; Rise       ; inst|altpll_component|pll|clk[0] ;
;  RA[8]                                     ; clk_in     ; 3.157  ; 3.157  ; Rise       ; inst|altpll_component|pll|clk[0] ;
;  RA[9]                                     ; clk_in     ; 3.163  ; 3.163  ; Rise       ; inst|altpll_component|pll|clk[0] ;
;  RA[10]                                    ; clk_in     ; 3.154  ; 3.154  ; Rise       ; inst|altpll_component|pll|clk[0] ;
;  RA[11]                                    ; clk_in     ; 3.180  ; 3.180  ; Rise       ; inst|altpll_component|pll|clk[0] ;
;  RA[12]                                    ; clk_in     ; 3.170  ; 3.170  ; Rise       ; inst|altpll_component|pll|clk[0] ;
; RAS                                        ; clk_in     ; 3.167  ; 3.167  ; Rise       ; inst|altpll_component|pll|clk[0] ;
; SCLK_from_the_spi_touch                    ; clk_in     ; 4.574  ; 4.574  ; Rise       ; inst|altpll_component|pll|clk[0] ;
; SS_n_from_the_spi_touch                    ; clk_in     ; 6.609  ; 6.609  ; Rise       ; inst|altpll_component|pll|clk[0] ;
; S_DQM[*]                                   ; clk_in     ; 3.167  ; 3.167  ; Rise       ; inst|altpll_component|pll|clk[0] ;
;  S_DQM[0]                                  ; clk_in     ; 3.167  ; 3.167  ; Rise       ; inst|altpll_component|pll|clk[0] ;
;  S_DQM[1]                                  ; clk_in     ; 2.789  ; 2.789  ; Rise       ; inst|altpll_component|pll|clk[0] ;
; WE                                         ; clk_in     ; 3.167  ; 3.167  ; Rise       ; inst|altpll_component|pll|clk[0] ;
; bidir_port_to_and_from_the_lcd32_data[*]   ; clk_in     ; 4.969  ; 4.969  ; Rise       ; inst|altpll_component|pll|clk[0] ;
;  bidir_port_to_and_from_the_lcd32_data[0]  ; clk_in     ; 4.616  ; 4.616  ; Rise       ; inst|altpll_component|pll|clk[0] ;
;  bidir_port_to_and_from_the_lcd32_data[1]  ; clk_in     ; 4.625  ; 4.625  ; Rise       ; inst|altpll_component|pll|clk[0] ;
;  bidir_port_to_and_from_the_lcd32_data[2]  ; clk_in     ; 4.541  ; 4.541  ; Rise       ; inst|altpll_component|pll|clk[0] ;
;  bidir_port_to_and_from_the_lcd32_data[3]  ; clk_in     ; 4.603  ; 4.603  ; Rise       ; inst|altpll_component|pll|clk[0] ;
;  bidir_port_to_and_from_the_lcd32_data[4]  ; clk_in     ; 4.177  ; 4.177  ; Rise       ; inst|altpll_component|pll|clk[0] ;
;  bidir_port_to_and_from_the_lcd32_data[5]  ; clk_in     ; 4.146  ; 4.146  ; Rise       ; inst|altpll_component|pll|clk[0] ;
;  bidir_port_to_and_from_the_lcd32_data[6]  ; clk_in     ; 4.141  ; 4.141  ; Rise       ; inst|altpll_component|pll|clk[0] ;
;  bidir_port_to_and_from_the_lcd32_data[7]  ; clk_in     ; 4.358  ; 4.358  ; Rise       ; inst|altpll_component|pll|clk[0] ;
;  bidir_port_to_and_from_the_lcd32_data[8]  ; clk_in     ; 4.317  ; 4.317  ; Rise       ; inst|altpll_component|pll|clk[0] ;
;  bidir_port_to_and_from_the_lcd32_data[9]  ; clk_in     ; 4.895  ; 4.895  ; Rise       ; inst|altpll_component|pll|clk[0] ;
;  bidir_port_to_and_from_the_lcd32_data[10] ; clk_in     ; 4.889  ; 4.889  ; Rise       ; inst|altpll_component|pll|clk[0] ;
;  bidir_port_to_and_from_the_lcd32_data[11] ; clk_in     ; 4.571  ; 4.571  ; Rise       ; inst|altpll_component|pll|clk[0] ;
;  bidir_port_to_and_from_the_lcd32_data[12] ; clk_in     ; 4.572  ; 4.572  ; Rise       ; inst|altpll_component|pll|clk[0] ;
;  bidir_port_to_and_from_the_lcd32_data[13] ; clk_in     ; 4.954  ; 4.954  ; Rise       ; inst|altpll_component|pll|clk[0] ;
;  bidir_port_to_and_from_the_lcd32_data[14] ; clk_in     ; 4.969  ; 4.969  ; Rise       ; inst|altpll_component|pll|clk[0] ;
;  bidir_port_to_and_from_the_lcd32_data[15] ; clk_in     ; 4.953  ; 4.953  ; Rise       ; inst|altpll_component|pll|clk[0] ;
; buzz[*]                                    ; clk_in     ; 7.141  ; 7.141  ; Rise       ; inst|altpll_component|pll|clk[0] ;
;  buzz[0]                                   ; clk_in     ; 5.960  ; 5.960  ; Rise       ; inst|altpll_component|pll|clk[0] ;
;  buzz[1]                                   ; clk_in     ; 7.141  ; 7.141  ; Rise       ; inst|altpll_component|pll|clk[0] ;
;  buzz[2]                                   ; clk_in     ; 5.960  ; 5.960  ; Rise       ; inst|altpll_component|pll|clk[0] ;
;  buzz[3]                                   ; clk_in     ; 6.732  ; 6.732  ; Rise       ; inst|altpll_component|pll|clk[0] ;
; led[*]                                     ; clk_in     ; 7.547  ; 7.547  ; Rise       ; inst|altpll_component|pll|clk[0] ;
;  led[0]                                    ; clk_in     ; 7.547  ; 7.547  ; Rise       ; inst|altpll_component|pll|clk[0] ;
;  led[1]                                    ; clk_in     ; 7.155  ; 7.155  ; Rise       ; inst|altpll_component|pll|clk[0] ;
;  led[2]                                    ; clk_in     ; 6.693  ; 6.693  ; Rise       ; inst|altpll_component|pll|clk[0] ;
;  led[3]                                    ; clk_in     ; 6.212  ; 6.212  ; Rise       ; inst|altpll_component|pll|clk[0] ;
; out_port_from_the_bl_n                     ; clk_in     ; 5.373  ; 5.373  ; Rise       ; inst|altpll_component|pll|clk[0] ;
; out_port_from_the_bl_p                     ; clk_in     ; 6.784  ; 6.784  ; Rise       ; inst|altpll_component|pll|clk[0] ;
; out_port_from_the_lcd_cs                   ; clk_in     ; 4.986  ; 4.986  ; Rise       ; inst|altpll_component|pll|clk[0] ;
; out_port_from_the_lcd_rd                   ; clk_in     ; 4.916  ; 4.916  ; Rise       ; inst|altpll_component|pll|clk[0] ;
; out_port_from_the_lcd_rs                   ; clk_in     ; 5.335  ; 5.335  ; Rise       ; inst|altpll_component|pll|clk[0] ;
; out_port_from_the_lcd_wr                   ; clk_in     ; 4.623  ; 4.623  ; Rise       ; inst|altpll_component|pll|clk[0] ;
; out_port_from_the_reset                    ; clk_in     ; 5.051  ; 5.051  ; Rise       ; inst|altpll_component|pll|clk[0] ;
; out_port_from_the_touch_cs                 ; clk_in     ; 5.034  ; 5.034  ; Rise       ; inst|altpll_component|pll|clk[0] ;
; S_CLK                                      ; clk_in     ; -0.458 ;        ; Rise       ; inst|altpll_component|pll|clk[1] ;
; S_CLK                                      ; clk_in     ;        ; -0.458 ; Fall       ; inst|altpll_component|pll|clk[1] ;
+--------------------------------------------+------------+--------+--------+------------+----------------------------------+


+---------------------------------------------------------------------------------------------------------------------------+
; Minimum Clock to Output Times                                                                                             ;
+--------------------------------------------+------------+--------+--------+------------+----------------------------------+
; Data Port                                  ; Clock Port ; Rise   ; Fall   ; Clock Edge ; Clock Reference                  ;
+--------------------------------------------+------------+--------+--------+------------+----------------------------------+
; BA[*]                                      ; clk_in     ; 1.278  ; 1.278  ; Rise       ; inst|altpll_component|pll|clk[0] ;
;  BA[0]                                     ; clk_in     ; 1.290  ; 1.290  ; Rise       ; inst|altpll_component|pll|clk[0] ;
;  BA[1]                                     ; clk_in     ; 1.278  ; 1.278  ; Rise       ; inst|altpll_component|pll|clk[0] ;
; CAS                                        ; clk_in     ; 1.291  ; 1.291  ; Rise       ; inst|altpll_component|pll|clk[0] ;
; CS                                         ; clk_in     ; 1.280  ; 1.280  ; Rise       ; inst|altpll_component|pll|clk[0] ;
; DQ[*]                                      ; clk_in     ; 1.062  ; 1.062  ; Rise       ; inst|altpll_component|pll|clk[0] ;
;  DQ[0]                                     ; clk_in     ; 1.071  ; 1.071  ; Rise       ; inst|altpll_component|pll|clk[0] ;
;  DQ[1]                                     ; clk_in     ; 1.071  ; 1.071  ; Rise       ; inst|altpll_component|pll|clk[0] ;
;  DQ[2]                                     ; clk_in     ; 1.082  ; 1.082  ; Rise       ; inst|altpll_component|pll|clk[0] ;
;  DQ[3]                                     ; clk_in     ; 1.076  ; 1.076  ; Rise       ; inst|altpll_component|pll|clk[0] ;
;  DQ[4]                                     ; clk_in     ; 1.072  ; 1.072  ; Rise       ; inst|altpll_component|pll|clk[0] ;
;  DQ[5]                                     ; clk_in     ; 1.072  ; 1.072  ; Rise       ; inst|altpll_component|pll|clk[0] ;
;  DQ[6]                                     ; clk_in     ; 1.291  ; 1.291  ; Rise       ; inst|altpll_component|pll|clk[0] ;
;  DQ[7]                                     ; clk_in     ; 1.281  ; 1.281  ; Rise       ; inst|altpll_component|pll|clk[0] ;
;  DQ[8]                                     ; clk_in     ; 1.096  ; 1.096  ; Rise       ; inst|altpll_component|pll|clk[0] ;
;  DQ[9]                                     ; clk_in     ; 1.095  ; 1.095  ; Rise       ; inst|altpll_component|pll|clk[0] ;
;  DQ[10]                                    ; clk_in     ; 1.105  ; 1.105  ; Rise       ; inst|altpll_component|pll|clk[0] ;
;  DQ[11]                                    ; clk_in     ; 1.074  ; 1.074  ; Rise       ; inst|altpll_component|pll|clk[0] ;
;  DQ[12]                                    ; clk_in     ; 1.074  ; 1.074  ; Rise       ; inst|altpll_component|pll|clk[0] ;
;  DQ[13]                                    ; clk_in     ; 1.062  ; 1.062  ; Rise       ; inst|altpll_component|pll|clk[0] ;
;  DQ[14]                                    ; clk_in     ; 1.074  ; 1.074  ; Rise       ; inst|altpll_component|pll|clk[0] ;
;  DQ[15]                                    ; clk_in     ; 1.077  ; 1.077  ; Rise       ; inst|altpll_component|pll|clk[0] ;
; MOSI_from_the_spi_touch                    ; clk_in     ; 1.971  ; 1.971  ; Rise       ; inst|altpll_component|pll|clk[0] ;
; RA[*]                                      ; clk_in     ; 1.256  ; 1.256  ; Rise       ; inst|altpll_component|pll|clk[0] ;
;  RA[0]                                     ; clk_in     ; 1.256  ; 1.256  ; Rise       ; inst|altpll_component|pll|clk[0] ;
;  RA[1]                                     ; clk_in     ; 1.276  ; 1.276  ; Rise       ; inst|altpll_component|pll|clk[0] ;
;  RA[2]                                     ; clk_in     ; 1.257  ; 1.257  ; Rise       ; inst|altpll_component|pll|clk[0] ;
;  RA[3]                                     ; clk_in     ; 1.257  ; 1.257  ; Rise       ; inst|altpll_component|pll|clk[0] ;
;  RA[4]                                     ; clk_in     ; 1.276  ; 1.276  ; Rise       ; inst|altpll_component|pll|clk[0] ;
;  RA[5]                                     ; clk_in     ; 1.276  ; 1.276  ; Rise       ; inst|altpll_component|pll|clk[0] ;
;  RA[6]                                     ; clk_in     ; 1.287  ; 1.287  ; Rise       ; inst|altpll_component|pll|clk[0] ;
;  RA[7]                                     ; clk_in     ; 1.285  ; 1.285  ; Rise       ; inst|altpll_component|pll|clk[0] ;
;  RA[8]                                     ; clk_in     ; 1.281  ; 1.281  ; Rise       ; inst|altpll_component|pll|clk[0] ;
;  RA[9]                                     ; clk_in     ; 1.287  ; 1.287  ; Rise       ; inst|altpll_component|pll|clk[0] ;
;  RA[10]                                    ; clk_in     ; 1.278  ; 1.278  ; Rise       ; inst|altpll_component|pll|clk[0] ;
;  RA[11]                                    ; clk_in     ; 1.303  ; 1.303  ; Rise       ; inst|altpll_component|pll|clk[0] ;
;  RA[12]                                    ; clk_in     ; 1.293  ; 1.293  ; Rise       ; inst|altpll_component|pll|clk[0] ;
; RAS                                        ; clk_in     ; 1.291  ; 1.291  ; Rise       ; inst|altpll_component|pll|clk[0] ;
; SCLK_from_the_spi_touch                    ; clk_in     ; 1.877  ; 1.877  ; Rise       ; inst|altpll_component|pll|clk[0] ;
; SS_n_from_the_spi_touch                    ; clk_in     ; 2.109  ; 2.109  ; Rise       ; inst|altpll_component|pll|clk[0] ;
; S_DQM[*]                                   ; clk_in     ; 1.106  ; 1.106  ; Rise       ; inst|altpll_component|pll|clk[0] ;
;  S_DQM[0]                                  ; clk_in     ; 1.291  ; 1.291  ; Rise       ; inst|altpll_component|pll|clk[0] ;
;  S_DQM[1]                                  ; clk_in     ; 1.106  ; 1.106  ; Rise       ; inst|altpll_component|pll|clk[0] ;
; WE                                         ; clk_in     ; 1.291  ; 1.291  ; Rise       ; inst|altpll_component|pll|clk[0] ;
; bidir_port_to_and_from_the_lcd32_data[*]   ; clk_in     ; 1.688  ; 1.688  ; Rise       ; inst|altpll_component|pll|clk[0] ;
;  bidir_port_to_and_from_the_lcd32_data[0]  ; clk_in     ; 1.864  ; 1.864  ; Rise       ; inst|altpll_component|pll|clk[0] ;
;  bidir_port_to_and_from_the_lcd32_data[1]  ; clk_in     ; 1.867  ; 1.867  ; Rise       ; inst|altpll_component|pll|clk[0] ;
;  bidir_port_to_and_from_the_lcd32_data[2]  ; clk_in     ; 1.814  ; 1.814  ; Rise       ; inst|altpll_component|pll|clk[0] ;
;  bidir_port_to_and_from_the_lcd32_data[3]  ; clk_in     ; 1.851  ; 1.851  ; Rise       ; inst|altpll_component|pll|clk[0] ;
;  bidir_port_to_and_from_the_lcd32_data[4]  ; clk_in     ; 1.705  ; 1.705  ; Rise       ; inst|altpll_component|pll|clk[0] ;
;  bidir_port_to_and_from_the_lcd32_data[5]  ; clk_in     ; 1.690  ; 1.690  ; Rise       ; inst|altpll_component|pll|clk[0] ;
;  bidir_port_to_and_from_the_lcd32_data[6]  ; clk_in     ; 1.688  ; 1.688  ; Rise       ; inst|altpll_component|pll|clk[0] ;
;  bidir_port_to_and_from_the_lcd32_data[7]  ; clk_in     ; 1.834  ; 1.834  ; Rise       ; inst|altpll_component|pll|clk[0] ;
;  bidir_port_to_and_from_the_lcd32_data[8]  ; clk_in     ; 1.810  ; 1.810  ; Rise       ; inst|altpll_component|pll|clk[0] ;
;  bidir_port_to_and_from_the_lcd32_data[9]  ; clk_in     ; 1.970  ; 1.970  ; Rise       ; inst|altpll_component|pll|clk[0] ;
;  bidir_port_to_and_from_the_lcd32_data[10] ; clk_in     ; 1.968  ; 1.968  ; Rise       ; inst|altpll_component|pll|clk[0] ;
;  bidir_port_to_and_from_the_lcd32_data[11] ; clk_in     ; 1.881  ; 1.881  ; Rise       ; inst|altpll_component|pll|clk[0] ;
;  bidir_port_to_and_from_the_lcd32_data[12] ; clk_in     ; 1.883  ; 1.883  ; Rise       ; inst|altpll_component|pll|clk[0] ;
;  bidir_port_to_and_from_the_lcd32_data[13] ; clk_in     ; 1.997  ; 1.997  ; Rise       ; inst|altpll_component|pll|clk[0] ;
;  bidir_port_to_and_from_the_lcd32_data[14] ; clk_in     ; 2.010  ; 2.010  ; Rise       ; inst|altpll_component|pll|clk[0] ;
;  bidir_port_to_and_from_the_lcd32_data[15] ; clk_in     ; 2.003  ; 2.003  ; Rise       ; inst|altpll_component|pll|clk[0] ;
; buzz[*]                                    ; clk_in     ; 2.322  ; 2.322  ; Rise       ; inst|altpll_component|pll|clk[0] ;
;  buzz[0]                                   ; clk_in     ; 2.322  ; 2.322  ; Rise       ; inst|altpll_component|pll|clk[0] ;
;  buzz[1]                                   ; clk_in     ; 2.664  ; 2.664  ; Rise       ; inst|altpll_component|pll|clk[0] ;
;  buzz[2]                                   ; clk_in     ; 2.333  ; 2.333  ; Rise       ; inst|altpll_component|pll|clk[0] ;
;  buzz[3]                                   ; clk_in     ; 2.600  ; 2.600  ; Rise       ; inst|altpll_component|pll|clk[0] ;
; led[*]                                     ; clk_in     ; 2.449  ; 2.449  ; Rise       ; inst|altpll_component|pll|clk[0] ;
;  led[0]                                    ; clk_in     ; 2.742  ; 2.742  ; Rise       ; inst|altpll_component|pll|clk[0] ;
;  led[1]                                    ; clk_in     ; 2.631  ; 2.631  ; Rise       ; inst|altpll_component|pll|clk[0] ;
;  led[2]                                    ; clk_in     ; 2.633  ; 2.633  ; Rise       ; inst|altpll_component|pll|clk[0] ;
;  led[3]                                    ; clk_in     ; 2.449  ; 2.449  ; Rise       ; inst|altpll_component|pll|clk[0] ;
; out_port_from_the_bl_n                     ; clk_in     ; 2.106  ; 2.106  ; Rise       ; inst|altpll_component|pll|clk[0] ;
; out_port_from_the_bl_p                     ; clk_in     ; 2.567  ; 2.567  ; Rise       ; inst|altpll_component|pll|clk[0] ;
; out_port_from_the_lcd_cs                   ; clk_in     ; 2.012  ; 2.012  ; Rise       ; inst|altpll_component|pll|clk[0] ;
; out_port_from_the_lcd_rd                   ; clk_in     ; 1.972  ; 1.972  ; Rise       ; inst|altpll_component|pll|clk[0] ;
; out_port_from_the_lcd_rs                   ; clk_in     ; 2.107  ; 2.107  ; Rise       ; inst|altpll_component|pll|clk[0] ;
; out_port_from_the_lcd_wr                   ; clk_in     ; 1.895  ; 1.895  ; Rise       ; inst|altpll_component|pll|clk[0] ;
; out_port_from_the_reset                    ; clk_in     ; 2.051  ; 2.051  ; Rise       ; inst|altpll_component|pll|clk[0] ;
; out_port_from_the_touch_cs                 ; clk_in     ; 2.045  ; 2.045  ; Rise       ; inst|altpll_component|pll|clk[0] ;
; S_CLK                                      ; clk_in     ; -2.372 ;        ; Rise       ; inst|altpll_component|pll|clk[1] ;
; S_CLK                                      ; clk_in     ;        ; -2.372 ; Fall       ; inst|altpll_component|pll|clk[1] ;
+--------------------------------------------+------------+--------+--------+------------+----------------------------------+


+-----------------------------------------------------------------------------------------------------------------+
; Setup Transfers                                                                                                 ;
+----------------------------------+----------------------------------+----------+----------+----------+----------+
; From Clock                       ; To Clock                         ; RR Paths ; FR Paths ; RF Paths ; FF Paths ;
+----------------------------------+----------------------------------+----------+----------+----------+----------+
; inst|altpll_component|pll|clk[0] ; inst|altpll_component|pll|clk[0] ; 299254   ; 64       ; 224      ; 0        ;
+----------------------------------+----------------------------------+----------+----------+----------+----------+
Entries labeled "false path" only account for clock-to-clock false paths and not path-based false paths. As a result, actual path counts may be lower than reported.


+-----------------------------------------------------------------------------------------------------------------+
; Hold Transfers                                                                                                  ;
+----------------------------------+----------------------------------+----------+----------+----------+----------+
; From Clock                       ; To Clock                         ; RR Paths ; FR Paths ; RF Paths ; FF Paths ;
+----------------------------------+----------------------------------+----------+----------+----------+----------+
; inst|altpll_component|pll|clk[0] ; inst|altpll_component|pll|clk[0] ; 299254   ; 64       ; 224      ; 0        ;
+----------------------------------+----------------------------------+----------+----------+----------+----------+
Entries labeled "false path" only account for clock-to-clock false paths and not path-based false paths. As a result, actual path counts may be lower than reported.


+-----------------------------------------------------------------------------------------------------------------+
; Recovery Transfers                                                                                              ;
+----------------------------------+----------------------------------+----------+----------+----------+----------+
; From Clock                       ; To Clock                         ; RR Paths ; FR Paths ; RF Paths ; FF Paths ;
+----------------------------------+----------------------------------+----------+----------+----------+----------+
; inst|altpll_component|pll|clk[0] ; inst|altpll_component|pll|clk[0] ; 2205     ; 0        ; 32       ; 0        ;
+----------------------------------+----------------------------------+----------+----------+----------+----------+
Entries labeled "false path" only account for clock-to-clock false paths and not path-based false paths. As a result, actual path counts may be lower than reported.


+-----------------------------------------------------------------------------------------------------------------+
; Removal Transfers                                                                                               ;
+----------------------------------+----------------------------------+----------+----------+----------+----------+
; From Clock                       ; To Clock                         ; RR Paths ; FR Paths ; RF Paths ; FF Paths ;
+----------------------------------+----------------------------------+----------+----------+----------+----------+
; inst|altpll_component|pll|clk[0] ; inst|altpll_component|pll|clk[0] ; 2205     ; 0        ; 32       ; 0        ;
+----------------------------------+----------------------------------+----------+----------+----------+----------+
Entries labeled "false path" only account for clock-to-clock false paths and not path-based false paths. As a result, actual path counts may be lower than reported.


---------------
; Report TCCS ;
---------------
No dedicated SERDES Transmitter circuitry present in device or used in design


---------------
; Report RSKM ;
---------------
No dedicated SERDES Receiver circuitry present in device or used in design


+------------------------------------------------+
; Unconstrained Paths                            ;
+---------------------------------+-------+------+
; Property                        ; Setup ; Hold ;
+---------------------------------+-------+------+
; Illegal Clocks                  ; 0     ; 0    ;
; Unconstrained Clocks            ; 0     ; 0    ;
; Unconstrained Input Ports       ; 33    ; 33   ;
; Unconstrained Input Port Paths  ; 33    ; 33   ;
; Unconstrained Output Ports      ; 73    ; 73   ;
; Unconstrained Output Port Paths ; 108   ; 108  ;
+---------------------------------+-------+------+


+------------------------------------+
; TimeQuest Timing Analyzer Messages ;
+------------------------------------+
Info: *******************************************************************
Info: Running Quartus II 64-Bit TimeQuest Timing Analyzer
    Info: Version 13.0.1 Build 232 06/12/2013 Service Pack 1 SJ Web Edition
    Info: Processing started: Tue Sep 29 13:19:04 2026
Info: Command: quartus_sta lcd_nios -c lcd_nios
Info: qsta_default_script.tcl version: #1
Info (20030): Parallel compilation is enabled and will use 6 of the 6 processors detected
Info (21077): Low junction temperature is 0 degrees C
Info (21077): High junction temperature is 85 degrees C
Info (332164): Evaluating HDL-embedded SDC commands
    Info (332165): Entity GHVD5181
        Info (332166): set_disable_timing [get_cells -hierarchical QXXQ6833_0]
        Info (332166): set_disable_timing [get_cells -hierarchical JEQQ5299_0]
        Info (332166): set_disable_timing [get_cells -hierarchical JEQQ5299_1]
        Info (332166): set_disable_timing [get_cells -hierarchical JEQQ5299_2]
        Info (332166): set_disable_timing [get_cells -hierarchical JEQQ5299_3]
        Info (332166): set_disable_timing [get_cells -hierarchical JEQQ5299_4]
        Info (332166): set_disable_timing [get_cells -hierarchical JEQQ5299_5]
        Info (332166): set_disable_timing [get_cells -hierarchical JEQQ5299_6]
        Info (332166): set_disable_timing [get_cells -hierarchical JEQQ5299_7]
        Info (332166): set_disable_timing [get_cells -hierarchical BITP7563_0]
    Info (332165): Entity alt_jtag_atlantic
        Info (332166): set_false_path -from [get_registers {*|alt_jtag_atlantic:*|jupdate}] -to [get_registers {*|alt_jtag_atlantic:*|jupdate1*}] 
        Info (332166): set_false_path -from [get_registers {*|alt_jtag_atlantic:*|rdata[*]}] -to [get_registers {*|alt_jtag_atlantic*|td_shift[*]}]
        Info (332166): set_false_path -from [get_registers {*|alt_jtag_atlantic:*|rdata[*]}] -to [get_registers {*|alt_jtag_atlantic*|td_shift[*]}]
        Info (332166): set_false_path -from [get_registers {*|alt_jtag_atlantic:*|rdata[*]}] -to [get_registers {*|alt_jtag_atlantic*|td_shift[*]}]
        Info (332166): set_false_path -from [get_registers {*|alt_jtag_atlantic:*|rdata[*]}] -to [get_registers {*|alt_jtag_atlantic*|td_shift[*]}]
        Info (332166): set_false_path -from [get_registers {*|alt_jtag_atlantic:*|rdata[*]}] -to [get_registers {*|alt_jtag_atlantic*|td_shift[*]}]
        Info (332166): set_false_path -from [get_registers {*|alt_jtag_atlantic:*|rdata[*]}] -to [get_registers {*|alt_jtag_atlantic*|td_shift[*]}]
        Info (332166): set_false_path -from [get_registers {*|alt_jtag_atlantic:*|rdata[*]}] -to [get_registers {*|alt_jtag_atlantic*|td_shift[*]}]
        Info (332166): set_false_path -from [get_registers {*|alt_jtag_atlantic:*|rdata[*]}] -to [get_registers {*|alt_jtag_atlantic*|td_shift[*]}]
        Info (332166): set_false_path -from [get_registers {*|alt_jtag_atlantic:*|read}] -to [get_registers {*|alt_jtag_atlantic:*|read1*}] 
        Info (332166): set_false_path -from [get_registers {*|alt_jtag_atlantic:*|read_req}]
        Info (332166): set_false_path -from [get_registers {*|alt_jtag_atlantic:*|rvalid}] -to [get_registers {*|alt_jtag_atlantic*|td_shift[*]}]
        Info (332166): set_false_path -from [get_registers {*|t_dav}] -to [get_registers {*|alt_jtag_atlantic:*|tck_t_dav}]
        Info (332166): set_false_path -from [get_registers {*|alt_jtag_atlantic:*|user_saw_rvalid}] -to [get_registers {*|alt_jtag_atlantic:*|rvalid0*}]
        Info (332166): set_false_path -from [get_registers {*|alt_jtag_atlantic:*|wdata[*]}] -to [get_registers {*}]
        Info (332166): set_false_path -from [get_registers {*|alt_jtag_atlantic:*|wdata[*]}] -to [get_registers {*}]
        Info (332166): set_false_path -from [get_registers {*|alt_jtag_atlantic:*|wdata[*]}] -to [get_registers {*}]
        Info (332166): set_false_path -from [get_registers {*|alt_jtag_atlantic:*|wdata[*]}] -to [get_registers {*}]
        Info (332166): set_false_path -from [get_registers {*|alt_jtag_atlantic:*|wdata[*]}] -to [get_registers {*}]
        Info (332166): set_false_path -from [get_registers {*|alt_jtag_atlantic:*|wdata[*]}] -to [get_registers {*}]
        Info (332166): set_false_path -from [get_registers {*|alt_jtag_atlantic:*|wdata[*]}] -to [get_registers {*}]
        Info (332166): set_false_path -from [get_registers {*|alt_jtag_atlantic:*|wdata[*]}] -to [get_registers {*}]
        Info (332166): set_false_path -from [get_registers {*|alt_jtag_atlantic:*|write}] -to [get_registers {*|alt_jtag_atlantic:*|write1*}] 
        Info (332166): set_false_path -from [get_registers {*|alt_jtag_atlantic:*|write_stalled}] -to [get_registers {*|alt_jtag_atlantic:*|t_ena*}]
        Info (332166): set_false_path -from [get_registers {*|alt_jtag_atlantic:*|write_stalled}] -to [get_registers {*|alt_jtag_atlantic:*|t_pause*}]
        Info (332166): set_false_path -from [get_registers {*|alt_jtag_atlantic:*|write_valid}]
    Info (332165): Entity altera_std_synchronizer
        Info (332166): set_false_path -to [get_keepers {*altera_std_synchronizer:*|din_s1}]
    Info (332165): Entity pzdyqx_impl
        Info (332166): set_false_path -from [get_keepers {altera_reserved_tdi}] -to [get_keepers {pzdyqx*}]
    Info (332165): Entity sld_jtag_hub
        Info (332166): create_clock -name altera_reserved_tck [get_ports {altera_reserved_tck}] -period 10MHz   
        Info (332166): set_clock_groups -asynchronous -group {altera_reserved_tck}
Info (332104): Reading SDC File: 'lcd_nios.sdc'
Info (332110): Deriving PLL clocks
    Info (332110): create_generated_clock -source {inst|altpll_component|pll|inclk[0]} -duty_cycle 50.00 -name {inst|altpll_component|pll|clk[0]} {inst|altpll_component|pll|clk[0]}
    Info (332110): create_generated_clock -source {inst|altpll_component|pll|inclk[0]} -phase -100.00 -duty_cycle 50.00 -name {inst|altpll_component|pll|clk[1]} {inst|altpll_component|pll|clk[1]}
Warning (332153): Family doesn't support jitter analysis.
Info (332104): Reading SDC File: 'SOPC/synthesis/submodules/altera_reset_controller.sdc'
Info (332104): Reading SDC File: 'SOPC/synthesis/submodules/SOPC_cpu.sdc'
Warning (332056): PLL cross checking found inconsistent PLL clock settings:
    Warning (332056): Clock: inst|altpll_component|pll|clk[0] with master clock period: 13.333 found on PLL node: inst|altpll_component|pll|clk[0] does not match the master clock period requirement: 20.000
    Warning (332056): Clock: inst|altpll_component|pll|clk[1] with master clock period: 13.333 found on PLL node: inst|altpll_component|pll|clk[1] does not match the master clock period requirement: 20.000
Info: Found TIMEQUEST_REPORT_SCRIPT_INCLUDE_DEFAULT_ANALYSIS = ON
Info: Analyzing Slow Model
Info (332146): Worst-case setup slack is 1.618
    Info (332119):     Slack End Point TNS Clock 
    Info (332119): ========= ============= =====================
    Info (332119):     1.618         0.000 inst|altpll_component|pll|clk[0] 
Info (332146): Worst-case hold slack is 0.499
    Info (332119):     Slack End Point TNS Clock 
    Info (332119): ========= ============= =====================
    Info (332119):     0.499         0.000 inst|altpll_component|pll|clk[0] 
Info (332146): Worst-case recovery slack is 2.841
    Info (332119):     Slack End Point TNS Clock 
    Info (332119): ========= ============= =====================
    Info (332119):     2.841         0.000 inst|altpll_component|pll|clk[0] 
Info (332146): Worst-case removal slack is 3.008
    Info (332119):     Slack End Point TNS Clock 
    Info (332119): ========= ============= =====================
    Info (332119):     3.008         0.000 inst|altpll_component|pll|clk[0] 
Info (332146): Worst-case minimum pulse width slack is 3.599
    Info (332119):     Slack End Point TNS Clock 
    Info (332119): ========= ============= =====================
    Info (332119):     3.599         0.000 inst|altpll_component|pll|clk[0] 
    Info (332119):     6.666         0.000 clk_in 
    Info (332119):    97.223         0.000 altera_reserved_tck 
Info (332001): The selected device family is not supported by the report_metastability command.
Info: Analyzing Fast Model
Warning (332056): PLL cross checking found inconsistent PLL clock settings:
    Warning (332056): Clock: inst|altpll_component|pll|clk[0] with master clock period: 13.333 found on PLL node: inst|altpll_component|pll|clk[0] does not match the master clock period requirement: 20.000
    Warning (332056): Clock: inst|altpll_component|pll|clk[1] with master clock period: 13.333 found on PLL node: inst|altpll_component|pll|clk[1] does not match the master clock period requirement: 20.000
Info (332146): Worst-case setup slack is 5.355
    Info (332119):     Slack End Point TNS Clock 
    Info (332119): ========= ============= =====================
    Info (332119):     5.355         0.000 inst|altpll_component|pll|clk[0] 
Info (332146): Worst-case hold slack is 0.215
    Info (332119):     Slack End Point TNS Clock 
    Info (332119): ========= ============= =====================
    Info (332119):     0.215         0.000 inst|altpll_component|pll|clk[0] 
Info (332146): Worst-case recovery slack is 4.983
    Info (332119):     Slack End Point TNS Clock 
    Info (332119): ========= ============= =====================
    Info (332119):     4.983         0.000 inst|altpll_component|pll|clk[0] 
Info (332146): Worst-case removal slack is 1.394
    Info (332119):     Slack End Point TNS Clock 
    Info (332119): ========= ============= =====================
    Info (332119):     1.394         0.000 inst|altpll_component|pll|clk[0] 
Info (332146): Worst-case minimum pulse width slack is 4.539
    Info (332119):     Slack End Point TNS Clock 
    Info (332119): ========= ============= =====================
    Info (332119):     4.539         0.000 inst|altpll_component|pll|clk[0] 
    Info (332119):     6.666         0.000 clk_in 
    Info (332119):    97.778         0.000 altera_reserved_tck 
Info (332001): The selected device family is not supported by the report_metastability command.
Info (332102): Design is not fully constrained for setup requirements
Info (332102): Design is not fully constrained for hold requirements
Info: Quartus II 64-Bit TimeQuest Timing Analyzer was successful. 0 errors, 7 warnings
    Info: Peak virtual memory: 4645 megabytes
    Info: Processing ended: Tue Sep 29 13:19:07 2026
    Info: Elapsed time: 00:00:03
    Info: Total CPU time (on all processors): 00:00:03


