TimeQuest Timing Analyzer report for lcd_nios
Tue Sep 29 13:17:02 2026
Quartus II 64-Bit Version 13.0.1 Build 232 06/12/2013 Service Pack 1 SJ Web Edition


---------------------
; Table of Contents ;
---------------------
  1. Legal Notice
  2. TimeQuest Timing Analyzer Summary
  3. Parallel Compilation
  4. SDC File List
  5. Clocks
  6. Slow Model Fmax Summary
  7. Slow Model Setup Summary
  8. Slow Model Hold Summary
  9. Slow Model Recovery Summary
 10. Slow Model Removal Summary
 11. Slow Model Minimum Pulse Width Summary
 12. Slow Model Setup: 'inst|altpll_component|pll|clk[0]'
 13. Slow Model Hold: 'inst|altpll_component|pll|clk[0]'
 14. Slow Model Recovery: 'inst|altpll_component|pll|clk[0]'
 15. Slow Model Removal: 'inst|altpll_component|pll|clk[0]'
 16. Slow Model Minimum Pulse Width: 'inst|altpll_component|pll|clk[0]'
 17. Slow Model Minimum Pulse Width: 'clk_in'
 18. Slow Model Minimum Pulse Width: 'altera_reserved_tck'
 19. Setup Times
 20. Hold Times
 21. Clock to Output Times
 22. Minimum Clock to Output Times
 23. Output Enable Times
 24. Minimum Output Enable Times
 25. Output Disable Times
 26. Minimum Output Disable Times
 27. Fast Model Setup Summary
 28. Fast Model Hold Summary
 29. Fast Model Recovery Summary
 30. Fast Model Removal Summary
 31. Fast Model Minimum Pulse Width Summary
 32. Fast Model Setup: 'inst|altpll_component|pll|clk[0]'
 33. Fast Model Hold: 'inst|altpll_component|pll|clk[0]'
 34. Fast Model Recovery: 'inst|altpll_component|pll|clk[0]'
 35. Fast Model Removal: 'inst|altpll_component|pll|clk[0]'
 36. Fast Model Minimum Pulse Width: 'inst|altpll_component|pll|clk[0]'
 37. Fast Model Minimum Pulse Width: 'clk_in'
 38. Fast Model Minimum Pulse Width: 'altera_reserved_tck'
 39. Setup Times
 40. Hold Times
 41. Clock to Output Times
 42. Minimum Clock to Output Times
 43. Output Enable Times
 44. Minimum Output Enable Times
 45. Output Disable Times
 46. Minimum Output Disable Times
 47. Multicorner Timing Analysis Summary
 48. Setup Times
 49. Hold Times
 50. Clock to Output Times
 51. Minimum Clock to Output Times
 52. Setup Transfers
 53. Hold Transfers
 54. Recovery Transfers
 55. Removal Transfers
 56. Report TCCS
 57. Report RSKM
 58. Unconstrained Paths
 59. TimeQuest Timing Analyzer Messages



----------------
; Legal Notice ;
----------------
Copyright (C) 1991-2013 Altera Corporation
Your use of Altera Corporation's design tools, logic functions 
and other software and tools, and its AMPP partner logic 
functions, and any output files from any of the foregoing 
(including device programming or simulation files), and any 
associated documentation or information are expressly subject 
to the terms and conditions of the Altera Program License 
Subscription Agreement, Altera MegaCore Function License 
Agreement, or other applicable license agreement, including, 
without limitation, that your use is for the sole purpose of 
programming logic devices manufactured by Altera and sold by 
Altera or its authorized distributors.  Please refer to the 
applicable agreement for further details.



+----------------------------------------------------------------------------------------+
; TimeQuest Timing Analyzer Summary                                                      ;
+--------------------+-------------------------------------------------------------------+
; Quartus II Version ; Version 13.0.1 Build 232 06/12/2013 Service Pack 1 SJ Web Edition ;
; Revision Name      ; lcd_nios                                                          ;
; Device Family      ; Cyclone II                                                        ;
; Device Name        ; EP2C5T144C8                                                       ;
; Timing Models      ; Final                                                             ;
; Delay Model        ; Combined                                                          ;
; Rise/Fall Delays   ; Unavailable                                                       ;
+--------------------+-------------------------------------------------------------------+


+------------------------------------------+
; Parallel Compilation                     ;
+----------------------------+-------------+
; Processors                 ; Number      ;
+----------------------------+-------------+
; Number detected on machine ; 6           ;
; Maximum allowed            ; 6           ;
;                            ;             ;
; Average used               ; 1.00        ;
; Maximum used               ; 2           ;
;                            ;             ;
; Usage by Processor         ; % Time Used ;
;     Processor 1            ; 100.0%      ;
;     Processor 2            ; < 0.1%      ;
;     Processors 3-6         ;   0.0%      ;
+----------------------------+-------------+


+-------------------------------------------------------------------------------------------+
; SDC File List                                                                             ;
+-------------------------------------------------------+--------+--------------------------+
; SDC File Path                                         ; Status ; Read at                  ;
+-------------------------------------------------------+--------+--------------------------+
; lcd_nios.sdc                                          ; OK     ; Tue Sep 29 13:17:00 2026 ;
; SOPC/synthesis/submodules/altera_reset_controller.sdc ; OK     ; Tue Sep 29 13:17:00 2026 ;
; SOPC/synthesis/submodules/SOPC_cpu.sdc                ; OK     ; Tue Sep 29 13:17:00 2026 ;
+-------------------------------------------------------+--------+--------------------------+


+------------------------------------------------------------------------------------------------------------------------------------------------------------------------------------------------------------------------------------------------------------------------+
; Clocks                                                                                                                                                                                                                                                                 ;
+----------------------------------+-----------+---------+-----------+--------+--------+------------+-----------+-------------+--------+--------+-----------+------------+----------+--------+------------------------------------+--------------------------------------+
; Clock Name                       ; Type      ; Period  ; Frequency ; Rise   ; Fall   ; Duty Cycle ; Divide by ; Multiply by ; Phase  ; Offset ; Edge List ; Edge Shift ; Inverted ; Master ; Source                             ; Targets                              ;
+----------------------------------+-----------+---------+-----------+--------+--------+------------+-----------+-------------+--------+--------+-----------+------------+----------+--------+------------------------------------+--------------------------------------+
; altera_reserved_tck              ; Base      ; 100.000 ; 10.0 MHz  ; 0.000  ; 50.000 ;            ;           ;             ;        ;        ;           ;            ;          ;        ;                                    ; { altera_reserved_tck }              ;
; clk_in                           ; Base      ; 25.000  ; 40.0 MHz  ; 0.000  ; 12.500 ;            ;           ;             ;        ;        ;           ;            ;          ;        ;                                    ; { CLK }                              ;
; inst|altpll_component|pll|clk[0] ; Generated ; 25.000  ; 40.0 MHz  ; 0.000  ; 12.500 ; 50.00      ; 1         ; 1           ;        ;        ;           ;            ; false    ; clk_in ; inst|altpll_component|pll|inclk[0] ; { inst|altpll_component|pll|clk[0] } ;
; inst|altpll_component|pll|clk[1] ; Generated ; 25.000  ; 40.0 MHz  ; -6.944 ; 5.556  ; 50.00      ; 1         ; 1           ; -100.0 ;        ;           ;            ; false    ; clk_in ; inst|altpll_component|pll|inclk[0] ; { inst|altpll_component|pll|clk[1] } ;
+----------------------------------+-----------+---------+-----------+--------+--------+------------+-----------+-------------+--------+--------+-----------+------------+----------+--------+------------------------------------+--------------------------------------+


+-----------------------------------------------------------------------+
; Slow Model Fmax Summary                                               ;
+-----------+-----------------+----------------------------------+------+
; Fmax      ; Restricted Fmax ; Clock Name                       ; Note ;
+-----------+-----------------+----------------------------------+------+
; 58.98 MHz ; 58.98 MHz       ; inst|altpll_component|pll|clk[0] ;      ;
+-----------+-----------------+----------------------------------+------+
This panel reports FMAX for every clock in the design, regardless of the user-specified clock periods.  FMAX is only computed for paths where the source and destination registers or ports are driven by the same clock.  Paths of different clocks, including generated clocks, are ignored.  For paths between a clock and its inversion, FMAX is computed as if the rising and falling edges are scaled along with FMAX, such that the duty cycle (in terms of a percentage) is maintained. Altera recommends that you always use clock constraints and other slack reports for sign-off analysis.


+----------------------------------------------------------+
; Slow Model Setup Summary                                 ;
+----------------------------------+-------+---------------+
; Clock                            ; Slack ; End Point TNS ;
+----------------------------------+-------+---------------+
; inst|altpll_component|pll|clk[0] ; 8.046 ; 0.000         ;
+----------------------------------+-------+---------------+


+----------------------------------------------------------+
; Slow Model Hold Summary                                  ;
+----------------------------------+-------+---------------+
; Clock                            ; Slack ; End Point TNS ;
+----------------------------------+-------+---------------+
; inst|altpll_component|pll|clk[0] ; 0.499 ; 0.000         ;
+----------------------------------+-------+---------------+


+----------------------------------------------------------+
; Slow Model Recovery Summary                              ;
+----------------------------------+-------+---------------+
; Clock                            ; Slack ; End Point TNS ;
+----------------------------------+-------+---------------+
; inst|altpll_component|pll|clk[0] ; 6.586 ; 0.000         ;
+----------------------------------+-------+---------------+


+----------------------------------------------------------+
; Slow Model Removal Summary                               ;
+----------------------------------+-------+---------------+
; Clock                            ; Slack ; End Point TNS ;
+----------------------------------+-------+---------------+
; inst|altpll_component|pll|clk[0] ; 4.054 ; 0.000         ;
+----------------------------------+-------+---------------+


+-----------------------------------------------------------+
; Slow Model Minimum Pulse Width Summary                    ;
+----------------------------------+--------+---------------+
; Clock                            ; Slack  ; End Point TNS ;
+----------------------------------+--------+---------------+
; inst|altpll_component|pll|clk[0] ; 9.433  ; 0.000         ;
; clk_in                           ; 12.500 ; 0.000         ;
; altera_reserved_tck              ; 97.223 ; 0.000         ;
+----------------------------------+--------+---------------+


+--------------------------------------------------------------------------------------------------------------------------------------------------------------------------------------------------------------------------------------------------------------------------+
; Slow Model Setup: 'inst|altpll_component|pll|clk[0]'                                                                                                                                                                                                                     ;
+-------+-----------------------------------------+---------------------------------------------------------------------------------------------------------+----------------------------------+----------------------------------+--------------+------------+------------+
; Slack ; From Node                               ; To Node                                                                                                 ; Launch Clock                     ; Latch Clock                      ; Relationship ; Clock Skew ; Data Delay ;
+-------+-----------------------------------------+---------------------------------------------------------------------------------------------------------+----------------------------------+----------------------------------+--------------+------------+------------+
; 8.046 ; SOPC:inst2|SOPC_cpu:cpu|A_mem_baddr[18] ; SOPC:inst2|SOPC_sdram:sdram|SOPC_sdram_input_efifo_module:the_SOPC_sdram_input_efifo_module|entry_1[29] ; inst|altpll_component|pll|clk[0] ; inst|altpll_component|pll|clk[0] ; 25.000       ; 0.007      ; 17.001     ;
; 8.046 ; SOPC:inst2|SOPC_cpu:cpu|A_mem_baddr[18] ; SOPC:inst2|SOPC_sdram:sdram|SOPC_sdram_input_efifo_module:the_SOPC_sdram_input_efifo_module|entry_1[31] ; inst|altpll_component|pll|clk[0] ; inst|altpll_component|pll|clk[0] ; 25.000       ; 0.007      ; 17.001     ;
; 8.046 ; SOPC:inst2|SOPC_cpu:cpu|A_mem_baddr[18] ; SOPC:inst2|SOPC_sdram:sdram|SOPC_sdram_input_efifo_module:the_SOPC_sdram_input_efifo_module|entry_1[32] ; inst|altpll_component|pll|clk[0] ; inst|altpll_component|pll|clk[0] ; 25.000       ; 0.007      ; 17.001     ;
; 8.046 ; SOPC:inst2|SOPC_cpu:cpu|A_mem_baddr[18] ; SOPC:inst2|SOPC_sdram:sdram|SOPC_sdram_input_efifo_module:the_SOPC_sdram_input_efifo_module|entry_1[33] ; inst|altpll_component|pll|clk[0] ; inst|altpll_component|pll|clk[0] ; 25.000       ; 0.007      ; 17.001     ;
; 8.046 ; SOPC:inst2|SOPC_cpu:cpu|A_mem_baddr[18] ; SOPC:inst2|SOPC_sdram:sdram|SOPC_sdram_input_efifo_module:the_SOPC_sdram_input_efifo_module|entry_1[34] ; inst|altpll_component|pll|clk[0] ; inst|altpll_component|pll|clk[0] ; 25.000       ; 0.007      ; 17.001     ;
; 8.046 ; SOPC:inst2|SOPC_cpu:cpu|A_mem_baddr[18] ; SOPC:inst2|SOPC_sdram:sdram|SOPC_sdram_input_efifo_module:the_SOPC_sdram_input_efifo_module|entry_1[37] ; inst|altpll_component|pll|clk[0] ; inst|altpll_component|pll|clk[0] ; 25.000       ; 0.007      ; 17.001     ;
; 8.046 ; SOPC:inst2|SOPC_cpu:cpu|A_mem_baddr[18] ; SOPC:inst2|SOPC_sdram:sdram|SOPC_sdram_input_efifo_module:the_SOPC_sdram_input_efifo_module|entry_1[38] ; inst|altpll_component|pll|clk[0] ; inst|altpll_component|pll|clk[0] ; 25.000       ; 0.007      ; 17.001     ;
; 8.046 ; SOPC:inst2|SOPC_cpu:cpu|A_mem_baddr[18] ; SOPC:inst2|SOPC_sdram:sdram|SOPC_sdram_input_efifo_module:the_SOPC_sdram_input_efifo_module|entry_1[40] ; inst|altpll_component|pll|clk[0] ; inst|altpll_component|pll|clk[0] ; 25.000       ; 0.007      ; 17.001     ;
; 8.049 ; SOPC:inst2|SOPC_cpu:cpu|A_mem_baddr[18] ; SOPC:inst2|SOPC_sdram:sdram|SOPC_sdram_input_efifo_module:the_SOPC_sdram_input_efifo_module|entry_1[42] ; inst|altpll_component|pll|clk[0] ; inst|altpll_component|pll|clk[0] ; 25.000       ; -0.006     ; 16.985     ;
; 8.049 ; SOPC:inst2|SOPC_cpu:cpu|A_mem_baddr[18] ; SOPC:inst2|SOPC_sdram:sdram|SOPC_sdram_input_efifo_module:the_SOPC_sdram_input_efifo_module|entry_1[30] ; inst|altpll_component|pll|clk[0] ; inst|altpll_component|pll|clk[0] ; 25.000       ; -0.006     ; 16.985     ;
; 8.049 ; SOPC:inst2|SOPC_cpu:cpu|A_mem_baddr[18] ; SOPC:inst2|SOPC_sdram:sdram|SOPC_sdram_input_efifo_module:the_SOPC_sdram_input_efifo_module|entry_1[41] ; inst|altpll_component|pll|clk[0] ; inst|altpll_component|pll|clk[0] ; 25.000       ; -0.006     ; 16.985     ;
; 8.049 ; SOPC:inst2|SOPC_cpu:cpu|A_mem_baddr[18] ; SOPC:inst2|SOPC_sdram:sdram|SOPC_sdram_input_efifo_module:the_SOPC_sdram_input_efifo_module|entry_1[28] ; inst|altpll_component|pll|clk[0] ; inst|altpll_component|pll|clk[0] ; 25.000       ; -0.006     ; 16.985     ;
; 8.049 ; SOPC:inst2|SOPC_cpu:cpu|A_mem_baddr[18] ; SOPC:inst2|SOPC_sdram:sdram|SOPC_sdram_input_efifo_module:the_SOPC_sdram_input_efifo_module|entry_1[35] ; inst|altpll_component|pll|clk[0] ; inst|altpll_component|pll|clk[0] ; 25.000       ; -0.006     ; 16.985     ;
; 8.049 ; SOPC:inst2|SOPC_cpu:cpu|A_mem_baddr[18] ; SOPC:inst2|SOPC_sdram:sdram|SOPC_sdram_input_efifo_module:the_SOPC_sdram_input_efifo_module|entry_1[36] ; inst|altpll_component|pll|clk[0] ; inst|altpll_component|pll|clk[0] ; 25.000       ; -0.006     ; 16.985     ;
; 8.049 ; SOPC:inst2|SOPC_cpu:cpu|A_mem_baddr[18] ; SOPC:inst2|SOPC_sdram:sdram|SOPC_sdram_input_efifo_module:the_SOPC_sdram_input_efifo_module|entry_1[39] ; inst|altpll_component|pll|clk[0] ; inst|altpll_component|pll|clk[0] ; 25.000       ; -0.006     ; 16.985     ;
; 8.049 ; SOPC:inst2|SOPC_cpu:cpu|A_mem_baddr[18] ; SOPC:inst2|SOPC_sdram:sdram|SOPC_sdram_input_efifo_module:the_SOPC_sdram_input_efifo_module|entry_1[17] ; inst|altpll_component|pll|clk[0] ; inst|altpll_component|pll|clk[0] ; 25.000       ; -0.006     ; 16.985     ;
; 8.060 ; SOPC:inst2|SOPC_cpu:cpu|M_rot_step1[2]  ; SOPC:inst2|SOPC_cpu:cpu|Mn_rot_step2[14]                                                                ; inst|altpll_component|pll|clk[0] ; inst|altpll_component|pll|clk[0] ; 12.500       ; 0.004      ; 4.484      ;
; 8.063 ; SOPC:inst2|SOPC_cpu:cpu|M_rot_step1[2]  ; SOPC:inst2|SOPC_cpu:cpu|Mn_rot_step2[10]                                                                ; inst|altpll_component|pll|clk[0] ; inst|altpll_component|pll|clk[0] ; 12.500       ; 0.004      ; 4.481      ;
; 8.085 ; SOPC:inst2|SOPC_cpu:cpu|A_mem_baddr[17] ; SOPC:inst2|SOPC_sdram:sdram|SOPC_sdram_input_efifo_module:the_SOPC_sdram_input_efifo_module|entry_1[29] ; inst|altpll_component|pll|clk[0] ; inst|altpll_component|pll|clk[0] ; 25.000       ; 0.007      ; 16.962     ;
; 8.085 ; SOPC:inst2|SOPC_cpu:cpu|A_mem_baddr[17] ; SOPC:inst2|SOPC_sdram:sdram|SOPC_sdram_input_efifo_module:the_SOPC_sdram_input_efifo_module|entry_1[31] ; inst|altpll_component|pll|clk[0] ; inst|altpll_component|pll|clk[0] ; 25.000       ; 0.007      ; 16.962     ;
; 8.085 ; SOPC:inst2|SOPC_cpu:cpu|A_mem_baddr[17] ; SOPC:inst2|SOPC_sdram:sdram|SOPC_sdram_input_efifo_module:the_SOPC_sdram_input_efifo_module|entry_1[32] ; inst|altpll_component|pll|clk[0] ; inst|altpll_component|pll|clk[0] ; 25.000       ; 0.007      ; 16.962     ;
; 8.085 ; SOPC:inst2|SOPC_cpu:cpu|A_mem_baddr[17] ; SOPC:inst2|SOPC_sdram:sdram|SOPC_sdram_input_efifo_module:the_SOPC_sdram_input_efifo_module|entry_1[33] ; inst|altpll_component|pll|clk[0] ; inst|altpll_component|pll|clk[0] ; 25.000       ; 0.007      ; 16.962     ;
; 8.085 ; SOPC:inst2|SOPC_cpu:cpu|A_mem_baddr[17] ; SOPC:inst2|SOPC_sdram:sdram|SOPC_sdram_input_efifo_module:the_SOPC_sdram_input_efifo_module|entry_1[34] ; inst|altpll_component|pll|clk[0] ; inst|altpll_component|pll|clk[0] ; 25.000       ; 0.007      ; 16.962     ;
; 8.085 ; SOPC:inst2|SOPC_cpu:cpu|A_mem_baddr[17] ; SOPC:inst2|SOPC_sdram:sdram|SOPC_sdram_input_efifo_module:the_SOPC_sdram_input_efifo_module|entry_1[37] ; inst|altpll_component|pll|clk[0] ; inst|altpll_component|pll|clk[0] ; 25.000       ; 0.007      ; 16.962     ;
; 8.085 ; SOPC:inst2|SOPC_cpu:cpu|A_mem_baddr[17] ; SOPC:inst2|SOPC_sdram:sdram|SOPC_sdram_input_efifo_module:the_SOPC_sdram_input_efifo_module|entry_1[38] ; inst|altpll_component|pll|clk[0] ; inst|altpll_component|pll|clk[0] ; 25.000       ; 0.007      ; 16.962     ;
; 8.085 ; SOPC:inst2|SOPC_cpu:cpu|A_mem_baddr[17] ; SOPC:inst2|SOPC_sdram:sdram|SOPC_sdram_input_efifo_module:the_SOPC_sdram_input_efifo_module|entry_1[40] ; inst|altpll_component|pll|clk[0] ; inst|altpll_component|pll|clk[0] ; 25.000       ; 0.007      ; 16.962     ;
; 8.088 ; SOPC:inst2|SOPC_cpu:cpu|A_mem_baddr[17] ; SOPC:inst2|SOPC_sdram:sdram|SOPC_sdram_input_efifo_module:the_SOPC_sdram_input_efifo_module|entry_1[42] ; inst|altpll_component|pll|clk[0] ; inst|altpll_component|pll|clk[0] ; 25.000       ; -0.006     ; 16.946     ;
; 8.088 ; SOPC:inst2|SOPC_cpu:cpu|A_mem_baddr[17] ; SOPC:inst2|SOPC_sdram:sdram|SOPC_sdram_input_efifo_module:the_SOPC_sdram_input_efifo_module|entry_1[30] ; inst|altpll_component|pll|clk[0] ; inst|altpll_component|pll|clk[0] ; 25.000       ; -0.006     ; 16.946     ;
; 8.088 ; SOPC:inst2|SOPC_cpu:cpu|A_mem_baddr[17] ; SOPC:inst2|SOPC_sdram:sdram|SOPC_sdram_input_efifo_module:the_SOPC_sdram_input_efifo_module|entry_1[41] ; inst|altpll_component|pll|clk[0] ; inst|altpll_component|pll|clk[0] ; 25.000       ; -0.006     ; 16.946     ;
; 8.088 ; SOPC:inst2|SOPC_cpu:cpu|A_mem_baddr[17] ; SOPC:inst2|SOPC_sdram:sdram|SOPC_sdram_input_efifo_module:the_SOPC_sdram_input_efifo_module|entry_1[28] ; inst|altpll_component|pll|clk[0] ; inst|altpll_component|pll|clk[0] ; 25.000       ; -0.006     ; 16.946     ;
; 8.088 ; SOPC:inst2|SOPC_cpu:cpu|A_mem_baddr[17] ; SOPC:inst2|SOPC_sdram:sdram|SOPC_sdram_input_efifo_module:the_SOPC_sdram_input_efifo_module|entry_1[35] ; inst|altpll_component|pll|clk[0] ; inst|altpll_component|pll|clk[0] ; 25.000       ; -0.006     ; 16.946     ;
; 8.088 ; SOPC:inst2|SOPC_cpu:cpu|A_mem_baddr[17] ; SOPC:inst2|SOPC_sdram:sdram|SOPC_sdram_input_efifo_module:the_SOPC_sdram_input_efifo_module|entry_1[36] ; inst|altpll_component|pll|clk[0] ; inst|altpll_component|pll|clk[0] ; 25.000       ; -0.006     ; 16.946     ;
; 8.088 ; SOPC:inst2|SOPC_cpu:cpu|A_mem_baddr[17] ; SOPC:inst2|SOPC_sdram:sdram|SOPC_sdram_input_efifo_module:the_SOPC_sdram_input_efifo_module|entry_1[39] ; inst|altpll_component|pll|clk[0] ; inst|altpll_component|pll|clk[0] ; 25.000       ; -0.006     ; 16.946     ;
; 8.088 ; SOPC:inst2|SOPC_cpu:cpu|A_mem_baddr[17] ; SOPC:inst2|SOPC_sdram:sdram|SOPC_sdram_input_efifo_module:the_SOPC_sdram_input_efifo_module|entry_1[17] ; inst|altpll_component|pll|clk[0] ; inst|altpll_component|pll|clk[0] ; 25.000       ; -0.006     ; 16.946     ;
; 8.089 ; SOPC:inst2|SOPC_cpu:cpu|M_rot_rn[2]     ; SOPC:inst2|SOPC_cpu:cpu|Mn_rot_step2[29]                                                                ; inst|altpll_component|pll|clk[0] ; inst|altpll_component|pll|clk[0] ; 12.500       ; -0.007     ; 4.444      ;
; 8.100 ; SOPC:inst2|SOPC_cpu:cpu|A_mem_baddr[13] ; SOPC:inst2|SOPC_sdram:sdram|SOPC_sdram_input_efifo_module:the_SOPC_sdram_input_efifo_module|entry_1[29] ; inst|altpll_component|pll|clk[0] ; inst|altpll_component|pll|clk[0] ; 25.000       ; 0.011      ; 16.951     ;
; 8.100 ; SOPC:inst2|SOPC_cpu:cpu|A_mem_baddr[13] ; SOPC:inst2|SOPC_sdram:sdram|SOPC_sdram_input_efifo_module:the_SOPC_sdram_input_efifo_module|entry_1[31] ; inst|altpll_component|pll|clk[0] ; inst|altpll_component|pll|clk[0] ; 25.000       ; 0.011      ; 16.951     ;
; 8.100 ; SOPC:inst2|SOPC_cpu:cpu|A_mem_baddr[13] ; SOPC:inst2|SOPC_sdram:sdram|SOPC_sdram_input_efifo_module:the_SOPC_sdram_input_efifo_module|entry_1[32] ; inst|altpll_component|pll|clk[0] ; inst|altpll_component|pll|clk[0] ; 25.000       ; 0.011      ; 16.951     ;
; 8.100 ; SOPC:inst2|SOPC_cpu:cpu|A_mem_baddr[13] ; SOPC:inst2|SOPC_sdram:sdram|SOPC_sdram_input_efifo_module:the_SOPC_sdram_input_efifo_module|entry_1[33] ; inst|altpll_component|pll|clk[0] ; inst|altpll_component|pll|clk[0] ; 25.000       ; 0.011      ; 16.951     ;
; 8.100 ; SOPC:inst2|SOPC_cpu:cpu|A_mem_baddr[13] ; SOPC:inst2|SOPC_sdram:sdram|SOPC_sdram_input_efifo_module:the_SOPC_sdram_input_efifo_module|entry_1[34] ; inst|altpll_component|pll|clk[0] ; inst|altpll_component|pll|clk[0] ; 25.000       ; 0.011      ; 16.951     ;
; 8.100 ; SOPC:inst2|SOPC_cpu:cpu|A_mem_baddr[13] ; SOPC:inst2|SOPC_sdram:sdram|SOPC_sdram_input_efifo_module:the_SOPC_sdram_input_efifo_module|entry_1[37] ; inst|altpll_component|pll|clk[0] ; inst|altpll_component|pll|clk[0] ; 25.000       ; 0.011      ; 16.951     ;
; 8.100 ; SOPC:inst2|SOPC_cpu:cpu|A_mem_baddr[13] ; SOPC:inst2|SOPC_sdram:sdram|SOPC_sdram_input_efifo_module:the_SOPC_sdram_input_efifo_module|entry_1[38] ; inst|altpll_component|pll|clk[0] ; inst|altpll_component|pll|clk[0] ; 25.000       ; 0.011      ; 16.951     ;
; 8.100 ; SOPC:inst2|SOPC_cpu:cpu|A_mem_baddr[13] ; SOPC:inst2|SOPC_sdram:sdram|SOPC_sdram_input_efifo_module:the_SOPC_sdram_input_efifo_module|entry_1[40] ; inst|altpll_component|pll|clk[0] ; inst|altpll_component|pll|clk[0] ; 25.000       ; 0.011      ; 16.951     ;
; 8.103 ; SOPC:inst2|SOPC_cpu:cpu|A_mem_baddr[13] ; SOPC:inst2|SOPC_sdram:sdram|SOPC_sdram_input_efifo_module:the_SOPC_sdram_input_efifo_module|entry_1[42] ; inst|altpll_component|pll|clk[0] ; inst|altpll_component|pll|clk[0] ; 25.000       ; -0.002     ; 16.935     ;
; 8.103 ; SOPC:inst2|SOPC_cpu:cpu|A_mem_baddr[13] ; SOPC:inst2|SOPC_sdram:sdram|SOPC_sdram_input_efifo_module:the_SOPC_sdram_input_efifo_module|entry_1[30] ; inst|altpll_component|pll|clk[0] ; inst|altpll_component|pll|clk[0] ; 25.000       ; -0.002     ; 16.935     ;
; 8.103 ; SOPC:inst2|SOPC_cpu:cpu|A_mem_baddr[13] ; SOPC:inst2|SOPC_sdram:sdram|SOPC_sdram_input_efifo_module:the_SOPC_sdram_input_efifo_module|entry_1[41] ; inst|altpll_component|pll|clk[0] ; inst|altpll_component|pll|clk[0] ; 25.000       ; -0.002     ; 16.935     ;
; 8.103 ; SOPC:inst2|SOPC_cpu:cpu|A_mem_baddr[13] ; SOPC:inst2|SOPC_sdram:sdram|SOPC_sdram_input_efifo_module:the_SOPC_sdram_input_efifo_module|entry_1[28] ; inst|altpll_component|pll|clk[0] ; inst|altpll_component|pll|clk[0] ; 25.000       ; -0.002     ; 16.935     ;
; 8.103 ; SOPC:inst2|SOPC_cpu:cpu|A_mem_baddr[13] ; SOPC:inst2|SOPC_sdram:sdram|SOPC_sdram_input_efifo_module:the_SOPC_sdram_input_efifo_module|entry_1[35] ; inst|altpll_component|pll|clk[0] ; inst|altpll_component|pll|clk[0] ; 25.000       ; -0.002     ; 16.935     ;
; 8.103 ; SOPC:inst2|SOPC_cpu:cpu|A_mem_baddr[13] ; SOPC:inst2|SOPC_sdram:sdram|SOPC_sdram_input_efifo_module:the_SOPC_sdram_input_efifo_module|entry_1[36] ; inst|altpll_component|pll|clk[0] ; inst|altpll_component|pll|clk[0] ; 25.000       ; -0.002     ; 16.935     ;
; 8.103 ; SOPC:inst2|SOPC_cpu:cpu|A_mem_baddr[13] ; SOPC:inst2|SOPC_sdram:sdram|SOPC_sdram_input_efifo_module:the_SOPC_sdram_input_efifo_module|entry_1[39] ; inst|altpll_component|pll|clk[0] ; inst|altpll_component|pll|clk[0] ; 25.000       ; -0.002     ; 16.935     ;
; 8.103 ; SOPC:inst2|SOPC_cpu:cpu|A_mem_baddr[13] ; SOPC:inst2|SOPC_sdram:sdram|SOPC_sdram_input_efifo_module:the_SOPC_sdram_input_efifo_module|entry_1[17] ; inst|altpll_component|pll|clk[0] ; inst|altpll_component|pll|clk[0] ; 25.000       ; -0.002     ; 16.935     ;
; 8.159 ; SOPC:inst2|SOPC_cpu:cpu|M_rot_rn[2]     ; SOPC:inst2|SOPC_cpu:cpu|Mn_rot_step2[1]                                                                 ; inst|altpll_component|pll|clk[0] ; inst|altpll_component|pll|clk[0] ; 12.500       ; -0.007     ; 4.374      ;
; 8.390 ; SOPC:inst2|SOPC_cpu:cpu|M_rot_rn[2]     ; SOPC:inst2|SOPC_cpu:cpu|Mn_rot_step2[24]                                                                ; inst|altpll_component|pll|clk[0] ; inst|altpll_component|pll|clk[0] ; 12.500       ; -0.003     ; 4.147      ;
; 8.391 ; SOPC:inst2|SOPC_cpu:cpu|A_mem_baddr[25] ; SOPC:inst2|SOPC_sdram:sdram|SOPC_sdram_input_efifo_module:the_SOPC_sdram_input_efifo_module|entry_1[29] ; inst|altpll_component|pll|clk[0] ; inst|altpll_component|pll|clk[0] ; 25.000       ; 0.011      ; 16.660     ;
; 8.391 ; SOPC:inst2|SOPC_cpu:cpu|A_mem_baddr[25] ; SOPC:inst2|SOPC_sdram:sdram|SOPC_sdram_input_efifo_module:the_SOPC_sdram_input_efifo_module|entry_1[31] ; inst|altpll_component|pll|clk[0] ; inst|altpll_component|pll|clk[0] ; 25.000       ; 0.011      ; 16.660     ;
; 8.391 ; SOPC:inst2|SOPC_cpu:cpu|A_mem_baddr[25] ; SOPC:inst2|SOPC_sdram:sdram|SOPC_sdram_input_efifo_module:the_SOPC_sdram_input_efifo_module|entry_1[32] ; inst|altpll_component|pll|clk[0] ; inst|altpll_component|pll|clk[0] ; 25.000       ; 0.011      ; 16.660     ;
; 8.391 ; SOPC:inst2|SOPC_cpu:cpu|A_mem_baddr[25] ; SOPC:inst2|SOPC_sdram:sdram|SOPC_sdram_input_efifo_module:the_SOPC_sdram_input_efifo_module|entry_1[33] ; inst|altpll_component|pll|clk[0] ; inst|altpll_component|pll|clk[0] ; 25.000       ; 0.011      ; 16.660     ;
; 8.391 ; SOPC:inst2|SOPC_cpu:cpu|A_mem_baddr[25] ; SOPC:inst2|SOPC_sdram:sdram|SOPC_sdram_input_efifo_module:the_SOPC_sdram_input_efifo_module|entry_1[34] ; inst|altpll_component|pll|clk[0] ; inst|altpll_component|pll|clk[0] ; 25.000       ; 0.011      ; 16.660     ;
; 8.391 ; SOPC:inst2|SOPC_cpu:cpu|A_mem_baddr[25] ; SOPC:inst2|SOPC_sdram:sdram|SOPC_sdram_input_efifo_module:the_SOPC_sdram_input_efifo_module|entry_1[37] ; inst|altpll_component|pll|clk[0] ; inst|altpll_component|pll|clk[0] ; 25.000       ; 0.011      ; 16.660     ;
; 8.391 ; SOPC:inst2|SOPC_cpu:cpu|A_mem_baddr[25] ; SOPC:inst2|SOPC_sdram:sdram|SOPC_sdram_input_efifo_module:the_SOPC_sdram_input_efifo_module|entry_1[38] ; inst|altpll_component|pll|clk[0] ; inst|altpll_component|pll|clk[0] ; 25.000       ; 0.011      ; 16.660     ;
; 8.391 ; SOPC:inst2|SOPC_cpu:cpu|A_mem_baddr[25] ; SOPC:inst2|SOPC_sdram:sdram|SOPC_sdram_input_efifo_module:the_SOPC_sdram_input_efifo_module|entry_1[40] ; inst|altpll_component|pll|clk[0] ; inst|altpll_component|pll|clk[0] ; 25.000       ; 0.011      ; 16.660     ;
; 8.394 ; SOPC:inst2|SOPC_cpu:cpu|A_mem_baddr[25] ; SOPC:inst2|SOPC_sdram:sdram|SOPC_sdram_input_efifo_module:the_SOPC_sdram_input_efifo_module|entry_1[42] ; inst|altpll_component|pll|clk[0] ; inst|altpll_component|pll|clk[0] ; 25.000       ; -0.002     ; 16.644     ;
; 8.394 ; SOPC:inst2|SOPC_cpu:cpu|A_mem_baddr[25] ; SOPC:inst2|SOPC_sdram:sdram|SOPC_sdram_input_efifo_module:the_SOPC_sdram_input_efifo_module|entry_1[30] ; inst|altpll_component|pll|clk[0] ; inst|altpll_component|pll|clk[0] ; 25.000       ; -0.002     ; 16.644     ;
; 8.394 ; SOPC:inst2|SOPC_cpu:cpu|A_mem_baddr[25] ; SOPC:inst2|SOPC_sdram:sdram|SOPC_sdram_input_efifo_module:the_SOPC_sdram_input_efifo_module|entry_1[41] ; inst|altpll_component|pll|clk[0] ; inst|altpll_component|pll|clk[0] ; 25.000       ; -0.002     ; 16.644     ;
; 8.394 ; SOPC:inst2|SOPC_cpu:cpu|A_mem_baddr[25] ; SOPC:inst2|SOPC_sdram:sdram|SOPC_sdram_input_efifo_module:the_SOPC_sdram_input_efifo_module|entry_1[28] ; inst|altpll_component|pll|clk[0] ; inst|altpll_component|pll|clk[0] ; 25.000       ; -0.002     ; 16.644     ;
; 8.394 ; SOPC:inst2|SOPC_cpu:cpu|A_mem_baddr[25] ; SOPC:inst2|SOPC_sdram:sdram|SOPC_sdram_input_efifo_module:the_SOPC_sdram_input_efifo_module|entry_1[35] ; inst|altpll_component|pll|clk[0] ; inst|altpll_component|pll|clk[0] ; 25.000       ; -0.002     ; 16.644     ;
; 8.394 ; SOPC:inst2|SOPC_cpu:cpu|A_mem_baddr[25] ; SOPC:inst2|SOPC_sdram:sdram|SOPC_sdram_input_efifo_module:the_SOPC_sdram_input_efifo_module|entry_1[36] ; inst|altpll_component|pll|clk[0] ; inst|altpll_component|pll|clk[0] ; 25.000       ; -0.002     ; 16.644     ;
; 8.394 ; SOPC:inst2|SOPC_cpu:cpu|A_mem_baddr[25] ; SOPC:inst2|SOPC_sdram:sdram|SOPC_sdram_input_efifo_module:the_SOPC_sdram_input_efifo_module|entry_1[39] ; inst|altpll_component|pll|clk[0] ; inst|altpll_component|pll|clk[0] ; 25.000       ; -0.002     ; 16.644     ;
; 8.394 ; SOPC:inst2|SOPC_cpu:cpu|A_mem_baddr[25] ; SOPC:inst2|SOPC_sdram:sdram|SOPC_sdram_input_efifo_module:the_SOPC_sdram_input_efifo_module|entry_1[17] ; inst|altpll_component|pll|clk[0] ; inst|altpll_component|pll|clk[0] ; 25.000       ; -0.002     ; 16.644     ;
; 8.399 ; SOPC:inst2|SOPC_cpu:cpu|M_rot_rn[2]     ; SOPC:inst2|SOPC_cpu:cpu|Mn_rot_step2[5]                                                                 ; inst|altpll_component|pll|clk[0] ; inst|altpll_component|pll|clk[0] ; 12.500       ; -0.007     ; 4.134      ;
; 8.416 ; SOPC:inst2|SOPC_cpu:cpu|A_mem_baddr[15] ; SOPC:inst2|SOPC_sdram:sdram|SOPC_sdram_input_efifo_module:the_SOPC_sdram_input_efifo_module|entry_1[29] ; inst|altpll_component|pll|clk[0] ; inst|altpll_component|pll|clk[0] ; 25.000       ; 0.007      ; 16.631     ;
; 8.416 ; SOPC:inst2|SOPC_cpu:cpu|A_mem_baddr[15] ; SOPC:inst2|SOPC_sdram:sdram|SOPC_sdram_input_efifo_module:the_SOPC_sdram_input_efifo_module|entry_1[31] ; inst|altpll_component|pll|clk[0] ; inst|altpll_component|pll|clk[0] ; 25.000       ; 0.007      ; 16.631     ;
; 8.416 ; SOPC:inst2|SOPC_cpu:cpu|A_mem_baddr[15] ; SOPC:inst2|SOPC_sdram:sdram|SOPC_sdram_input_efifo_module:the_SOPC_sdram_input_efifo_module|entry_1[32] ; inst|altpll_component|pll|clk[0] ; inst|altpll_component|pll|clk[0] ; 25.000       ; 0.007      ; 16.631     ;
; 8.416 ; SOPC:inst2|SOPC_cpu:cpu|A_mem_baddr[15] ; SOPC:inst2|SOPC_sdram:sdram|SOPC_sdram_input_efifo_module:the_SOPC_sdram_input_efifo_module|entry_1[33] ; inst|altpll_component|pll|clk[0] ; inst|altpll_component|pll|clk[0] ; 25.000       ; 0.007      ; 16.631     ;
; 8.416 ; SOPC:inst2|SOPC_cpu:cpu|A_mem_baddr[15] ; SOPC:inst2|SOPC_sdram:sdram|SOPC_sdram_input_efifo_module:the_SOPC_sdram_input_efifo_module|entry_1[34] ; inst|altpll_component|pll|clk[0] ; inst|altpll_component|pll|clk[0] ; 25.000       ; 0.007      ; 16.631     ;
; 8.416 ; SOPC:inst2|SOPC_cpu:cpu|A_mem_baddr[15] ; SOPC:inst2|SOPC_sdram:sdram|SOPC_sdram_input_efifo_module:the_SOPC_sdram_input_efifo_module|entry_1[37] ; inst|altpll_component|pll|clk[0] ; inst|altpll_component|pll|clk[0] ; 25.000       ; 0.007      ; 16.631     ;
; 8.416 ; SOPC:inst2|SOPC_cpu:cpu|A_mem_baddr[15] ; SOPC:inst2|SOPC_sdram:sdram|SOPC_sdram_input_efifo_module:the_SOPC_sdram_input_efifo_module|entry_1[38] ; inst|altpll_component|pll|clk[0] ; inst|altpll_component|pll|clk[0] ; 25.000       ; 0.007      ; 16.631     ;
; 8.416 ; SOPC:inst2|SOPC_cpu:cpu|A_mem_baddr[15] ; SOPC:inst2|SOPC_sdram:sdram|SOPC_sdram_input_efifo_module:the_SOPC_sdram_input_efifo_module|entry_1[40] ; inst|altpll_component|pll|clk[0] ; inst|altpll_component|pll|clk[0] ; 25.000       ; 0.007      ; 16.631     ;
; 8.417 ; SOPC:inst2|SOPC_cpu:cpu|M_rot_rn[2]     ; SOPC:inst2|SOPC_cpu:cpu|Mn_rot_step2[2]                                                                 ; inst|altpll_component|pll|clk[0] ; inst|altpll_component|pll|clk[0] ; 12.500       ; -0.003     ; 4.120      ;
; 8.419 ; SOPC:inst2|SOPC_cpu:cpu|A_mem_baddr[15] ; SOPC:inst2|SOPC_sdram:sdram|SOPC_sdram_input_efifo_module:the_SOPC_sdram_input_efifo_module|entry_1[42] ; inst|altpll_component|pll|clk[0] ; inst|altpll_component|pll|clk[0] ; 25.000       ; -0.006     ; 16.615     ;
; 8.419 ; SOPC:inst2|SOPC_cpu:cpu|A_mem_baddr[15] ; SOPC:inst2|SOPC_sdram:sdram|SOPC_sdram_input_efifo_module:the_SOPC_sdram_input_efifo_module|entry_1[30] ; inst|altpll_component|pll|clk[0] ; inst|altpll_component|pll|clk[0] ; 25.000       ; -0.006     ; 16.615     ;
; 8.419 ; SOPC:inst2|SOPC_cpu:cpu|A_mem_baddr[15] ; SOPC:inst2|SOPC_sdram:sdram|SOPC_sdram_input_efifo_module:the_SOPC_sdram_input_efifo_module|entry_1[41] ; inst|altpll_component|pll|clk[0] ; inst|altpll_component|pll|clk[0] ; 25.000       ; -0.006     ; 16.615     ;
; 8.419 ; SOPC:inst2|SOPC_cpu:cpu|A_mem_baddr[15] ; SOPC:inst2|SOPC_sdram:sdram|SOPC_sdram_input_efifo_module:the_SOPC_sdram_input_efifo_module|entry_1[28] ; inst|altpll_component|pll|clk[0] ; inst|altpll_component|pll|clk[0] ; 25.000       ; -0.006     ; 16.615     ;
; 8.419 ; SOPC:inst2|SOPC_cpu:cpu|A_mem_baddr[15] ; SOPC:inst2|SOPC_sdram:sdram|SOPC_sdram_input_efifo_module:the_SOPC_sdram_input_efifo_module|entry_1[35] ; inst|altpll_component|pll|clk[0] ; inst|altpll_component|pll|clk[0] ; 25.000       ; -0.006     ; 16.615     ;
; 8.419 ; SOPC:inst2|SOPC_cpu:cpu|A_mem_baddr[15] ; SOPC:inst2|SOPC_sdram:sdram|SOPC_sdram_input_efifo_module:the_SOPC_sdram_input_efifo_module|entry_1[36] ; inst|altpll_component|pll|clk[0] ; inst|altpll_component|pll|clk[0] ; 25.000       ; -0.006     ; 16.615     ;
; 8.419 ; SOPC:inst2|SOPC_cpu:cpu|A_mem_baddr[15] ; SOPC:inst2|SOPC_sdram:sdram|SOPC_sdram_input_efifo_module:the_SOPC_sdram_input_efifo_module|entry_1[39] ; inst|altpll_component|pll|clk[0] ; inst|altpll_component|pll|clk[0] ; 25.000       ; -0.006     ; 16.615     ;
; 8.419 ; SOPC:inst2|SOPC_cpu:cpu|A_mem_baddr[15] ; SOPC:inst2|SOPC_sdram:sdram|SOPC_sdram_input_efifo_module:the_SOPC_sdram_input_efifo_module|entry_1[17] ; inst|altpll_component|pll|clk[0] ; inst|altpll_component|pll|clk[0] ; 25.000       ; -0.006     ; 16.615     ;
; 8.419 ; SOPC:inst2|SOPC_cpu:cpu|M_rot_rn[2]     ; SOPC:inst2|SOPC_cpu:cpu|Mn_rot_step2[20]                                                                ; inst|altpll_component|pll|clk[0] ; inst|altpll_component|pll|clk[0] ; 12.500       ; -0.003     ; 4.118      ;
; 8.428 ; SOPC:inst2|SOPC_cpu:cpu|M_rot_rn[2]     ; SOPC:inst2|SOPC_cpu:cpu|Mn_rot_step2[9]                                                                 ; inst|altpll_component|pll|clk[0] ; inst|altpll_component|pll|clk[0] ; 12.500       ; -0.007     ; 4.105      ;
; 8.428 ; SOPC:inst2|SOPC_cpu:cpu|M_rot_rn[2]     ; SOPC:inst2|SOPC_cpu:cpu|Mn_rot_step2[8]                                                                 ; inst|altpll_component|pll|clk[0] ; inst|altpll_component|pll|clk[0] ; 12.500       ; -0.003     ; 4.109      ;
; 8.438 ; SOPC:inst2|SOPC_cpu:cpu|M_rot_step1[14] ; SOPC:inst2|SOPC_cpu:cpu|Mn_rot_step2[26]                                                                ; inst|altpll_component|pll|clk[0] ; inst|altpll_component|pll|clk[0] ; 12.500       ; 0.004      ; 4.106      ;
; 8.459 ; SOPC:inst2|SOPC_cpu:cpu|M_rot_rn[2]     ; SOPC:inst2|SOPC_cpu:cpu|Mn_rot_step2[30]                                                                ; inst|altpll_component|pll|clk[0] ; inst|altpll_component|pll|clk[0] ; 12.500       ; -0.003     ; 4.078      ;
; 8.470 ; SOPC:inst2|SOPC_cpu:cpu|M_rot_rn[2]     ; SOPC:inst2|SOPC_cpu:cpu|Mn_rot_step2[18]                                                                ; inst|altpll_component|pll|clk[0] ; inst|altpll_component|pll|clk[0] ; 12.500       ; -0.003     ; 4.067      ;
; 8.471 ; SOPC:inst2|SOPC_cpu:cpu|A_mem_baddr[14] ; SOPC:inst2|SOPC_sdram:sdram|SOPC_sdram_input_efifo_module:the_SOPC_sdram_input_efifo_module|entry_1[29] ; inst|altpll_component|pll|clk[0] ; inst|altpll_component|pll|clk[0] ; 25.000       ; 0.011      ; 16.580     ;
; 8.471 ; SOPC:inst2|SOPC_cpu:cpu|A_mem_baddr[14] ; SOPC:inst2|SOPC_sdram:sdram|SOPC_sdram_input_efifo_module:the_SOPC_sdram_input_efifo_module|entry_1[31] ; inst|altpll_component|pll|clk[0] ; inst|altpll_component|pll|clk[0] ; 25.000       ; 0.011      ; 16.580     ;
; 8.471 ; SOPC:inst2|SOPC_cpu:cpu|A_mem_baddr[14] ; SOPC:inst2|SOPC_sdram:sdram|SOPC_sdram_input_efifo_module:the_SOPC_sdram_input_efifo_module|entry_1[32] ; inst|altpll_component|pll|clk[0] ; inst|altpll_component|pll|clk[0] ; 25.000       ; 0.011      ; 16.580     ;
; 8.471 ; SOPC:inst2|SOPC_cpu:cpu|A_mem_baddr[14] ; SOPC:inst2|SOPC_sdram:sdram|SOPC_sdram_input_efifo_module:the_SOPC_sdram_input_efifo_module|entry_1[33] ; inst|altpll_component|pll|clk[0] ; inst|altpll_component|pll|clk[0] ; 25.000       ; 0.011      ; 16.580     ;
; 8.471 ; SOPC:inst2|SOPC_cpu:cpu|A_mem_baddr[14] ; SOPC:inst2|SOPC_sdram:sdram|SOPC_sdram_input_efifo_module:the_SOPC_sdram_input_efifo_module|entry_1[34] ; inst|altpll_component|pll|clk[0] ; inst|altpll_component|pll|clk[0] ; 25.000       ; 0.011      ; 16.580     ;
; 8.471 ; SOPC:inst2|SOPC_cpu:cpu|A_mem_baddr[14] ; SOPC:inst2|SOPC_sdram:sdram|SOPC_sdram_input_efifo_module:the_SOPC_sdram_input_efifo_module|entry_1[37] ; inst|altpll_component|pll|clk[0] ; inst|altpll_component|pll|clk[0] ; 25.000       ; 0.011      ; 16.580     ;
; 8.471 ; SOPC:inst2|SOPC_cpu:cpu|A_mem_baddr[14] ; SOPC:inst2|SOPC_sdram:sdram|SOPC_sdram_input_efifo_module:the_SOPC_sdram_input_efifo_module|entry_1[38] ; inst|altpll_component|pll|clk[0] ; inst|altpll_component|pll|clk[0] ; 25.000       ; 0.011      ; 16.580     ;
+-------+-----------------------------------------+---------------------------------------------------------------------------------------------------------+----------------------------------+----------------------------------+--------------+------------+------------+


+------------------------------------------------------------------------------------------------------------------------------------------------------------------------------------------------------------------------------------------------------------------------------------------------------------------------------------------------------------------------------------------------------------------------------------------------------------------------------------------------------------+
; Slow Model Hold: 'inst|altpll_component|pll|clk[0]'                                                                                                                                                                                                                                                                                                                                                                                                                                                        ;
+-------+------------------------------------------------------------------------------------------------------------------------------------------------------------------------------------------+------------------------------------------------------------------------------------------------------------------------------------------------------------------------------------------+----------------------------------+----------------------------------+--------------+------------+------------+
; Slack ; From Node                                                                                                                                                                                ; To Node                                                                                                                                                                                  ; Launch Clock                     ; Latch Clock                      ; Relationship ; Clock Skew ; Data Delay ;
+-------+------------------------------------------------------------------------------------------------------------------------------------------------------------------------------------------+------------------------------------------------------------------------------------------------------------------------------------------------------------------------------------------+----------------------------------+----------------------------------+--------------+------------+------------+
; 0.499 ; SOPC:inst2|SOPC_cpu:cpu|SOPC_cpu_nios2_oci:the_SOPC_cpu_nios2_oci|SOPC_cpu_nios2_ocimem:the_SOPC_cpu_nios2_ocimem|jtag_rd                                                                ; SOPC:inst2|SOPC_cpu:cpu|SOPC_cpu_nios2_oci:the_SOPC_cpu_nios2_oci|SOPC_cpu_nios2_ocimem:the_SOPC_cpu_nios2_ocimem|jtag_rd                                                                ; inst|altpll_component|pll|clk[0] ; inst|altpll_component|pll|clk[0] ; 0.000        ; 0.000      ; 0.805      ;
; 0.499 ; SOPC:inst2|altera_avalon_sc_fifo:sdram_s1_translator_avalon_universal_slave_0_agent_rdata_fifo|wr_ptr[0]                                                                                 ; SOPC:inst2|altera_avalon_sc_fifo:sdram_s1_translator_avalon_universal_slave_0_agent_rdata_fifo|wr_ptr[0]                                                                                 ; inst|altpll_component|pll|clk[0] ; inst|altpll_component|pll|clk[0] ; 0.000        ; 0.000      ; 0.805      ;
; 0.499 ; SOPC:inst2|altera_avalon_sc_fifo:sdram_s1_translator_avalon_universal_slave_0_agent_rdata_fifo|wr_ptr[2]                                                                                 ; SOPC:inst2|altera_avalon_sc_fifo:sdram_s1_translator_avalon_universal_slave_0_agent_rdata_fifo|wr_ptr[2]                                                                                 ; inst|altpll_component|pll|clk[0] ; inst|altpll_component|pll|clk[0] ; 0.000        ; 0.000      ; 0.805      ;
; 0.499 ; SOPC:inst2|altera_avalon_sc_fifo:sdram_s1_translator_avalon_universal_slave_0_agent_rdata_fifo|rd_ptr[0]                                                                                 ; SOPC:inst2|altera_avalon_sc_fifo:sdram_s1_translator_avalon_universal_slave_0_agent_rdata_fifo|rd_ptr[0]                                                                                 ; inst|altpll_component|pll|clk[0] ; inst|altpll_component|pll|clk[0] ; 0.000        ; 0.000      ; 0.805      ;
; 0.499 ; SOPC:inst2|altera_avalon_sc_fifo:sdram_s1_translator_avalon_universal_slave_0_agent_rdata_fifo|rd_ptr[1]                                                                                 ; SOPC:inst2|altera_avalon_sc_fifo:sdram_s1_translator_avalon_universal_slave_0_agent_rdata_fifo|rd_ptr[1]                                                                                 ; inst|altpll_component|pll|clk[0] ; inst|altpll_component|pll|clk[0] ; 0.000        ; 0.000      ; 0.805      ;
; 0.499 ; SOPC:inst2|altera_avalon_sc_fifo:sdram_s1_translator_avalon_universal_slave_0_agent_rdata_fifo|rd_ptr[2]                                                                                 ; SOPC:inst2|altera_avalon_sc_fifo:sdram_s1_translator_avalon_universal_slave_0_agent_rdata_fifo|rd_ptr[2]                                                                                 ; inst|altpll_component|pll|clk[0] ; inst|altpll_component|pll|clk[0] ; 0.000        ; 0.000      ; 0.805      ;
; 0.499 ; SOPC:inst2|SOPC_sdram:sdram|i_count[0]                                                                                                                                                   ; SOPC:inst2|SOPC_sdram:sdram|i_count[0]                                                                                                                                                   ; inst|altpll_component|pll|clk[0] ; inst|altpll_component|pll|clk[0] ; 0.000        ; 0.000      ; 0.805      ;
; 0.499 ; SOPC:inst2|SOPC_sdram:sdram|i_count[2]                                                                                                                                                   ; SOPC:inst2|SOPC_sdram:sdram|i_count[2]                                                                                                                                                   ; inst|altpll_component|pll|clk[0] ; inst|altpll_component|pll|clk[0] ; 0.000        ; 0.000      ; 0.805      ;
; 0.499 ; SOPC:inst2|SOPC_sdram:sdram|i_refs[0]                                                                                                                                                    ; SOPC:inst2|SOPC_sdram:sdram|i_refs[0]                                                                                                                                                    ; inst|altpll_component|pll|clk[0] ; inst|altpll_component|pll|clk[0] ; 0.000        ; 0.000      ; 0.805      ;
; 0.499 ; SOPC:inst2|SOPC_sdram:sdram|i_refs[1]                                                                                                                                                    ; SOPC:inst2|SOPC_sdram:sdram|i_refs[1]                                                                                                                                                    ; inst|altpll_component|pll|clk[0] ; inst|altpll_component|pll|clk[0] ; 0.000        ; 0.000      ; 0.805      ;
; 0.499 ; SOPC:inst2|SOPC_sdram:sdram|i_refs[2]                                                                                                                                                    ; SOPC:inst2|SOPC_sdram:sdram|i_refs[2]                                                                                                                                                    ; inst|altpll_component|pll|clk[0] ; inst|altpll_component|pll|clk[0] ; 0.000        ; 0.000      ; 0.805      ;
; 0.499 ; SOPC:inst2|SOPC_sdram:sdram|i_next.101                                                                                                                                                   ; SOPC:inst2|SOPC_sdram:sdram|i_next.101                                                                                                                                                   ; inst|altpll_component|pll|clk[0] ; inst|altpll_component|pll|clk[0] ; 0.000        ; 0.000      ; 0.805      ;
; 0.499 ; SOPC:inst2|SOPC_sdram:sdram|i_state.101                                                                                                                                                  ; SOPC:inst2|SOPC_sdram:sdram|i_state.101                                                                                                                                                  ; inst|altpll_component|pll|clk[0] ; inst|altpll_component|pll|clk[0] ; 0.000        ; 0.000      ; 0.805      ;
; 0.499 ; SOPC:inst2|SOPC_sdram:sdram|i_count[1]                                                                                                                                                   ; SOPC:inst2|SOPC_sdram:sdram|i_count[1]                                                                                                                                                   ; inst|altpll_component|pll|clk[0] ; inst|altpll_component|pll|clk[0] ; 0.000        ; 0.000      ; 0.805      ;
; 0.499 ; SOPC:inst2|SOPC_sdram:sdram|i_next.000                                                                                                                                                   ; SOPC:inst2|SOPC_sdram:sdram|i_next.000                                                                                                                                                   ; inst|altpll_component|pll|clk[0] ; inst|altpll_component|pll|clk[0] ; 0.000        ; 0.000      ; 0.805      ;
; 0.499 ; SOPC:inst2|SOPC_sdram:sdram|i_state.000                                                                                                                                                  ; SOPC:inst2|SOPC_sdram:sdram|i_state.000                                                                                                                                                  ; inst|altpll_component|pll|clk[0] ; inst|altpll_component|pll|clk[0] ; 0.000        ; 0.000      ; 0.805      ;
; 0.499 ; SOPC:inst2|SOPC_sdram:sdram|i_cmd[1]                                                                                                                                                     ; SOPC:inst2|SOPC_sdram:sdram|i_cmd[1]                                                                                                                                                     ; inst|altpll_component|pll|clk[0] ; inst|altpll_component|pll|clk[0] ; 0.000        ; 0.000      ; 0.805      ;
; 0.499 ; SOPC:inst2|SOPC_sdram:sdram|init_done                                                                                                                                                    ; SOPC:inst2|SOPC_sdram:sdram|init_done                                                                                                                                                    ; inst|altpll_component|pll|clk[0] ; inst|altpll_component|pll|clk[0] ; 0.000        ; 0.000      ; 0.805      ;
; 0.499 ; SOPC:inst2|altera_avalon_sc_fifo:sdram_s1_translator_avalon_universal_slave_0_agent_rsp_fifo|mem_used[7]                                                                                 ; SOPC:inst2|altera_avalon_sc_fifo:sdram_s1_translator_avalon_universal_slave_0_agent_rsp_fifo|mem_used[7]                                                                                 ; inst|altpll_component|pll|clk[0] ; inst|altpll_component|pll|clk[0] ; 0.000        ; 0.000      ; 0.805      ;
; 0.499 ; SOPC:inst2|altera_avalon_sc_fifo:sdram_s1_translator_avalon_universal_slave_0_agent_rsp_fifo|mem[7][66]                                                                                  ; SOPC:inst2|altera_avalon_sc_fifo:sdram_s1_translator_avalon_universal_slave_0_agent_rsp_fifo|mem[7][66]                                                                                  ; inst|altpll_component|pll|clk[0] ; inst|altpll_component|pll|clk[0] ; 0.000        ; 0.000      ; 0.805      ;
; 0.499 ; SOPC:inst2|SOPC_cpu:cpu|A_mem_stall                                                                                                                                                      ; SOPC:inst2|SOPC_cpu:cpu|A_mem_stall                                                                                                                                                      ; inst|altpll_component|pll|clk[0] ; inst|altpll_component|pll|clk[0] ; 0.000        ; 0.000      ; 0.805      ;
; 0.499 ; SOPC:inst2|altera_avalon_sc_fifo:cpu_jtag_debug_module_translator_avalon_universal_slave_0_agent_rsp_fifo|mem[1][84]                                                                     ; SOPC:inst2|altera_avalon_sc_fifo:cpu_jtag_debug_module_translator_avalon_universal_slave_0_agent_rsp_fifo|mem[1][84]                                                                     ; inst|altpll_component|pll|clk[0] ; inst|altpll_component|pll|clk[0] ; 0.000        ; 0.000      ; 0.805      ;
; 0.499 ; SOPC:inst2|SOPC_cpu:cpu|ic_fill_line[0]                                                                                                                                                  ; SOPC:inst2|SOPC_cpu:cpu|ic_fill_line[0]                                                                                                                                                  ; inst|altpll_component|pll|clk[0] ; inst|altpll_component|pll|clk[0] ; 0.000        ; 0.000      ; 0.805      ;
; 0.499 ; SOPC:inst2|altera_merlin_width_adapter:width_adapter|count[0]                                                                                                                            ; SOPC:inst2|altera_merlin_width_adapter:width_adapter|count[0]                                                                                                                            ; inst|altpll_component|pll|clk[0] ; inst|altpll_component|pll|clk[0] ; 0.000        ; 0.000      ; 0.805      ;
; 0.499 ; SOPC:inst2|altera_avalon_sc_fifo:sdram_s1_translator_avalon_universal_slave_0_agent_rsp_fifo|mem[7][87]                                                                                  ; SOPC:inst2|altera_avalon_sc_fifo:sdram_s1_translator_avalon_universal_slave_0_agent_rsp_fifo|mem[7][87]                                                                                  ; inst|altpll_component|pll|clk[0] ; inst|altpll_component|pll|clk[0] ; 0.000        ; 0.000      ; 0.805      ;
; 0.499 ; SOPC:inst2|SOPC_sdram:sdram|active_cs_n                                                                                                                                                  ; SOPC:inst2|SOPC_sdram:sdram|active_cs_n                                                                                                                                                  ; inst|altpll_component|pll|clk[0] ; inst|altpll_component|pll|clk[0] ; 0.000        ; 0.000      ; 0.805      ;
; 0.499 ; SOPC:inst2|SOPC_sdram:sdram|SOPC_sdram_input_efifo_module:the_SOPC_sdram_input_efifo_module|wr_address                                                                                   ; SOPC:inst2|SOPC_sdram:sdram|SOPC_sdram_input_efifo_module:the_SOPC_sdram_input_efifo_module|wr_address                                                                                   ; inst|altpll_component|pll|clk[0] ; inst|altpll_component|pll|clk[0] ; 0.000        ; 0.000      ; 0.805      ;
; 0.499 ; SOPC:inst2|SOPC_sdram:sdram|m_state.000100000                                                                                                                                            ; SOPC:inst2|SOPC_sdram:sdram|m_state.000100000                                                                                                                                            ; inst|altpll_component|pll|clk[0] ; inst|altpll_component|pll|clk[0] ; 0.000        ; 0.000      ; 0.805      ;
; 0.499 ; SOPC:inst2|SOPC_sdram:sdram|m_next.010000000                                                                                                                                             ; SOPC:inst2|SOPC_sdram:sdram|m_next.010000000                                                                                                                                             ; inst|altpll_component|pll|clk[0] ; inst|altpll_component|pll|clk[0] ; 0.000        ; 0.000      ; 0.805      ;
; 0.499 ; SOPC:inst2|SOPC_sdram:sdram|ack_refresh_request                                                                                                                                          ; SOPC:inst2|SOPC_sdram:sdram|ack_refresh_request                                                                                                                                          ; inst|altpll_component|pll|clk[0] ; inst|altpll_component|pll|clk[0] ; 0.000        ; 0.000      ; 0.805      ;
; 0.499 ; SOPC:inst2|SOPC_sdram:sdram|refresh_request                                                                                                                                              ; SOPC:inst2|SOPC_sdram:sdram|refresh_request                                                                                                                                              ; inst|altpll_component|pll|clk[0] ; inst|altpll_component|pll|clk[0] ; 0.000        ; 0.000      ; 0.805      ;
; 0.499 ; SOPC:inst2|altera_avalon_sc_fifo:spi_touch_spi_control_port_translator_avalon_universal_slave_0_agent_rsp_fifo|mem_used[0]                                                               ; SOPC:inst2|altera_avalon_sc_fifo:spi_touch_spi_control_port_translator_avalon_universal_slave_0_agent_rsp_fifo|mem_used[0]                                                               ; inst|altpll_component|pll|clk[0] ; inst|altpll_component|pll|clk[0] ; 0.000        ; 0.000      ; 0.805      ;
; 0.499 ; SOPC:inst2|altera_avalon_sc_fifo:spi_touch_spi_control_port_translator_avalon_universal_slave_0_agent_rsp_fifo|mem_used[1]                                                               ; SOPC:inst2|altera_avalon_sc_fifo:spi_touch_spi_control_port_translator_avalon_universal_slave_0_agent_rsp_fifo|mem_used[1]                                                               ; inst|altpll_component|pll|clk[0] ; inst|altpll_component|pll|clk[0] ; 0.000        ; 0.000      ; 0.805      ;
; 0.499 ; SOPC:inst2|altera_merlin_slave_translator:spi_touch_spi_control_port_translator|wait_latency_counter[0]                                                                                  ; SOPC:inst2|altera_merlin_slave_translator:spi_touch_spi_control_port_translator|wait_latency_counter[0]                                                                                  ; inst|altpll_component|pll|clk[0] ; inst|altpll_component|pll|clk[0] ; 0.000        ; 0.000      ; 0.805      ;
; 0.499 ; SOPC:inst2|altera_merlin_slave_translator:spi_touch_spi_control_port_translator|wait_latency_counter[1]                                                                                  ; SOPC:inst2|altera_merlin_slave_translator:spi_touch_spi_control_port_translator|wait_latency_counter[1]                                                                                  ; inst|altpll_component|pll|clk[0] ; inst|altpll_component|pll|clk[0] ; 0.000        ; 0.000      ; 0.805      ;
; 0.499 ; SOPC:inst2|SOPC_spi_touch:spi_touch|wr_strobe                                                                                                                                            ; SOPC:inst2|SOPC_spi_touch:spi_touch|wr_strobe                                                                                                                                            ; inst|altpll_component|pll|clk[0] ; inst|altpll_component|pll|clk[0] ; 0.000        ; 0.000      ; 0.805      ;
; 0.499 ; SOPC:inst2|SOPC_spi_touch:spi_touch|slowcount[0]                                                                                                                                         ; SOPC:inst2|SOPC_spi_touch:spi_touch|slowcount[0]                                                                                                                                         ; inst|altpll_component|pll|clk[0] ; inst|altpll_component|pll|clk[0] ; 0.000        ; 0.000      ; 0.805      ;
; 0.499 ; SOPC:inst2|SOPC_spi_touch:spi_touch|state[4]                                                                                                                                             ; SOPC:inst2|SOPC_spi_touch:spi_touch|state[4]                                                                                                                                             ; inst|altpll_component|pll|clk[0] ; inst|altpll_component|pll|clk[0] ; 0.000        ; 0.000      ; 0.805      ;
; 0.499 ; SOPC:inst2|SOPC_spi_touch:spi_touch|tx_holding_primed                                                                                                                                    ; SOPC:inst2|SOPC_spi_touch:spi_touch|tx_holding_primed                                                                                                                                    ; inst|altpll_component|pll|clk[0] ; inst|altpll_component|pll|clk[0] ; 0.000        ; 0.000      ; 0.805      ;
; 0.499 ; SOPC:inst2|SOPC_spi_touch:spi_touch|transmitting                                                                                                                                         ; SOPC:inst2|SOPC_spi_touch:spi_touch|transmitting                                                                                                                                         ; inst|altpll_component|pll|clk[0] ; inst|altpll_component|pll|clk[0] ; 0.000        ; 0.000      ; 0.805      ;
; 0.499 ; SOPC:inst2|SOPC_spi_touch:spi_touch|TOE                                                                                                                                                  ; SOPC:inst2|SOPC_spi_touch:spi_touch|TOE                                                                                                                                                  ; inst|altpll_component|pll|clk[0] ; inst|altpll_component|pll|clk[0] ; 0.000        ; 0.000      ; 0.805      ;
; 0.499 ; SOPC:inst2|SOPC_spi_touch:spi_touch|rd_strobe                                                                                                                                            ; SOPC:inst2|SOPC_spi_touch:spi_touch|rd_strobe                                                                                                                                            ; inst|altpll_component|pll|clk[0] ; inst|altpll_component|pll|clk[0] ; 0.000        ; 0.000      ; 0.805      ;
; 0.499 ; SOPC:inst2|SOPC_spi_touch:spi_touch|RRDY                                                                                                                                                 ; SOPC:inst2|SOPC_spi_touch:spi_touch|RRDY                                                                                                                                                 ; inst|altpll_component|pll|clk[0] ; inst|altpll_component|pll|clk[0] ; 0.000        ; 0.000      ; 0.805      ;
; 0.499 ; SOPC:inst2|SOPC_spi_touch:spi_touch|ROE                                                                                                                                                  ; SOPC:inst2|SOPC_spi_touch:spi_touch|ROE                                                                                                                                                  ; inst|altpll_component|pll|clk[0] ; inst|altpll_component|pll|clk[0] ; 0.000        ; 0.000      ; 0.805      ;
; 0.499 ; SOPC:inst2|SOPC_jtag_uart:jtag_uart|av_waitrequest                                                                                                                                       ; SOPC:inst2|SOPC_jtag_uart:jtag_uart|av_waitrequest                                                                                                                                       ; inst|altpll_component|pll|clk[0] ; inst|altpll_component|pll|clk[0] ; 0.000        ; 0.000      ; 0.805      ;
; 0.499 ; SOPC:inst2|SOPC_jtag_uart:jtag_uart|SOPC_jtag_uart_scfifo_r:the_SOPC_jtag_uart_scfifo_r|scfifo:rfifo|scfifo_1n21:auto_generated|a_dpfifo_8t21:dpfifo|a_fefifo_7cf:fifo_state|b_non_empty ; SOPC:inst2|SOPC_jtag_uart:jtag_uart|SOPC_jtag_uart_scfifo_r:the_SOPC_jtag_uart_scfifo_r|scfifo:rfifo|scfifo_1n21:auto_generated|a_dpfifo_8t21:dpfifo|a_fefifo_7cf:fifo_state|b_non_empty ; inst|altpll_component|pll|clk[0] ; inst|altpll_component|pll|clk[0] ; 0.000        ; 0.000      ; 0.805      ;
; 0.499 ; SOPC:inst2|SOPC_jtag_uart:jtag_uart|SOPC_jtag_uart_scfifo_r:the_SOPC_jtag_uart_scfifo_r|scfifo:rfifo|scfifo_1n21:auto_generated|a_dpfifo_8t21:dpfifo|a_fefifo_7cf:fifo_state|b_full      ; SOPC:inst2|SOPC_jtag_uart:jtag_uart|SOPC_jtag_uart_scfifo_r:the_SOPC_jtag_uart_scfifo_r|scfifo:rfifo|scfifo_1n21:auto_generated|a_dpfifo_8t21:dpfifo|a_fefifo_7cf:fifo_state|b_full      ; inst|altpll_component|pll|clk[0] ; inst|altpll_component|pll|clk[0] ; 0.000        ; 0.000      ; 0.805      ;
; 0.499 ; SOPC:inst2|SOPC_jtag_uart:jtag_uart|pause_irq                                                                                                                                            ; SOPC:inst2|SOPC_jtag_uart:jtag_uart|pause_irq                                                                                                                                            ; inst|altpll_component|pll|clk[0] ; inst|altpll_component|pll|clk[0] ; 0.000        ; 0.000      ; 0.805      ;
; 0.499 ; SOPC:inst2|altera_merlin_width_adapter:width_adapter_001|data_reg[9]                                                                                                                     ; SOPC:inst2|altera_merlin_width_adapter:width_adapter_001|data_reg[9]                                                                                                                     ; inst|altpll_component|pll|clk[0] ; inst|altpll_component|pll|clk[0] ; 0.000        ; 0.000      ; 0.805      ;
; 0.499 ; SOPC:inst2|altera_avalon_sc_fifo:sysid_control_slave_translator_avalon_universal_slave_0_agent_rsp_fifo|mem_used[0]                                                                      ; SOPC:inst2|altera_avalon_sc_fifo:sysid_control_slave_translator_avalon_universal_slave_0_agent_rsp_fifo|mem_used[0]                                                                      ; inst|altpll_component|pll|clk[0] ; inst|altpll_component|pll|clk[0] ; 0.000        ; 0.000      ; 0.805      ;
; 0.499 ; SOPC:inst2|altera_avalon_sc_fifo:sysid_control_slave_translator_avalon_universal_slave_0_agent_rsp_fifo|mem_used[1]                                                                      ; SOPC:inst2|altera_avalon_sc_fifo:sysid_control_slave_translator_avalon_universal_slave_0_agent_rsp_fifo|mem_used[1]                                                                      ; inst|altpll_component|pll|clk[0] ; inst|altpll_component|pll|clk[0] ; 0.000        ; 0.000      ; 0.805      ;
; 0.499 ; SOPC:inst2|altera_merlin_slave_translator:sysid_control_slave_translator|wait_latency_counter[0]                                                                                         ; SOPC:inst2|altera_merlin_slave_translator:sysid_control_slave_translator|wait_latency_counter[0]                                                                                         ; inst|altpll_component|pll|clk[0] ; inst|altpll_component|pll|clk[0] ; 0.000        ; 0.000      ; 0.805      ;
; 0.499 ; SOPC:inst2|SOPC_jtag_uart:jtag_uart|r_val                                                                                                                                                ; SOPC:inst2|SOPC_jtag_uart:jtag_uart|r_val                                                                                                                                                ; inst|altpll_component|pll|clk[0] ; inst|altpll_component|pll|clk[0] ; 0.000        ; 0.000      ; 0.805      ;
; 0.499 ; SOPC:inst2|SOPC_jtag_uart:jtag_uart|alt_jtag_atlantic:SOPC_jtag_uart_alt_jtag_atlantic|r_ena1                                                                                            ; SOPC:inst2|SOPC_jtag_uart:jtag_uart|alt_jtag_atlantic:SOPC_jtag_uart_alt_jtag_atlantic|r_ena1                                                                                            ; inst|altpll_component|pll|clk[0] ; inst|altpll_component|pll|clk[0] ; 0.000        ; 0.000      ; 0.805      ;
; 0.499 ; SOPC:inst2|SOPC_jtag_uart:jtag_uart|SOPC_jtag_uart_scfifo_w:the_SOPC_jtag_uart_scfifo_w|scfifo:wfifo|scfifo_1n21:auto_generated|a_dpfifo_8t21:dpfifo|a_fefifo_7cf:fifo_state|b_non_empty ; SOPC:inst2|SOPC_jtag_uart:jtag_uart|SOPC_jtag_uart_scfifo_w:the_SOPC_jtag_uart_scfifo_w|scfifo:wfifo|scfifo_1n21:auto_generated|a_dpfifo_8t21:dpfifo|a_fefifo_7cf:fifo_state|b_non_empty ; inst|altpll_component|pll|clk[0] ; inst|altpll_component|pll|clk[0] ; 0.000        ; 0.000      ; 0.805      ;
; 0.499 ; SOPC:inst2|SOPC_jtag_uart:jtag_uart|SOPC_jtag_uart_scfifo_w:the_SOPC_jtag_uart_scfifo_w|scfifo:wfifo|scfifo_1n21:auto_generated|a_dpfifo_8t21:dpfifo|a_fefifo_7cf:fifo_state|b_full      ; SOPC:inst2|SOPC_jtag_uart:jtag_uart|SOPC_jtag_uart_scfifo_w:the_SOPC_jtag_uart_scfifo_w|scfifo:wfifo|scfifo_1n21:auto_generated|a_dpfifo_8t21:dpfifo|a_fefifo_7cf:fifo_state|b_full      ; inst|altpll_component|pll|clk[0] ; inst|altpll_component|pll|clk[0] ; 0.000        ; 0.000      ; 0.805      ;
; 0.499 ; SOPC:inst2|altera_merlin_slave_translator:epcs_epcs_control_port_translator|wait_latency_counter[1]                                                                                      ; SOPC:inst2|altera_merlin_slave_translator:epcs_epcs_control_port_translator|wait_latency_counter[1]                                                                                      ; inst|altpll_component|pll|clk[0] ; inst|altpll_component|pll|clk[0] ; 0.000        ; 0.000      ; 0.805      ;
; 0.499 ; SOPC:inst2|SOPC_epcs:epcs|SOPC_epcs_sub:the_SOPC_epcs_sub|tx_holding_primed                                                                                                              ; SOPC:inst2|SOPC_epcs:epcs|SOPC_epcs_sub:the_SOPC_epcs_sub|tx_holding_primed                                                                                                              ; inst|altpll_component|pll|clk[0] ; inst|altpll_component|pll|clk[0] ; 0.000        ; 0.000      ; 0.805      ;
; 0.499 ; SOPC:inst2|SOPC_epcs:epcs|SOPC_epcs_sub:the_SOPC_epcs_sub|transmitting                                                                                                                   ; SOPC:inst2|SOPC_epcs:epcs|SOPC_epcs_sub:the_SOPC_epcs_sub|transmitting                                                                                                                   ; inst|altpll_component|pll|clk[0] ; inst|altpll_component|pll|clk[0] ; 0.000        ; 0.000      ; 0.805      ;
; 0.499 ; SOPC:inst2|SOPC_epcs:epcs|SOPC_epcs_sub:the_SOPC_epcs_sub|slowcount[0]                                                                                                                   ; SOPC:inst2|SOPC_epcs:epcs|SOPC_epcs_sub:the_SOPC_epcs_sub|slowcount[0]                                                                                                                   ; inst|altpll_component|pll|clk[0] ; inst|altpll_component|pll|clk[0] ; 0.000        ; 0.000      ; 0.805      ;
; 0.499 ; SOPC:inst2|SOPC_epcs:epcs|SOPC_epcs_sub:the_SOPC_epcs_sub|state[4]                                                                                                                       ; SOPC:inst2|SOPC_epcs:epcs|SOPC_epcs_sub:the_SOPC_epcs_sub|state[4]                                                                                                                       ; inst|altpll_component|pll|clk[0] ; inst|altpll_component|pll|clk[0] ; 0.000        ; 0.000      ; 0.805      ;
; 0.499 ; SOPC:inst2|SOPC_epcs:epcs|SOPC_epcs_sub:the_SOPC_epcs_sub|SCLK_reg                                                                                                                       ; SOPC:inst2|SOPC_epcs:epcs|SOPC_epcs_sub:the_SOPC_epcs_sub|SCLK_reg                                                                                                                       ; inst|altpll_component|pll|clk[0] ; inst|altpll_component|pll|clk[0] ; 0.000        ; 0.000      ; 0.805      ;
; 0.499 ; SOPC:inst2|SOPC_epcs:epcs|SOPC_epcs_sub:the_SOPC_epcs_sub|MISO_reg                                                                                                                       ; SOPC:inst2|SOPC_epcs:epcs|SOPC_epcs_sub:the_SOPC_epcs_sub|MISO_reg                                                                                                                       ; inst|altpll_component|pll|clk[0] ; inst|altpll_component|pll|clk[0] ; 0.000        ; 0.000      ; 0.805      ;
; 0.499 ; SOPC:inst2|SOPC_epcs:epcs|SOPC_epcs_sub:the_SOPC_epcs_sub|rd_strobe                                                                                                                      ; SOPC:inst2|SOPC_epcs:epcs|SOPC_epcs_sub:the_SOPC_epcs_sub|rd_strobe                                                                                                                      ; inst|altpll_component|pll|clk[0] ; inst|altpll_component|pll|clk[0] ; 0.000        ; 0.000      ; 0.805      ;
; 0.499 ; SOPC:inst2|SOPC_epcs:epcs|SOPC_epcs_sub:the_SOPC_epcs_sub|EOP                                                                                                                            ; SOPC:inst2|SOPC_epcs:epcs|SOPC_epcs_sub:the_SOPC_epcs_sub|EOP                                                                                                                            ; inst|altpll_component|pll|clk[0] ; inst|altpll_component|pll|clk[0] ; 0.000        ; 0.000      ; 0.805      ;
; 0.499 ; SOPC:inst2|altera_avalon_sc_fifo:lcd32_data_s1_translator_avalon_universal_slave_0_agent_rsp_fifo|mem_used[0]                                                                            ; SOPC:inst2|altera_avalon_sc_fifo:lcd32_data_s1_translator_avalon_universal_slave_0_agent_rsp_fifo|mem_used[0]                                                                            ; inst|altpll_component|pll|clk[0] ; inst|altpll_component|pll|clk[0] ; 0.000        ; 0.000      ; 0.805      ;
; 0.499 ; SOPC:inst2|altera_merlin_slave_translator:lcd32_data_s1_translator|wait_latency_counter[0]                                                                                               ; SOPC:inst2|altera_merlin_slave_translator:lcd32_data_s1_translator|wait_latency_counter[0]                                                                                               ; inst|altpll_component|pll|clk[0] ; inst|altpll_component|pll|clk[0] ; 0.000        ; 0.000      ; 0.805      ;
; 0.499 ; SOPC:inst2|altera_merlin_slave_translator:lcd32_data_s1_translator|wait_latency_counter[1]                                                                                               ; SOPC:inst2|altera_merlin_slave_translator:lcd32_data_s1_translator|wait_latency_counter[1]                                                                                               ; inst|altpll_component|pll|clk[0] ; inst|altpll_component|pll|clk[0] ; 0.000        ; 0.000      ; 0.805      ;
; 0.499 ; SOPC:inst2|altera_avalon_sc_fifo:lcd32_data_s1_translator_avalon_universal_slave_0_agent_rsp_fifo|mem_used[1]                                                                            ; SOPC:inst2|altera_avalon_sc_fifo:lcd32_data_s1_translator_avalon_universal_slave_0_agent_rsp_fifo|mem_used[1]                                                                            ; inst|altpll_component|pll|clk[0] ; inst|altpll_component|pll|clk[0] ; 0.000        ; 0.000      ; 0.805      ;
; 0.499 ; SOPC:inst2|SOPC_spi_touch:spi_touch|SCLK_reg                                                                                                                                             ; SOPC:inst2|SOPC_spi_touch:spi_touch|SCLK_reg                                                                                                                                             ; inst|altpll_component|pll|clk[0] ; inst|altpll_component|pll|clk[0] ; 0.000        ; 0.000      ; 0.805      ;
; 0.499 ; SOPC:inst2|SOPC_spi_touch:spi_touch|MISO_reg                                                                                                                                             ; SOPC:inst2|SOPC_spi_touch:spi_touch|MISO_reg                                                                                                                                             ; inst|altpll_component|pll|clk[0] ; inst|altpll_component|pll|clk[0] ; 0.000        ; 0.000      ; 0.805      ;
; 0.499 ; SOPC:inst2|SOPC_spi_touch:spi_touch|EOP                                                                                                                                                  ; SOPC:inst2|SOPC_spi_touch:spi_touch|EOP                                                                                                                                                  ; inst|altpll_component|pll|clk[0] ; inst|altpll_component|pll|clk[0] ; 0.000        ; 0.000      ; 0.805      ;
; 0.499 ; SOPC:inst2|SOPC_jtag_uart:jtag_uart|rvalid                                                                                                                                               ; SOPC:inst2|SOPC_jtag_uart:jtag_uart|rvalid                                                                                                                                               ; inst|altpll_component|pll|clk[0] ; inst|altpll_component|pll|clk[0] ; 0.000        ; 0.000      ; 0.805      ;
; 0.499 ; SOPC:inst2|altera_merlin_width_adapter:width_adapter_001|data_reg[15]                                                                                                                    ; SOPC:inst2|altera_merlin_width_adapter:width_adapter_001|data_reg[15]                                                                                                                    ; inst|altpll_component|pll|clk[0] ; inst|altpll_component|pll|clk[0] ; 0.000        ; 0.000      ; 0.805      ;
; 0.499 ; SOPC:inst2|SOPC_cpu:cpu|SOPC_cpu_nios2_oci:the_SOPC_cpu_nios2_oci|SOPC_cpu_nios2_oci_debug:the_SOPC_cpu_nios2_oci_debug|resetlatch                                                       ; SOPC:inst2|SOPC_cpu:cpu|SOPC_cpu_nios2_oci:the_SOPC_cpu_nios2_oci|SOPC_cpu_nios2_oci_debug:the_SOPC_cpu_nios2_oci_debug|resetlatch                                                       ; inst|altpll_component|pll|clk[0] ; inst|altpll_component|pll|clk[0] ; 0.000        ; 0.000      ; 0.805      ;
; 0.499 ; SOPC:inst2|SOPC_cpu:cpu|SOPC_cpu_nios2_oci:the_SOPC_cpu_nios2_oci|SOPC_cpu_nios2_ocimem:the_SOPC_cpu_nios2_ocimem|jtag_ram_wr                                                            ; SOPC:inst2|SOPC_cpu:cpu|SOPC_cpu_nios2_oci:the_SOPC_cpu_nios2_oci|SOPC_cpu_nios2_ocimem:the_SOPC_cpu_nios2_ocimem|jtag_ram_wr                                                            ; inst|altpll_component|pll|clk[0] ; inst|altpll_component|pll|clk[0] ; 0.000        ; 0.000      ; 0.805      ;
; 0.499 ; SOPC:inst2|altera_merlin_width_adapter:width_adapter_001|data_reg[7]                                                                                                                     ; SOPC:inst2|altera_merlin_width_adapter:width_adapter_001|data_reg[7]                                                                                                                     ; inst|altpll_component|pll|clk[0] ; inst|altpll_component|pll|clk[0] ; 0.000        ; 0.000      ; 0.805      ;
; 0.499 ; SOPC:inst2|SOPC_epcs:epcs|SOPC_epcs_sub:the_SOPC_epcs_sub|RRDY                                                                                                                           ; SOPC:inst2|SOPC_epcs:epcs|SOPC_epcs_sub:the_SOPC_epcs_sub|RRDY                                                                                                                           ; inst|altpll_component|pll|clk[0] ; inst|altpll_component|pll|clk[0] ; 0.000        ; 0.000      ; 0.805      ;
; 0.499 ; SOPC:inst2|altera_merlin_width_adapter:width_adapter_001|data_reg[8]                                                                                                                     ; SOPC:inst2|altera_merlin_width_adapter:width_adapter_001|data_reg[8]                                                                                                                     ; inst|altpll_component|pll|clk[0] ; inst|altpll_component|pll|clk[0] ; 0.000        ; 0.000      ; 0.805      ;
; 0.499 ; SOPC:inst2|SOPC_epcs:epcs|SOPC_epcs_sub:the_SOPC_epcs_sub|TOE                                                                                                                            ; SOPC:inst2|SOPC_epcs:epcs|SOPC_epcs_sub:the_SOPC_epcs_sub|TOE                                                                                                                            ; inst|altpll_component|pll|clk[0] ; inst|altpll_component|pll|clk[0] ; 0.000        ; 0.000      ; 0.805      ;
; 0.499 ; SOPC:inst2|SOPC_epcs:epcs|SOPC_epcs_sub:the_SOPC_epcs_sub|ROE                                                                                                                            ; SOPC:inst2|SOPC_epcs:epcs|SOPC_epcs_sub:the_SOPC_epcs_sub|ROE                                                                                                                            ; inst|altpll_component|pll|clk[0] ; inst|altpll_component|pll|clk[0] ; 0.000        ; 0.000      ; 0.805      ;
; 0.499 ; SOPC:inst2|altera_merlin_width_adapter:width_adapter_001|data_reg[13]                                                                                                                    ; SOPC:inst2|altera_merlin_width_adapter:width_adapter_001|data_reg[13]                                                                                                                    ; inst|altpll_component|pll|clk[0] ; inst|altpll_component|pll|clk[0] ; 0.000        ; 0.000      ; 0.805      ;
; 0.499 ; SOPC:inst2|altera_merlin_width_adapter:width_adapter_001|data_reg[6]                                                                                                                     ; SOPC:inst2|altera_merlin_width_adapter:width_adapter_001|data_reg[6]                                                                                                                     ; inst|altpll_component|pll|clk[0] ; inst|altpll_component|pll|clk[0] ; 0.000        ; 0.000      ; 0.805      ;
; 0.499 ; SOPC:inst2|SOPC_jtag_uart:jtag_uart|woverflow                                                                                                                                            ; SOPC:inst2|SOPC_jtag_uart:jtag_uart|woverflow                                                                                                                                            ; inst|altpll_component|pll|clk[0] ; inst|altpll_component|pll|clk[0] ; 0.000        ; 0.000      ; 0.805      ;
; 0.499 ; SOPC:inst2|altera_merlin_width_adapter:width_adapter_001|data_reg[14]                                                                                                                    ; SOPC:inst2|altera_merlin_width_adapter:width_adapter_001|data_reg[14]                                                                                                                    ; inst|altpll_component|pll|clk[0] ; inst|altpll_component|pll|clk[0] ; 0.000        ; 0.000      ; 0.805      ;
; 0.499 ; SOPC:inst2|altera_avalon_sc_fifo:jtag_uart_avalon_jtag_slave_translator_avalon_universal_slave_0_agent_rsp_fifo|mem_used[1]                                                              ; SOPC:inst2|altera_avalon_sc_fifo:jtag_uart_avalon_jtag_slave_translator_avalon_universal_slave_0_agent_rsp_fifo|mem_used[1]                                                              ; inst|altpll_component|pll|clk[0] ; inst|altpll_component|pll|clk[0] ; 0.000        ; 0.000      ; 0.805      ;
; 0.499 ; SOPC:inst2|altera_avalon_sc_fifo:epcs_epcs_control_port_translator_avalon_universal_slave_0_agent_rsp_fifo|mem[1][105]                                                                   ; SOPC:inst2|altera_avalon_sc_fifo:epcs_epcs_control_port_translator_avalon_universal_slave_0_agent_rsp_fifo|mem[1][105]                                                                   ; inst|altpll_component|pll|clk[0] ; inst|altpll_component|pll|clk[0] ; 0.000        ; 0.000      ; 0.805      ;
; 0.499 ; SOPC:inst2|altera_avalon_sc_fifo:cpu_jtag_debug_module_translator_avalon_universal_slave_0_agent_rsp_fifo|mem[1][105]                                                                    ; SOPC:inst2|altera_avalon_sc_fifo:cpu_jtag_debug_module_translator_avalon_universal_slave_0_agent_rsp_fifo|mem[1][105]                                                                    ; inst|altpll_component|pll|clk[0] ; inst|altpll_component|pll|clk[0] ; 0.000        ; 0.000      ; 0.805      ;
; 0.499 ; SOPC:inst2|altera_merlin_traffic_limiter:limiter|pending_response_count[0]                                                                                                               ; SOPC:inst2|altera_merlin_traffic_limiter:limiter|pending_response_count[0]                                                                                                               ; inst|altpll_component|pll|clk[0] ; inst|altpll_component|pll|clk[0] ; 0.000        ; 0.000      ; 0.805      ;
; 0.499 ; SOPC:inst2|altera_merlin_traffic_limiter:limiter|has_pending_responses                                                                                                                   ; SOPC:inst2|altera_merlin_traffic_limiter:limiter|has_pending_responses                                                                                                                   ; inst|altpll_component|pll|clk[0] ; inst|altpll_component|pll|clk[0] ; 0.000        ; 0.000      ; 0.805      ;
; 0.499 ; SOPC:inst2|altera_avalon_sc_fifo:epcs_epcs_control_port_translator_avalon_universal_slave_0_agent_rsp_fifo|mem_used[1]                                                                   ; SOPC:inst2|altera_avalon_sc_fifo:epcs_epcs_control_port_translator_avalon_universal_slave_0_agent_rsp_fifo|mem_used[1]                                                                   ; inst|altpll_component|pll|clk[0] ; inst|altpll_component|pll|clk[0] ; 0.000        ; 0.000      ; 0.805      ;
; 0.499 ; SOPC:inst2|altera_avalon_sc_fifo:epcs_epcs_control_port_translator_avalon_universal_slave_0_agent_rsp_fifo|mem_used[0]                                                                   ; SOPC:inst2|altera_avalon_sc_fifo:epcs_epcs_control_port_translator_avalon_universal_slave_0_agent_rsp_fifo|mem_used[0]                                                                   ; inst|altpll_component|pll|clk[0] ; inst|altpll_component|pll|clk[0] ; 0.000        ; 0.000      ; 0.805      ;
; 0.499 ; SOPC:inst2|altera_avalon_sc_fifo:epcs_epcs_control_port_translator_avalon_universal_slave_0_agent_rsp_fifo|mem[1][84]                                                                    ; SOPC:inst2|altera_avalon_sc_fifo:epcs_epcs_control_port_translator_avalon_universal_slave_0_agent_rsp_fifo|mem[1][84]                                                                    ; inst|altpll_component|pll|clk[0] ; inst|altpll_component|pll|clk[0] ; 0.000        ; 0.000      ; 0.805      ;
; 0.499 ; SOPC:inst2|altera_merlin_width_adapter:width_adapter_001|data_reg[11]                                                                                                                    ; SOPC:inst2|altera_merlin_width_adapter:width_adapter_001|data_reg[11]                                                                                                                    ; inst|altpll_component|pll|clk[0] ; inst|altpll_component|pll|clk[0] ; 0.000        ; 0.000      ; 0.805      ;
; 0.499 ; SOPC:inst2|altera_merlin_width_adapter:width_adapter_001|data_reg[12]                                                                                                                    ; SOPC:inst2|altera_merlin_width_adapter:width_adapter_001|data_reg[12]                                                                                                                    ; inst|altpll_component|pll|clk[0] ; inst|altpll_component|pll|clk[0] ; 0.000        ; 0.000      ; 0.805      ;
; 0.499 ; SOPC:inst2|SOPC_jtag_uart:jtag_uart|ac                                                                                                                                                   ; SOPC:inst2|SOPC_jtag_uart:jtag_uart|ac                                                                                                                                                   ; inst|altpll_component|pll|clk[0] ; inst|altpll_component|pll|clk[0] ; 0.000        ; 0.000      ; 0.805      ;
; 0.499 ; SOPC:inst2|altera_merlin_width_adapter:width_adapter_001|data_reg[10]                                                                                                                    ; SOPC:inst2|altera_merlin_width_adapter:width_adapter_001|data_reg[10]                                                                                                                    ; inst|altpll_component|pll|clk[0] ; inst|altpll_component|pll|clk[0] ; 0.000        ; 0.000      ; 0.805      ;
; 0.499 ; SOPC:inst2|altera_merlin_width_adapter:width_adapter_001|data_reg[5]                                                                                                                     ; SOPC:inst2|altera_merlin_width_adapter:width_adapter_001|data_reg[5]                                                                                                                     ; inst|altpll_component|pll|clk[0] ; inst|altpll_component|pll|clk[0] ; 0.000        ; 0.000      ; 0.805      ;
; 0.499 ; SOPC:inst2|altera_merlin_slave_translator:touch_cs_s1_translator|wait_latency_counter[0]                                                                                                 ; SOPC:inst2|altera_merlin_slave_translator:touch_cs_s1_translator|wait_latency_counter[0]                                                                                                 ; inst|altpll_component|pll|clk[0] ; inst|altpll_component|pll|clk[0] ; 0.000        ; 0.000      ; 0.805      ;
; 0.499 ; SOPC:inst2|altera_avalon_sc_fifo:touch_cs_s1_translator_avalon_universal_slave_0_agent_rsp_fifo|mem_used[0]                                                                              ; SOPC:inst2|altera_avalon_sc_fifo:touch_cs_s1_translator_avalon_universal_slave_0_agent_rsp_fifo|mem_used[0]                                                                              ; inst|altpll_component|pll|clk[0] ; inst|altpll_component|pll|clk[0] ; 0.000        ; 0.000      ; 0.805      ;
+-------+------------------------------------------------------------------------------------------------------------------------------------------------------------------------------------------+------------------------------------------------------------------------------------------------------------------------------------------------------------------------------------------+----------------------------------+----------------------------------+--------------+------------+------------+


+-------------------------------------------------------------------------------------------------------------------------------------------------------------------------------------------------------------------------------------------------------------------------------------------------------------------------------------------------------------------------------------------------------------------------------------------------------------------------------------------------------------------------------------------------------------------+
; Slow Model Recovery: 'inst|altpll_component|pll|clk[0]'                                                                                                                                                                                                                                                                                                                                                                                                                                                                                                           ;
+--------+--------------------------------------------------------------------------------------------------------------------------------------+----------------------------------------------------------------------------------------------------------------------------------------------------------------------------------------------------------------------------------------------------------------------------------------------------+----------------------------------+----------------------------------+--------------+------------+------------+
; Slack  ; From Node                                                                                                                            ; To Node                                                                                                                                                                                                                                                                                            ; Launch Clock                     ; Latch Clock                      ; Relationship ; Clock Skew ; Data Delay ;
+--------+--------------------------------------------------------------------------------------------------------------------------------------+----------------------------------------------------------------------------------------------------------------------------------------------------------------------------------------------------------------------------------------------------------------------------------------------------+----------------------------------+----------------------------------+--------------+------------+------------+
; 6.586  ; SOPC:inst2|altera_reset_controller:rst_controller|altera_reset_synchronizer:alt_rst_sync_uq1|altera_reset_synchronizer_int_chain_out ; SOPC:inst2|SOPC_cpu:cpu|Mn_rot_step2[7]                                                                                                                                                                                                                                                            ; inst|altpll_component|pll|clk[0] ; inst|altpll_component|pll|clk[0] ; 12.500       ; 0.024      ; 5.978      ;
; 6.586  ; SOPC:inst2|altera_reset_controller:rst_controller|altera_reset_synchronizer:alt_rst_sync_uq1|altera_reset_synchronizer_int_chain_out ; SOPC:inst2|SOPC_cpu:cpu|Mn_rot_step2[22]                                                                                                                                                                                                                                                           ; inst|altpll_component|pll|clk[0] ; inst|altpll_component|pll|clk[0] ; 12.500       ; 0.016      ; 5.970      ;
; 6.586  ; SOPC:inst2|altera_reset_controller:rst_controller|altera_reset_synchronizer:alt_rst_sync_uq1|altera_reset_synchronizer_int_chain_out ; SOPC:inst2|SOPC_cpu:cpu|Mn_rot_step2[20]                                                                                                                                                                                                                                                           ; inst|altpll_component|pll|clk[0] ; inst|altpll_component|pll|clk[0] ; 12.500       ; 0.016      ; 5.970      ;
; 6.586  ; SOPC:inst2|altera_reset_controller:rst_controller|altera_reset_synchronizer:alt_rst_sync_uq1|altera_reset_synchronizer_int_chain_out ; SOPC:inst2|SOPC_cpu:cpu|Mn_rot_step2[4]                                                                                                                                                                                                                                                            ; inst|altpll_component|pll|clk[0] ; inst|altpll_component|pll|clk[0] ; 12.500       ; 0.016      ; 5.970      ;
; 6.586  ; SOPC:inst2|altera_reset_controller:rst_controller|altera_reset_synchronizer:alt_rst_sync_uq1|altera_reset_synchronizer_int_chain_out ; SOPC:inst2|SOPC_cpu:cpu|Mn_rot_step2[1]                                                                                                                                                                                                                                                            ; inst|altpll_component|pll|clk[0] ; inst|altpll_component|pll|clk[0] ; 12.500       ; 0.012      ; 5.966      ;
; 6.586  ; SOPC:inst2|altera_reset_controller:rst_controller|altera_reset_synchronizer:alt_rst_sync_uq1|altera_reset_synchronizer_int_chain_out ; SOPC:inst2|SOPC_cpu:cpu|Mn_rot_step2[17]                                                                                                                                                                                                                                                           ; inst|altpll_component|pll|clk[0] ; inst|altpll_component|pll|clk[0] ; 12.500       ; 0.012      ; 5.966      ;
; 6.586  ; SOPC:inst2|altera_reset_controller:rst_controller|altera_reset_synchronizer:alt_rst_sync_uq1|altera_reset_synchronizer_int_chain_out ; SOPC:inst2|SOPC_cpu:cpu|Mn_rot_step2[21]                                                                                                                                                                                                                                                           ; inst|altpll_component|pll|clk[0] ; inst|altpll_component|pll|clk[0] ; 12.500       ; 0.012      ; 5.966      ;
; 6.586  ; SOPC:inst2|altera_reset_controller:rst_controller|altera_reset_synchronizer:alt_rst_sync_uq1|altera_reset_synchronizer_int_chain_out ; SOPC:inst2|SOPC_cpu:cpu|Mn_rot_step2[9]                                                                                                                                                                                                                                                            ; inst|altpll_component|pll|clk[0] ; inst|altpll_component|pll|clk[0] ; 12.500       ; 0.012      ; 5.966      ;
; 6.586  ; SOPC:inst2|altera_reset_controller:rst_controller|altera_reset_synchronizer:alt_rst_sync_uq1|altera_reset_synchronizer_int_chain_out ; SOPC:inst2|SOPC_cpu:cpu|Mn_rot_step2[25]                                                                                                                                                                                                                                                           ; inst|altpll_component|pll|clk[0] ; inst|altpll_component|pll|clk[0] ; 12.500       ; 0.012      ; 5.966      ;
; 6.586  ; SOPC:inst2|altera_reset_controller:rst_controller|altera_reset_synchronizer:alt_rst_sync_uq1|altera_reset_synchronizer_int_chain_out ; SOPC:inst2|SOPC_cpu:cpu|Mn_rot_step2[24]                                                                                                                                                                                                                                                           ; inst|altpll_component|pll|clk[0] ; inst|altpll_component|pll|clk[0] ; 12.500       ; 0.016      ; 5.970      ;
; 6.586  ; SOPC:inst2|altera_reset_controller:rst_controller|altera_reset_synchronizer:alt_rst_sync_uq1|altera_reset_synchronizer_int_chain_out ; SOPC:inst2|SOPC_cpu:cpu|Mn_rot_step2[8]                                                                                                                                                                                                                                                            ; inst|altpll_component|pll|clk[0] ; inst|altpll_component|pll|clk[0] ; 12.500       ; 0.016      ; 5.970      ;
; 6.586  ; SOPC:inst2|altera_reset_controller:rst_controller|altera_reset_synchronizer:alt_rst_sync_uq1|altera_reset_synchronizer_int_chain_out ; SOPC:inst2|SOPC_cpu:cpu|Mn_rot_step2[23]                                                                                                                                                                                                                                                           ; inst|altpll_component|pll|clk[0] ; inst|altpll_component|pll|clk[0] ; 12.500       ; 0.024      ; 5.978      ;
; 6.586  ; SOPC:inst2|altera_reset_controller:rst_controller|altera_reset_synchronizer:alt_rst_sync_uq1|altera_reset_synchronizer_int_chain_out ; SOPC:inst2|SOPC_cpu:cpu|Mn_rot_step2[13]                                                                                                                                                                                                                                                           ; inst|altpll_component|pll|clk[0] ; inst|altpll_component|pll|clk[0] ; 12.500       ; 0.012      ; 5.966      ;
; 6.586  ; SOPC:inst2|altera_reset_controller:rst_controller|altera_reset_synchronizer:alt_rst_sync_uq1|altera_reset_synchronizer_int_chain_out ; SOPC:inst2|SOPC_cpu:cpu|Mn_rot_step2[29]                                                                                                                                                                                                                                                           ; inst|altpll_component|pll|clk[0] ; inst|altpll_component|pll|clk[0] ; 12.500       ; 0.012      ; 5.966      ;
; 6.586  ; SOPC:inst2|altera_reset_controller:rst_controller|altera_reset_synchronizer:alt_rst_sync_uq1|altera_reset_synchronizer_int_chain_out ; SOPC:inst2|SOPC_cpu:cpu|Mn_rot_step2[6]                                                                                                                                                                                                                                                            ; inst|altpll_component|pll|clk[0] ; inst|altpll_component|pll|clk[0] ; 12.500       ; 0.016      ; 5.970      ;
; 6.586  ; SOPC:inst2|altera_reset_controller:rst_controller|altera_reset_synchronizer:alt_rst_sync_uq1|altera_reset_synchronizer_int_chain_out ; SOPC:inst2|SOPC_cpu:cpu|Mn_rot_step2[0]                                                                                                                                                                                                                                                            ; inst|altpll_component|pll|clk[0] ; inst|altpll_component|pll|clk[0] ; 12.500       ; 0.016      ; 5.970      ;
; 6.586  ; SOPC:inst2|altera_reset_controller:rst_controller|altera_reset_synchronizer:alt_rst_sync_uq1|altera_reset_synchronizer_int_chain_out ; SOPC:inst2|SOPC_cpu:cpu|Mn_rot_step2[30]                                                                                                                                                                                                                                                           ; inst|altpll_component|pll|clk[0] ; inst|altpll_component|pll|clk[0] ; 12.500       ; 0.016      ; 5.970      ;
; 6.586  ; SOPC:inst2|altera_reset_controller:rst_controller|altera_reset_synchronizer:alt_rst_sync_uq1|altera_reset_synchronizer_int_chain_out ; SOPC:inst2|SOPC_cpu:cpu|Mn_rot_step2[14]                                                                                                                                                                                                                                                           ; inst|altpll_component|pll|clk[0] ; inst|altpll_component|pll|clk[0] ; 12.500       ; 0.016      ; 5.970      ;
; 6.586  ; SOPC:inst2|altera_reset_controller:rst_controller|altera_reset_synchronizer:alt_rst_sync_uq1|altera_reset_synchronizer_int_chain_out ; SOPC:inst2|SOPC_cpu:cpu|Mn_rot_step2[12]                                                                                                                                                                                                                                                           ; inst|altpll_component|pll|clk[0] ; inst|altpll_component|pll|clk[0] ; 12.500       ; 0.016      ; 5.970      ;
; 6.586  ; SOPC:inst2|altera_reset_controller:rst_controller|altera_reset_synchronizer:alt_rst_sync_uq1|altera_reset_synchronizer_int_chain_out ; SOPC:inst2|SOPC_cpu:cpu|Mn_rot_step2[11]                                                                                                                                                                                                                                                           ; inst|altpll_component|pll|clk[0] ; inst|altpll_component|pll|clk[0] ; 12.500       ; 0.024      ; 5.978      ;
; 6.586  ; SOPC:inst2|altera_reset_controller:rst_controller|altera_reset_synchronizer:alt_rst_sync_uq1|altera_reset_synchronizer_int_chain_out ; SOPC:inst2|SOPC_cpu:cpu|Mn_rot_step2[27]                                                                                                                                                                                                                                                           ; inst|altpll_component|pll|clk[0] ; inst|altpll_component|pll|clk[0] ; 12.500       ; 0.024      ; 5.978      ;
; 6.586  ; SOPC:inst2|altera_reset_controller:rst_controller|altera_reset_synchronizer:alt_rst_sync_uq1|altera_reset_synchronizer_int_chain_out ; SOPC:inst2|SOPC_cpu:cpu|Mn_rot_step2[28]                                                                                                                                                                                                                                                           ; inst|altpll_component|pll|clk[0] ; inst|altpll_component|pll|clk[0] ; 12.500       ; 0.016      ; 5.970      ;
; 6.586  ; SOPC:inst2|altera_reset_controller:rst_controller|altera_reset_synchronizer:alt_rst_sync_uq1|altera_reset_synchronizer_int_chain_out ; SOPC:inst2|SOPC_cpu:cpu|Mn_rot_step2[10]                                                                                                                                                                                                                                                           ; inst|altpll_component|pll|clk[0] ; inst|altpll_component|pll|clk[0] ; 12.500       ; 0.016      ; 5.970      ;
; 6.586  ; SOPC:inst2|altera_reset_controller:rst_controller|altera_reset_synchronizer:alt_rst_sync_uq1|altera_reset_synchronizer_int_chain_out ; SOPC:inst2|SOPC_cpu:cpu|Mn_rot_step2[26]                                                                                                                                                                                                                                                           ; inst|altpll_component|pll|clk[0] ; inst|altpll_component|pll|clk[0] ; 12.500       ; 0.016      ; 5.970      ;
; 6.586  ; SOPC:inst2|altera_reset_controller:rst_controller|altera_reset_synchronizer:alt_rst_sync_uq1|altera_reset_synchronizer_int_chain_out ; SOPC:inst2|SOPC_cpu:cpu|Mn_rot_step2[5]                                                                                                                                                                                                                                                            ; inst|altpll_component|pll|clk[0] ; inst|altpll_component|pll|clk[0] ; 12.500       ; 0.012      ; 5.966      ;
; 6.586  ; SOPC:inst2|altera_reset_controller:rst_controller|altera_reset_synchronizer:alt_rst_sync_uq1|altera_reset_synchronizer_int_chain_out ; SOPC:inst2|SOPC_cpu:cpu|Mn_rot_step2[16]                                                                                                                                                                                                                                                           ; inst|altpll_component|pll|clk[0] ; inst|altpll_component|pll|clk[0] ; 12.500       ; 0.016      ; 5.970      ;
; 6.586  ; SOPC:inst2|altera_reset_controller:rst_controller|altera_reset_synchronizer:alt_rst_sync_uq1|altera_reset_synchronizer_int_chain_out ; SOPC:inst2|SOPC_cpu:cpu|Mn_rot_step2[19]                                                                                                                                                                                                                                                           ; inst|altpll_component|pll|clk[0] ; inst|altpll_component|pll|clk[0] ; 12.500       ; 0.024      ; 5.978      ;
; 6.586  ; SOPC:inst2|altera_reset_controller:rst_controller|altera_reset_synchronizer:alt_rst_sync_uq1|altera_reset_synchronizer_int_chain_out ; SOPC:inst2|SOPC_cpu:cpu|Mn_rot_step2[3]                                                                                                                                                                                                                                                            ; inst|altpll_component|pll|clk[0] ; inst|altpll_component|pll|clk[0] ; 12.500       ; 0.024      ; 5.978      ;
; 6.586  ; SOPC:inst2|altera_reset_controller:rst_controller|altera_reset_synchronizer:alt_rst_sync_uq1|altera_reset_synchronizer_int_chain_out ; SOPC:inst2|SOPC_cpu:cpu|Mn_rot_step2[2]                                                                                                                                                                                                                                                            ; inst|altpll_component|pll|clk[0] ; inst|altpll_component|pll|clk[0] ; 12.500       ; 0.016      ; 5.970      ;
; 6.586  ; SOPC:inst2|altera_reset_controller:rst_controller|altera_reset_synchronizer:alt_rst_sync_uq1|altera_reset_synchronizer_int_chain_out ; SOPC:inst2|SOPC_cpu:cpu|Mn_rot_step2[18]                                                                                                                                                                                                                                                           ; inst|altpll_component|pll|clk[0] ; inst|altpll_component|pll|clk[0] ; 12.500       ; 0.016      ; 5.970      ;
; 6.586  ; SOPC:inst2|altera_reset_controller:rst_controller|altera_reset_synchronizer:alt_rst_sync_uq1|altera_reset_synchronizer_int_chain_out ; SOPC:inst2|SOPC_cpu:cpu|Mn_rot_step2[15]                                                                                                                                                                                                                                                           ; inst|altpll_component|pll|clk[0] ; inst|altpll_component|pll|clk[0] ; 12.500       ; 0.024      ; 5.978      ;
; 6.586  ; SOPC:inst2|altera_reset_controller:rst_controller|altera_reset_synchronizer:alt_rst_sync_uq1|altera_reset_synchronizer_int_chain_out ; SOPC:inst2|SOPC_cpu:cpu|Mn_rot_step2[31]                                                                                                                                                                                                                                                           ; inst|altpll_component|pll|clk[0] ; inst|altpll_component|pll|clk[0] ; 12.500       ; 0.024      ; 5.978      ;
; 17.870 ; SOPC:inst2|altera_reset_controller:rst_controller|altera_reset_synchronizer:alt_rst_sync_uq1|altera_reset_synchronizer_int_chain_out ; SOPC:inst2|SOPC_cpu:cpu|SOPC_cpu_mult_cell:the_SOPC_cpu_mult_cell|altera_mult_add:the_altmult_add_part_1|altera_mult_add_mpt2:auto_generated|altera_mult_add_rtl:altera_mult_add_rtl1|ama_multiplier_function:multiplier_block|ama_register_function:multiplier_register_block_0|data_out_wire[18] ; inst|altpll_component|pll|clk[0] ; inst|altpll_component|pll|clk[0] ; 25.000       ; 0.408      ; 7.476      ;
; 17.870 ; SOPC:inst2|altera_reset_controller:rst_controller|altera_reset_synchronizer:alt_rst_sync_uq1|altera_reset_synchronizer_int_chain_out ; SOPC:inst2|SOPC_cpu:cpu|SOPC_cpu_mult_cell:the_SOPC_cpu_mult_cell|altera_mult_add:the_altmult_add_part_1|altera_mult_add_mpt2:auto_generated|altera_mult_add_rtl:altera_mult_add_rtl1|ama_multiplier_function:multiplier_block|ama_register_function:multiplier_register_block_0|data_out_wire[26] ; inst|altpll_component|pll|clk[0] ; inst|altpll_component|pll|clk[0] ; 25.000       ; 0.408      ; 7.476      ;
; 17.870 ; SOPC:inst2|altera_reset_controller:rst_controller|altera_reset_synchronizer:alt_rst_sync_uq1|altera_reset_synchronizer_int_chain_out ; SOPC:inst2|SOPC_cpu:cpu|SOPC_cpu_mult_cell:the_SOPC_cpu_mult_cell|altera_mult_add:the_altmult_add_part_1|altera_mult_add_mpt2:auto_generated|altera_mult_add_rtl:altera_mult_add_rtl1|ama_multiplier_function:multiplier_block|ama_register_function:multiplier_register_block_0|data_out_wire[10] ; inst|altpll_component|pll|clk[0] ; inst|altpll_component|pll|clk[0] ; 25.000       ; 0.408      ; 7.476      ;
; 17.870 ; SOPC:inst2|altera_reset_controller:rst_controller|altera_reset_synchronizer:alt_rst_sync_uq1|altera_reset_synchronizer_int_chain_out ; SOPC:inst2|SOPC_cpu:cpu|SOPC_cpu_mult_cell:the_SOPC_cpu_mult_cell|altera_mult_add:the_altmult_add_part_1|altera_mult_add_mpt2:auto_generated|altera_mult_add_rtl:altera_mult_add_rtl1|ama_multiplier_function:multiplier_block|ama_register_function:multiplier_register_block_0|data_out_wire[0]  ; inst|altpll_component|pll|clk[0] ; inst|altpll_component|pll|clk[0] ; 25.000       ; 0.408      ; 7.476      ;
; 17.870 ; SOPC:inst2|altera_reset_controller:rst_controller|altera_reset_synchronizer:alt_rst_sync_uq1|altera_reset_synchronizer_int_chain_out ; SOPC:inst2|SOPC_cpu:cpu|SOPC_cpu_mult_cell:the_SOPC_cpu_mult_cell|altera_mult_add:the_altmult_add_part_1|altera_mult_add_mpt2:auto_generated|altera_mult_add_rtl:altera_mult_add_rtl1|ama_multiplier_function:multiplier_block|ama_register_function:multiplier_register_block_0|data_out_wire[1]  ; inst|altpll_component|pll|clk[0] ; inst|altpll_component|pll|clk[0] ; 25.000       ; 0.408      ; 7.476      ;
; 17.870 ; SOPC:inst2|altera_reset_controller:rst_controller|altera_reset_synchronizer:alt_rst_sync_uq1|altera_reset_synchronizer_int_chain_out ; SOPC:inst2|SOPC_cpu:cpu|SOPC_cpu_mult_cell:the_SOPC_cpu_mult_cell|altera_mult_add:the_altmult_add_part_1|altera_mult_add_mpt2:auto_generated|altera_mult_add_rtl:altera_mult_add_rtl1|ama_multiplier_function:multiplier_block|ama_register_function:multiplier_register_block_0|data_out_wire[2]  ; inst|altpll_component|pll|clk[0] ; inst|altpll_component|pll|clk[0] ; 25.000       ; 0.408      ; 7.476      ;
; 17.870 ; SOPC:inst2|altera_reset_controller:rst_controller|altera_reset_synchronizer:alt_rst_sync_uq1|altera_reset_synchronizer_int_chain_out ; SOPC:inst2|SOPC_cpu:cpu|SOPC_cpu_mult_cell:the_SOPC_cpu_mult_cell|altera_mult_add:the_altmult_add_part_1|altera_mult_add_mpt2:auto_generated|altera_mult_add_rtl:altera_mult_add_rtl1|ama_multiplier_function:multiplier_block|ama_register_function:multiplier_register_block_0|data_out_wire[3]  ; inst|altpll_component|pll|clk[0] ; inst|altpll_component|pll|clk[0] ; 25.000       ; 0.408      ; 7.476      ;
; 17.870 ; SOPC:inst2|altera_reset_controller:rst_controller|altera_reset_synchronizer:alt_rst_sync_uq1|altera_reset_synchronizer_int_chain_out ; SOPC:inst2|SOPC_cpu:cpu|SOPC_cpu_mult_cell:the_SOPC_cpu_mult_cell|altera_mult_add:the_altmult_add_part_1|altera_mult_add_mpt2:auto_generated|altera_mult_add_rtl:altera_mult_add_rtl1|ama_multiplier_function:multiplier_block|ama_register_function:multiplier_register_block_0|data_out_wire[4]  ; inst|altpll_component|pll|clk[0] ; inst|altpll_component|pll|clk[0] ; 25.000       ; 0.408      ; 7.476      ;
; 17.870 ; SOPC:inst2|altera_reset_controller:rst_controller|altera_reset_synchronizer:alt_rst_sync_uq1|altera_reset_synchronizer_int_chain_out ; SOPC:inst2|SOPC_cpu:cpu|SOPC_cpu_mult_cell:the_SOPC_cpu_mult_cell|altera_mult_add:the_altmult_add_part_1|altera_mult_add_mpt2:auto_generated|altera_mult_add_rtl:altera_mult_add_rtl1|ama_multiplier_function:multiplier_block|ama_register_function:multiplier_register_block_0|data_out_wire[5]  ; inst|altpll_component|pll|clk[0] ; inst|altpll_component|pll|clk[0] ; 25.000       ; 0.408      ; 7.476      ;
; 17.870 ; SOPC:inst2|altera_reset_controller:rst_controller|altera_reset_synchronizer:alt_rst_sync_uq1|altera_reset_synchronizer_int_chain_out ; SOPC:inst2|SOPC_cpu:cpu|SOPC_cpu_mult_cell:the_SOPC_cpu_mult_cell|altera_mult_add:the_altmult_add_part_1|altera_mult_add_mpt2:auto_generated|altera_mult_add_rtl:altera_mult_add_rtl1|ama_multiplier_function:multiplier_block|ama_register_function:multiplier_register_block_0|data_out_wire[6]  ; inst|altpll_component|pll|clk[0] ; inst|altpll_component|pll|clk[0] ; 25.000       ; 0.408      ; 7.476      ;
; 17.870 ; SOPC:inst2|altera_reset_controller:rst_controller|altera_reset_synchronizer:alt_rst_sync_uq1|altera_reset_synchronizer_int_chain_out ; SOPC:inst2|SOPC_cpu:cpu|SOPC_cpu_mult_cell:the_SOPC_cpu_mult_cell|altera_mult_add:the_altmult_add_part_1|altera_mult_add_mpt2:auto_generated|altera_mult_add_rtl:altera_mult_add_rtl1|ama_multiplier_function:multiplier_block|ama_register_function:multiplier_register_block_0|data_out_wire[7]  ; inst|altpll_component|pll|clk[0] ; inst|altpll_component|pll|clk[0] ; 25.000       ; 0.408      ; 7.476      ;
; 17.870 ; SOPC:inst2|altera_reset_controller:rst_controller|altera_reset_synchronizer:alt_rst_sync_uq1|altera_reset_synchronizer_int_chain_out ; SOPC:inst2|SOPC_cpu:cpu|SOPC_cpu_mult_cell:the_SOPC_cpu_mult_cell|altera_mult_add:the_altmult_add_part_1|altera_mult_add_mpt2:auto_generated|altera_mult_add_rtl:altera_mult_add_rtl1|ama_multiplier_function:multiplier_block|ama_register_function:multiplier_register_block_0|data_out_wire[8]  ; inst|altpll_component|pll|clk[0] ; inst|altpll_component|pll|clk[0] ; 25.000       ; 0.408      ; 7.476      ;
; 17.870 ; SOPC:inst2|altera_reset_controller:rst_controller|altera_reset_synchronizer:alt_rst_sync_uq1|altera_reset_synchronizer_int_chain_out ; SOPC:inst2|SOPC_cpu:cpu|SOPC_cpu_mult_cell:the_SOPC_cpu_mult_cell|altera_mult_add:the_altmult_add_part_1|altera_mult_add_mpt2:auto_generated|altera_mult_add_rtl:altera_mult_add_rtl1|ama_multiplier_function:multiplier_block|ama_register_function:multiplier_register_block_0|data_out_wire[9]  ; inst|altpll_component|pll|clk[0] ; inst|altpll_component|pll|clk[0] ; 25.000       ; 0.408      ; 7.476      ;
; 17.870 ; SOPC:inst2|altera_reset_controller:rst_controller|altera_reset_synchronizer:alt_rst_sync_uq1|altera_reset_synchronizer_int_chain_out ; SOPC:inst2|SOPC_cpu:cpu|SOPC_cpu_mult_cell:the_SOPC_cpu_mult_cell|altera_mult_add:the_altmult_add_part_1|altera_mult_add_mpt2:auto_generated|altera_mult_add_rtl:altera_mult_add_rtl1|ama_multiplier_function:multiplier_block|ama_register_function:multiplier_register_block_0|data_out_wire[11] ; inst|altpll_component|pll|clk[0] ; inst|altpll_component|pll|clk[0] ; 25.000       ; 0.408      ; 7.476      ;
; 17.870 ; SOPC:inst2|altera_reset_controller:rst_controller|altera_reset_synchronizer:alt_rst_sync_uq1|altera_reset_synchronizer_int_chain_out ; SOPC:inst2|SOPC_cpu:cpu|SOPC_cpu_mult_cell:the_SOPC_cpu_mult_cell|altera_mult_add:the_altmult_add_part_1|altera_mult_add_mpt2:auto_generated|altera_mult_add_rtl:altera_mult_add_rtl1|ama_multiplier_function:multiplier_block|ama_register_function:multiplier_register_block_0|data_out_wire[14] ; inst|altpll_component|pll|clk[0] ; inst|altpll_component|pll|clk[0] ; 25.000       ; 0.408      ; 7.476      ;
; 17.870 ; SOPC:inst2|altera_reset_controller:rst_controller|altera_reset_synchronizer:alt_rst_sync_uq1|altera_reset_synchronizer_int_chain_out ; SOPC:inst2|SOPC_cpu:cpu|SOPC_cpu_mult_cell:the_SOPC_cpu_mult_cell|altera_mult_add:the_altmult_add_part_1|altera_mult_add_mpt2:auto_generated|altera_mult_add_rtl:altera_mult_add_rtl1|ama_multiplier_function:multiplier_block|ama_register_function:multiplier_register_block_0|data_out_wire[12] ; inst|altpll_component|pll|clk[0] ; inst|altpll_component|pll|clk[0] ; 25.000       ; 0.408      ; 7.476      ;
; 17.870 ; SOPC:inst2|altera_reset_controller:rst_controller|altera_reset_synchronizer:alt_rst_sync_uq1|altera_reset_synchronizer_int_chain_out ; SOPC:inst2|SOPC_cpu:cpu|SOPC_cpu_mult_cell:the_SOPC_cpu_mult_cell|altera_mult_add:the_altmult_add_part_1|altera_mult_add_mpt2:auto_generated|altera_mult_add_rtl:altera_mult_add_rtl1|ama_multiplier_function:multiplier_block|ama_register_function:multiplier_register_block_0|data_out_wire[13] ; inst|altpll_component|pll|clk[0] ; inst|altpll_component|pll|clk[0] ; 25.000       ; 0.408      ; 7.476      ;
; 17.870 ; SOPC:inst2|altera_reset_controller:rst_controller|altera_reset_synchronizer:alt_rst_sync_uq1|altera_reset_synchronizer_int_chain_out ; SOPC:inst2|SOPC_cpu:cpu|SOPC_cpu_mult_cell:the_SOPC_cpu_mult_cell|altera_mult_add:the_altmult_add_part_1|altera_mult_add_mpt2:auto_generated|altera_mult_add_rtl:altera_mult_add_rtl1|ama_multiplier_function:multiplier_block|ama_register_function:multiplier_register_block_0|data_out_wire[15] ; inst|altpll_component|pll|clk[0] ; inst|altpll_component|pll|clk[0] ; 25.000       ; 0.408      ; 7.476      ;
; 17.870 ; SOPC:inst2|altera_reset_controller:rst_controller|altera_reset_synchronizer:alt_rst_sync_uq1|altera_reset_synchronizer_int_chain_out ; SOPC:inst2|SOPC_cpu:cpu|SOPC_cpu_mult_cell:the_SOPC_cpu_mult_cell|altera_mult_add:the_altmult_add_part_1|altera_mult_add_mpt2:auto_generated|altera_mult_add_rtl:altera_mult_add_rtl1|ama_multiplier_function:multiplier_block|ama_register_function:multiplier_register_block_0|data_out_wire[23] ; inst|altpll_component|pll|clk[0] ; inst|altpll_component|pll|clk[0] ; 25.000       ; 0.408      ; 7.476      ;
; 17.870 ; SOPC:inst2|altera_reset_controller:rst_controller|altera_reset_synchronizer:alt_rst_sync_uq1|altera_reset_synchronizer_int_chain_out ; SOPC:inst2|SOPC_cpu:cpu|SOPC_cpu_mult_cell:the_SOPC_cpu_mult_cell|altera_mult_add:the_altmult_add_part_1|altera_mult_add_mpt2:auto_generated|altera_mult_add_rtl:altera_mult_add_rtl1|ama_multiplier_function:multiplier_block|ama_register_function:multiplier_register_block_0|data_out_wire[17] ; inst|altpll_component|pll|clk[0] ; inst|altpll_component|pll|clk[0] ; 25.000       ; 0.408      ; 7.476      ;
; 17.870 ; SOPC:inst2|altera_reset_controller:rst_controller|altera_reset_synchronizer:alt_rst_sync_uq1|altera_reset_synchronizer_int_chain_out ; SOPC:inst2|SOPC_cpu:cpu|SOPC_cpu_mult_cell:the_SOPC_cpu_mult_cell|altera_mult_add:the_altmult_add_part_1|altera_mult_add_mpt2:auto_generated|altera_mult_add_rtl:altera_mult_add_rtl1|ama_multiplier_function:multiplier_block|ama_register_function:multiplier_register_block_0|data_out_wire[19] ; inst|altpll_component|pll|clk[0] ; inst|altpll_component|pll|clk[0] ; 25.000       ; 0.408      ; 7.476      ;
; 17.870 ; SOPC:inst2|altera_reset_controller:rst_controller|altera_reset_synchronizer:alt_rst_sync_uq1|altera_reset_synchronizer_int_chain_out ; SOPC:inst2|SOPC_cpu:cpu|SOPC_cpu_mult_cell:the_SOPC_cpu_mult_cell|altera_mult_add:the_altmult_add_part_1|altera_mult_add_mpt2:auto_generated|altera_mult_add_rtl:altera_mult_add_rtl1|ama_multiplier_function:multiplier_block|ama_register_function:multiplier_register_block_0|data_out_wire[20] ; inst|altpll_component|pll|clk[0] ; inst|altpll_component|pll|clk[0] ; 25.000       ; 0.408      ; 7.476      ;
; 17.870 ; SOPC:inst2|altera_reset_controller:rst_controller|altera_reset_synchronizer:alt_rst_sync_uq1|altera_reset_synchronizer_int_chain_out ; SOPC:inst2|SOPC_cpu:cpu|SOPC_cpu_mult_cell:the_SOPC_cpu_mult_cell|altera_mult_add:the_altmult_add_part_1|altera_mult_add_mpt2:auto_generated|altera_mult_add_rtl:altera_mult_add_rtl1|ama_multiplier_function:multiplier_block|ama_register_function:multiplier_register_block_0|data_out_wire[21] ; inst|altpll_component|pll|clk[0] ; inst|altpll_component|pll|clk[0] ; 25.000       ; 0.408      ; 7.476      ;
; 17.870 ; SOPC:inst2|altera_reset_controller:rst_controller|altera_reset_synchronizer:alt_rst_sync_uq1|altera_reset_synchronizer_int_chain_out ; SOPC:inst2|SOPC_cpu:cpu|SOPC_cpu_mult_cell:the_SOPC_cpu_mult_cell|altera_mult_add:the_altmult_add_part_1|altera_mult_add_mpt2:auto_generated|altera_mult_add_rtl:altera_mult_add_rtl1|ama_multiplier_function:multiplier_block|ama_register_function:multiplier_register_block_0|data_out_wire[22] ; inst|altpll_component|pll|clk[0] ; inst|altpll_component|pll|clk[0] ; 25.000       ; 0.408      ; 7.476      ;
; 17.870 ; SOPC:inst2|altera_reset_controller:rst_controller|altera_reset_synchronizer:alt_rst_sync_uq1|altera_reset_synchronizer_int_chain_out ; SOPC:inst2|SOPC_cpu:cpu|SOPC_cpu_mult_cell:the_SOPC_cpu_mult_cell|altera_mult_add:the_altmult_add_part_1|altera_mult_add_mpt2:auto_generated|altera_mult_add_rtl:altera_mult_add_rtl1|ama_multiplier_function:multiplier_block|ama_register_function:multiplier_register_block_0|data_out_wire[24] ; inst|altpll_component|pll|clk[0] ; inst|altpll_component|pll|clk[0] ; 25.000       ; 0.408      ; 7.476      ;
; 17.870 ; SOPC:inst2|altera_reset_controller:rst_controller|altera_reset_synchronizer:alt_rst_sync_uq1|altera_reset_synchronizer_int_chain_out ; SOPC:inst2|SOPC_cpu:cpu|SOPC_cpu_mult_cell:the_SOPC_cpu_mult_cell|altera_mult_add:the_altmult_add_part_1|altera_mult_add_mpt2:auto_generated|altera_mult_add_rtl:altera_mult_add_rtl1|ama_multiplier_function:multiplier_block|ama_register_function:multiplier_register_block_0|data_out_wire[29] ; inst|altpll_component|pll|clk[0] ; inst|altpll_component|pll|clk[0] ; 25.000       ; 0.408      ; 7.476      ;
; 17.870 ; SOPC:inst2|altera_reset_controller:rst_controller|altera_reset_synchronizer:alt_rst_sync_uq1|altera_reset_synchronizer_int_chain_out ; SOPC:inst2|SOPC_cpu:cpu|SOPC_cpu_mult_cell:the_SOPC_cpu_mult_cell|altera_mult_add:the_altmult_add_part_1|altera_mult_add_mpt2:auto_generated|altera_mult_add_rtl:altera_mult_add_rtl1|ama_multiplier_function:multiplier_block|ama_register_function:multiplier_register_block_0|data_out_wire[25] ; inst|altpll_component|pll|clk[0] ; inst|altpll_component|pll|clk[0] ; 25.000       ; 0.408      ; 7.476      ;
; 17.870 ; SOPC:inst2|altera_reset_controller:rst_controller|altera_reset_synchronizer:alt_rst_sync_uq1|altera_reset_synchronizer_int_chain_out ; SOPC:inst2|SOPC_cpu:cpu|SOPC_cpu_mult_cell:the_SOPC_cpu_mult_cell|altera_mult_add:the_altmult_add_part_1|altera_mult_add_mpt2:auto_generated|altera_mult_add_rtl:altera_mult_add_rtl1|ama_multiplier_function:multiplier_block|ama_register_function:multiplier_register_block_0|data_out_wire[27] ; inst|altpll_component|pll|clk[0] ; inst|altpll_component|pll|clk[0] ; 25.000       ; 0.408      ; 7.476      ;
; 17.870 ; SOPC:inst2|altera_reset_controller:rst_controller|altera_reset_synchronizer:alt_rst_sync_uq1|altera_reset_synchronizer_int_chain_out ; SOPC:inst2|SOPC_cpu:cpu|SOPC_cpu_mult_cell:the_SOPC_cpu_mult_cell|altera_mult_add:the_altmult_add_part_1|altera_mult_add_mpt2:auto_generated|altera_mult_add_rtl:altera_mult_add_rtl1|ama_multiplier_function:multiplier_block|ama_register_function:multiplier_register_block_0|data_out_wire[28] ; inst|altpll_component|pll|clk[0] ; inst|altpll_component|pll|clk[0] ; 25.000       ; 0.408      ; 7.476      ;
; 17.870 ; SOPC:inst2|altera_reset_controller:rst_controller|altera_reset_synchronizer:alt_rst_sync_uq1|altera_reset_synchronizer_int_chain_out ; SOPC:inst2|SOPC_cpu:cpu|SOPC_cpu_mult_cell:the_SOPC_cpu_mult_cell|altera_mult_add:the_altmult_add_part_1|altera_mult_add_mpt2:auto_generated|altera_mult_add_rtl:altera_mult_add_rtl1|ama_multiplier_function:multiplier_block|ama_register_function:multiplier_register_block_0|data_out_wire[30] ; inst|altpll_component|pll|clk[0] ; inst|altpll_component|pll|clk[0] ; 25.000       ; 0.408      ; 7.476      ;
; 17.870 ; SOPC:inst2|altera_reset_controller:rst_controller|altera_reset_synchronizer:alt_rst_sync_uq1|altera_reset_synchronizer_int_chain_out ; SOPC:inst2|SOPC_cpu:cpu|SOPC_cpu_mult_cell:the_SOPC_cpu_mult_cell|altera_mult_add:the_altmult_add_part_1|altera_mult_add_mpt2:auto_generated|altera_mult_add_rtl:altera_mult_add_rtl1|ama_multiplier_function:multiplier_block|ama_register_function:multiplier_register_block_0|data_out_wire[31] ; inst|altpll_component|pll|clk[0] ; inst|altpll_component|pll|clk[0] ; 25.000       ; 0.408      ; 7.476      ;
; 17.870 ; SOPC:inst2|altera_reset_controller:rst_controller|altera_reset_synchronizer:alt_rst_sync_uq1|altera_reset_synchronizer_int_chain_out ; SOPC:inst2|SOPC_cpu:cpu|SOPC_cpu_mult_cell:the_SOPC_cpu_mult_cell|altera_mult_add:the_altmult_add_part_1|altera_mult_add_mpt2:auto_generated|altera_mult_add_rtl:altera_mult_add_rtl1|ama_multiplier_function:multiplier_block|ama_register_function:multiplier_register_block_0|data_out_wire[16] ; inst|altpll_component|pll|clk[0] ; inst|altpll_component|pll|clk[0] ; 25.000       ; 0.408      ; 7.476      ;
; 17.870 ; SOPC:inst2|altera_reset_controller:rst_controller|altera_reset_synchronizer:alt_rst_sync_uq1|altera_reset_synchronizer_int_chain_out ; SOPC:inst2|SOPC_cpu:cpu|SOPC_cpu_mult_cell:the_SOPC_cpu_mult_cell|altera_mult_add:the_altmult_add_part_2|altera_mult_add_opt2:auto_generated|altera_mult_add_rtl:altera_mult_add_rtl1|ama_multiplier_function:multiplier_block|ama_register_function:multiplier_register_block_0|data_out_wire[0]  ; inst|altpll_component|pll|clk[0] ; inst|altpll_component|pll|clk[0] ; 25.000       ; 0.417      ; 7.485      ;
; 17.870 ; SOPC:inst2|altera_reset_controller:rst_controller|altera_reset_synchronizer:alt_rst_sync_uq1|altera_reset_synchronizer_int_chain_out ; SOPC:inst2|SOPC_cpu:cpu|SOPC_cpu_mult_cell:the_SOPC_cpu_mult_cell|altera_mult_add:the_altmult_add_part_2|altera_mult_add_opt2:auto_generated|altera_mult_add_rtl:altera_mult_add_rtl1|ama_multiplier_function:multiplier_block|ama_register_function:multiplier_register_block_0|data_out_wire[7]  ; inst|altpll_component|pll|clk[0] ; inst|altpll_component|pll|clk[0] ; 25.000       ; 0.417      ; 7.485      ;
; 17.870 ; SOPC:inst2|altera_reset_controller:rst_controller|altera_reset_synchronizer:alt_rst_sync_uq1|altera_reset_synchronizer_int_chain_out ; SOPC:inst2|SOPC_cpu:cpu|SOPC_cpu_mult_cell:the_SOPC_cpu_mult_cell|altera_mult_add:the_altmult_add_part_2|altera_mult_add_opt2:auto_generated|altera_mult_add_rtl:altera_mult_add_rtl1|ama_multiplier_function:multiplier_block|ama_register_function:multiplier_register_block_0|data_out_wire[1]  ; inst|altpll_component|pll|clk[0] ; inst|altpll_component|pll|clk[0] ; 25.000       ; 0.417      ; 7.485      ;
; 17.870 ; SOPC:inst2|altera_reset_controller:rst_controller|altera_reset_synchronizer:alt_rst_sync_uq1|altera_reset_synchronizer_int_chain_out ; SOPC:inst2|SOPC_cpu:cpu|SOPC_cpu_mult_cell:the_SOPC_cpu_mult_cell|altera_mult_add:the_altmult_add_part_2|altera_mult_add_opt2:auto_generated|altera_mult_add_rtl:altera_mult_add_rtl1|ama_multiplier_function:multiplier_block|ama_register_function:multiplier_register_block_0|data_out_wire[3]  ; inst|altpll_component|pll|clk[0] ; inst|altpll_component|pll|clk[0] ; 25.000       ; 0.417      ; 7.485      ;
; 17.870 ; SOPC:inst2|altera_reset_controller:rst_controller|altera_reset_synchronizer:alt_rst_sync_uq1|altera_reset_synchronizer_int_chain_out ; SOPC:inst2|SOPC_cpu:cpu|SOPC_cpu_mult_cell:the_SOPC_cpu_mult_cell|altera_mult_add:the_altmult_add_part_2|altera_mult_add_opt2:auto_generated|altera_mult_add_rtl:altera_mult_add_rtl1|ama_multiplier_function:multiplier_block|ama_register_function:multiplier_register_block_0|data_out_wire[4]  ; inst|altpll_component|pll|clk[0] ; inst|altpll_component|pll|clk[0] ; 25.000       ; 0.417      ; 7.485      ;
; 17.870 ; SOPC:inst2|altera_reset_controller:rst_controller|altera_reset_synchronizer:alt_rst_sync_uq1|altera_reset_synchronizer_int_chain_out ; SOPC:inst2|SOPC_cpu:cpu|SOPC_cpu_mult_cell:the_SOPC_cpu_mult_cell|altera_mult_add:the_altmult_add_part_2|altera_mult_add_opt2:auto_generated|altera_mult_add_rtl:altera_mult_add_rtl1|ama_multiplier_function:multiplier_block|ama_register_function:multiplier_register_block_0|data_out_wire[5]  ; inst|altpll_component|pll|clk[0] ; inst|altpll_component|pll|clk[0] ; 25.000       ; 0.417      ; 7.485      ;
; 17.870 ; SOPC:inst2|altera_reset_controller:rst_controller|altera_reset_synchronizer:alt_rst_sync_uq1|altera_reset_synchronizer_int_chain_out ; SOPC:inst2|SOPC_cpu:cpu|SOPC_cpu_mult_cell:the_SOPC_cpu_mult_cell|altera_mult_add:the_altmult_add_part_2|altera_mult_add_opt2:auto_generated|altera_mult_add_rtl:altera_mult_add_rtl1|ama_multiplier_function:multiplier_block|ama_register_function:multiplier_register_block_0|data_out_wire[6]  ; inst|altpll_component|pll|clk[0] ; inst|altpll_component|pll|clk[0] ; 25.000       ; 0.417      ; 7.485      ;
; 17.870 ; SOPC:inst2|altera_reset_controller:rst_controller|altera_reset_synchronizer:alt_rst_sync_uq1|altera_reset_synchronizer_int_chain_out ; SOPC:inst2|SOPC_cpu:cpu|SOPC_cpu_mult_cell:the_SOPC_cpu_mult_cell|altera_mult_add:the_altmult_add_part_2|altera_mult_add_opt2:auto_generated|altera_mult_add_rtl:altera_mult_add_rtl1|ama_multiplier_function:multiplier_block|ama_register_function:multiplier_register_block_0|data_out_wire[8]  ; inst|altpll_component|pll|clk[0] ; inst|altpll_component|pll|clk[0] ; 25.000       ; 0.417      ; 7.485      ;
; 17.870 ; SOPC:inst2|altera_reset_controller:rst_controller|altera_reset_synchronizer:alt_rst_sync_uq1|altera_reset_synchronizer_int_chain_out ; SOPC:inst2|SOPC_cpu:cpu|SOPC_cpu_mult_cell:the_SOPC_cpu_mult_cell|altera_mult_add:the_altmult_add_part_2|altera_mult_add_opt2:auto_generated|altera_mult_add_rtl:altera_mult_add_rtl1|ama_multiplier_function:multiplier_block|ama_register_function:multiplier_register_block_0|data_out_wire[13] ; inst|altpll_component|pll|clk[0] ; inst|altpll_component|pll|clk[0] ; 25.000       ; 0.417      ; 7.485      ;
; 17.870 ; SOPC:inst2|altera_reset_controller:rst_controller|altera_reset_synchronizer:alt_rst_sync_uq1|altera_reset_synchronizer_int_chain_out ; SOPC:inst2|SOPC_cpu:cpu|SOPC_cpu_mult_cell:the_SOPC_cpu_mult_cell|altera_mult_add:the_altmult_add_part_2|altera_mult_add_opt2:auto_generated|altera_mult_add_rtl:altera_mult_add_rtl1|ama_multiplier_function:multiplier_block|ama_register_function:multiplier_register_block_0|data_out_wire[9]  ; inst|altpll_component|pll|clk[0] ; inst|altpll_component|pll|clk[0] ; 25.000       ; 0.417      ; 7.485      ;
; 17.870 ; SOPC:inst2|altera_reset_controller:rst_controller|altera_reset_synchronizer:alt_rst_sync_uq1|altera_reset_synchronizer_int_chain_out ; SOPC:inst2|SOPC_cpu:cpu|SOPC_cpu_mult_cell:the_SOPC_cpu_mult_cell|altera_mult_add:the_altmult_add_part_2|altera_mult_add_opt2:auto_generated|altera_mult_add_rtl:altera_mult_add_rtl1|ama_multiplier_function:multiplier_block|ama_register_function:multiplier_register_block_0|data_out_wire[11] ; inst|altpll_component|pll|clk[0] ; inst|altpll_component|pll|clk[0] ; 25.000       ; 0.417      ; 7.485      ;
; 17.870 ; SOPC:inst2|altera_reset_controller:rst_controller|altera_reset_synchronizer:alt_rst_sync_uq1|altera_reset_synchronizer_int_chain_out ; SOPC:inst2|SOPC_cpu:cpu|SOPC_cpu_mult_cell:the_SOPC_cpu_mult_cell|altera_mult_add:the_altmult_add_part_2|altera_mult_add_opt2:auto_generated|altera_mult_add_rtl:altera_mult_add_rtl1|ama_multiplier_function:multiplier_block|ama_register_function:multiplier_register_block_0|data_out_wire[12] ; inst|altpll_component|pll|clk[0] ; inst|altpll_component|pll|clk[0] ; 25.000       ; 0.417      ; 7.485      ;
; 17.870 ; SOPC:inst2|altera_reset_controller:rst_controller|altera_reset_synchronizer:alt_rst_sync_uq1|altera_reset_synchronizer_int_chain_out ; SOPC:inst2|SOPC_cpu:cpu|SOPC_cpu_mult_cell:the_SOPC_cpu_mult_cell|altera_mult_add:the_altmult_add_part_2|altera_mult_add_opt2:auto_generated|altera_mult_add_rtl:altera_mult_add_rtl1|ama_multiplier_function:multiplier_block|ama_register_function:multiplier_register_block_0|data_out_wire[10] ; inst|altpll_component|pll|clk[0] ; inst|altpll_component|pll|clk[0] ; 25.000       ; 0.417      ; 7.485      ;
; 17.870 ; SOPC:inst2|altera_reset_controller:rst_controller|altera_reset_synchronizer:alt_rst_sync_uq1|altera_reset_synchronizer_int_chain_out ; SOPC:inst2|SOPC_cpu:cpu|SOPC_cpu_mult_cell:the_SOPC_cpu_mult_cell|altera_mult_add:the_altmult_add_part_2|altera_mult_add_opt2:auto_generated|altera_mult_add_rtl:altera_mult_add_rtl1|ama_multiplier_function:multiplier_block|ama_register_function:multiplier_register_block_0|data_out_wire[2]  ; inst|altpll_component|pll|clk[0] ; inst|altpll_component|pll|clk[0] ; 25.000       ; 0.417      ; 7.485      ;
; 17.870 ; SOPC:inst2|altera_reset_controller:rst_controller|altera_reset_synchronizer:alt_rst_sync_uq1|altera_reset_synchronizer_int_chain_out ; SOPC:inst2|SOPC_cpu:cpu|SOPC_cpu_mult_cell:the_SOPC_cpu_mult_cell|altera_mult_add:the_altmult_add_part_2|altera_mult_add_opt2:auto_generated|altera_mult_add_rtl:altera_mult_add_rtl1|ama_multiplier_function:multiplier_block|ama_register_function:multiplier_register_block_0|data_out_wire[14] ; inst|altpll_component|pll|clk[0] ; inst|altpll_component|pll|clk[0] ; 25.000       ; 0.417      ; 7.485      ;
; 17.870 ; SOPC:inst2|altera_reset_controller:rst_controller|altera_reset_synchronizer:alt_rst_sync_uq1|altera_reset_synchronizer_int_chain_out ; SOPC:inst2|SOPC_cpu:cpu|SOPC_cpu_mult_cell:the_SOPC_cpu_mult_cell|altera_mult_add:the_altmult_add_part_2|altera_mult_add_opt2:auto_generated|altera_mult_add_rtl:altera_mult_add_rtl1|ama_multiplier_function:multiplier_block|ama_register_function:multiplier_register_block_0|data_out_wire[15] ; inst|altpll_component|pll|clk[0] ; inst|altpll_component|pll|clk[0] ; 25.000       ; 0.417      ; 7.485      ;
; 18.203 ; SOPC:inst2|altera_reset_controller:rst_controller|altera_reset_synchronizer:alt_rst_sync_uq1|altera_reset_synchronizer_int_chain_out ; SOPC:inst2|SOPC_cpu:cpu|A_mul_src1[0]                                                                                                                                                                                                                                                              ; inst|altpll_component|pll|clk[0] ; inst|altpll_component|pll|clk[0] ; 25.000       ; 0.406      ; 7.141      ;
; 18.203 ; SOPC:inst2|altera_reset_controller:rst_controller|altera_reset_synchronizer:alt_rst_sync_uq1|altera_reset_synchronizer_int_chain_out ; SOPC:inst2|SOPC_cpu:cpu|A_mul_src1[1]                                                                                                                                                                                                                                                              ; inst|altpll_component|pll|clk[0] ; inst|altpll_component|pll|clk[0] ; 25.000       ; 0.406      ; 7.141      ;
; 18.203 ; SOPC:inst2|altera_reset_controller:rst_controller|altera_reset_synchronizer:alt_rst_sync_uq1|altera_reset_synchronizer_int_chain_out ; SOPC:inst2|SOPC_cpu:cpu|A_mul_src1[2]                                                                                                                                                                                                                                                              ; inst|altpll_component|pll|clk[0] ; inst|altpll_component|pll|clk[0] ; 25.000       ; 0.406      ; 7.141      ;
; 18.203 ; SOPC:inst2|altera_reset_controller:rst_controller|altera_reset_synchronizer:alt_rst_sync_uq1|altera_reset_synchronizer_int_chain_out ; SOPC:inst2|SOPC_cpu:cpu|A_mul_src1[3]                                                                                                                                                                                                                                                              ; inst|altpll_component|pll|clk[0] ; inst|altpll_component|pll|clk[0] ; 25.000       ; 0.406      ; 7.141      ;
; 18.203 ; SOPC:inst2|altera_reset_controller:rst_controller|altera_reset_synchronizer:alt_rst_sync_uq1|altera_reset_synchronizer_int_chain_out ; SOPC:inst2|SOPC_cpu:cpu|A_mul_src1[4]                                                                                                                                                                                                                                                              ; inst|altpll_component|pll|clk[0] ; inst|altpll_component|pll|clk[0] ; 25.000       ; 0.406      ; 7.141      ;
; 18.203 ; SOPC:inst2|altera_reset_controller:rst_controller|altera_reset_synchronizer:alt_rst_sync_uq1|altera_reset_synchronizer_int_chain_out ; SOPC:inst2|SOPC_cpu:cpu|A_mul_src1[5]                                                                                                                                                                                                                                                              ; inst|altpll_component|pll|clk[0] ; inst|altpll_component|pll|clk[0] ; 25.000       ; 0.406      ; 7.141      ;
; 18.203 ; SOPC:inst2|altera_reset_controller:rst_controller|altera_reset_synchronizer:alt_rst_sync_uq1|altera_reset_synchronizer_int_chain_out ; SOPC:inst2|SOPC_cpu:cpu|A_mul_src1[6]                                                                                                                                                                                                                                                              ; inst|altpll_component|pll|clk[0] ; inst|altpll_component|pll|clk[0] ; 25.000       ; 0.406      ; 7.141      ;
; 18.203 ; SOPC:inst2|altera_reset_controller:rst_controller|altera_reset_synchronizer:alt_rst_sync_uq1|altera_reset_synchronizer_int_chain_out ; SOPC:inst2|SOPC_cpu:cpu|A_mul_src1[7]                                                                                                                                                                                                                                                              ; inst|altpll_component|pll|clk[0] ; inst|altpll_component|pll|clk[0] ; 25.000       ; 0.406      ; 7.141      ;
; 18.203 ; SOPC:inst2|altera_reset_controller:rst_controller|altera_reset_synchronizer:alt_rst_sync_uq1|altera_reset_synchronizer_int_chain_out ; SOPC:inst2|SOPC_cpu:cpu|A_mul_src1[8]                                                                                                                                                                                                                                                              ; inst|altpll_component|pll|clk[0] ; inst|altpll_component|pll|clk[0] ; 25.000       ; 0.406      ; 7.141      ;
; 18.203 ; SOPC:inst2|altera_reset_controller:rst_controller|altera_reset_synchronizer:alt_rst_sync_uq1|altera_reset_synchronizer_int_chain_out ; SOPC:inst2|SOPC_cpu:cpu|A_mul_src1[9]                                                                                                                                                                                                                                                              ; inst|altpll_component|pll|clk[0] ; inst|altpll_component|pll|clk[0] ; 25.000       ; 0.406      ; 7.141      ;
; 18.203 ; SOPC:inst2|altera_reset_controller:rst_controller|altera_reset_synchronizer:alt_rst_sync_uq1|altera_reset_synchronizer_int_chain_out ; SOPC:inst2|SOPC_cpu:cpu|A_mul_src1[10]                                                                                                                                                                                                                                                             ; inst|altpll_component|pll|clk[0] ; inst|altpll_component|pll|clk[0] ; 25.000       ; 0.406      ; 7.141      ;
; 18.203 ; SOPC:inst2|altera_reset_controller:rst_controller|altera_reset_synchronizer:alt_rst_sync_uq1|altera_reset_synchronizer_int_chain_out ; SOPC:inst2|SOPC_cpu:cpu|A_mul_src1[11]                                                                                                                                                                                                                                                             ; inst|altpll_component|pll|clk[0] ; inst|altpll_component|pll|clk[0] ; 25.000       ; 0.406      ; 7.141      ;
; 18.203 ; SOPC:inst2|altera_reset_controller:rst_controller|altera_reset_synchronizer:alt_rst_sync_uq1|altera_reset_synchronizer_int_chain_out ; SOPC:inst2|SOPC_cpu:cpu|A_mul_src1[12]                                                                                                                                                                                                                                                             ; inst|altpll_component|pll|clk[0] ; inst|altpll_component|pll|clk[0] ; 25.000       ; 0.406      ; 7.141      ;
; 18.203 ; SOPC:inst2|altera_reset_controller:rst_controller|altera_reset_synchronizer:alt_rst_sync_uq1|altera_reset_synchronizer_int_chain_out ; SOPC:inst2|SOPC_cpu:cpu|A_mul_src1[13]                                                                                                                                                                                                                                                             ; inst|altpll_component|pll|clk[0] ; inst|altpll_component|pll|clk[0] ; 25.000       ; 0.406      ; 7.141      ;
; 18.203 ; SOPC:inst2|altera_reset_controller:rst_controller|altera_reset_synchronizer:alt_rst_sync_uq1|altera_reset_synchronizer_int_chain_out ; SOPC:inst2|SOPC_cpu:cpu|A_mul_src1[14]                                                                                                                                                                                                                                                             ; inst|altpll_component|pll|clk[0] ; inst|altpll_component|pll|clk[0] ; 25.000       ; 0.406      ; 7.141      ;
; 18.203 ; SOPC:inst2|altera_reset_controller:rst_controller|altera_reset_synchronizer:alt_rst_sync_uq1|altera_reset_synchronizer_int_chain_out ; SOPC:inst2|SOPC_cpu:cpu|A_mul_src1[15]                                                                                                                                                                                                                                                             ; inst|altpll_component|pll|clk[0] ; inst|altpll_component|pll|clk[0] ; 25.000       ; 0.406      ; 7.141      ;
; 18.203 ; SOPC:inst2|altera_reset_controller:rst_controller|altera_reset_synchronizer:alt_rst_sync_uq1|altera_reset_synchronizer_int_chain_out ; SOPC:inst2|SOPC_cpu:cpu|A_mul_src1[16]                                                                                                                                                                                                                                                             ; inst|altpll_component|pll|clk[0] ; inst|altpll_component|pll|clk[0] ; 25.000       ; 0.415      ; 7.150      ;
; 18.203 ; SOPC:inst2|altera_reset_controller:rst_controller|altera_reset_synchronizer:alt_rst_sync_uq1|altera_reset_synchronizer_int_chain_out ; SOPC:inst2|SOPC_cpu:cpu|A_mul_src1[17]                                                                                                                                                                                                                                                             ; inst|altpll_component|pll|clk[0] ; inst|altpll_component|pll|clk[0] ; 25.000       ; 0.415      ; 7.150      ;
; 18.203 ; SOPC:inst2|altera_reset_controller:rst_controller|altera_reset_synchronizer:alt_rst_sync_uq1|altera_reset_synchronizer_int_chain_out ; SOPC:inst2|SOPC_cpu:cpu|A_mul_src1[18]                                                                                                                                                                                                                                                             ; inst|altpll_component|pll|clk[0] ; inst|altpll_component|pll|clk[0] ; 25.000       ; 0.415      ; 7.150      ;
; 18.203 ; SOPC:inst2|altera_reset_controller:rst_controller|altera_reset_synchronizer:alt_rst_sync_uq1|altera_reset_synchronizer_int_chain_out ; SOPC:inst2|SOPC_cpu:cpu|A_mul_src1[19]                                                                                                                                                                                                                                                             ; inst|altpll_component|pll|clk[0] ; inst|altpll_component|pll|clk[0] ; 25.000       ; 0.415      ; 7.150      ;
+--------+--------------------------------------------------------------------------------------------------------------------------------------+----------------------------------------------------------------------------------------------------------------------------------------------------------------------------------------------------------------------------------------------------------------------------------------------------+----------------------------------+----------------------------------+--------------+------------+------------+


+------------------------------------------------------------------------------------------------------------------------------------------------------------------------------------------------------------------------------------------------------------------------------------------------------------------------------------------------------------------------------------------+
; Slow Model Removal: 'inst|altpll_component|pll|clk[0]'                                                                                                                                                                                                                                                                                                                                   ;
+-------+--------------------------------------------------------------------------------------------------------------------------------------+----------------------------------------------------------------------------------------------------------------------------+----------------------------------+----------------------------------+--------------+------------+------------+
; Slack ; From Node                                                                                                                            ; To Node                                                                                                                    ; Launch Clock                     ; Latch Clock                      ; Relationship ; Clock Skew ; Data Delay ;
+-------+--------------------------------------------------------------------------------------------------------------------------------------+----------------------------------------------------------------------------------------------------------------------------+----------------------------------+----------------------------------+--------------+------------+------------+
; 4.054 ; SOPC:inst2|altera_reset_controller:rst_controller|altera_reset_synchronizer:alt_rst_sync_uq1|altera_reset_synchronizer_int_chain_out ; SOPC:inst2|altera_avalon_sc_fifo:sdram_s1_translator_avalon_universal_slave_0_agent_rdata_fifo|wr_ptr[0]                   ; inst|altpll_component|pll|clk[0] ; inst|altpll_component|pll|clk[0] ; 0.000        ; 0.009      ; 4.369      ;
; 4.054 ; SOPC:inst2|altera_reset_controller:rst_controller|altera_reset_synchronizer:alt_rst_sync_uq1|altera_reset_synchronizer_int_chain_out ; SOPC:inst2|altera_avalon_sc_fifo:sdram_s1_translator_avalon_universal_slave_0_agent_rdata_fifo|wr_ptr[2]                   ; inst|altpll_component|pll|clk[0] ; inst|altpll_component|pll|clk[0] ; 0.000        ; 0.009      ; 4.369      ;
; 4.054 ; SOPC:inst2|altera_reset_controller:rst_controller|altera_reset_synchronizer:alt_rst_sync_uq1|altera_reset_synchronizer_int_chain_out ; SOPC:inst2|altera_avalon_sc_fifo:sdram_s1_translator_avalon_universal_slave_0_agent_rdata_fifo|rd_ptr[0]                   ; inst|altpll_component|pll|clk[0] ; inst|altpll_component|pll|clk[0] ; 0.000        ; 0.008      ; 4.368      ;
; 4.054 ; SOPC:inst2|altera_reset_controller:rst_controller|altera_reset_synchronizer:alt_rst_sync_uq1|altera_reset_synchronizer_int_chain_out ; SOPC:inst2|altera_avalon_sc_fifo:sdram_s1_translator_avalon_universal_slave_0_agent_rdata_fifo|rd_ptr[1]                   ; inst|altpll_component|pll|clk[0] ; inst|altpll_component|pll|clk[0] ; 0.000        ; 0.008      ; 4.368      ;
; 4.054 ; SOPC:inst2|altera_reset_controller:rst_controller|altera_reset_synchronizer:alt_rst_sync_uq1|altera_reset_synchronizer_int_chain_out ; SOPC:inst2|altera_avalon_sc_fifo:sdram_s1_translator_avalon_universal_slave_0_agent_rdata_fifo|rd_ptr[2]                   ; inst|altpll_component|pll|clk[0] ; inst|altpll_component|pll|clk[0] ; 0.000        ; 0.008      ; 4.368      ;
; 4.054 ; SOPC:inst2|altera_reset_controller:rst_controller|altera_reset_synchronizer:alt_rst_sync_uq1|altera_reset_synchronizer_int_chain_out ; SOPC:inst2|SOPC_sdram:sdram|refresh_counter[0]                                                                             ; inst|altpll_component|pll|clk[0] ; inst|altpll_component|pll|clk[0] ; 0.000        ; 0.012      ; 4.372      ;
; 4.054 ; SOPC:inst2|altera_reset_controller:rst_controller|altera_reset_synchronizer:alt_rst_sync_uq1|altera_reset_synchronizer_int_chain_out ; SOPC:inst2|SOPC_sdram:sdram|refresh_counter[1]                                                                             ; inst|altpll_component|pll|clk[0] ; inst|altpll_component|pll|clk[0] ; 0.000        ; 0.012      ; 4.372      ;
; 4.054 ; SOPC:inst2|altera_reset_controller:rst_controller|altera_reset_synchronizer:alt_rst_sync_uq1|altera_reset_synchronizer_int_chain_out ; SOPC:inst2|SOPC_sdram:sdram|refresh_counter[2]                                                                             ; inst|altpll_component|pll|clk[0] ; inst|altpll_component|pll|clk[0] ; 0.000        ; 0.012      ; 4.372      ;
; 4.054 ; SOPC:inst2|altera_reset_controller:rst_controller|altera_reset_synchronizer:alt_rst_sync_uq1|altera_reset_synchronizer_int_chain_out ; SOPC:inst2|SOPC_sdram:sdram|refresh_counter[3]                                                                             ; inst|altpll_component|pll|clk[0] ; inst|altpll_component|pll|clk[0] ; 0.000        ; 0.012      ; 4.372      ;
; 4.054 ; SOPC:inst2|altera_reset_controller:rst_controller|altera_reset_synchronizer:alt_rst_sync_uq1|altera_reset_synchronizer_int_chain_out ; SOPC:inst2|SOPC_sdram:sdram|refresh_counter[4]                                                                             ; inst|altpll_component|pll|clk[0] ; inst|altpll_component|pll|clk[0] ; 0.000        ; 0.012      ; 4.372      ;
; 4.054 ; SOPC:inst2|altera_reset_controller:rst_controller|altera_reset_synchronizer:alt_rst_sync_uq1|altera_reset_synchronizer_int_chain_out ; SOPC:inst2|SOPC_sdram:sdram|refresh_counter[5]                                                                             ; inst|altpll_component|pll|clk[0] ; inst|altpll_component|pll|clk[0] ; 0.000        ; 0.012      ; 4.372      ;
; 4.054 ; SOPC:inst2|altera_reset_controller:rst_controller|altera_reset_synchronizer:alt_rst_sync_uq1|altera_reset_synchronizer_int_chain_out ; SOPC:inst2|SOPC_sdram:sdram|refresh_counter[6]                                                                             ; inst|altpll_component|pll|clk[0] ; inst|altpll_component|pll|clk[0] ; 0.000        ; 0.012      ; 4.372      ;
; 4.054 ; SOPC:inst2|altera_reset_controller:rst_controller|altera_reset_synchronizer:alt_rst_sync_uq1|altera_reset_synchronizer_int_chain_out ; SOPC:inst2|SOPC_sdram:sdram|refresh_counter[7]                                                                             ; inst|altpll_component|pll|clk[0] ; inst|altpll_component|pll|clk[0] ; 0.000        ; 0.012      ; 4.372      ;
; 4.054 ; SOPC:inst2|altera_reset_controller:rst_controller|altera_reset_synchronizer:alt_rst_sync_uq1|altera_reset_synchronizer_int_chain_out ; SOPC:inst2|SOPC_sdram:sdram|refresh_counter[8]                                                                             ; inst|altpll_component|pll|clk[0] ; inst|altpll_component|pll|clk[0] ; 0.000        ; 0.012      ; 4.372      ;
; 4.054 ; SOPC:inst2|altera_reset_controller:rst_controller|altera_reset_synchronizer:alt_rst_sync_uq1|altera_reset_synchronizer_int_chain_out ; SOPC:inst2|SOPC_sdram:sdram|refresh_counter[9]                                                                             ; inst|altpll_component|pll|clk[0] ; inst|altpll_component|pll|clk[0] ; 0.000        ; 0.012      ; 4.372      ;
; 4.054 ; SOPC:inst2|altera_reset_controller:rst_controller|altera_reset_synchronizer:alt_rst_sync_uq1|altera_reset_synchronizer_int_chain_out ; SOPC:inst2|SOPC_sdram:sdram|refresh_counter[10]                                                                            ; inst|altpll_component|pll|clk[0] ; inst|altpll_component|pll|clk[0] ; 0.000        ; 0.012      ; 4.372      ;
; 4.054 ; SOPC:inst2|altera_reset_controller:rst_controller|altera_reset_synchronizer:alt_rst_sync_uq1|altera_reset_synchronizer_int_chain_out ; SOPC:inst2|SOPC_sdram:sdram|refresh_counter[11]                                                                            ; inst|altpll_component|pll|clk[0] ; inst|altpll_component|pll|clk[0] ; 0.000        ; 0.012      ; 4.372      ;
; 4.054 ; SOPC:inst2|altera_reset_controller:rst_controller|altera_reset_synchronizer:alt_rst_sync_uq1|altera_reset_synchronizer_int_chain_out ; SOPC:inst2|SOPC_sdram:sdram|refresh_counter[12]                                                                            ; inst|altpll_component|pll|clk[0] ; inst|altpll_component|pll|clk[0] ; 0.000        ; 0.012      ; 4.372      ;
; 4.054 ; SOPC:inst2|altera_reset_controller:rst_controller|altera_reset_synchronizer:alt_rst_sync_uq1|altera_reset_synchronizer_int_chain_out ; SOPC:inst2|SOPC_sdram:sdram|i_count[0]                                                                                     ; inst|altpll_component|pll|clk[0] ; inst|altpll_component|pll|clk[0] ; 0.000        ; 0.007      ; 4.367      ;
; 4.054 ; SOPC:inst2|altera_reset_controller:rst_controller|altera_reset_synchronizer:alt_rst_sync_uq1|altera_reset_synchronizer_int_chain_out ; SOPC:inst2|SOPC_sdram:sdram|i_count[2]                                                                                     ; inst|altpll_component|pll|clk[0] ; inst|altpll_component|pll|clk[0] ; 0.000        ; 0.007      ; 4.367      ;
; 4.054 ; SOPC:inst2|altera_reset_controller:rst_controller|altera_reset_synchronizer:alt_rst_sync_uq1|altera_reset_synchronizer_int_chain_out ; SOPC:inst2|SOPC_sdram:sdram|i_state.011                                                                                    ; inst|altpll_component|pll|clk[0] ; inst|altpll_component|pll|clk[0] ; 0.000        ; 0.007      ; 4.367      ;
; 4.054 ; SOPC:inst2|altera_reset_controller:rst_controller|altera_reset_synchronizer:alt_rst_sync_uq1|altera_reset_synchronizer_int_chain_out ; SOPC:inst2|SOPC_sdram:sdram|i_next.010                                                                                     ; inst|altpll_component|pll|clk[0] ; inst|altpll_component|pll|clk[0] ; 0.000        ; 0.007      ; 4.367      ;
; 4.054 ; SOPC:inst2|altera_reset_controller:rst_controller|altera_reset_synchronizer:alt_rst_sync_uq1|altera_reset_synchronizer_int_chain_out ; SOPC:inst2|SOPC_sdram:sdram|i_state.010                                                                                    ; inst|altpll_component|pll|clk[0] ; inst|altpll_component|pll|clk[0] ; 0.000        ; 0.007      ; 4.367      ;
; 4.054 ; SOPC:inst2|altera_reset_controller:rst_controller|altera_reset_synchronizer:alt_rst_sync_uq1|altera_reset_synchronizer_int_chain_out ; SOPC:inst2|SOPC_sdram:sdram|i_next.111                                                                                     ; inst|altpll_component|pll|clk[0] ; inst|altpll_component|pll|clk[0] ; 0.000        ; 0.007      ; 4.367      ;
; 4.054 ; SOPC:inst2|altera_reset_controller:rst_controller|altera_reset_synchronizer:alt_rst_sync_uq1|altera_reset_synchronizer_int_chain_out ; SOPC:inst2|SOPC_sdram:sdram|i_state.111                                                                                    ; inst|altpll_component|pll|clk[0] ; inst|altpll_component|pll|clk[0] ; 0.000        ; 0.007      ; 4.367      ;
; 4.054 ; SOPC:inst2|altera_reset_controller:rst_controller|altera_reset_synchronizer:alt_rst_sync_uq1|altera_reset_synchronizer_int_chain_out ; SOPC:inst2|SOPC_sdram:sdram|i_next.101                                                                                     ; inst|altpll_component|pll|clk[0] ; inst|altpll_component|pll|clk[0] ; 0.000        ; 0.008      ; 4.368      ;
; 4.054 ; SOPC:inst2|altera_reset_controller:rst_controller|altera_reset_synchronizer:alt_rst_sync_uq1|altera_reset_synchronizer_int_chain_out ; SOPC:inst2|SOPC_sdram:sdram|i_state.101                                                                                    ; inst|altpll_component|pll|clk[0] ; inst|altpll_component|pll|clk[0] ; 0.000        ; 0.008      ; 4.368      ;
; 4.054 ; SOPC:inst2|altera_reset_controller:rst_controller|altera_reset_synchronizer:alt_rst_sync_uq1|altera_reset_synchronizer_int_chain_out ; SOPC:inst2|SOPC_sdram:sdram|i_count[1]                                                                                     ; inst|altpll_component|pll|clk[0] ; inst|altpll_component|pll|clk[0] ; 0.000        ; 0.007      ; 4.367      ;
; 4.054 ; SOPC:inst2|altera_reset_controller:rst_controller|altera_reset_synchronizer:alt_rst_sync_uq1|altera_reset_synchronizer_int_chain_out ; SOPC:inst2|SOPC_sdram:sdram|i_next.000                                                                                     ; inst|altpll_component|pll|clk[0] ; inst|altpll_component|pll|clk[0] ; 0.000        ; 0.008      ; 4.368      ;
; 4.054 ; SOPC:inst2|altera_reset_controller:rst_controller|altera_reset_synchronizer:alt_rst_sync_uq1|altera_reset_synchronizer_int_chain_out ; SOPC:inst2|SOPC_sdram:sdram|i_state.000                                                                                    ; inst|altpll_component|pll|clk[0] ; inst|altpll_component|pll|clk[0] ; 0.000        ; 0.008      ; 4.368      ;
; 4.054 ; SOPC:inst2|altera_reset_controller:rst_controller|altera_reset_synchronizer:alt_rst_sync_uq1|altera_reset_synchronizer_int_chain_out ; SOPC:inst2|SOPC_sdram:sdram|i_state.001                                                                                    ; inst|altpll_component|pll|clk[0] ; inst|altpll_component|pll|clk[0] ; 0.000        ; 0.008      ; 4.368      ;
; 4.054 ; SOPC:inst2|altera_reset_controller:rst_controller|altera_reset_synchronizer:alt_rst_sync_uq1|altera_reset_synchronizer_int_chain_out ; SOPC:inst2|SOPC_sdram:sdram|i_cmd[1]                                                                                       ; inst|altpll_component|pll|clk[0] ; inst|altpll_component|pll|clk[0] ; 0.000        ; 0.008      ; 4.368      ;
; 4.054 ; SOPC:inst2|altera_reset_controller:rst_controller|altera_reset_synchronizer:alt_rst_sync_uq1|altera_reset_synchronizer_int_chain_out ; SOPC:inst2|SOPC_sdram:sdram|init_done                                                                                      ; inst|altpll_component|pll|clk[0] ; inst|altpll_component|pll|clk[0] ; 0.000        ; 0.013      ; 4.373      ;
; 4.054 ; SOPC:inst2|altera_reset_controller:rst_controller|altera_reset_synchronizer:alt_rst_sync_uq1|altera_reset_synchronizer_int_chain_out ; SOPC:inst2|altera_avalon_sc_fifo:sdram_s1_translator_avalon_universal_slave_0_agent_rsp_fifo|mem_used[2]                   ; inst|altpll_component|pll|clk[0] ; inst|altpll_component|pll|clk[0] ; 0.000        ; 0.003      ; 4.363      ;
; 4.054 ; SOPC:inst2|altera_reset_controller:rst_controller|altera_reset_synchronizer:alt_rst_sync_uq1|altera_reset_synchronizer_int_chain_out ; SOPC:inst2|altera_avalon_sc_fifo:sdram_s1_translator_avalon_universal_slave_0_agent_rsp_fifo|mem_used[3]                   ; inst|altpll_component|pll|clk[0] ; inst|altpll_component|pll|clk[0] ; 0.000        ; 0.003      ; 4.363      ;
; 4.054 ; SOPC:inst2|altera_reset_controller:rst_controller|altera_reset_synchronizer:alt_rst_sync_uq1|altera_reset_synchronizer_int_chain_out ; SOPC:inst2|altera_avalon_sc_fifo:sdram_s1_translator_avalon_universal_slave_0_agent_rsp_fifo|mem_used[4]                   ; inst|altpll_component|pll|clk[0] ; inst|altpll_component|pll|clk[0] ; 0.000        ; 0.003      ; 4.363      ;
; 4.054 ; SOPC:inst2|altera_reset_controller:rst_controller|altera_reset_synchronizer:alt_rst_sync_uq1|altera_reset_synchronizer_int_chain_out ; SOPC:inst2|altera_avalon_sc_fifo:sdram_s1_translator_avalon_universal_slave_0_agent_rsp_fifo|mem_used[5]                   ; inst|altpll_component|pll|clk[0] ; inst|altpll_component|pll|clk[0] ; 0.000        ; 0.003      ; 4.363      ;
; 4.054 ; SOPC:inst2|altera_reset_controller:rst_controller|altera_reset_synchronizer:alt_rst_sync_uq1|altera_reset_synchronizer_int_chain_out ; SOPC:inst2|altera_avalon_sc_fifo:sdram_s1_translator_avalon_universal_slave_0_agent_rsp_fifo|mem_used[6]                   ; inst|altpll_component|pll|clk[0] ; inst|altpll_component|pll|clk[0] ; 0.000        ; 0.003      ; 4.363      ;
; 4.054 ; SOPC:inst2|altera_reset_controller:rst_controller|altera_reset_synchronizer:alt_rst_sync_uq1|altera_reset_synchronizer_int_chain_out ; SOPC:inst2|altera_avalon_sc_fifo:sdram_s1_translator_avalon_universal_slave_0_agent_rsp_fifo|mem_used[7]                   ; inst|altpll_component|pll|clk[0] ; inst|altpll_component|pll|clk[0] ; 0.000        ; 0.003      ; 4.363      ;
; 4.054 ; SOPC:inst2|altera_reset_controller:rst_controller|altera_reset_synchronizer:alt_rst_sync_uq1|altera_reset_synchronizer_int_chain_out ; SOPC:inst2|altera_avalon_sc_fifo:sdram_s1_translator_avalon_universal_slave_0_agent_rsp_fifo|mem_used[1]                   ; inst|altpll_component|pll|clk[0] ; inst|altpll_component|pll|clk[0] ; 0.000        ; 0.003      ; 4.363      ;
; 4.054 ; SOPC:inst2|altera_reset_controller:rst_controller|altera_reset_synchronizer:alt_rst_sync_uq1|altera_reset_synchronizer_int_chain_out ; SOPC:inst2|altera_avalon_sc_fifo:sdram_s1_translator_avalon_universal_slave_0_agent_rsp_fifo|mem[7][66]                    ; inst|altpll_component|pll|clk[0] ; inst|altpll_component|pll|clk[0] ; 0.000        ; 0.015      ; 4.375      ;
; 4.054 ; SOPC:inst2|altera_reset_controller:rst_controller|altera_reset_synchronizer:alt_rst_sync_uq1|altera_reset_synchronizer_int_chain_out ; SOPC:inst2|altera_avalon_sc_fifo:sdram_s1_translator_avalon_universal_slave_0_agent_rsp_fifo|mem[6][66]                    ; inst|altpll_component|pll|clk[0] ; inst|altpll_component|pll|clk[0] ; 0.000        ; 0.016      ; 4.376      ;
; 4.054 ; SOPC:inst2|altera_reset_controller:rst_controller|altera_reset_synchronizer:alt_rst_sync_uq1|altera_reset_synchronizer_int_chain_out ; SOPC:inst2|altera_avalon_sc_fifo:sdram_s1_translator_avalon_universal_slave_0_agent_rsp_fifo|mem[5][66]                    ; inst|altpll_component|pll|clk[0] ; inst|altpll_component|pll|clk[0] ; 0.000        ; 0.016      ; 4.376      ;
; 4.054 ; SOPC:inst2|altera_reset_controller:rst_controller|altera_reset_synchronizer:alt_rst_sync_uq1|altera_reset_synchronizer_int_chain_out ; SOPC:inst2|altera_avalon_sc_fifo:sdram_s1_translator_avalon_universal_slave_0_agent_rsp_fifo|mem[4][66]                    ; inst|altpll_component|pll|clk[0] ; inst|altpll_component|pll|clk[0] ; 0.000        ; 0.015      ; 4.375      ;
; 4.054 ; SOPC:inst2|altera_reset_controller:rst_controller|altera_reset_synchronizer:alt_rst_sync_uq1|altera_reset_synchronizer_int_chain_out ; SOPC:inst2|altera_avalon_sc_fifo:sdram_s1_translator_avalon_universal_slave_0_agent_rsp_fifo|mem[3][66]                    ; inst|altpll_component|pll|clk[0] ; inst|altpll_component|pll|clk[0] ; 0.000        ; 0.004      ; 4.364      ;
; 4.054 ; SOPC:inst2|altera_reset_controller:rst_controller|altera_reset_synchronizer:alt_rst_sync_uq1|altera_reset_synchronizer_int_chain_out ; SOPC:inst2|altera_avalon_sc_fifo:sdram_s1_translator_avalon_universal_slave_0_agent_rsp_fifo|mem[2][66]                    ; inst|altpll_component|pll|clk[0] ; inst|altpll_component|pll|clk[0] ; 0.000        ; 0.004      ; 4.364      ;
; 4.054 ; SOPC:inst2|altera_reset_controller:rst_controller|altera_reset_synchronizer:alt_rst_sync_uq1|altera_reset_synchronizer_int_chain_out ; SOPC:inst2|altera_avalon_sc_fifo:sdram_s1_translator_avalon_universal_slave_0_agent_rsp_fifo|mem[1][66]                    ; inst|altpll_component|pll|clk[0] ; inst|altpll_component|pll|clk[0] ; 0.000        ; -0.006     ; 4.354      ;
; 4.054 ; SOPC:inst2|altera_reset_controller:rst_controller|altera_reset_synchronizer:alt_rst_sync_uq1|altera_reset_synchronizer_int_chain_out ; SOPC:inst2|altera_avalon_sc_fifo:sdram_s1_translator_avalon_universal_slave_0_agent_rsp_fifo|mem[0][66]                    ; inst|altpll_component|pll|clk[0] ; inst|altpll_component|pll|clk[0] ; 0.000        ; -0.006     ; 4.354      ;
; 4.054 ; SOPC:inst2|altera_reset_controller:rst_controller|altera_reset_synchronizer:alt_rst_sync_uq1|altera_reset_synchronizer_int_chain_out ; SOPC:inst2|altera_avalon_sc_fifo:cpu_jtag_debug_module_translator_avalon_universal_slave_0_agent_rsp_fifo|mem[1][84]       ; inst|altpll_component|pll|clk[0] ; inst|altpll_component|pll|clk[0] ; 0.000        ; 0.007      ; 4.367      ;
; 4.054 ; SOPC:inst2|altera_reset_controller:rst_controller|altera_reset_synchronizer:alt_rst_sync_uq1|altera_reset_synchronizer_int_chain_out ; SOPC:inst2|altera_avalon_sc_fifo:cpu_jtag_debug_module_translator_avalon_universal_slave_0_agent_rsp_fifo|mem[0][84]       ; inst|altpll_component|pll|clk[0] ; inst|altpll_component|pll|clk[0] ; 0.000        ; 0.007      ; 4.367      ;
; 4.054 ; SOPC:inst2|altera_reset_controller:rst_controller|altera_reset_synchronizer:alt_rst_sync_uq1|altera_reset_synchronizer_int_chain_out ; SOPC:inst2|altera_merlin_width_adapter:width_adapter|endofpacket_reg                                                       ; inst|altpll_component|pll|clk[0] ; inst|altpll_component|pll|clk[0] ; 0.000        ; -0.008     ; 4.352      ;
; 4.054 ; SOPC:inst2|altera_reset_controller:rst_controller|altera_reset_synchronizer:alt_rst_sync_uq1|altera_reset_synchronizer_int_chain_out ; SOPC:inst2|altera_merlin_width_adapter:width_adapter|count[0]                                                              ; inst|altpll_component|pll|clk[0] ; inst|altpll_component|pll|clk[0] ; 0.000        ; 0.015      ; 4.375      ;
; 4.054 ; SOPC:inst2|altera_reset_controller:rst_controller|altera_reset_synchronizer:alt_rst_sync_uq1|altera_reset_synchronizer_int_chain_out ; SOPC:inst2|altera_avalon_sc_fifo:sdram_s1_translator_avalon_universal_slave_0_agent_rsp_fifo|mem[7][87]                    ; inst|altpll_component|pll|clk[0] ; inst|altpll_component|pll|clk[0] ; 0.000        ; 0.015      ; 4.375      ;
; 4.054 ; SOPC:inst2|altera_reset_controller:rst_controller|altera_reset_synchronizer:alt_rst_sync_uq1|altera_reset_synchronizer_int_chain_out ; SOPC:inst2|altera_avalon_sc_fifo:sdram_s1_translator_avalon_universal_slave_0_agent_rsp_fifo|mem[6][87]                    ; inst|altpll_component|pll|clk[0] ; inst|altpll_component|pll|clk[0] ; 0.000        ; 0.016      ; 4.376      ;
; 4.054 ; SOPC:inst2|altera_reset_controller:rst_controller|altera_reset_synchronizer:alt_rst_sync_uq1|altera_reset_synchronizer_int_chain_out ; SOPC:inst2|altera_avalon_sc_fifo:sdram_s1_translator_avalon_universal_slave_0_agent_rsp_fifo|mem[5][87]                    ; inst|altpll_component|pll|clk[0] ; inst|altpll_component|pll|clk[0] ; 0.000        ; 0.016      ; 4.376      ;
; 4.054 ; SOPC:inst2|altera_reset_controller:rst_controller|altera_reset_synchronizer:alt_rst_sync_uq1|altera_reset_synchronizer_int_chain_out ; SOPC:inst2|altera_avalon_sc_fifo:sdram_s1_translator_avalon_universal_slave_0_agent_rsp_fifo|mem[4][87]                    ; inst|altpll_component|pll|clk[0] ; inst|altpll_component|pll|clk[0] ; 0.000        ; 0.015      ; 4.375      ;
; 4.054 ; SOPC:inst2|altera_reset_controller:rst_controller|altera_reset_synchronizer:alt_rst_sync_uq1|altera_reset_synchronizer_int_chain_out ; SOPC:inst2|altera_avalon_sc_fifo:sdram_s1_translator_avalon_universal_slave_0_agent_rsp_fifo|mem[3][87]                    ; inst|altpll_component|pll|clk[0] ; inst|altpll_component|pll|clk[0] ; 0.000        ; 0.004      ; 4.364      ;
; 4.054 ; SOPC:inst2|altera_reset_controller:rst_controller|altera_reset_synchronizer:alt_rst_sync_uq1|altera_reset_synchronizer_int_chain_out ; SOPC:inst2|altera_avalon_sc_fifo:sdram_s1_translator_avalon_universal_slave_0_agent_rsp_fifo|mem[2][87]                    ; inst|altpll_component|pll|clk[0] ; inst|altpll_component|pll|clk[0] ; 0.000        ; 0.004      ; 4.364      ;
; 4.054 ; SOPC:inst2|altera_reset_controller:rst_controller|altera_reset_synchronizer:alt_rst_sync_uq1|altera_reset_synchronizer_int_chain_out ; SOPC:inst2|altera_avalon_sc_fifo:sdram_s1_translator_avalon_universal_slave_0_agent_rsp_fifo|mem[1][87]                    ; inst|altpll_component|pll|clk[0] ; inst|altpll_component|pll|clk[0] ; 0.000        ; -0.006     ; 4.354      ;
; 4.054 ; SOPC:inst2|altera_reset_controller:rst_controller|altera_reset_synchronizer:alt_rst_sync_uq1|altera_reset_synchronizer_int_chain_out ; SOPC:inst2|altera_avalon_sc_fifo:sdram_s1_translator_avalon_universal_slave_0_agent_rsp_fifo|mem[0][87]                    ; inst|altpll_component|pll|clk[0] ; inst|altpll_component|pll|clk[0] ; 0.000        ; -0.006     ; 4.354      ;
; 4.054 ; SOPC:inst2|altera_reset_controller:rst_controller|altera_reset_synchronizer:alt_rst_sync_uq1|altera_reset_synchronizer_int_chain_out ; SOPC:inst2|altera_merlin_slave_translator:cpu_jtag_debug_module_translator|av_readdata_pre[11]                             ; inst|altpll_component|pll|clk[0] ; inst|altpll_component|pll|clk[0] ; 0.000        ; 0.000      ; 4.360      ;
; 4.054 ; SOPC:inst2|altera_reset_controller:rst_controller|altera_reset_synchronizer:alt_rst_sync_uq1|altera_reset_synchronizer_int_chain_out ; SOPC:inst2|SOPC_sdram:sdram|m_state.000000010                                                                              ; inst|altpll_component|pll|clk[0] ; inst|altpll_component|pll|clk[0] ; 0.000        ; 0.017      ; 4.377      ;
; 4.054 ; SOPC:inst2|altera_reset_controller:rst_controller|altera_reset_synchronizer:alt_rst_sync_uq1|altera_reset_synchronizer_int_chain_out ; SOPC:inst2|SOPC_sdram:sdram|SOPC_sdram_input_efifo_module:the_SOPC_sdram_input_efifo_module|wr_address                     ; inst|altpll_component|pll|clk[0] ; inst|altpll_component|pll|clk[0] ; 0.000        ; 0.007      ; 4.367      ;
; 4.054 ; SOPC:inst2|altera_reset_controller:rst_controller|altera_reset_synchronizer:alt_rst_sync_uq1|altera_reset_synchronizer_int_chain_out ; SOPC:inst2|SOPC_sdram:sdram|m_next.000001000                                                                               ; inst|altpll_component|pll|clk[0] ; inst|altpll_component|pll|clk[0] ; 0.000        ; 0.016      ; 4.376      ;
; 4.054 ; SOPC:inst2|altera_reset_controller:rst_controller|altera_reset_synchronizer:alt_rst_sync_uq1|altera_reset_synchronizer_int_chain_out ; SOPC:inst2|SOPC_sdram:sdram|m_state.000001000                                                                              ; inst|altpll_component|pll|clk[0] ; inst|altpll_component|pll|clk[0] ; 0.000        ; 0.017      ; 4.377      ;
; 4.054 ; SOPC:inst2|altera_reset_controller:rst_controller|altera_reset_synchronizer:alt_rst_sync_uq1|altera_reset_synchronizer_int_chain_out ; SOPC:inst2|SOPC_sdram:sdram|m_state.100000000                                                                              ; inst|altpll_component|pll|clk[0] ; inst|altpll_component|pll|clk[0] ; 0.000        ; 0.017      ; 4.377      ;
; 4.054 ; SOPC:inst2|altera_reset_controller:rst_controller|altera_reset_synchronizer:alt_rst_sync_uq1|altera_reset_synchronizer_int_chain_out ; SOPC:inst2|SOPC_sdram:sdram|m_state.000100000                                                                              ; inst|altpll_component|pll|clk[0] ; inst|altpll_component|pll|clk[0] ; 0.000        ; 0.017      ; 4.377      ;
; 4.054 ; SOPC:inst2|altera_reset_controller:rst_controller|altera_reset_synchronizer:alt_rst_sync_uq1|altera_reset_synchronizer_int_chain_out ; SOPC:inst2|SOPC_sdram:sdram|m_state.001000000                                                                              ; inst|altpll_component|pll|clk[0] ; inst|altpll_component|pll|clk[0] ; 0.000        ; 0.013      ; 4.373      ;
; 4.054 ; SOPC:inst2|altera_reset_controller:rst_controller|altera_reset_synchronizer:alt_rst_sync_uq1|altera_reset_synchronizer_int_chain_out ; SOPC:inst2|SOPC_sdram:sdram|m_state.000000100                                                                              ; inst|altpll_component|pll|clk[0] ; inst|altpll_component|pll|clk[0] ; 0.000        ; 0.015      ; 4.375      ;
; 4.054 ; SOPC:inst2|altera_reset_controller:rst_controller|altera_reset_synchronizer:alt_rst_sync_uq1|altera_reset_synchronizer_int_chain_out ; SOPC:inst2|SOPC_sdram:sdram|m_next.010000000                                                                               ; inst|altpll_component|pll|clk[0] ; inst|altpll_component|pll|clk[0] ; 0.000        ; 0.016      ; 4.376      ;
; 4.054 ; SOPC:inst2|altera_reset_controller:rst_controller|altera_reset_synchronizer:alt_rst_sync_uq1|altera_reset_synchronizer_int_chain_out ; SOPC:inst2|SOPC_sdram:sdram|m_state.010000000                                                                              ; inst|altpll_component|pll|clk[0] ; inst|altpll_component|pll|clk[0] ; 0.000        ; 0.015      ; 4.375      ;
; 4.054 ; SOPC:inst2|altera_reset_controller:rst_controller|altera_reset_synchronizer:alt_rst_sync_uq1|altera_reset_synchronizer_int_chain_out ; SOPC:inst2|SOPC_sdram:sdram|ack_refresh_request                                                                            ; inst|altpll_component|pll|clk[0] ; inst|altpll_component|pll|clk[0] ; 0.000        ; 0.013      ; 4.373      ;
; 4.054 ; SOPC:inst2|altera_reset_controller:rst_controller|altera_reset_synchronizer:alt_rst_sync_uq1|altera_reset_synchronizer_int_chain_out ; SOPC:inst2|SOPC_sdram:sdram|refresh_request                                                                                ; inst|altpll_component|pll|clk[0] ; inst|altpll_component|pll|clk[0] ; 0.000        ; 0.013      ; 4.373      ;
; 4.054 ; SOPC:inst2|altera_reset_controller:rst_controller|altera_reset_synchronizer:alt_rst_sync_uq1|altera_reset_synchronizer_int_chain_out ; SOPC:inst2|SOPC_sdram:sdram|m_next.000010000                                                                               ; inst|altpll_component|pll|clk[0] ; inst|altpll_component|pll|clk[0] ; 0.000        ; 0.016      ; 4.376      ;
; 4.054 ; SOPC:inst2|altera_reset_controller:rst_controller|altera_reset_synchronizer:alt_rst_sync_uq1|altera_reset_synchronizer_int_chain_out ; SOPC:inst2|SOPC_sdram:sdram|m_state.000010000                                                                              ; inst|altpll_component|pll|clk[0] ; inst|altpll_component|pll|clk[0] ; 0.000        ; 0.017      ; 4.377      ;
; 4.054 ; SOPC:inst2|altera_reset_controller:rst_controller|altera_reset_synchronizer:alt_rst_sync_uq1|altera_reset_synchronizer_int_chain_out ; SOPC:inst2|altera_merlin_slave_translator:epcs_epcs_control_port_translator|av_readdata_pre[28]                            ; inst|altpll_component|pll|clk[0] ; inst|altpll_component|pll|clk[0] ; 0.000        ; 0.026      ; 4.386      ;
; 4.054 ; SOPC:inst2|altera_reset_controller:rst_controller|altera_reset_synchronizer:alt_rst_sync_uq1|altera_reset_synchronizer_int_chain_out ; SOPC:inst2|altera_merlin_slave_translator:cpu_jtag_debug_module_translator|av_readdata_pre[28]                             ; inst|altpll_component|pll|clk[0] ; inst|altpll_component|pll|clk[0] ; 0.000        ; 0.026      ; 4.386      ;
; 4.054 ; SOPC:inst2|altera_reset_controller:rst_controller|altera_reset_synchronizer:alt_rst_sync_uq1|altera_reset_synchronizer_int_chain_out ; SOPC:inst2|altera_merlin_slave_translator:epcs_epcs_control_port_translator|read_latency_shift_reg[0]                      ; inst|altpll_component|pll|clk[0] ; inst|altpll_component|pll|clk[0] ; 0.000        ; 0.014      ; 4.374      ;
; 4.054 ; SOPC:inst2|altera_reset_controller:rst_controller|altera_reset_synchronizer:alt_rst_sync_uq1|altera_reset_synchronizer_int_chain_out ; SOPC:inst2|altera_merlin_slave_translator:cpu_jtag_debug_module_translator|av_readdata_pre[8]                              ; inst|altpll_component|pll|clk[0] ; inst|altpll_component|pll|clk[0] ; 0.000        ; -0.002     ; 4.358      ;
; 4.054 ; SOPC:inst2|altera_reset_controller:rst_controller|altera_reset_synchronizer:alt_rst_sync_uq1|altera_reset_synchronizer_int_chain_out ; SOPC:inst2|altera_merlin_master_translator:cpu_data_master_translator|read_accepted                                        ; inst|altpll_component|pll|clk[0] ; inst|altpll_component|pll|clk[0] ; 0.000        ; 0.012      ; 4.372      ;
; 4.054 ; SOPC:inst2|altera_reset_controller:rst_controller|altera_reset_synchronizer:alt_rst_sync_uq1|altera_reset_synchronizer_int_chain_out ; SOPC:inst2|altera_merlin_slave_translator:spi_touch_spi_control_port_translator|read_latency_shift_reg[0]                  ; inst|altpll_component|pll|clk[0] ; inst|altpll_component|pll|clk[0] ; 0.000        ; 0.025      ; 4.385      ;
; 4.054 ; SOPC:inst2|altera_reset_controller:rst_controller|altera_reset_synchronizer:alt_rst_sync_uq1|altera_reset_synchronizer_int_chain_out ; SOPC:inst2|altera_avalon_sc_fifo:spi_touch_spi_control_port_translator_avalon_universal_slave_0_agent_rsp_fifo|mem_used[0] ; inst|altpll_component|pll|clk[0] ; inst|altpll_component|pll|clk[0] ; 0.000        ; 0.025      ; 4.385      ;
; 4.054 ; SOPC:inst2|altera_reset_controller:rst_controller|altera_reset_synchronizer:alt_rst_sync_uq1|altera_reset_synchronizer_int_chain_out ; SOPC:inst2|altera_avalon_sc_fifo:spi_touch_spi_control_port_translator_avalon_universal_slave_0_agent_rsp_fifo|mem_used[1] ; inst|altpll_component|pll|clk[0] ; inst|altpll_component|pll|clk[0] ; 0.000        ; 0.025      ; 4.385      ;
; 4.054 ; SOPC:inst2|altera_reset_controller:rst_controller|altera_reset_synchronizer:alt_rst_sync_uq1|altera_reset_synchronizer_int_chain_out ; SOPC:inst2|altera_merlin_slave_translator:spi_touch_spi_control_port_translator|wait_latency_counter[0]                    ; inst|altpll_component|pll|clk[0] ; inst|altpll_component|pll|clk[0] ; 0.000        ; 0.026      ; 4.386      ;
; 4.054 ; SOPC:inst2|altera_reset_controller:rst_controller|altera_reset_synchronizer:alt_rst_sync_uq1|altera_reset_synchronizer_int_chain_out ; SOPC:inst2|altera_merlin_slave_translator:spi_touch_spi_control_port_translator|wait_latency_counter[1]                    ; inst|altpll_component|pll|clk[0] ; inst|altpll_component|pll|clk[0] ; 0.000        ; 0.026      ; 4.386      ;
; 4.054 ; SOPC:inst2|altera_reset_controller:rst_controller|altera_reset_synchronizer:alt_rst_sync_uq1|altera_reset_synchronizer_int_chain_out ; SOPC:inst2|SOPC_spi_touch:spi_touch|wr_strobe                                                                              ; inst|altpll_component|pll|clk[0] ; inst|altpll_component|pll|clk[0] ; 0.000        ; 0.021      ; 4.381      ;
; 4.054 ; SOPC:inst2|altera_reset_controller:rst_controller|altera_reset_synchronizer:alt_rst_sync_uq1|altera_reset_synchronizer_int_chain_out ; SOPC:inst2|SOPC_spi_touch:spi_touch|slowcount[0]                                                                           ; inst|altpll_component|pll|clk[0] ; inst|altpll_component|pll|clk[0] ; 0.000        ; 0.027      ; 4.387      ;
; 4.054 ; SOPC:inst2|altera_reset_controller:rst_controller|altera_reset_synchronizer:alt_rst_sync_uq1|altera_reset_synchronizer_int_chain_out ; SOPC:inst2|SOPC_spi_touch:spi_touch|slowcount[1]                                                                           ; inst|altpll_component|pll|clk[0] ; inst|altpll_component|pll|clk[0] ; 0.000        ; 0.027      ; 4.387      ;
; 4.054 ; SOPC:inst2|altera_reset_controller:rst_controller|altera_reset_synchronizer:alt_rst_sync_uq1|altera_reset_synchronizer_int_chain_out ; SOPC:inst2|SOPC_spi_touch:spi_touch|slowcount[3]                                                                           ; inst|altpll_component|pll|clk[0] ; inst|altpll_component|pll|clk[0] ; 0.000        ; 0.027      ; 4.387      ;
; 4.054 ; SOPC:inst2|altera_reset_controller:rst_controller|altera_reset_synchronizer:alt_rst_sync_uq1|altera_reset_synchronizer_int_chain_out ; SOPC:inst2|SOPC_spi_touch:spi_touch|slowcount[4]                                                                           ; inst|altpll_component|pll|clk[0] ; inst|altpll_component|pll|clk[0] ; 0.000        ; 0.027      ; 4.387      ;
; 4.054 ; SOPC:inst2|altera_reset_controller:rst_controller|altera_reset_synchronizer:alt_rst_sync_uq1|altera_reset_synchronizer_int_chain_out ; SOPC:inst2|SOPC_spi_touch:spi_touch|slowcount[2]                                                                           ; inst|altpll_component|pll|clk[0] ; inst|altpll_component|pll|clk[0] ; 0.000        ; 0.027      ; 4.387      ;
; 4.054 ; SOPC:inst2|altera_reset_controller:rst_controller|altera_reset_synchronizer:alt_rst_sync_uq1|altera_reset_synchronizer_int_chain_out ; SOPC:inst2|SOPC_spi_touch:spi_touch|state[0]                                                                               ; inst|altpll_component|pll|clk[0] ; inst|altpll_component|pll|clk[0] ; 0.000        ; 0.027      ; 4.387      ;
; 4.054 ; SOPC:inst2|altera_reset_controller:rst_controller|altera_reset_synchronizer:alt_rst_sync_uq1|altera_reset_synchronizer_int_chain_out ; SOPC:inst2|SOPC_spi_touch:spi_touch|state[2]                                                                               ; inst|altpll_component|pll|clk[0] ; inst|altpll_component|pll|clk[0] ; 0.000        ; 0.027      ; 4.387      ;
; 4.054 ; SOPC:inst2|altera_reset_controller:rst_controller|altera_reset_synchronizer:alt_rst_sync_uq1|altera_reset_synchronizer_int_chain_out ; SOPC:inst2|SOPC_spi_touch:spi_touch|state[3]                                                                               ; inst|altpll_component|pll|clk[0] ; inst|altpll_component|pll|clk[0] ; 0.000        ; 0.027      ; 4.387      ;
; 4.054 ; SOPC:inst2|altera_reset_controller:rst_controller|altera_reset_synchronizer:alt_rst_sync_uq1|altera_reset_synchronizer_int_chain_out ; SOPC:inst2|SOPC_spi_touch:spi_touch|state[1]                                                                               ; inst|altpll_component|pll|clk[0] ; inst|altpll_component|pll|clk[0] ; 0.000        ; 0.027      ; 4.387      ;
; 4.054 ; SOPC:inst2|altera_reset_controller:rst_controller|altera_reset_synchronizer:alt_rst_sync_uq1|altera_reset_synchronizer_int_chain_out ; SOPC:inst2|SOPC_spi_touch:spi_touch|state[4]                                                                               ; inst|altpll_component|pll|clk[0] ; inst|altpll_component|pll|clk[0] ; 0.000        ; 0.027      ; 4.387      ;
; 4.054 ; SOPC:inst2|altera_reset_controller:rst_controller|altera_reset_synchronizer:alt_rst_sync_uq1|altera_reset_synchronizer_int_chain_out ; SOPC:inst2|SOPC_spi_touch:spi_touch|data_wr_strobe                                                                         ; inst|altpll_component|pll|clk[0] ; inst|altpll_component|pll|clk[0] ; 0.000        ; 0.021      ; 4.381      ;
; 4.054 ; SOPC:inst2|altera_reset_controller:rst_controller|altera_reset_synchronizer:alt_rst_sync_uq1|altera_reset_synchronizer_int_chain_out ; SOPC:inst2|SOPC_spi_touch:spi_touch|tx_holding_primed                                                                      ; inst|altpll_component|pll|clk[0] ; inst|altpll_component|pll|clk[0] ; 0.000        ; 0.026      ; 4.386      ;
; 4.054 ; SOPC:inst2|altera_reset_controller:rst_controller|altera_reset_synchronizer:alt_rst_sync_uq1|altera_reset_synchronizer_int_chain_out ; SOPC:inst2|SOPC_spi_touch:spi_touch|transmitting                                                                           ; inst|altpll_component|pll|clk[0] ; inst|altpll_component|pll|clk[0] ; 0.000        ; 0.026      ; 4.386      ;
; 4.054 ; SOPC:inst2|altera_reset_controller:rst_controller|altera_reset_synchronizer:alt_rst_sync_uq1|altera_reset_synchronizer_int_chain_out ; SOPC:inst2|SOPC_spi_touch:spi_touch|SSO_reg                                                                                ; inst|altpll_component|pll|clk[0] ; inst|altpll_component|pll|clk[0] ; 0.000        ; 0.003      ; 4.363      ;
+-------+--------------------------------------------------------------------------------------------------------------------------------------+----------------------------------------------------------------------------------------------------------------------------+----------------------------------+----------------------------------+--------------+------------+------------+


+----------------------------------------------------------------------------------------------------------------------------------------------------------------------------------------------------------------------------------------------------------------------+
; Slow Model Minimum Pulse Width: 'inst|altpll_component|pll|clk[0]'                                                                                                                                                                                                   ;
+-------+--------------+----------------+------------------+----------------------------------+------------+-----------------------------------------------------------------------------------------------------------------------------------------------------------+
; Slack ; Actual Width ; Required Width ; Type             ; Clock                            ; Clock Edge ; Target                                                                                                                                                    ;
+-------+--------------+----------------+------------------+----------------------------------+------------+-----------------------------------------------------------------------------------------------------------------------------------------------------------+
; 9.433 ; 12.500       ; 3.067          ; High Pulse Width ; inst|altpll_component|pll|clk[0] ; Rise       ; SOPC:inst2|SOPC_cpu:cpu|D_bht_data[0]                                                                                                                     ;
; 9.433 ; 12.500       ; 3.067          ; Low Pulse Width  ; inst|altpll_component|pll|clk[0] ; Rise       ; SOPC:inst2|SOPC_cpu:cpu|D_bht_data[0]                                                                                                                     ;
; 9.433 ; 12.500       ; 3.067          ; High Pulse Width ; inst|altpll_component|pll|clk[0] ; Rise       ; SOPC:inst2|SOPC_cpu:cpu|D_bht_data[1]                                                                                                                     ;
; 9.433 ; 12.500       ; 3.067          ; Low Pulse Width  ; inst|altpll_component|pll|clk[0] ; Rise       ; SOPC:inst2|SOPC_cpu:cpu|D_bht_data[1]                                                                                                                     ;
; 9.433 ; 12.500       ; 3.067          ; High Pulse Width ; inst|altpll_component|pll|clk[0] ; Rise       ; SOPC:inst2|SOPC_cpu:cpu|SOPC_cpu_bht_module:SOPC_cpu_bht|altsyncram:the_altsyncram|altsyncram_d5g1:auto_generated|ram_block1a0~porta_address_reg0         ;
; 9.433 ; 12.500       ; 3.067          ; Low Pulse Width  ; inst|altpll_component|pll|clk[0] ; Rise       ; SOPC:inst2|SOPC_cpu:cpu|SOPC_cpu_bht_module:SOPC_cpu_bht|altsyncram:the_altsyncram|altsyncram_d5g1:auto_generated|ram_block1a0~porta_address_reg0         ;
; 9.433 ; 12.500       ; 3.067          ; High Pulse Width ; inst|altpll_component|pll|clk[0] ; Rise       ; SOPC:inst2|SOPC_cpu:cpu|SOPC_cpu_bht_module:SOPC_cpu_bht|altsyncram:the_altsyncram|altsyncram_d5g1:auto_generated|ram_block1a0~porta_address_reg1         ;
; 9.433 ; 12.500       ; 3.067          ; Low Pulse Width  ; inst|altpll_component|pll|clk[0] ; Rise       ; SOPC:inst2|SOPC_cpu:cpu|SOPC_cpu_bht_module:SOPC_cpu_bht|altsyncram:the_altsyncram|altsyncram_d5g1:auto_generated|ram_block1a0~porta_address_reg1         ;
; 9.433 ; 12.500       ; 3.067          ; High Pulse Width ; inst|altpll_component|pll|clk[0] ; Rise       ; SOPC:inst2|SOPC_cpu:cpu|SOPC_cpu_bht_module:SOPC_cpu_bht|altsyncram:the_altsyncram|altsyncram_d5g1:auto_generated|ram_block1a0~porta_address_reg2         ;
; 9.433 ; 12.500       ; 3.067          ; Low Pulse Width  ; inst|altpll_component|pll|clk[0] ; Rise       ; SOPC:inst2|SOPC_cpu:cpu|SOPC_cpu_bht_module:SOPC_cpu_bht|altsyncram:the_altsyncram|altsyncram_d5g1:auto_generated|ram_block1a0~porta_address_reg2         ;
; 9.433 ; 12.500       ; 3.067          ; High Pulse Width ; inst|altpll_component|pll|clk[0] ; Rise       ; SOPC:inst2|SOPC_cpu:cpu|SOPC_cpu_bht_module:SOPC_cpu_bht|altsyncram:the_altsyncram|altsyncram_d5g1:auto_generated|ram_block1a0~porta_address_reg3         ;
; 9.433 ; 12.500       ; 3.067          ; Low Pulse Width  ; inst|altpll_component|pll|clk[0] ; Rise       ; SOPC:inst2|SOPC_cpu:cpu|SOPC_cpu_bht_module:SOPC_cpu_bht|altsyncram:the_altsyncram|altsyncram_d5g1:auto_generated|ram_block1a0~porta_address_reg3         ;
; 9.433 ; 12.500       ; 3.067          ; High Pulse Width ; inst|altpll_component|pll|clk[0] ; Rise       ; SOPC:inst2|SOPC_cpu:cpu|SOPC_cpu_bht_module:SOPC_cpu_bht|altsyncram:the_altsyncram|altsyncram_d5g1:auto_generated|ram_block1a0~porta_address_reg4         ;
; 9.433 ; 12.500       ; 3.067          ; Low Pulse Width  ; inst|altpll_component|pll|clk[0] ; Rise       ; SOPC:inst2|SOPC_cpu:cpu|SOPC_cpu_bht_module:SOPC_cpu_bht|altsyncram:the_altsyncram|altsyncram_d5g1:auto_generated|ram_block1a0~porta_address_reg4         ;
; 9.433 ; 12.500       ; 3.067          ; High Pulse Width ; inst|altpll_component|pll|clk[0] ; Rise       ; SOPC:inst2|SOPC_cpu:cpu|SOPC_cpu_bht_module:SOPC_cpu_bht|altsyncram:the_altsyncram|altsyncram_d5g1:auto_generated|ram_block1a0~porta_address_reg5         ;
; 9.433 ; 12.500       ; 3.067          ; Low Pulse Width  ; inst|altpll_component|pll|clk[0] ; Rise       ; SOPC:inst2|SOPC_cpu:cpu|SOPC_cpu_bht_module:SOPC_cpu_bht|altsyncram:the_altsyncram|altsyncram_d5g1:auto_generated|ram_block1a0~porta_address_reg5         ;
; 9.433 ; 12.500       ; 3.067          ; High Pulse Width ; inst|altpll_component|pll|clk[0] ; Rise       ; SOPC:inst2|SOPC_cpu:cpu|SOPC_cpu_bht_module:SOPC_cpu_bht|altsyncram:the_altsyncram|altsyncram_d5g1:auto_generated|ram_block1a0~porta_address_reg6         ;
; 9.433 ; 12.500       ; 3.067          ; Low Pulse Width  ; inst|altpll_component|pll|clk[0] ; Rise       ; SOPC:inst2|SOPC_cpu:cpu|SOPC_cpu_bht_module:SOPC_cpu_bht|altsyncram:the_altsyncram|altsyncram_d5g1:auto_generated|ram_block1a0~porta_address_reg6         ;
; 9.433 ; 12.500       ; 3.067          ; High Pulse Width ; inst|altpll_component|pll|clk[0] ; Rise       ; SOPC:inst2|SOPC_cpu:cpu|SOPC_cpu_bht_module:SOPC_cpu_bht|altsyncram:the_altsyncram|altsyncram_d5g1:auto_generated|ram_block1a0~porta_address_reg7         ;
; 9.433 ; 12.500       ; 3.067          ; Low Pulse Width  ; inst|altpll_component|pll|clk[0] ; Rise       ; SOPC:inst2|SOPC_cpu:cpu|SOPC_cpu_bht_module:SOPC_cpu_bht|altsyncram:the_altsyncram|altsyncram_d5g1:auto_generated|ram_block1a0~porta_address_reg7         ;
; 9.433 ; 12.500       ; 3.067          ; High Pulse Width ; inst|altpll_component|pll|clk[0] ; Rise       ; SOPC:inst2|SOPC_cpu:cpu|SOPC_cpu_bht_module:SOPC_cpu_bht|altsyncram:the_altsyncram|altsyncram_d5g1:auto_generated|ram_block1a0~porta_datain_reg0          ;
; 9.433 ; 12.500       ; 3.067          ; Low Pulse Width  ; inst|altpll_component|pll|clk[0] ; Rise       ; SOPC:inst2|SOPC_cpu:cpu|SOPC_cpu_bht_module:SOPC_cpu_bht|altsyncram:the_altsyncram|altsyncram_d5g1:auto_generated|ram_block1a0~porta_datain_reg0          ;
; 9.433 ; 12.500       ; 3.067          ; High Pulse Width ; inst|altpll_component|pll|clk[0] ; Rise       ; SOPC:inst2|SOPC_cpu:cpu|SOPC_cpu_bht_module:SOPC_cpu_bht|altsyncram:the_altsyncram|altsyncram_d5g1:auto_generated|ram_block1a0~porta_datain_reg1          ;
; 9.433 ; 12.500       ; 3.067          ; Low Pulse Width  ; inst|altpll_component|pll|clk[0] ; Rise       ; SOPC:inst2|SOPC_cpu:cpu|SOPC_cpu_bht_module:SOPC_cpu_bht|altsyncram:the_altsyncram|altsyncram_d5g1:auto_generated|ram_block1a0~porta_datain_reg1          ;
; 9.433 ; 12.500       ; 3.067          ; High Pulse Width ; inst|altpll_component|pll|clk[0] ; Rise       ; SOPC:inst2|SOPC_cpu:cpu|SOPC_cpu_bht_module:SOPC_cpu_bht|altsyncram:the_altsyncram|altsyncram_d5g1:auto_generated|ram_block1a0~porta_memory_reg0          ;
; 9.433 ; 12.500       ; 3.067          ; Low Pulse Width  ; inst|altpll_component|pll|clk[0] ; Rise       ; SOPC:inst2|SOPC_cpu:cpu|SOPC_cpu_bht_module:SOPC_cpu_bht|altsyncram:the_altsyncram|altsyncram_d5g1:auto_generated|ram_block1a0~porta_memory_reg0          ;
; 9.433 ; 12.500       ; 3.067          ; High Pulse Width ; inst|altpll_component|pll|clk[0] ; Rise       ; SOPC:inst2|SOPC_cpu:cpu|SOPC_cpu_bht_module:SOPC_cpu_bht|altsyncram:the_altsyncram|altsyncram_d5g1:auto_generated|ram_block1a0~porta_we_reg               ;
; 9.433 ; 12.500       ; 3.067          ; Low Pulse Width  ; inst|altpll_component|pll|clk[0] ; Rise       ; SOPC:inst2|SOPC_cpu:cpu|SOPC_cpu_bht_module:SOPC_cpu_bht|altsyncram:the_altsyncram|altsyncram_d5g1:auto_generated|ram_block1a0~porta_we_reg               ;
; 9.433 ; 12.500       ; 3.067          ; High Pulse Width ; inst|altpll_component|pll|clk[0] ; Rise       ; SOPC:inst2|SOPC_cpu:cpu|SOPC_cpu_bht_module:SOPC_cpu_bht|altsyncram:the_altsyncram|altsyncram_d5g1:auto_generated|ram_block1a0~portb_address_reg0         ;
; 9.433 ; 12.500       ; 3.067          ; Low Pulse Width  ; inst|altpll_component|pll|clk[0] ; Rise       ; SOPC:inst2|SOPC_cpu:cpu|SOPC_cpu_bht_module:SOPC_cpu_bht|altsyncram:the_altsyncram|altsyncram_d5g1:auto_generated|ram_block1a0~portb_address_reg0         ;
; 9.433 ; 12.500       ; 3.067          ; High Pulse Width ; inst|altpll_component|pll|clk[0] ; Rise       ; SOPC:inst2|SOPC_cpu:cpu|SOPC_cpu_bht_module:SOPC_cpu_bht|altsyncram:the_altsyncram|altsyncram_d5g1:auto_generated|ram_block1a0~portb_address_reg1         ;
; 9.433 ; 12.500       ; 3.067          ; Low Pulse Width  ; inst|altpll_component|pll|clk[0] ; Rise       ; SOPC:inst2|SOPC_cpu:cpu|SOPC_cpu_bht_module:SOPC_cpu_bht|altsyncram:the_altsyncram|altsyncram_d5g1:auto_generated|ram_block1a0~portb_address_reg1         ;
; 9.433 ; 12.500       ; 3.067          ; High Pulse Width ; inst|altpll_component|pll|clk[0] ; Rise       ; SOPC:inst2|SOPC_cpu:cpu|SOPC_cpu_bht_module:SOPC_cpu_bht|altsyncram:the_altsyncram|altsyncram_d5g1:auto_generated|ram_block1a0~portb_address_reg2         ;
; 9.433 ; 12.500       ; 3.067          ; Low Pulse Width  ; inst|altpll_component|pll|clk[0] ; Rise       ; SOPC:inst2|SOPC_cpu:cpu|SOPC_cpu_bht_module:SOPC_cpu_bht|altsyncram:the_altsyncram|altsyncram_d5g1:auto_generated|ram_block1a0~portb_address_reg2         ;
; 9.433 ; 12.500       ; 3.067          ; High Pulse Width ; inst|altpll_component|pll|clk[0] ; Rise       ; SOPC:inst2|SOPC_cpu:cpu|SOPC_cpu_bht_module:SOPC_cpu_bht|altsyncram:the_altsyncram|altsyncram_d5g1:auto_generated|ram_block1a0~portb_address_reg3         ;
; 9.433 ; 12.500       ; 3.067          ; Low Pulse Width  ; inst|altpll_component|pll|clk[0] ; Rise       ; SOPC:inst2|SOPC_cpu:cpu|SOPC_cpu_bht_module:SOPC_cpu_bht|altsyncram:the_altsyncram|altsyncram_d5g1:auto_generated|ram_block1a0~portb_address_reg3         ;
; 9.433 ; 12.500       ; 3.067          ; High Pulse Width ; inst|altpll_component|pll|clk[0] ; Rise       ; SOPC:inst2|SOPC_cpu:cpu|SOPC_cpu_bht_module:SOPC_cpu_bht|altsyncram:the_altsyncram|altsyncram_d5g1:auto_generated|ram_block1a0~portb_address_reg4         ;
; 9.433 ; 12.500       ; 3.067          ; Low Pulse Width  ; inst|altpll_component|pll|clk[0] ; Rise       ; SOPC:inst2|SOPC_cpu:cpu|SOPC_cpu_bht_module:SOPC_cpu_bht|altsyncram:the_altsyncram|altsyncram_d5g1:auto_generated|ram_block1a0~portb_address_reg4         ;
; 9.433 ; 12.500       ; 3.067          ; High Pulse Width ; inst|altpll_component|pll|clk[0] ; Rise       ; SOPC:inst2|SOPC_cpu:cpu|SOPC_cpu_bht_module:SOPC_cpu_bht|altsyncram:the_altsyncram|altsyncram_d5g1:auto_generated|ram_block1a0~portb_address_reg5         ;
; 9.433 ; 12.500       ; 3.067          ; Low Pulse Width  ; inst|altpll_component|pll|clk[0] ; Rise       ; SOPC:inst2|SOPC_cpu:cpu|SOPC_cpu_bht_module:SOPC_cpu_bht|altsyncram:the_altsyncram|altsyncram_d5g1:auto_generated|ram_block1a0~portb_address_reg5         ;
; 9.433 ; 12.500       ; 3.067          ; High Pulse Width ; inst|altpll_component|pll|clk[0] ; Rise       ; SOPC:inst2|SOPC_cpu:cpu|SOPC_cpu_bht_module:SOPC_cpu_bht|altsyncram:the_altsyncram|altsyncram_d5g1:auto_generated|ram_block1a0~portb_address_reg6         ;
; 9.433 ; 12.500       ; 3.067          ; Low Pulse Width  ; inst|altpll_component|pll|clk[0] ; Rise       ; SOPC:inst2|SOPC_cpu:cpu|SOPC_cpu_bht_module:SOPC_cpu_bht|altsyncram:the_altsyncram|altsyncram_d5g1:auto_generated|ram_block1a0~portb_address_reg6         ;
; 9.433 ; 12.500       ; 3.067          ; High Pulse Width ; inst|altpll_component|pll|clk[0] ; Rise       ; SOPC:inst2|SOPC_cpu:cpu|SOPC_cpu_bht_module:SOPC_cpu_bht|altsyncram:the_altsyncram|altsyncram_d5g1:auto_generated|ram_block1a0~portb_address_reg7         ;
; 9.433 ; 12.500       ; 3.067          ; Low Pulse Width  ; inst|altpll_component|pll|clk[0] ; Rise       ; SOPC:inst2|SOPC_cpu:cpu|SOPC_cpu_bht_module:SOPC_cpu_bht|altsyncram:the_altsyncram|altsyncram_d5g1:auto_generated|ram_block1a0~portb_address_reg7         ;
; 9.433 ; 12.500       ; 3.067          ; High Pulse Width ; inst|altpll_component|pll|clk[0] ; Rise       ; SOPC:inst2|SOPC_cpu:cpu|SOPC_cpu_bht_module:SOPC_cpu_bht|altsyncram:the_altsyncram|altsyncram_d5g1:auto_generated|ram_block1a0~portb_re_reg               ;
; 9.433 ; 12.500       ; 3.067          ; Low Pulse Width  ; inst|altpll_component|pll|clk[0] ; Rise       ; SOPC:inst2|SOPC_cpu:cpu|SOPC_cpu_bht_module:SOPC_cpu_bht|altsyncram:the_altsyncram|altsyncram_d5g1:auto_generated|ram_block1a0~portb_re_reg               ;
; 9.433 ; 12.500       ; 3.067          ; High Pulse Width ; inst|altpll_component|pll|clk[0] ; Rise       ; SOPC:inst2|SOPC_cpu:cpu|SOPC_cpu_bht_module:SOPC_cpu_bht|altsyncram:the_altsyncram|altsyncram_d5g1:auto_generated|ram_block1a1~porta_memory_reg0          ;
; 9.433 ; 12.500       ; 3.067          ; Low Pulse Width  ; inst|altpll_component|pll|clk[0] ; Rise       ; SOPC:inst2|SOPC_cpu:cpu|SOPC_cpu_bht_module:SOPC_cpu_bht|altsyncram:the_altsyncram|altsyncram_d5g1:auto_generated|ram_block1a1~porta_memory_reg0          ;
; 9.433 ; 12.500       ; 3.067          ; High Pulse Width ; inst|altpll_component|pll|clk[0] ; Rise       ; SOPC:inst2|SOPC_cpu:cpu|SOPC_cpu_ic_data_module:SOPC_cpu_ic_data|altsyncram:the_altsyncram|altsyncram_c9d1:auto_generated|ram_block1a0~porta_address_reg0 ;
; 9.433 ; 12.500       ; 3.067          ; Low Pulse Width  ; inst|altpll_component|pll|clk[0] ; Rise       ; SOPC:inst2|SOPC_cpu:cpu|SOPC_cpu_ic_data_module:SOPC_cpu_ic_data|altsyncram:the_altsyncram|altsyncram_c9d1:auto_generated|ram_block1a0~porta_address_reg0 ;
; 9.433 ; 12.500       ; 3.067          ; High Pulse Width ; inst|altpll_component|pll|clk[0] ; Rise       ; SOPC:inst2|SOPC_cpu:cpu|SOPC_cpu_ic_data_module:SOPC_cpu_ic_data|altsyncram:the_altsyncram|altsyncram_c9d1:auto_generated|ram_block1a0~porta_address_reg1 ;
; 9.433 ; 12.500       ; 3.067          ; Low Pulse Width  ; inst|altpll_component|pll|clk[0] ; Rise       ; SOPC:inst2|SOPC_cpu:cpu|SOPC_cpu_ic_data_module:SOPC_cpu_ic_data|altsyncram:the_altsyncram|altsyncram_c9d1:auto_generated|ram_block1a0~porta_address_reg1 ;
; 9.433 ; 12.500       ; 3.067          ; High Pulse Width ; inst|altpll_component|pll|clk[0] ; Rise       ; SOPC:inst2|SOPC_cpu:cpu|SOPC_cpu_ic_data_module:SOPC_cpu_ic_data|altsyncram:the_altsyncram|altsyncram_c9d1:auto_generated|ram_block1a0~porta_address_reg2 ;
; 9.433 ; 12.500       ; 3.067          ; Low Pulse Width  ; inst|altpll_component|pll|clk[0] ; Rise       ; SOPC:inst2|SOPC_cpu:cpu|SOPC_cpu_ic_data_module:SOPC_cpu_ic_data|altsyncram:the_altsyncram|altsyncram_c9d1:auto_generated|ram_block1a0~porta_address_reg2 ;
; 9.433 ; 12.500       ; 3.067          ; High Pulse Width ; inst|altpll_component|pll|clk[0] ; Rise       ; SOPC:inst2|SOPC_cpu:cpu|SOPC_cpu_ic_data_module:SOPC_cpu_ic_data|altsyncram:the_altsyncram|altsyncram_c9d1:auto_generated|ram_block1a0~porta_address_reg3 ;
; 9.433 ; 12.500       ; 3.067          ; Low Pulse Width  ; inst|altpll_component|pll|clk[0] ; Rise       ; SOPC:inst2|SOPC_cpu:cpu|SOPC_cpu_ic_data_module:SOPC_cpu_ic_data|altsyncram:the_altsyncram|altsyncram_c9d1:auto_generated|ram_block1a0~porta_address_reg3 ;
; 9.433 ; 12.500       ; 3.067          ; High Pulse Width ; inst|altpll_component|pll|clk[0] ; Rise       ; SOPC:inst2|SOPC_cpu:cpu|SOPC_cpu_ic_data_module:SOPC_cpu_ic_data|altsyncram:the_altsyncram|altsyncram_c9d1:auto_generated|ram_block1a0~porta_address_reg4 ;
; 9.433 ; 12.500       ; 3.067          ; Low Pulse Width  ; inst|altpll_component|pll|clk[0] ; Rise       ; SOPC:inst2|SOPC_cpu:cpu|SOPC_cpu_ic_data_module:SOPC_cpu_ic_data|altsyncram:the_altsyncram|altsyncram_c9d1:auto_generated|ram_block1a0~porta_address_reg4 ;
; 9.433 ; 12.500       ; 3.067          ; High Pulse Width ; inst|altpll_component|pll|clk[0] ; Rise       ; SOPC:inst2|SOPC_cpu:cpu|SOPC_cpu_ic_data_module:SOPC_cpu_ic_data|altsyncram:the_altsyncram|altsyncram_c9d1:auto_generated|ram_block1a0~porta_address_reg5 ;
; 9.433 ; 12.500       ; 3.067          ; Low Pulse Width  ; inst|altpll_component|pll|clk[0] ; Rise       ; SOPC:inst2|SOPC_cpu:cpu|SOPC_cpu_ic_data_module:SOPC_cpu_ic_data|altsyncram:the_altsyncram|altsyncram_c9d1:auto_generated|ram_block1a0~porta_address_reg5 ;
; 9.433 ; 12.500       ; 3.067          ; High Pulse Width ; inst|altpll_component|pll|clk[0] ; Rise       ; SOPC:inst2|SOPC_cpu:cpu|SOPC_cpu_ic_data_module:SOPC_cpu_ic_data|altsyncram:the_altsyncram|altsyncram_c9d1:auto_generated|ram_block1a0~porta_address_reg6 ;
; 9.433 ; 12.500       ; 3.067          ; Low Pulse Width  ; inst|altpll_component|pll|clk[0] ; Rise       ; SOPC:inst2|SOPC_cpu:cpu|SOPC_cpu_ic_data_module:SOPC_cpu_ic_data|altsyncram:the_altsyncram|altsyncram_c9d1:auto_generated|ram_block1a0~porta_address_reg6 ;
; 9.433 ; 12.500       ; 3.067          ; High Pulse Width ; inst|altpll_component|pll|clk[0] ; Rise       ; SOPC:inst2|SOPC_cpu:cpu|SOPC_cpu_ic_data_module:SOPC_cpu_ic_data|altsyncram:the_altsyncram|altsyncram_c9d1:auto_generated|ram_block1a0~porta_address_reg7 ;
; 9.433 ; 12.500       ; 3.067          ; Low Pulse Width  ; inst|altpll_component|pll|clk[0] ; Rise       ; SOPC:inst2|SOPC_cpu:cpu|SOPC_cpu_ic_data_module:SOPC_cpu_ic_data|altsyncram:the_altsyncram|altsyncram_c9d1:auto_generated|ram_block1a0~porta_address_reg7 ;
; 9.433 ; 12.500       ; 3.067          ; High Pulse Width ; inst|altpll_component|pll|clk[0] ; Rise       ; SOPC:inst2|SOPC_cpu:cpu|SOPC_cpu_ic_data_module:SOPC_cpu_ic_data|altsyncram:the_altsyncram|altsyncram_c9d1:auto_generated|ram_block1a0~porta_address_reg8 ;
; 9.433 ; 12.500       ; 3.067          ; Low Pulse Width  ; inst|altpll_component|pll|clk[0] ; Rise       ; SOPC:inst2|SOPC_cpu:cpu|SOPC_cpu_ic_data_module:SOPC_cpu_ic_data|altsyncram:the_altsyncram|altsyncram_c9d1:auto_generated|ram_block1a0~porta_address_reg8 ;
; 9.433 ; 12.500       ; 3.067          ; High Pulse Width ; inst|altpll_component|pll|clk[0] ; Rise       ; SOPC:inst2|SOPC_cpu:cpu|SOPC_cpu_ic_data_module:SOPC_cpu_ic_data|altsyncram:the_altsyncram|altsyncram_c9d1:auto_generated|ram_block1a0~porta_datain_reg0  ;
; 9.433 ; 12.500       ; 3.067          ; Low Pulse Width  ; inst|altpll_component|pll|clk[0] ; Rise       ; SOPC:inst2|SOPC_cpu:cpu|SOPC_cpu_ic_data_module:SOPC_cpu_ic_data|altsyncram:the_altsyncram|altsyncram_c9d1:auto_generated|ram_block1a0~porta_datain_reg0  ;
; 9.433 ; 12.500       ; 3.067          ; High Pulse Width ; inst|altpll_component|pll|clk[0] ; Rise       ; SOPC:inst2|SOPC_cpu:cpu|SOPC_cpu_ic_data_module:SOPC_cpu_ic_data|altsyncram:the_altsyncram|altsyncram_c9d1:auto_generated|ram_block1a0~porta_datain_reg1  ;
; 9.433 ; 12.500       ; 3.067          ; Low Pulse Width  ; inst|altpll_component|pll|clk[0] ; Rise       ; SOPC:inst2|SOPC_cpu:cpu|SOPC_cpu_ic_data_module:SOPC_cpu_ic_data|altsyncram:the_altsyncram|altsyncram_c9d1:auto_generated|ram_block1a0~porta_datain_reg1  ;
; 9.433 ; 12.500       ; 3.067          ; High Pulse Width ; inst|altpll_component|pll|clk[0] ; Rise       ; SOPC:inst2|SOPC_cpu:cpu|SOPC_cpu_ic_data_module:SOPC_cpu_ic_data|altsyncram:the_altsyncram|altsyncram_c9d1:auto_generated|ram_block1a0~porta_datain_reg2  ;
; 9.433 ; 12.500       ; 3.067          ; Low Pulse Width  ; inst|altpll_component|pll|clk[0] ; Rise       ; SOPC:inst2|SOPC_cpu:cpu|SOPC_cpu_ic_data_module:SOPC_cpu_ic_data|altsyncram:the_altsyncram|altsyncram_c9d1:auto_generated|ram_block1a0~porta_datain_reg2  ;
; 9.433 ; 12.500       ; 3.067          ; High Pulse Width ; inst|altpll_component|pll|clk[0] ; Rise       ; SOPC:inst2|SOPC_cpu:cpu|SOPC_cpu_ic_data_module:SOPC_cpu_ic_data|altsyncram:the_altsyncram|altsyncram_c9d1:auto_generated|ram_block1a0~porta_datain_reg3  ;
; 9.433 ; 12.500       ; 3.067          ; Low Pulse Width  ; inst|altpll_component|pll|clk[0] ; Rise       ; SOPC:inst2|SOPC_cpu:cpu|SOPC_cpu_ic_data_module:SOPC_cpu_ic_data|altsyncram:the_altsyncram|altsyncram_c9d1:auto_generated|ram_block1a0~porta_datain_reg3  ;
; 9.433 ; 12.500       ; 3.067          ; High Pulse Width ; inst|altpll_component|pll|clk[0] ; Rise       ; SOPC:inst2|SOPC_cpu:cpu|SOPC_cpu_ic_data_module:SOPC_cpu_ic_data|altsyncram:the_altsyncram|altsyncram_c9d1:auto_generated|ram_block1a0~porta_datain_reg4  ;
; 9.433 ; 12.500       ; 3.067          ; Low Pulse Width  ; inst|altpll_component|pll|clk[0] ; Rise       ; SOPC:inst2|SOPC_cpu:cpu|SOPC_cpu_ic_data_module:SOPC_cpu_ic_data|altsyncram:the_altsyncram|altsyncram_c9d1:auto_generated|ram_block1a0~porta_datain_reg4  ;
; 9.433 ; 12.500       ; 3.067          ; High Pulse Width ; inst|altpll_component|pll|clk[0] ; Rise       ; SOPC:inst2|SOPC_cpu:cpu|SOPC_cpu_ic_data_module:SOPC_cpu_ic_data|altsyncram:the_altsyncram|altsyncram_c9d1:auto_generated|ram_block1a0~porta_datain_reg5  ;
; 9.433 ; 12.500       ; 3.067          ; Low Pulse Width  ; inst|altpll_component|pll|clk[0] ; Rise       ; SOPC:inst2|SOPC_cpu:cpu|SOPC_cpu_ic_data_module:SOPC_cpu_ic_data|altsyncram:the_altsyncram|altsyncram_c9d1:auto_generated|ram_block1a0~porta_datain_reg5  ;
; 9.433 ; 12.500       ; 3.067          ; High Pulse Width ; inst|altpll_component|pll|clk[0] ; Rise       ; SOPC:inst2|SOPC_cpu:cpu|SOPC_cpu_ic_data_module:SOPC_cpu_ic_data|altsyncram:the_altsyncram|altsyncram_c9d1:auto_generated|ram_block1a0~porta_datain_reg6  ;
; 9.433 ; 12.500       ; 3.067          ; Low Pulse Width  ; inst|altpll_component|pll|clk[0] ; Rise       ; SOPC:inst2|SOPC_cpu:cpu|SOPC_cpu_ic_data_module:SOPC_cpu_ic_data|altsyncram:the_altsyncram|altsyncram_c9d1:auto_generated|ram_block1a0~porta_datain_reg6  ;
; 9.433 ; 12.500       ; 3.067          ; High Pulse Width ; inst|altpll_component|pll|clk[0] ; Rise       ; SOPC:inst2|SOPC_cpu:cpu|SOPC_cpu_ic_data_module:SOPC_cpu_ic_data|altsyncram:the_altsyncram|altsyncram_c9d1:auto_generated|ram_block1a0~porta_datain_reg7  ;
; 9.433 ; 12.500       ; 3.067          ; Low Pulse Width  ; inst|altpll_component|pll|clk[0] ; Rise       ; SOPC:inst2|SOPC_cpu:cpu|SOPC_cpu_ic_data_module:SOPC_cpu_ic_data|altsyncram:the_altsyncram|altsyncram_c9d1:auto_generated|ram_block1a0~porta_datain_reg7  ;
; 9.433 ; 12.500       ; 3.067          ; High Pulse Width ; inst|altpll_component|pll|clk[0] ; Rise       ; SOPC:inst2|SOPC_cpu:cpu|SOPC_cpu_ic_data_module:SOPC_cpu_ic_data|altsyncram:the_altsyncram|altsyncram_c9d1:auto_generated|ram_block1a0~porta_datain_reg8  ;
; 9.433 ; 12.500       ; 3.067          ; Low Pulse Width  ; inst|altpll_component|pll|clk[0] ; Rise       ; SOPC:inst2|SOPC_cpu:cpu|SOPC_cpu_ic_data_module:SOPC_cpu_ic_data|altsyncram:the_altsyncram|altsyncram_c9d1:auto_generated|ram_block1a0~porta_datain_reg8  ;
; 9.433 ; 12.500       ; 3.067          ; High Pulse Width ; inst|altpll_component|pll|clk[0] ; Rise       ; SOPC:inst2|SOPC_cpu:cpu|SOPC_cpu_ic_data_module:SOPC_cpu_ic_data|altsyncram:the_altsyncram|altsyncram_c9d1:auto_generated|ram_block1a0~porta_memory_reg0  ;
; 9.433 ; 12.500       ; 3.067          ; Low Pulse Width  ; inst|altpll_component|pll|clk[0] ; Rise       ; SOPC:inst2|SOPC_cpu:cpu|SOPC_cpu_ic_data_module:SOPC_cpu_ic_data|altsyncram:the_altsyncram|altsyncram_c9d1:auto_generated|ram_block1a0~porta_memory_reg0  ;
; 9.433 ; 12.500       ; 3.067          ; High Pulse Width ; inst|altpll_component|pll|clk[0] ; Rise       ; SOPC:inst2|SOPC_cpu:cpu|SOPC_cpu_ic_data_module:SOPC_cpu_ic_data|altsyncram:the_altsyncram|altsyncram_c9d1:auto_generated|ram_block1a0~porta_we_reg       ;
; 9.433 ; 12.500       ; 3.067          ; Low Pulse Width  ; inst|altpll_component|pll|clk[0] ; Rise       ; SOPC:inst2|SOPC_cpu:cpu|SOPC_cpu_ic_data_module:SOPC_cpu_ic_data|altsyncram:the_altsyncram|altsyncram_c9d1:auto_generated|ram_block1a0~porta_we_reg       ;
; 9.433 ; 12.500       ; 3.067          ; High Pulse Width ; inst|altpll_component|pll|clk[0] ; Rise       ; SOPC:inst2|SOPC_cpu:cpu|SOPC_cpu_ic_data_module:SOPC_cpu_ic_data|altsyncram:the_altsyncram|altsyncram_c9d1:auto_generated|ram_block1a0~portb_address_reg0 ;
; 9.433 ; 12.500       ; 3.067          ; Low Pulse Width  ; inst|altpll_component|pll|clk[0] ; Rise       ; SOPC:inst2|SOPC_cpu:cpu|SOPC_cpu_ic_data_module:SOPC_cpu_ic_data|altsyncram:the_altsyncram|altsyncram_c9d1:auto_generated|ram_block1a0~portb_address_reg0 ;
; 9.433 ; 12.500       ; 3.067          ; High Pulse Width ; inst|altpll_component|pll|clk[0] ; Rise       ; SOPC:inst2|SOPC_cpu:cpu|SOPC_cpu_ic_data_module:SOPC_cpu_ic_data|altsyncram:the_altsyncram|altsyncram_c9d1:auto_generated|ram_block1a0~portb_address_reg1 ;
; 9.433 ; 12.500       ; 3.067          ; Low Pulse Width  ; inst|altpll_component|pll|clk[0] ; Rise       ; SOPC:inst2|SOPC_cpu:cpu|SOPC_cpu_ic_data_module:SOPC_cpu_ic_data|altsyncram:the_altsyncram|altsyncram_c9d1:auto_generated|ram_block1a0~portb_address_reg1 ;
; 9.433 ; 12.500       ; 3.067          ; High Pulse Width ; inst|altpll_component|pll|clk[0] ; Rise       ; SOPC:inst2|SOPC_cpu:cpu|SOPC_cpu_ic_data_module:SOPC_cpu_ic_data|altsyncram:the_altsyncram|altsyncram_c9d1:auto_generated|ram_block1a0~portb_address_reg2 ;
; 9.433 ; 12.500       ; 3.067          ; Low Pulse Width  ; inst|altpll_component|pll|clk[0] ; Rise       ; SOPC:inst2|SOPC_cpu:cpu|SOPC_cpu_ic_data_module:SOPC_cpu_ic_data|altsyncram:the_altsyncram|altsyncram_c9d1:auto_generated|ram_block1a0~portb_address_reg2 ;
; 9.433 ; 12.500       ; 3.067          ; High Pulse Width ; inst|altpll_component|pll|clk[0] ; Rise       ; SOPC:inst2|SOPC_cpu:cpu|SOPC_cpu_ic_data_module:SOPC_cpu_ic_data|altsyncram:the_altsyncram|altsyncram_c9d1:auto_generated|ram_block1a0~portb_address_reg3 ;
; 9.433 ; 12.500       ; 3.067          ; Low Pulse Width  ; inst|altpll_component|pll|clk[0] ; Rise       ; SOPC:inst2|SOPC_cpu:cpu|SOPC_cpu_ic_data_module:SOPC_cpu_ic_data|altsyncram:the_altsyncram|altsyncram_c9d1:auto_generated|ram_block1a0~portb_address_reg3 ;
; 9.433 ; 12.500       ; 3.067          ; High Pulse Width ; inst|altpll_component|pll|clk[0] ; Rise       ; SOPC:inst2|SOPC_cpu:cpu|SOPC_cpu_ic_data_module:SOPC_cpu_ic_data|altsyncram:the_altsyncram|altsyncram_c9d1:auto_generated|ram_block1a0~portb_address_reg4 ;
; 9.433 ; 12.500       ; 3.067          ; Low Pulse Width  ; inst|altpll_component|pll|clk[0] ; Rise       ; SOPC:inst2|SOPC_cpu:cpu|SOPC_cpu_ic_data_module:SOPC_cpu_ic_data|altsyncram:the_altsyncram|altsyncram_c9d1:auto_generated|ram_block1a0~portb_address_reg4 ;
; 9.433 ; 12.500       ; 3.067          ; High Pulse Width ; inst|altpll_component|pll|clk[0] ; Rise       ; SOPC:inst2|SOPC_cpu:cpu|SOPC_cpu_ic_data_module:SOPC_cpu_ic_data|altsyncram:the_altsyncram|altsyncram_c9d1:auto_generated|ram_block1a0~portb_address_reg5 ;
; 9.433 ; 12.500       ; 3.067          ; Low Pulse Width  ; inst|altpll_component|pll|clk[0] ; Rise       ; SOPC:inst2|SOPC_cpu:cpu|SOPC_cpu_ic_data_module:SOPC_cpu_ic_data|altsyncram:the_altsyncram|altsyncram_c9d1:auto_generated|ram_block1a0~portb_address_reg5 ;
+-------+--------------+----------------+------------------+----------------------------------+------------+-----------------------------------------------------------------------------------------------------------------------------------------------------------+


+----------------------------------------------------------------------------------------------------------------------+
; Slow Model Minimum Pulse Width: 'clk_in'                                                                             ;
+--------+--------------+----------------+------------------+--------+------------+------------------------------------+
; Slack  ; Actual Width ; Required Width ; Type             ; Clock  ; Clock Edge ; Target                             ;
+--------+--------------+----------------+------------------+--------+------------+------------------------------------+
; 12.500 ; 12.500       ; 0.000          ; High Pulse Width ; clk_in ; Rise       ; CLK|combout                        ;
; 12.500 ; 12.500       ; 0.000          ; Low Pulse Width  ; clk_in ; Rise       ; CLK|combout                        ;
; 12.500 ; 12.500       ; 0.000          ; High Pulse Width ; clk_in ; Rise       ; inst|altpll_component|pll|clk[0]   ;
; 12.500 ; 12.500       ; 0.000          ; Low Pulse Width  ; clk_in ; Rise       ; inst|altpll_component|pll|clk[0]   ;
; 12.500 ; 12.500       ; 0.000          ; High Pulse Width ; clk_in ; Rise       ; inst|altpll_component|pll|clk[1]   ;
; 12.500 ; 12.500       ; 0.000          ; Low Pulse Width  ; clk_in ; Rise       ; inst|altpll_component|pll|clk[1]   ;
; 12.500 ; 12.500       ; 0.000          ; High Pulse Width ; clk_in ; Rise       ; inst|altpll_component|pll|inclk[0] ;
; 12.500 ; 12.500       ; 0.000          ; Low Pulse Width  ; clk_in ; Rise       ; inst|altpll_component|pll|inclk[0] ;
; 22.059 ; 25.000       ; 2.941          ; Port Rate        ; clk_in ; Rise       ; CLK                                ;
+--------+--------------+----------------+------------------+--------+------------+------------------------------------+


+-------------------------------------------------------------------------------------------------------------+
; Slow Model Minimum Pulse Width: 'altera_reserved_tck'                                                       ;
+--------+--------------+----------------+-----------+---------------------+------------+---------------------+
; Slack  ; Actual Width ; Required Width ; Type      ; Clock               ; Clock Edge ; Target              ;
+--------+--------------+----------------+-----------+---------------------+------------+---------------------+
; 97.223 ; 100.000      ; 2.777          ; Port Rate ; altera_reserved_tck ; Rise       ; altera_reserved_tck ;
+--------+--------------+----------------+-----------+---------------------+------------+---------------------+


+-------------------------------------------------------------------------------------------------------------------------+
; Setup Times                                                                                                             ;
+--------------------------------------------+------------+-------+-------+------------+----------------------------------+
; Data Port                                  ; Clock Port ; Rise  ; Fall  ; Clock Edge ; Clock Reference                  ;
+--------------------------------------------+------------+-------+-------+------------+----------------------------------+
; DQ[*]                                      ; clk_in     ; 1.573 ; 1.573 ; Rise       ; inst|altpll_component|pll|clk[0] ;
;  DQ[0]                                     ; clk_in     ; 1.573 ; 1.573 ; Rise       ; inst|altpll_component|pll|clk[0] ;
;  DQ[1]                                     ; clk_in     ; 1.573 ; 1.573 ; Rise       ; inst|altpll_component|pll|clk[0] ;
;  DQ[2]                                     ; clk_in     ; 1.562 ; 1.562 ; Rise       ; inst|altpll_component|pll|clk[0] ;
;  DQ[3]                                     ; clk_in     ; 1.568 ; 1.568 ; Rise       ; inst|altpll_component|pll|clk[0] ;
;  DQ[4]                                     ; clk_in     ; 1.552 ; 1.552 ; Rise       ; inst|altpll_component|pll|clk[0] ;
;  DQ[5]                                     ; clk_in     ; 1.552 ; 1.552 ; Rise       ; inst|altpll_component|pll|clk[0] ;
;  DQ[6]                                     ; clk_in     ; 1.454 ; 1.454 ; Rise       ; inst|altpll_component|pll|clk[0] ;
;  DQ[7]                                     ; clk_in     ; 1.444 ; 1.444 ; Rise       ; inst|altpll_component|pll|clk[0] ;
;  DQ[8]                                     ; clk_in     ; 1.546 ; 1.546 ; Rise       ; inst|altpll_component|pll|clk[0] ;
;  DQ[9]                                     ; clk_in     ; 1.548 ; 1.548 ; Rise       ; inst|altpll_component|pll|clk[0] ;
;  DQ[10]                                    ; clk_in     ; 1.558 ; 1.558 ; Rise       ; inst|altpll_component|pll|clk[0] ;
;  DQ[11]                                    ; clk_in     ; 1.548 ; 1.548 ; Rise       ; inst|altpll_component|pll|clk[0] ;
;  DQ[12]                                    ; clk_in     ; 1.548 ; 1.548 ; Rise       ; inst|altpll_component|pll|clk[0] ;
;  DQ[13]                                    ; clk_in     ; 1.560 ; 1.560 ; Rise       ; inst|altpll_component|pll|clk[0] ;
;  DQ[14]                                    ; clk_in     ; 1.548 ; 1.548 ; Rise       ; inst|altpll_component|pll|clk[0] ;
;  DQ[15]                                    ; clk_in     ; 1.544 ; 1.544 ; Rise       ; inst|altpll_component|pll|clk[0] ;
; MISO_to_the_spi_touch                      ; clk_in     ; 7.587 ; 7.587 ; Rise       ; inst|altpll_component|pll|clk[0] ;
; bidir_port_to_and_from_the_lcd32_data[*]   ; clk_in     ; 8.003 ; 8.003 ; Rise       ; inst|altpll_component|pll|clk[0] ;
;  bidir_port_to_and_from_the_lcd32_data[0]  ; clk_in     ; 7.789 ; 7.789 ; Rise       ; inst|altpll_component|pll|clk[0] ;
;  bidir_port_to_and_from_the_lcd32_data[1]  ; clk_in     ; 7.574 ; 7.574 ; Rise       ; inst|altpll_component|pll|clk[0] ;
;  bidir_port_to_and_from_the_lcd32_data[2]  ; clk_in     ; 7.307 ; 7.307 ; Rise       ; inst|altpll_component|pll|clk[0] ;
;  bidir_port_to_and_from_the_lcd32_data[3]  ; clk_in     ; 7.364 ; 7.364 ; Rise       ; inst|altpll_component|pll|clk[0] ;
;  bidir_port_to_and_from_the_lcd32_data[4]  ; clk_in     ; 7.765 ; 7.765 ; Rise       ; inst|altpll_component|pll|clk[0] ;
;  bidir_port_to_and_from_the_lcd32_data[5]  ; clk_in     ; 7.787 ; 7.787 ; Rise       ; inst|altpll_component|pll|clk[0] ;
;  bidir_port_to_and_from_the_lcd32_data[6]  ; clk_in     ; 7.425 ; 7.425 ; Rise       ; inst|altpll_component|pll|clk[0] ;
;  bidir_port_to_and_from_the_lcd32_data[7]  ; clk_in     ; 7.804 ; 7.804 ; Rise       ; inst|altpll_component|pll|clk[0] ;
;  bidir_port_to_and_from_the_lcd32_data[8]  ; clk_in     ; 7.351 ; 7.351 ; Rise       ; inst|altpll_component|pll|clk[0] ;
;  bidir_port_to_and_from_the_lcd32_data[9]  ; clk_in     ; 7.769 ; 7.769 ; Rise       ; inst|altpll_component|pll|clk[0] ;
;  bidir_port_to_and_from_the_lcd32_data[10] ; clk_in     ; 7.946 ; 7.946 ; Rise       ; inst|altpll_component|pll|clk[0] ;
;  bidir_port_to_and_from_the_lcd32_data[11] ; clk_in     ; 8.003 ; 8.003 ; Rise       ; inst|altpll_component|pll|clk[0] ;
;  bidir_port_to_and_from_the_lcd32_data[12] ; clk_in     ; 7.553 ; 7.553 ; Rise       ; inst|altpll_component|pll|clk[0] ;
;  bidir_port_to_and_from_the_lcd32_data[13] ; clk_in     ; 7.328 ; 7.328 ; Rise       ; inst|altpll_component|pll|clk[0] ;
;  bidir_port_to_and_from_the_lcd32_data[14] ; clk_in     ; 7.354 ; 7.354 ; Rise       ; inst|altpll_component|pll|clk[0] ;
;  bidir_port_to_and_from_the_lcd32_data[15] ; clk_in     ; 7.001 ; 7.001 ; Rise       ; inst|altpll_component|pll|clk[0] ;
+--------------------------------------------+------------+-------+-------+------------+----------------------------------+


+---------------------------------------------------------------------------------------------------------------------------+
; Hold Times                                                                                                                ;
+--------------------------------------------+------------+--------+--------+------------+----------------------------------+
; Data Port                                  ; Clock Port ; Rise   ; Fall   ; Clock Edge ; Clock Reference                  ;
+--------------------------------------------+------------+--------+--------+------------+----------------------------------+
; DQ[*]                                      ; clk_in     ; -1.217 ; -1.217 ; Rise       ; inst|altpll_component|pll|clk[0] ;
;  DQ[0]                                     ; clk_in     ; -1.366 ; -1.366 ; Rise       ; inst|altpll_component|pll|clk[0] ;
;  DQ[1]                                     ; clk_in     ; -1.366 ; -1.366 ; Rise       ; inst|altpll_component|pll|clk[0] ;
;  DQ[2]                                     ; clk_in     ; -1.355 ; -1.355 ; Rise       ; inst|altpll_component|pll|clk[0] ;
;  DQ[3]                                     ; clk_in     ; -1.361 ; -1.361 ; Rise       ; inst|altpll_component|pll|clk[0] ;
;  DQ[4]                                     ; clk_in     ; -1.345 ; -1.345 ; Rise       ; inst|altpll_component|pll|clk[0] ;
;  DQ[5]                                     ; clk_in     ; -1.345 ; -1.345 ; Rise       ; inst|altpll_component|pll|clk[0] ;
;  DQ[6]                                     ; clk_in     ; -1.227 ; -1.227 ; Rise       ; inst|altpll_component|pll|clk[0] ;
;  DQ[7]                                     ; clk_in     ; -1.217 ; -1.217 ; Rise       ; inst|altpll_component|pll|clk[0] ;
;  DQ[8]                                     ; clk_in     ; -1.339 ; -1.339 ; Rise       ; inst|altpll_component|pll|clk[0] ;
;  DQ[9]                                     ; clk_in     ; -1.341 ; -1.341 ; Rise       ; inst|altpll_component|pll|clk[0] ;
;  DQ[10]                                    ; clk_in     ; -1.351 ; -1.351 ; Rise       ; inst|altpll_component|pll|clk[0] ;
;  DQ[11]                                    ; clk_in     ; -1.341 ; -1.341 ; Rise       ; inst|altpll_component|pll|clk[0] ;
;  DQ[12]                                    ; clk_in     ; -1.341 ; -1.341 ; Rise       ; inst|altpll_component|pll|clk[0] ;
;  DQ[13]                                    ; clk_in     ; -1.353 ; -1.353 ; Rise       ; inst|altpll_component|pll|clk[0] ;
;  DQ[14]                                    ; clk_in     ; -1.341 ; -1.341 ; Rise       ; inst|altpll_component|pll|clk[0] ;
;  DQ[15]                                    ; clk_in     ; -1.337 ; -1.337 ; Rise       ; inst|altpll_component|pll|clk[0] ;
; MISO_to_the_spi_touch                      ; clk_in     ; -7.321 ; -7.321 ; Rise       ; inst|altpll_component|pll|clk[0] ;
; bidir_port_to_and_from_the_lcd32_data[*]   ; clk_in     ; -6.735 ; -6.735 ; Rise       ; inst|altpll_component|pll|clk[0] ;
;  bidir_port_to_and_from_the_lcd32_data[0]  ; clk_in     ; -7.523 ; -7.523 ; Rise       ; inst|altpll_component|pll|clk[0] ;
;  bidir_port_to_and_from_the_lcd32_data[1]  ; clk_in     ; -7.308 ; -7.308 ; Rise       ; inst|altpll_component|pll|clk[0] ;
;  bidir_port_to_and_from_the_lcd32_data[2]  ; clk_in     ; -7.041 ; -7.041 ; Rise       ; inst|altpll_component|pll|clk[0] ;
;  bidir_port_to_and_from_the_lcd32_data[3]  ; clk_in     ; -7.098 ; -7.098 ; Rise       ; inst|altpll_component|pll|clk[0] ;
;  bidir_port_to_and_from_the_lcd32_data[4]  ; clk_in     ; -7.499 ; -7.499 ; Rise       ; inst|altpll_component|pll|clk[0] ;
;  bidir_port_to_and_from_the_lcd32_data[5]  ; clk_in     ; -7.521 ; -7.521 ; Rise       ; inst|altpll_component|pll|clk[0] ;
;  bidir_port_to_and_from_the_lcd32_data[6]  ; clk_in     ; -7.159 ; -7.159 ; Rise       ; inst|altpll_component|pll|clk[0] ;
;  bidir_port_to_and_from_the_lcd32_data[7]  ; clk_in     ; -7.538 ; -7.538 ; Rise       ; inst|altpll_component|pll|clk[0] ;
;  bidir_port_to_and_from_the_lcd32_data[8]  ; clk_in     ; -7.085 ; -7.085 ; Rise       ; inst|altpll_component|pll|clk[0] ;
;  bidir_port_to_and_from_the_lcd32_data[9]  ; clk_in     ; -7.503 ; -7.503 ; Rise       ; inst|altpll_component|pll|clk[0] ;
;  bidir_port_to_and_from_the_lcd32_data[10] ; clk_in     ; -7.680 ; -7.680 ; Rise       ; inst|altpll_component|pll|clk[0] ;
;  bidir_port_to_and_from_the_lcd32_data[11] ; clk_in     ; -7.737 ; -7.737 ; Rise       ; inst|altpll_component|pll|clk[0] ;
;  bidir_port_to_and_from_the_lcd32_data[12] ; clk_in     ; -7.287 ; -7.287 ; Rise       ; inst|altpll_component|pll|clk[0] ;
;  bidir_port_to_and_from_the_lcd32_data[13] ; clk_in     ; -7.062 ; -7.062 ; Rise       ; inst|altpll_component|pll|clk[0] ;
;  bidir_port_to_and_from_the_lcd32_data[14] ; clk_in     ; -7.088 ; -7.088 ; Rise       ; inst|altpll_component|pll|clk[0] ;
;  bidir_port_to_and_from_the_lcd32_data[15] ; clk_in     ; -6.735 ; -6.735 ; Rise       ; inst|altpll_component|pll|clk[0] ;
+--------------------------------------------+------------+--------+--------+------------+----------------------------------+


+---------------------------------------------------------------------------------------------------------------------------+
; Clock to Output Times                                                                                                     ;
+--------------------------------------------+------------+--------+--------+------------+----------------------------------+
; Data Port                                  ; Clock Port ; Rise   ; Fall   ; Clock Edge ; Clock Reference                  ;
+--------------------------------------------+------------+--------+--------+------------+----------------------------------+
; BA[*]                                      ; clk_in     ; 3.166  ; 3.166  ; Rise       ; inst|altpll_component|pll|clk[0] ;
;  BA[0]                                     ; clk_in     ; 3.166  ; 3.166  ; Rise       ; inst|altpll_component|pll|clk[0] ;
;  BA[1]                                     ; clk_in     ; 3.154  ; 3.154  ; Rise       ; inst|altpll_component|pll|clk[0] ;
; CAS                                        ; clk_in     ; 3.167  ; 3.167  ; Rise       ; inst|altpll_component|pll|clk[0] ;
; CS                                         ; clk_in     ; 3.156  ; 3.156  ; Rise       ; inst|altpll_component|pll|clk[0] ;
; DQ[*]                                      ; clk_in     ; 3.167  ; 3.167  ; Rise       ; inst|altpll_component|pll|clk[0] ;
;  DQ[0]                                     ; clk_in     ; 2.752  ; 2.752  ; Rise       ; inst|altpll_component|pll|clk[0] ;
;  DQ[1]                                     ; clk_in     ; 2.752  ; 2.752  ; Rise       ; inst|altpll_component|pll|clk[0] ;
;  DQ[2]                                     ; clk_in     ; 2.763  ; 2.763  ; Rise       ; inst|altpll_component|pll|clk[0] ;
;  DQ[3]                                     ; clk_in     ; 2.757  ; 2.757  ; Rise       ; inst|altpll_component|pll|clk[0] ;
;  DQ[4]                                     ; clk_in     ; 2.753  ; 2.753  ; Rise       ; inst|altpll_component|pll|clk[0] ;
;  DQ[5]                                     ; clk_in     ; 2.753  ; 2.753  ; Rise       ; inst|altpll_component|pll|clk[0] ;
;  DQ[6]                                     ; clk_in     ; 3.167  ; 3.167  ; Rise       ; inst|altpll_component|pll|clk[0] ;
;  DQ[7]                                     ; clk_in     ; 3.157  ; 3.157  ; Rise       ; inst|altpll_component|pll|clk[0] ;
;  DQ[8]                                     ; clk_in     ; 2.779  ; 2.779  ; Rise       ; inst|altpll_component|pll|clk[0] ;
;  DQ[9]                                     ; clk_in     ; 2.777  ; 2.777  ; Rise       ; inst|altpll_component|pll|clk[0] ;
;  DQ[10]                                    ; clk_in     ; 2.787  ; 2.787  ; Rise       ; inst|altpll_component|pll|clk[0] ;
;  DQ[11]                                    ; clk_in     ; 2.757  ; 2.757  ; Rise       ; inst|altpll_component|pll|clk[0] ;
;  DQ[12]                                    ; clk_in     ; 2.757  ; 2.757  ; Rise       ; inst|altpll_component|pll|clk[0] ;
;  DQ[13]                                    ; clk_in     ; 2.745  ; 2.745  ; Rise       ; inst|altpll_component|pll|clk[0] ;
;  DQ[14]                                    ; clk_in     ; 2.757  ; 2.757  ; Rise       ; inst|altpll_component|pll|clk[0] ;
;  DQ[15]                                    ; clk_in     ; 2.761  ; 2.761  ; Rise       ; inst|altpll_component|pll|clk[0] ;
; MOSI_from_the_spi_touch                    ; clk_in     ; 4.922  ; 4.922  ; Rise       ; inst|altpll_component|pll|clk[0] ;
; RA[*]                                      ; clk_in     ; 3.178  ; 3.178  ; Rise       ; inst|altpll_component|pll|clk[0] ;
;  RA[0]                                     ; clk_in     ; 3.132  ; 3.132  ; Rise       ; inst|altpll_component|pll|clk[0] ;
;  RA[1]                                     ; clk_in     ; 3.152  ; 3.152  ; Rise       ; inst|altpll_component|pll|clk[0] ;
;  RA[2]                                     ; clk_in     ; 3.133  ; 3.133  ; Rise       ; inst|altpll_component|pll|clk[0] ;
;  RA[3]                                     ; clk_in     ; 3.133  ; 3.133  ; Rise       ; inst|altpll_component|pll|clk[0] ;
;  RA[4]                                     ; clk_in     ; 3.153  ; 3.153  ; Rise       ; inst|altpll_component|pll|clk[0] ;
;  RA[5]                                     ; clk_in     ; 3.153  ; 3.153  ; Rise       ; inst|altpll_component|pll|clk[0] ;
;  RA[6]                                     ; clk_in     ; 3.163  ; 3.163  ; Rise       ; inst|altpll_component|pll|clk[0] ;
;  RA[7]                                     ; clk_in     ; 3.161  ; 3.161  ; Rise       ; inst|altpll_component|pll|clk[0] ;
;  RA[8]                                     ; clk_in     ; 3.157  ; 3.157  ; Rise       ; inst|altpll_component|pll|clk[0] ;
;  RA[9]                                     ; clk_in     ; 3.163  ; 3.163  ; Rise       ; inst|altpll_component|pll|clk[0] ;
;  RA[10]                                    ; clk_in     ; 3.154  ; 3.154  ; Rise       ; inst|altpll_component|pll|clk[0] ;
;  RA[11]                                    ; clk_in     ; 3.178  ; 3.178  ; Rise       ; inst|altpll_component|pll|clk[0] ;
;  RA[12]                                    ; clk_in     ; 3.168  ; 3.168  ; Rise       ; inst|altpll_component|pll|clk[0] ;
; RAS                                        ; clk_in     ; 3.167  ; 3.167  ; Rise       ; inst|altpll_component|pll|clk[0] ;
; SCLK_from_the_spi_touch                    ; clk_in     ; 4.579  ; 4.579  ; Rise       ; inst|altpll_component|pll|clk[0] ;
; SS_n_from_the_spi_touch                    ; clk_in     ; 6.611  ; 6.611  ; Rise       ; inst|altpll_component|pll|clk[0] ;
; S_DQM[*]                                   ; clk_in     ; 3.167  ; 3.167  ; Rise       ; inst|altpll_component|pll|clk[0] ;
;  S_DQM[0]                                  ; clk_in     ; 3.167  ; 3.167  ; Rise       ; inst|altpll_component|pll|clk[0] ;
;  S_DQM[1]                                  ; clk_in     ; 2.789  ; 2.789  ; Rise       ; inst|altpll_component|pll|clk[0] ;
; WE                                         ; clk_in     ; 3.167  ; 3.167  ; Rise       ; inst|altpll_component|pll|clk[0] ;
; bidir_port_to_and_from_the_lcd32_data[*]   ; clk_in     ; 5.676  ; 5.676  ; Rise       ; inst|altpll_component|pll|clk[0] ;
;  bidir_port_to_and_from_the_lcd32_data[0]  ; clk_in     ; 5.636  ; 5.636  ; Rise       ; inst|altpll_component|pll|clk[0] ;
;  bidir_port_to_and_from_the_lcd32_data[1]  ; clk_in     ; 5.676  ; 5.676  ; Rise       ; inst|altpll_component|pll|clk[0] ;
;  bidir_port_to_and_from_the_lcd32_data[2]  ; clk_in     ; 5.624  ; 5.624  ; Rise       ; inst|altpll_component|pll|clk[0] ;
;  bidir_port_to_and_from_the_lcd32_data[3]  ; clk_in     ; 5.623  ; 5.623  ; Rise       ; inst|altpll_component|pll|clk[0] ;
;  bidir_port_to_and_from_the_lcd32_data[4]  ; clk_in     ; 5.637  ; 5.637  ; Rise       ; inst|altpll_component|pll|clk[0] ;
;  bidir_port_to_and_from_the_lcd32_data[5]  ; clk_in     ; 5.611  ; 5.611  ; Rise       ; inst|altpll_component|pll|clk[0] ;
;  bidir_port_to_and_from_the_lcd32_data[6]  ; clk_in     ; 5.215  ; 5.215  ; Rise       ; inst|altpll_component|pll|clk[0] ;
;  bidir_port_to_and_from_the_lcd32_data[7]  ; clk_in     ; 5.423  ; 5.423  ; Rise       ; inst|altpll_component|pll|clk[0] ;
;  bidir_port_to_and_from_the_lcd32_data[8]  ; clk_in     ; 5.385  ; 5.385  ; Rise       ; inst|altpll_component|pll|clk[0] ;
;  bidir_port_to_and_from_the_lcd32_data[9]  ; clk_in     ; 5.450  ; 5.450  ; Rise       ; inst|altpll_component|pll|clk[0] ;
;  bidir_port_to_and_from_the_lcd32_data[10] ; clk_in     ; 5.292  ; 5.292  ; Rise       ; inst|altpll_component|pll|clk[0] ;
;  bidir_port_to_and_from_the_lcd32_data[11] ; clk_in     ; 5.290  ; 5.290  ; Rise       ; inst|altpll_component|pll|clk[0] ;
;  bidir_port_to_and_from_the_lcd32_data[12] ; clk_in     ; 5.286  ; 5.286  ; Rise       ; inst|altpll_component|pll|clk[0] ;
;  bidir_port_to_and_from_the_lcd32_data[13] ; clk_in     ; 5.447  ; 5.447  ; Rise       ; inst|altpll_component|pll|clk[0] ;
;  bidir_port_to_and_from_the_lcd32_data[14] ; clk_in     ; 4.914  ; 4.914  ; Rise       ; inst|altpll_component|pll|clk[0] ;
;  bidir_port_to_and_from_the_lcd32_data[15] ; clk_in     ; 4.575  ; 4.575  ; Rise       ; inst|altpll_component|pll|clk[0] ;
; buzz[*]                                    ; clk_in     ; 6.024  ; 6.024  ; Rise       ; inst|altpll_component|pll|clk[0] ;
;  buzz[0]                                   ; clk_in     ; 5.185  ; 5.185  ; Rise       ; inst|altpll_component|pll|clk[0] ;
;  buzz[1]                                   ; clk_in     ; 6.024  ; 6.024  ; Rise       ; inst|altpll_component|pll|clk[0] ;
;  buzz[2]                                   ; clk_in     ; 5.673  ; 5.673  ; Rise       ; inst|altpll_component|pll|clk[0] ;
;  buzz[3]                                   ; clk_in     ; 5.717  ; 5.717  ; Rise       ; inst|altpll_component|pll|clk[0] ;
; led[*]                                     ; clk_in     ; 6.032  ; 6.032  ; Rise       ; inst|altpll_component|pll|clk[0] ;
;  led[0]                                    ; clk_in     ; 5.290  ; 5.290  ; Rise       ; inst|altpll_component|pll|clk[0] ;
;  led[1]                                    ; clk_in     ; 5.265  ; 5.265  ; Rise       ; inst|altpll_component|pll|clk[0] ;
;  led[2]                                    ; clk_in     ; 6.032  ; 6.032  ; Rise       ; inst|altpll_component|pll|clk[0] ;
;  led[3]                                    ; clk_in     ; 6.024  ; 6.024  ; Rise       ; inst|altpll_component|pll|clk[0] ;
; out_port_from_the_bl_n                     ; clk_in     ; 5.729  ; 5.729  ; Rise       ; inst|altpll_component|pll|clk[0] ;
; out_port_from_the_bl_p                     ; clk_in     ; 6.071  ; 6.071  ; Rise       ; inst|altpll_component|pll|clk[0] ;
; out_port_from_the_lcd_cs                   ; clk_in     ; 5.734  ; 5.734  ; Rise       ; inst|altpll_component|pll|clk[0] ;
; out_port_from_the_lcd_rd                   ; clk_in     ; 4.980  ; 4.980  ; Rise       ; inst|altpll_component|pll|clk[0] ;
; out_port_from_the_lcd_rs                   ; clk_in     ; 5.731  ; 5.731  ; Rise       ; inst|altpll_component|pll|clk[0] ;
; out_port_from_the_lcd_wr                   ; clk_in     ; 5.397  ; 5.397  ; Rise       ; inst|altpll_component|pll|clk[0] ;
; out_port_from_the_reset                    ; clk_in     ; 4.601  ; 4.601  ; Rise       ; inst|altpll_component|pll|clk[0] ;
; out_port_from_the_touch_cs                 ; clk_in     ; 4.602  ; 4.602  ; Rise       ; inst|altpll_component|pll|clk[0] ;
; S_CLK                                      ; clk_in     ; -3.699 ;        ; Rise       ; inst|altpll_component|pll|clk[1] ;
; S_CLK                                      ; clk_in     ;        ; -3.699 ; Fall       ; inst|altpll_component|pll|clk[1] ;
+--------------------------------------------+------------+--------+--------+------------+----------------------------------+


+---------------------------------------------------------------------------------------------------------------------------+
; Minimum Clock to Output Times                                                                                             ;
+--------------------------------------------+------------+--------+--------+------------+----------------------------------+
; Data Port                                  ; Clock Port ; Rise   ; Fall   ; Clock Edge ; Clock Reference                  ;
+--------------------------------------------+------------+--------+--------+------------+----------------------------------+
; BA[*]                                      ; clk_in     ; 3.154  ; 3.154  ; Rise       ; inst|altpll_component|pll|clk[0] ;
;  BA[0]                                     ; clk_in     ; 3.166  ; 3.166  ; Rise       ; inst|altpll_component|pll|clk[0] ;
;  BA[1]                                     ; clk_in     ; 3.154  ; 3.154  ; Rise       ; inst|altpll_component|pll|clk[0] ;
; CAS                                        ; clk_in     ; 3.167  ; 3.167  ; Rise       ; inst|altpll_component|pll|clk[0] ;
; CS                                         ; clk_in     ; 3.156  ; 3.156  ; Rise       ; inst|altpll_component|pll|clk[0] ;
; DQ[*]                                      ; clk_in     ; 2.733  ; 2.733  ; Rise       ; inst|altpll_component|pll|clk[0] ;
;  DQ[0]                                     ; clk_in     ; 2.740  ; 2.740  ; Rise       ; inst|altpll_component|pll|clk[0] ;
;  DQ[1]                                     ; clk_in     ; 2.740  ; 2.740  ; Rise       ; inst|altpll_component|pll|clk[0] ;
;  DQ[2]                                     ; clk_in     ; 2.751  ; 2.751  ; Rise       ; inst|altpll_component|pll|clk[0] ;
;  DQ[3]                                     ; clk_in     ; 2.745  ; 2.745  ; Rise       ; inst|altpll_component|pll|clk[0] ;
;  DQ[4]                                     ; clk_in     ; 2.741  ; 2.741  ; Rise       ; inst|altpll_component|pll|clk[0] ;
;  DQ[5]                                     ; clk_in     ; 2.741  ; 2.741  ; Rise       ; inst|altpll_component|pll|clk[0] ;
;  DQ[6]                                     ; clk_in     ; 3.141  ; 3.141  ; Rise       ; inst|altpll_component|pll|clk[0] ;
;  DQ[7]                                     ; clk_in     ; 3.131  ; 3.131  ; Rise       ; inst|altpll_component|pll|clk[0] ;
;  DQ[8]                                     ; clk_in     ; 2.767  ; 2.767  ; Rise       ; inst|altpll_component|pll|clk[0] ;
;  DQ[9]                                     ; clk_in     ; 2.765  ; 2.765  ; Rise       ; inst|altpll_component|pll|clk[0] ;
;  DQ[10]                                    ; clk_in     ; 2.775  ; 2.775  ; Rise       ; inst|altpll_component|pll|clk[0] ;
;  DQ[11]                                    ; clk_in     ; 2.745  ; 2.745  ; Rise       ; inst|altpll_component|pll|clk[0] ;
;  DQ[12]                                    ; clk_in     ; 2.745  ; 2.745  ; Rise       ; inst|altpll_component|pll|clk[0] ;
;  DQ[13]                                    ; clk_in     ; 2.733  ; 2.733  ; Rise       ; inst|altpll_component|pll|clk[0] ;
;  DQ[14]                                    ; clk_in     ; 2.745  ; 2.745  ; Rise       ; inst|altpll_component|pll|clk[0] ;
;  DQ[15]                                    ; clk_in     ; 2.749  ; 2.749  ; Rise       ; inst|altpll_component|pll|clk[0] ;
; MOSI_from_the_spi_touch                    ; clk_in     ; 4.922  ; 4.922  ; Rise       ; inst|altpll_component|pll|clk[0] ;
; RA[*]                                      ; clk_in     ; 3.132  ; 3.132  ; Rise       ; inst|altpll_component|pll|clk[0] ;
;  RA[0]                                     ; clk_in     ; 3.132  ; 3.132  ; Rise       ; inst|altpll_component|pll|clk[0] ;
;  RA[1]                                     ; clk_in     ; 3.152  ; 3.152  ; Rise       ; inst|altpll_component|pll|clk[0] ;
;  RA[2]                                     ; clk_in     ; 3.133  ; 3.133  ; Rise       ; inst|altpll_component|pll|clk[0] ;
;  RA[3]                                     ; clk_in     ; 3.133  ; 3.133  ; Rise       ; inst|altpll_component|pll|clk[0] ;
;  RA[4]                                     ; clk_in     ; 3.153  ; 3.153  ; Rise       ; inst|altpll_component|pll|clk[0] ;
;  RA[5]                                     ; clk_in     ; 3.153  ; 3.153  ; Rise       ; inst|altpll_component|pll|clk[0] ;
;  RA[6]                                     ; clk_in     ; 3.163  ; 3.163  ; Rise       ; inst|altpll_component|pll|clk[0] ;
;  RA[7]                                     ; clk_in     ; 3.161  ; 3.161  ; Rise       ; inst|altpll_component|pll|clk[0] ;
;  RA[8]                                     ; clk_in     ; 3.157  ; 3.157  ; Rise       ; inst|altpll_component|pll|clk[0] ;
;  RA[9]                                     ; clk_in     ; 3.163  ; 3.163  ; Rise       ; inst|altpll_component|pll|clk[0] ;
;  RA[10]                                    ; clk_in     ; 3.154  ; 3.154  ; Rise       ; inst|altpll_component|pll|clk[0] ;
;  RA[11]                                    ; clk_in     ; 3.178  ; 3.178  ; Rise       ; inst|altpll_component|pll|clk[0] ;
;  RA[12]                                    ; clk_in     ; 3.168  ; 3.168  ; Rise       ; inst|altpll_component|pll|clk[0] ;
; RAS                                        ; clk_in     ; 3.167  ; 3.167  ; Rise       ; inst|altpll_component|pll|clk[0] ;
; SCLK_from_the_spi_touch                    ; clk_in     ; 4.579  ; 4.579  ; Rise       ; inst|altpll_component|pll|clk[0] ;
; SS_n_from_the_spi_touch                    ; clk_in     ; 5.522  ; 5.522  ; Rise       ; inst|altpll_component|pll|clk[0] ;
; S_DQM[*]                                   ; clk_in     ; 2.789  ; 2.789  ; Rise       ; inst|altpll_component|pll|clk[0] ;
;  S_DQM[0]                                  ; clk_in     ; 3.167  ; 3.167  ; Rise       ; inst|altpll_component|pll|clk[0] ;
;  S_DQM[1]                                  ; clk_in     ; 2.789  ; 2.789  ; Rise       ; inst|altpll_component|pll|clk[0] ;
; WE                                         ; clk_in     ; 3.167  ; 3.167  ; Rise       ; inst|altpll_component|pll|clk[0] ;
; bidir_port_to_and_from_the_lcd32_data[*]   ; clk_in     ; 4.575  ; 4.575  ; Rise       ; inst|altpll_component|pll|clk[0] ;
;  bidir_port_to_and_from_the_lcd32_data[0]  ; clk_in     ; 5.636  ; 5.636  ; Rise       ; inst|altpll_component|pll|clk[0] ;
;  bidir_port_to_and_from_the_lcd32_data[1]  ; clk_in     ; 5.676  ; 5.676  ; Rise       ; inst|altpll_component|pll|clk[0] ;
;  bidir_port_to_and_from_the_lcd32_data[2]  ; clk_in     ; 5.624  ; 5.624  ; Rise       ; inst|altpll_component|pll|clk[0] ;
;  bidir_port_to_and_from_the_lcd32_data[3]  ; clk_in     ; 5.623  ; 5.623  ; Rise       ; inst|altpll_component|pll|clk[0] ;
;  bidir_port_to_and_from_the_lcd32_data[4]  ; clk_in     ; 5.637  ; 5.637  ; Rise       ; inst|altpll_component|pll|clk[0] ;
;  bidir_port_to_and_from_the_lcd32_data[5]  ; clk_in     ; 5.611  ; 5.611  ; Rise       ; inst|altpll_component|pll|clk[0] ;
;  bidir_port_to_and_from_the_lcd32_data[6]  ; clk_in     ; 5.215  ; 5.215  ; Rise       ; inst|altpll_component|pll|clk[0] ;
;  bidir_port_to_and_from_the_lcd32_data[7]  ; clk_in     ; 5.423  ; 5.423  ; Rise       ; inst|altpll_component|pll|clk[0] ;
;  bidir_port_to_and_from_the_lcd32_data[8]  ; clk_in     ; 5.385  ; 5.385  ; Rise       ; inst|altpll_component|pll|clk[0] ;
;  bidir_port_to_and_from_the_lcd32_data[9]  ; clk_in     ; 5.450  ; 5.450  ; Rise       ; inst|altpll_component|pll|clk[0] ;
;  bidir_port_to_and_from_the_lcd32_data[10] ; clk_in     ; 5.292  ; 5.292  ; Rise       ; inst|altpll_component|pll|clk[0] ;
;  bidir_port_to_and_from_the_lcd32_data[11] ; clk_in     ; 5.290  ; 5.290  ; Rise       ; inst|altpll_component|pll|clk[0] ;
;  bidir_port_to_and_from_the_lcd32_data[12] ; clk_in     ; 5.286  ; 5.286  ; Rise       ; inst|altpll_component|pll|clk[0] ;
;  bidir_port_to_and_from_the_lcd32_data[13] ; clk_in     ; 5.447  ; 5.447  ; Rise       ; inst|altpll_component|pll|clk[0] ;
;  bidir_port_to_and_from_the_lcd32_data[14] ; clk_in     ; 4.914  ; 4.914  ; Rise       ; inst|altpll_component|pll|clk[0] ;
;  bidir_port_to_and_from_the_lcd32_data[15] ; clk_in     ; 4.575  ; 4.575  ; Rise       ; inst|altpll_component|pll|clk[0] ;
; buzz[*]                                    ; clk_in     ; 5.185  ; 5.185  ; Rise       ; inst|altpll_component|pll|clk[0] ;
;  buzz[0]                                   ; clk_in     ; 5.185  ; 5.185  ; Rise       ; inst|altpll_component|pll|clk[0] ;
;  buzz[1]                                   ; clk_in     ; 6.024  ; 6.024  ; Rise       ; inst|altpll_component|pll|clk[0] ;
;  buzz[2]                                   ; clk_in     ; 5.673  ; 5.673  ; Rise       ; inst|altpll_component|pll|clk[0] ;
;  buzz[3]                                   ; clk_in     ; 5.717  ; 5.717  ; Rise       ; inst|altpll_component|pll|clk[0] ;
; led[*]                                     ; clk_in     ; 5.265  ; 5.265  ; Rise       ; inst|altpll_component|pll|clk[0] ;
;  led[0]                                    ; clk_in     ; 5.290  ; 5.290  ; Rise       ; inst|altpll_component|pll|clk[0] ;
;  led[1]                                    ; clk_in     ; 5.265  ; 5.265  ; Rise       ; inst|altpll_component|pll|clk[0] ;
;  led[2]                                    ; clk_in     ; 6.032  ; 6.032  ; Rise       ; inst|altpll_component|pll|clk[0] ;
;  led[3]                                    ; clk_in     ; 6.024  ; 6.024  ; Rise       ; inst|altpll_component|pll|clk[0] ;
; out_port_from_the_bl_n                     ; clk_in     ; 5.729  ; 5.729  ; Rise       ; inst|altpll_component|pll|clk[0] ;
; out_port_from_the_bl_p                     ; clk_in     ; 6.071  ; 6.071  ; Rise       ; inst|altpll_component|pll|clk[0] ;
; out_port_from_the_lcd_cs                   ; clk_in     ; 5.734  ; 5.734  ; Rise       ; inst|altpll_component|pll|clk[0] ;
; out_port_from_the_lcd_rd                   ; clk_in     ; 4.980  ; 4.980  ; Rise       ; inst|altpll_component|pll|clk[0] ;
; out_port_from_the_lcd_rs                   ; clk_in     ; 5.731  ; 5.731  ; Rise       ; inst|altpll_component|pll|clk[0] ;
; out_port_from_the_lcd_wr                   ; clk_in     ; 5.397  ; 5.397  ; Rise       ; inst|altpll_component|pll|clk[0] ;
; out_port_from_the_reset                    ; clk_in     ; 4.601  ; 4.601  ; Rise       ; inst|altpll_component|pll|clk[0] ;
; out_port_from_the_touch_cs                 ; clk_in     ; 4.602  ; 4.602  ; Rise       ; inst|altpll_component|pll|clk[0] ;
; S_CLK                                      ; clk_in     ; -3.699 ;        ; Rise       ; inst|altpll_component|pll|clk[1] ;
; S_CLK                                      ; clk_in     ;        ; -3.699 ; Fall       ; inst|altpll_component|pll|clk[1] ;
+--------------------------------------------+------------+--------+--------+------------+----------------------------------+


+------------------------------------------------------------------------------------------------------------------------+
; Output Enable Times                                                                                                    ;
+--------------------------------------------+------------+-------+------+------------+----------------------------------+
; Data Port                                  ; Clock Port ; Rise  ; Fall ; Clock Edge ; Clock Reference                  ;
+--------------------------------------------+------------+-------+------+------------+----------------------------------+
; bidir_port_to_and_from_the_lcd32_data[*]   ; clk_in     ; 4.512 ;      ; Rise       ; inst|altpll_component|pll|clk[0] ;
;  bidir_port_to_and_from_the_lcd32_data[0]  ; clk_in     ; 5.521 ;      ; Rise       ; inst|altpll_component|pll|clk[0] ;
;  bidir_port_to_and_from_the_lcd32_data[1]  ; clk_in     ; 5.529 ;      ; Rise       ; inst|altpll_component|pll|clk[0] ;
;  bidir_port_to_and_from_the_lcd32_data[2]  ; clk_in     ; 5.451 ;      ; Rise       ; inst|altpll_component|pll|clk[0] ;
;  bidir_port_to_and_from_the_lcd32_data[3]  ; clk_in     ; 5.677 ;      ; Rise       ; inst|altpll_component|pll|clk[0] ;
;  bidir_port_to_and_from_the_lcd32_data[4]  ; clk_in     ; 5.517 ;      ; Rise       ; inst|altpll_component|pll|clk[0] ;
;  bidir_port_to_and_from_the_lcd32_data[5]  ; clk_in     ; 5.546 ;      ; Rise       ; inst|altpll_component|pll|clk[0] ;
;  bidir_port_to_and_from_the_lcd32_data[6]  ; clk_in     ; 5.539 ;      ; Rise       ; inst|altpll_component|pll|clk[0] ;
;  bidir_port_to_and_from_the_lcd32_data[7]  ; clk_in     ; 5.151 ;      ; Rise       ; inst|altpll_component|pll|clk[0] ;
;  bidir_port_to_and_from_the_lcd32_data[8]  ; clk_in     ; 5.520 ;      ; Rise       ; inst|altpll_component|pll|clk[0] ;
;  bidir_port_to_and_from_the_lcd32_data[9]  ; clk_in     ; 5.344 ;      ; Rise       ; inst|altpll_component|pll|clk[0] ;
;  bidir_port_to_and_from_the_lcd32_data[10] ; clk_in     ; 5.532 ;      ; Rise       ; inst|altpll_component|pll|clk[0] ;
;  bidir_port_to_and_from_the_lcd32_data[11] ; clk_in     ; 5.239 ;      ; Rise       ; inst|altpll_component|pll|clk[0] ;
;  bidir_port_to_and_from_the_lcd32_data[12] ; clk_in     ; 5.239 ;      ; Rise       ; inst|altpll_component|pll|clk[0] ;
;  bidir_port_to_and_from_the_lcd32_data[13] ; clk_in     ; 4.872 ;      ; Rise       ; inst|altpll_component|pll|clk[0] ;
;  bidir_port_to_and_from_the_lcd32_data[14] ; clk_in     ; 4.863 ;      ; Rise       ; inst|altpll_component|pll|clk[0] ;
;  bidir_port_to_and_from_the_lcd32_data[15] ; clk_in     ; 4.512 ;      ; Rise       ; inst|altpll_component|pll|clk[0] ;
+--------------------------------------------+------------+-------+------+------------+----------------------------------+


+------------------------------------------------------------------------------------------------------------------------+
; Minimum Output Enable Times                                                                                            ;
+--------------------------------------------+------------+-------+------+------------+----------------------------------+
; Data Port                                  ; Clock Port ; Rise  ; Fall ; Clock Edge ; Clock Reference                  ;
+--------------------------------------------+------------+-------+------+------------+----------------------------------+
; bidir_port_to_and_from_the_lcd32_data[*]   ; clk_in     ; 4.512 ;      ; Rise       ; inst|altpll_component|pll|clk[0] ;
;  bidir_port_to_and_from_the_lcd32_data[0]  ; clk_in     ; 5.521 ;      ; Rise       ; inst|altpll_component|pll|clk[0] ;
;  bidir_port_to_and_from_the_lcd32_data[1]  ; clk_in     ; 5.529 ;      ; Rise       ; inst|altpll_component|pll|clk[0] ;
;  bidir_port_to_and_from_the_lcd32_data[2]  ; clk_in     ; 5.451 ;      ; Rise       ; inst|altpll_component|pll|clk[0] ;
;  bidir_port_to_and_from_the_lcd32_data[3]  ; clk_in     ; 5.677 ;      ; Rise       ; inst|altpll_component|pll|clk[0] ;
;  bidir_port_to_and_from_the_lcd32_data[4]  ; clk_in     ; 5.517 ;      ; Rise       ; inst|altpll_component|pll|clk[0] ;
;  bidir_port_to_and_from_the_lcd32_data[5]  ; clk_in     ; 5.546 ;      ; Rise       ; inst|altpll_component|pll|clk[0] ;
;  bidir_port_to_and_from_the_lcd32_data[6]  ; clk_in     ; 5.539 ;      ; Rise       ; inst|altpll_component|pll|clk[0] ;
;  bidir_port_to_and_from_the_lcd32_data[7]  ; clk_in     ; 5.151 ;      ; Rise       ; inst|altpll_component|pll|clk[0] ;
;  bidir_port_to_and_from_the_lcd32_data[8]  ; clk_in     ; 5.520 ;      ; Rise       ; inst|altpll_component|pll|clk[0] ;
;  bidir_port_to_and_from_the_lcd32_data[9]  ; clk_in     ; 5.344 ;      ; Rise       ; inst|altpll_component|pll|clk[0] ;
;  bidir_port_to_and_from_the_lcd32_data[10] ; clk_in     ; 5.532 ;      ; Rise       ; inst|altpll_component|pll|clk[0] ;
;  bidir_port_to_and_from_the_lcd32_data[11] ; clk_in     ; 5.239 ;      ; Rise       ; inst|altpll_component|pll|clk[0] ;
;  bidir_port_to_and_from_the_lcd32_data[12] ; clk_in     ; 5.239 ;      ; Rise       ; inst|altpll_component|pll|clk[0] ;
;  bidir_port_to_and_from_the_lcd32_data[13] ; clk_in     ; 4.872 ;      ; Rise       ; inst|altpll_component|pll|clk[0] ;
;  bidir_port_to_and_from_the_lcd32_data[14] ; clk_in     ; 4.863 ;      ; Rise       ; inst|altpll_component|pll|clk[0] ;
;  bidir_port_to_and_from_the_lcd32_data[15] ; clk_in     ; 4.512 ;      ; Rise       ; inst|altpll_component|pll|clk[0] ;
+--------------------------------------------+------------+-------+------+------------+----------------------------------+


+---------------------------------------------------------------------------------------------------------------------------------+
; Output Disable Times                                                                                                            ;
+--------------------------------------------+------------+-----------+-----------+------------+----------------------------------+
; Data Port                                  ; Clock Port ; 0 to Hi-Z ; 1 to Hi-Z ; Clock Edge ; Clock Reference                  ;
+--------------------------------------------+------------+-----------+-----------+------------+----------------------------------+
; bidir_port_to_and_from_the_lcd32_data[*]   ; clk_in     ; 4.512     ;           ; Rise       ; inst|altpll_component|pll|clk[0] ;
;  bidir_port_to_and_from_the_lcd32_data[0]  ; clk_in     ; 5.521     ;           ; Rise       ; inst|altpll_component|pll|clk[0] ;
;  bidir_port_to_and_from_the_lcd32_data[1]  ; clk_in     ; 5.529     ;           ; Rise       ; inst|altpll_component|pll|clk[0] ;
;  bidir_port_to_and_from_the_lcd32_data[2]  ; clk_in     ; 5.451     ;           ; Rise       ; inst|altpll_component|pll|clk[0] ;
;  bidir_port_to_and_from_the_lcd32_data[3]  ; clk_in     ; 5.677     ;           ; Rise       ; inst|altpll_component|pll|clk[0] ;
;  bidir_port_to_and_from_the_lcd32_data[4]  ; clk_in     ; 5.517     ;           ; Rise       ; inst|altpll_component|pll|clk[0] ;
;  bidir_port_to_and_from_the_lcd32_data[5]  ; clk_in     ; 5.546     ;           ; Rise       ; inst|altpll_component|pll|clk[0] ;
;  bidir_port_to_and_from_the_lcd32_data[6]  ; clk_in     ; 5.539     ;           ; Rise       ; inst|altpll_component|pll|clk[0] ;
;  bidir_port_to_and_from_the_lcd32_data[7]  ; clk_in     ; 5.151     ;           ; Rise       ; inst|altpll_component|pll|clk[0] ;
;  bidir_port_to_and_from_the_lcd32_data[8]  ; clk_in     ; 5.520     ;           ; Rise       ; inst|altpll_component|pll|clk[0] ;
;  bidir_port_to_and_from_the_lcd32_data[9]  ; clk_in     ; 5.344     ;           ; Rise       ; inst|altpll_component|pll|clk[0] ;
;  bidir_port_to_and_from_the_lcd32_data[10] ; clk_in     ; 5.532     ;           ; Rise       ; inst|altpll_component|pll|clk[0] ;
;  bidir_port_to_and_from_the_lcd32_data[11] ; clk_in     ; 5.239     ;           ; Rise       ; inst|altpll_component|pll|clk[0] ;
;  bidir_port_to_and_from_the_lcd32_data[12] ; clk_in     ; 5.239     ;           ; Rise       ; inst|altpll_component|pll|clk[0] ;
;  bidir_port_to_and_from_the_lcd32_data[13] ; clk_in     ; 4.872     ;           ; Rise       ; inst|altpll_component|pll|clk[0] ;
;  bidir_port_to_and_from_the_lcd32_data[14] ; clk_in     ; 4.863     ;           ; Rise       ; inst|altpll_component|pll|clk[0] ;
;  bidir_port_to_and_from_the_lcd32_data[15] ; clk_in     ; 4.512     ;           ; Rise       ; inst|altpll_component|pll|clk[0] ;
+--------------------------------------------+------------+-----------+-----------+------------+----------------------------------+


+---------------------------------------------------------------------------------------------------------------------------------+
; Minimum Output Disable Times                                                                                                    ;
+--------------------------------------------+------------+-----------+-----------+------------+----------------------------------+
; Data Port                                  ; Clock Port ; 0 to Hi-Z ; 1 to Hi-Z ; Clock Edge ; Clock Reference                  ;
+--------------------------------------------+------------+-----------+-----------+------------+----------------------------------+
; bidir_port_to_and_from_the_lcd32_data[*]   ; clk_in     ; 4.512     ;           ; Rise       ; inst|altpll_component|pll|clk[0] ;
;  bidir_port_to_and_from_the_lcd32_data[0]  ; clk_in     ; 5.521     ;           ; Rise       ; inst|altpll_component|pll|clk[0] ;
;  bidir_port_to_and_from_the_lcd32_data[1]  ; clk_in     ; 5.529     ;           ; Rise       ; inst|altpll_component|pll|clk[0] ;
;  bidir_port_to_and_from_the_lcd32_data[2]  ; clk_in     ; 5.451     ;           ; Rise       ; inst|altpll_component|pll|clk[0] ;
;  bidir_port_to_and_from_the_lcd32_data[3]  ; clk_in     ; 5.677     ;           ; Rise       ; inst|altpll_component|pll|clk[0] ;
;  bidir_port_to_and_from_the_lcd32_data[4]  ; clk_in     ; 5.517     ;           ; Rise       ; inst|altpll_component|pll|clk[0] ;
;  bidir_port_to_and_from_the_lcd32_data[5]  ; clk_in     ; 5.546     ;           ; Rise       ; inst|altpll_component|pll|clk[0] ;
;  bidir_port_to_and_from_the_lcd32_data[6]  ; clk_in     ; 5.539     ;           ; Rise       ; inst|altpll_component|pll|clk[0] ;
;  bidir_port_to_and_from_the_lcd32_data[7]  ; clk_in     ; 5.151     ;           ; Rise       ; inst|altpll_component|pll|clk[0] ;
;  bidir_port_to_and_from_the_lcd32_data[8]  ; clk_in     ; 5.520     ;           ; Rise       ; inst|altpll_component|pll|clk[0] ;
;  bidir_port_to_and_from_the_lcd32_data[9]  ; clk_in     ; 5.344     ;           ; Rise       ; inst|altpll_component|pll|clk[0] ;
;  bidir_port_to_and_from_the_lcd32_data[10] ; clk_in     ; 5.532     ;           ; Rise       ; inst|altpll_component|pll|clk[0] ;
;  bidir_port_to_and_from_the_lcd32_data[11] ; clk_in     ; 5.239     ;           ; Rise       ; inst|altpll_component|pll|clk[0] ;
;  bidir_port_to_and_from_the_lcd32_data[12] ; clk_in     ; 5.239     ;           ; Rise       ; inst|altpll_component|pll|clk[0] ;
;  bidir_port_to_and_from_the_lcd32_data[13] ; clk_in     ; 4.872     ;           ; Rise       ; inst|altpll_component|pll|clk[0] ;
;  bidir_port_to_and_from_the_lcd32_data[14] ; clk_in     ; 4.863     ;           ; Rise       ; inst|altpll_component|pll|clk[0] ;
;  bidir_port_to_and_from_the_lcd32_data[15] ; clk_in     ; 4.512     ;           ; Rise       ; inst|altpll_component|pll|clk[0] ;
+--------------------------------------------+------------+-----------+-----------+------------+----------------------------------+


+-----------------------------------------------------------+
; Fast Model Setup Summary                                  ;
+----------------------------------+--------+---------------+
; Clock                            ; Slack  ; End Point TNS ;
+----------------------------------+--------+---------------+
; inst|altpll_component|pll|clk[0] ; 11.061 ; 0.000         ;
+----------------------------------+--------+---------------+


+----------------------------------------------------------+
; Fast Model Hold Summary                                  ;
+----------------------------------+-------+---------------+
; Clock                            ; Slack ; End Point TNS ;
+----------------------------------+-------+---------------+
; inst|altpll_component|pll|clk[0] ; 0.215 ; 0.000         ;
+----------------------------------+-------+---------------+


+-----------------------------------------------------------+
; Fast Model Recovery Summary                               ;
+----------------------------------+--------+---------------+
; Clock                            ; Slack  ; End Point TNS ;
+----------------------------------+--------+---------------+
; inst|altpll_component|pll|clk[0] ; 10.131 ; 0.000         ;
+----------------------------------+--------+---------------+


+----------------------------------------------------------+
; Fast Model Removal Summary                               ;
+----------------------------------+-------+---------------+
; Clock                            ; Slack ; End Point TNS ;
+----------------------------------+-------+---------------+
; inst|altpll_component|pll|clk[0] ; 1.794 ; 0.000         ;
+----------------------------------+-------+---------------+


+-----------------------------------------------------------+
; Fast Model Minimum Pulse Width Summary                    ;
+----------------------------------+--------+---------------+
; Clock                            ; Slack  ; End Point TNS ;
+----------------------------------+--------+---------------+
; inst|altpll_component|pll|clk[0] ; 10.373 ; 0.000         ;
; clk_in                           ; 12.500 ; 0.000         ;
; altera_reserved_tck              ; 97.778 ; 0.000         ;
+----------------------------------+--------+---------------+


+------------------------------------------------------------------------------------------------------------------------------------------------------------------------------------------------------------+
; Fast Model Setup: 'inst|altpll_component|pll|clk[0]'                                                                                                                                                       ;
+--------+-----------------------------------------+------------------------------------------+----------------------------------+----------------------------------+--------------+------------+------------+
; Slack  ; From Node                               ; To Node                                  ; Launch Clock                     ; Latch Clock                      ; Relationship ; Clock Skew ; Data Delay ;
+--------+-----------------------------------------+------------------------------------------+----------------------------------+----------------------------------+--------------+------------+------------+
; 11.061 ; SOPC:inst2|SOPC_cpu:cpu|M_rot_step1[2]  ; SOPC:inst2|SOPC_cpu:cpu|Mn_rot_step2[14] ; inst|altpll_component|pll|clk[0] ; inst|altpll_component|pll|clk[0] ; 12.500       ; 0.005      ; 1.476      ;
; 11.072 ; SOPC:inst2|SOPC_cpu:cpu|M_rot_rn[2]     ; SOPC:inst2|SOPC_cpu:cpu|Mn_rot_step2[29] ; inst|altpll_component|pll|clk[0] ; inst|altpll_component|pll|clk[0] ; 12.500       ; -0.008     ; 1.452      ;
; 11.073 ; SOPC:inst2|SOPC_cpu:cpu|M_rot_step1[2]  ; SOPC:inst2|SOPC_cpu:cpu|Mn_rot_step2[10] ; inst|altpll_component|pll|clk[0] ; inst|altpll_component|pll|clk[0] ; 12.500       ; 0.005      ; 1.464      ;
; 11.077 ; SOPC:inst2|SOPC_cpu:cpu|M_rot_rn[2]     ; SOPC:inst2|SOPC_cpu:cpu|Mn_rot_step2[1]  ; inst|altpll_component|pll|clk[0] ; inst|altpll_component|pll|clk[0] ; 12.500       ; -0.008     ; 1.447      ;
; 11.136 ; SOPC:inst2|SOPC_cpu:cpu|M_rot_rn[2]     ; SOPC:inst2|SOPC_cpu:cpu|Mn_rot_step2[2]  ; inst|altpll_component|pll|clk[0] ; inst|altpll_component|pll|clk[0] ; 12.500       ; -0.003     ; 1.393      ;
; 11.137 ; SOPC:inst2|SOPC_cpu:cpu|M_rot_rn[2]     ; SOPC:inst2|SOPC_cpu:cpu|Mn_rot_step2[20] ; inst|altpll_component|pll|clk[0] ; inst|altpll_component|pll|clk[0] ; 12.500       ; -0.003     ; 1.392      ;
; 11.144 ; SOPC:inst2|SOPC_cpu:cpu|M_rot_rn[2]     ; SOPC:inst2|SOPC_cpu:cpu|Mn_rot_step2[24] ; inst|altpll_component|pll|clk[0] ; inst|altpll_component|pll|clk[0] ; 12.500       ; -0.003     ; 1.385      ;
; 11.147 ; SOPC:inst2|SOPC_cpu:cpu|M_rot_rn[2]     ; SOPC:inst2|SOPC_cpu:cpu|Mn_rot_step2[8]  ; inst|altpll_component|pll|clk[0] ; inst|altpll_component|pll|clk[0] ; 12.500       ; -0.003     ; 1.382      ;
; 11.158 ; SOPC:inst2|SOPC_cpu:cpu|M_rot_rn[2]     ; SOPC:inst2|SOPC_cpu:cpu|Mn_rot_step2[9]  ; inst|altpll_component|pll|clk[0] ; inst|altpll_component|pll|clk[0] ; 12.500       ; -0.008     ; 1.366      ;
; 11.161 ; SOPC:inst2|SOPC_cpu:cpu|M_rot_rn[2]     ; SOPC:inst2|SOPC_cpu:cpu|Mn_rot_step2[18] ; inst|altpll_component|pll|clk[0] ; inst|altpll_component|pll|clk[0] ; 12.500       ; -0.003     ; 1.368      ;
; 11.162 ; SOPC:inst2|SOPC_cpu:cpu|M_rot_rn[2]     ; SOPC:inst2|SOPC_cpu:cpu|Mn_rot_step2[30] ; inst|altpll_component|pll|clk[0] ; inst|altpll_component|pll|clk[0] ; 12.500       ; -0.003     ; 1.367      ;
; 11.164 ; SOPC:inst2|SOPC_cpu:cpu|M_rot_rn[2]     ; SOPC:inst2|SOPC_cpu:cpu|Mn_rot_step2[5]  ; inst|altpll_component|pll|clk[0] ; inst|altpll_component|pll|clk[0] ; 12.500       ; -0.008     ; 1.360      ;
; 11.168 ; SOPC:inst2|SOPC_cpu:cpu|M_rot_rn[2]     ; SOPC:inst2|SOPC_cpu:cpu|Mn_rot_step2[28] ; inst|altpll_component|pll|clk[0] ; inst|altpll_component|pll|clk[0] ; 12.500       ; -0.003     ; 1.361      ;
; 11.184 ; SOPC:inst2|SOPC_cpu:cpu|M_rot_step1[14] ; SOPC:inst2|SOPC_cpu:cpu|Mn_rot_step2[26] ; inst|altpll_component|pll|clk[0] ; inst|altpll_component|pll|clk[0] ; 12.500       ; 0.005      ; 1.353      ;
; 11.202 ; SOPC:inst2|SOPC_cpu:cpu|M_rot_rn[2]     ; SOPC:inst2|SOPC_cpu:cpu|Mn_rot_step2[13] ; inst|altpll_component|pll|clk[0] ; inst|altpll_component|pll|clk[0] ; 12.500       ; -0.008     ; 1.322      ;
; 11.203 ; SOPC:inst2|SOPC_cpu:cpu|M_rot_rn[2]     ; SOPC:inst2|SOPC_cpu:cpu|Mn_rot_step2[21] ; inst|altpll_component|pll|clk[0] ; inst|altpll_component|pll|clk[0] ; 12.500       ; -0.008     ; 1.321      ;
; 11.220 ; SOPC:inst2|SOPC_cpu:cpu|M_rot_rn[2]     ; SOPC:inst2|SOPC_cpu:cpu|Mn_rot_step2[10] ; inst|altpll_component|pll|clk[0] ; inst|altpll_component|pll|clk[0] ; 12.500       ; -0.003     ; 1.309      ;
; 11.225 ; SOPC:inst2|SOPC_cpu:cpu|M_rot_rn[2]     ; SOPC:inst2|SOPC_cpu:cpu|Mn_rot_step2[26] ; inst|altpll_component|pll|clk[0] ; inst|altpll_component|pll|clk[0] ; 12.500       ; -0.003     ; 1.304      ;
; 11.255 ; SOPC:inst2|SOPC_cpu:cpu|M_rot_rn[2]     ; SOPC:inst2|SOPC_cpu:cpu|Mn_rot_step2[22] ; inst|altpll_component|pll|clk[0] ; inst|altpll_component|pll|clk[0] ; 12.500       ; -0.003     ; 1.274      ;
; 11.255 ; SOPC:inst2|SOPC_cpu:cpu|M_rot_rn[2]     ; SOPC:inst2|SOPC_cpu:cpu|Mn_rot_step2[12] ; inst|altpll_component|pll|clk[0] ; inst|altpll_component|pll|clk[0] ; 12.500       ; -0.003     ; 1.274      ;
; 11.270 ; SOPC:inst2|SOPC_cpu:cpu|M_rot_rn[2]     ; SOPC:inst2|SOPC_cpu:cpu|Mn_rot_step2[0]  ; inst|altpll_component|pll|clk[0] ; inst|altpll_component|pll|clk[0] ; 12.500       ; -0.003     ; 1.259      ;
; 11.271 ; SOPC:inst2|SOPC_cpu:cpu|M_rot_step1[10] ; SOPC:inst2|SOPC_cpu:cpu|Mn_rot_step2[18] ; inst|altpll_component|pll|clk[0] ; inst|altpll_component|pll|clk[0] ; 12.500       ; 0.005      ; 1.266      ;
; 11.279 ; SOPC:inst2|SOPC_cpu:cpu|M_rot_step1[11] ; SOPC:inst2|SOPC_cpu:cpu|Mn_rot_step2[19] ; inst|altpll_component|pll|clk[0] ; inst|altpll_component|pll|clk[0] ; 12.500       ; 0.012      ; 1.265      ;
; 11.283 ; SOPC:inst2|SOPC_cpu:cpu|M_rot_rn[2]     ; SOPC:inst2|SOPC_cpu:cpu|Mn_rot_step2[17] ; inst|altpll_component|pll|clk[0] ; inst|altpll_component|pll|clk[0] ; 12.500       ; -0.008     ; 1.241      ;
; 11.283 ; SOPC:inst2|SOPC_cpu:cpu|M_rot_step1[6]  ; SOPC:inst2|SOPC_cpu:cpu|Mn_rot_step2[18] ; inst|altpll_component|pll|clk[0] ; inst|altpll_component|pll|clk[0] ; 12.500       ; 0.005      ; 1.254      ;
; 11.290 ; SOPC:inst2|SOPC_cpu:cpu|M_rot_rn[2]     ; SOPC:inst2|SOPC_cpu:cpu|Mn_rot_step2[25] ; inst|altpll_component|pll|clk[0] ; inst|altpll_component|pll|clk[0] ; 12.500       ; -0.008     ; 1.234      ;
; 11.315 ; SOPC:inst2|SOPC_cpu:cpu|M_rot_step1[2]  ; SOPC:inst2|SOPC_cpu:cpu|Mn_rot_step2[6]  ; inst|altpll_component|pll|clk[0] ; inst|altpll_component|pll|clk[0] ; 12.500       ; 0.005      ; 1.222      ;
; 11.325 ; SOPC:inst2|SOPC_cpu:cpu|M_rot_step1[2]  ; SOPC:inst2|SOPC_cpu:cpu|Mn_rot_step2[2]  ; inst|altpll_component|pll|clk[0] ; inst|altpll_component|pll|clk[0] ; 12.500       ; 0.005      ; 1.212      ;
; 11.337 ; SOPC:inst2|SOPC_cpu:cpu|M_rot_rn[2]     ; SOPC:inst2|SOPC_cpu:cpu|Mn_rot_step2[6]  ; inst|altpll_component|pll|clk[0] ; inst|altpll_component|pll|clk[0] ; 12.500       ; -0.003     ; 1.192      ;
; 11.350 ; SOPC:inst2|SOPC_cpu:cpu|M_rot_rn[2]     ; SOPC:inst2|SOPC_cpu:cpu|Mn_rot_step2[14] ; inst|altpll_component|pll|clk[0] ; inst|altpll_component|pll|clk[0] ; 12.500       ; -0.003     ; 1.179      ;
; 11.352 ; SOPC:inst2|SOPC_cpu:cpu|M_rot_rn[2]     ; SOPC:inst2|SOPC_cpu:cpu|Mn_rot_step2[16] ; inst|altpll_component|pll|clk[0] ; inst|altpll_component|pll|clk[0] ; 12.500       ; -0.003     ; 1.177      ;
; 11.355 ; SOPC:inst2|SOPC_cpu:cpu|M_rot_step1[10] ; SOPC:inst2|SOPC_cpu:cpu|Mn_rot_step2[22] ; inst|altpll_component|pll|clk[0] ; inst|altpll_component|pll|clk[0] ; 12.500       ; 0.005      ; 1.182      ;
; 11.356 ; SOPC:inst2|SOPC_cpu:cpu|M_rot_rn[2]     ; SOPC:inst2|SOPC_cpu:cpu|Mn_rot_step2[4]  ; inst|altpll_component|pll|clk[0] ; inst|altpll_component|pll|clk[0] ; 12.500       ; -0.003     ; 1.173      ;
; 11.358 ; SOPC:inst2|SOPC_cpu:cpu|M_rot_step1[7]  ; SOPC:inst2|SOPC_cpu:cpu|Mn_rot_step2[19] ; inst|altpll_component|pll|clk[0] ; inst|altpll_component|pll|clk[0] ; 12.500       ; 0.012      ; 1.186      ;
; 11.360 ; SOPC:inst2|SOPC_cpu:cpu|M_rot_step1[12] ; SOPC:inst2|SOPC_cpu:cpu|Mn_rot_step2[20] ; inst|altpll_component|pll|clk[0] ; inst|altpll_component|pll|clk[0] ; 12.500       ; 0.005      ; 1.177      ;
; 11.362 ; SOPC:inst2|SOPC_cpu:cpu|M_rot_step1[12] ; SOPC:inst2|SOPC_cpu:cpu|Mn_rot_step2[24] ; inst|altpll_component|pll|clk[0] ; inst|altpll_component|pll|clk[0] ; 12.500       ; 0.005      ; 1.175      ;
; 11.364 ; SOPC:inst2|SOPC_cpu:cpu|M_rot_step1[11] ; SOPC:inst2|SOPC_cpu:cpu|Mn_rot_step2[23] ; inst|altpll_component|pll|clk[0] ; inst|altpll_component|pll|clk[0] ; 12.500       ; 0.012      ; 1.180      ;
; 11.368 ; SOPC:inst2|SOPC_cpu:cpu|M_rot_step1[4]  ; SOPC:inst2|SOPC_cpu:cpu|Mn_rot_step2[12] ; inst|altpll_component|pll|clk[0] ; inst|altpll_component|pll|clk[0] ; 12.500       ; 0.005      ; 1.169      ;
; 11.383 ; SOPC:inst2|SOPC_cpu:cpu|M_rot_step1[14] ; SOPC:inst2|SOPC_cpu:cpu|Mn_rot_step2[22] ; inst|altpll_component|pll|clk[0] ; inst|altpll_component|pll|clk[0] ; 12.500       ; 0.005      ; 1.154      ;
; 11.395 ; SOPC:inst2|SOPC_cpu:cpu|M_rot_step1[18] ; SOPC:inst2|SOPC_cpu:cpu|Mn_rot_step2[30] ; inst|altpll_component|pll|clk[0] ; inst|altpll_component|pll|clk[0] ; 12.500       ; 0.000      ; 1.137      ;
; 11.398 ; SOPC:inst2|SOPC_cpu:cpu|M_rot_step1[8]  ; SOPC:inst2|SOPC_cpu:cpu|Mn_rot_step2[16] ; inst|altpll_component|pll|clk[0] ; inst|altpll_component|pll|clk[0] ; 12.500       ; 0.005      ; 1.139      ;
; 11.429 ; SOPC:inst2|SOPC_cpu:cpu|M_rot_step1[15] ; SOPC:inst2|SOPC_cpu:cpu|Mn_rot_step2[27] ; inst|altpll_component|pll|clk[0] ; inst|altpll_component|pll|clk[0] ; 12.500       ; 0.007      ; 1.110      ;
; 11.432 ; SOPC:inst2|SOPC_cpu:cpu|M_rot_step1[8]  ; SOPC:inst2|SOPC_cpu:cpu|Mn_rot_step2[20] ; inst|altpll_component|pll|clk[0] ; inst|altpll_component|pll|clk[0] ; 12.500       ; 0.005      ; 1.105      ;
; 11.434 ; SOPC:inst2|SOPC_cpu:cpu|M_rot_step1[27] ; SOPC:inst2|SOPC_cpu:cpu|Mn_rot_step2[7]  ; inst|altpll_component|pll|clk[0] ; inst|altpll_component|pll|clk[0] ; 12.500       ; 0.007      ; 1.105      ;
; 11.434 ; SOPC:inst2|SOPC_cpu:cpu|M_rot_step1[7]  ; SOPC:inst2|SOPC_cpu:cpu|Mn_rot_step2[15] ; inst|altpll_component|pll|clk[0] ; inst|altpll_component|pll|clk[0] ; 12.500       ; 0.012      ; 1.110      ;
; 11.436 ; SOPC:inst2|SOPC_cpu:cpu|M_rot_step1[14] ; SOPC:inst2|SOPC_cpu:cpu|Mn_rot_step2[18] ; inst|altpll_component|pll|clk[0] ; inst|altpll_component|pll|clk[0] ; 12.500       ; 0.005      ; 1.101      ;
; 11.440 ; SOPC:inst2|SOPC_cpu:cpu|M_rot_step1[23] ; SOPC:inst2|SOPC_cpu:cpu|Mn_rot_step2[31] ; inst|altpll_component|pll|clk[0] ; inst|altpll_component|pll|clk[0] ; 12.500       ; 0.007      ; 1.099      ;
; 11.443 ; SOPC:inst2|SOPC_cpu:cpu|M_rot_rn[2]     ; SOPC:inst2|SOPC_cpu:cpu|Mn_rot_step2[31] ; inst|altpll_component|pll|clk[0] ; inst|altpll_component|pll|clk[0] ; 12.500       ; 0.004      ; 1.093      ;
; 11.444 ; SOPC:inst2|SOPC_cpu:cpu|M_rot_rn[2]     ; SOPC:inst2|SOPC_cpu:cpu|Mn_rot_step2[27] ; inst|altpll_component|pll|clk[0] ; inst|altpll_component|pll|clk[0] ; 12.500       ; 0.004      ; 1.092      ;
; 11.447 ; SOPC:inst2|SOPC_cpu:cpu|M_rot_rn[2]     ; SOPC:inst2|SOPC_cpu:cpu|Mn_rot_step2[11] ; inst|altpll_component|pll|clk[0] ; inst|altpll_component|pll|clk[0] ; 12.500       ; 0.004      ; 1.089      ;
; 11.448 ; SOPC:inst2|SOPC_cpu:cpu|M_rot_step1[31] ; SOPC:inst2|SOPC_cpu:cpu|Mn_rot_step2[7]  ; inst|altpll_component|pll|clk[0] ; inst|altpll_component|pll|clk[0] ; 12.500       ; 0.007      ; 1.091      ;
; 11.449 ; SOPC:inst2|SOPC_cpu:cpu|M_rot_rn[2]     ; SOPC:inst2|SOPC_cpu:cpu|Mn_rot_step2[19] ; inst|altpll_component|pll|clk[0] ; inst|altpll_component|pll|clk[0] ; 12.500       ; 0.004      ; 1.087      ;
; 11.450 ; SOPC:inst2|SOPC_cpu:cpu|M_rot_step1[31] ; SOPC:inst2|SOPC_cpu:cpu|Mn_rot_step2[11] ; inst|altpll_component|pll|clk[0] ; inst|altpll_component|pll|clk[0] ; 12.500       ; 0.007      ; 1.089      ;
; 11.454 ; SOPC:inst2|SOPC_cpu:cpu|M_rot_step1[4]  ; SOPC:inst2|SOPC_cpu:cpu|Mn_rot_step2[16] ; inst|altpll_component|pll|clk[0] ; inst|altpll_component|pll|clk[0] ; 12.500       ; 0.005      ; 1.083      ;
; 11.462 ; SOPC:inst2|SOPC_cpu:cpu|M_rot_step1[29] ; SOPC:inst2|SOPC_cpu:cpu|Mn_rot_step2[5]  ; inst|altpll_component|pll|clk[0] ; inst|altpll_component|pll|clk[0] ; 12.500       ; -0.005     ; 1.065      ;
; 11.464 ; SOPC:inst2|SOPC_cpu:cpu|M_rot_step1[6]  ; SOPC:inst2|SOPC_cpu:cpu|Mn_rot_step2[14] ; inst|altpll_component|pll|clk[0] ; inst|altpll_component|pll|clk[0] ; 12.500       ; 0.005      ; 1.073      ;
; 11.465 ; SOPC:inst2|SOPC_cpu:cpu|M_rot_step1[17] ; SOPC:inst2|SOPC_cpu:cpu|Mn_rot_step2[29] ; inst|altpll_component|pll|clk[0] ; inst|altpll_component|pll|clk[0] ; 12.500       ; -0.005     ; 1.062      ;
; 11.465 ; SOPC:inst2|SOPC_cpu:cpu|M_rot_step1[29] ; SOPC:inst2|SOPC_cpu:cpu|Mn_rot_step2[9]  ; inst|altpll_component|pll|clk[0] ; inst|altpll_component|pll|clk[0] ; 12.500       ; -0.005     ; 1.062      ;
; 11.467 ; SOPC:inst2|SOPC_cpu:cpu|M_rot_step1[21] ; SOPC:inst2|SOPC_cpu:cpu|Mn_rot_step2[1]  ; inst|altpll_component|pll|clk[0] ; inst|altpll_component|pll|clk[0] ; 12.500       ; -0.005     ; 1.060      ;
; 11.475 ; SOPC:inst2|SOPC_cpu:cpu|M_rot_step1[26] ; SOPC:inst2|SOPC_cpu:cpu|Mn_rot_step2[2]  ; inst|altpll_component|pll|clk[0] ; inst|altpll_component|pll|clk[0] ; 12.500       ; 0.000      ; 1.057      ;
; 11.480 ; SOPC:inst2|SOPC_cpu:cpu|M_rot_step1[22] ; SOPC:inst2|SOPC_cpu:cpu|Mn_rot_step2[30] ; inst|altpll_component|pll|clk[0] ; inst|altpll_component|pll|clk[0] ; 12.500       ; 0.000      ; 1.052      ;
; 11.490 ; SOPC:inst2|SOPC_cpu:cpu|M_rot_step1[13] ; SOPC:inst2|SOPC_cpu:cpu|Mn_rot_step2[21] ; inst|altpll_component|pll|clk[0] ; inst|altpll_component|pll|clk[0] ; 12.500       ; 0.000      ; 1.042      ;
; 11.490 ; SOPC:inst2|SOPC_cpu:cpu|M_rot_step1[24] ; SOPC:inst2|SOPC_cpu:cpu|Mn_rot_step2[0]  ; inst|altpll_component|pll|clk[0] ; inst|altpll_component|pll|clk[0] ; 12.500       ; 0.000      ; 1.042      ;
; 11.492 ; SOPC:inst2|SOPC_cpu:cpu|M_rot_step1[0]  ; SOPC:inst2|SOPC_cpu:cpu|Mn_rot_step2[8]  ; inst|altpll_component|pll|clk[0] ; inst|altpll_component|pll|clk[0] ; 12.500       ; 0.000      ; 1.040      ;
; 11.492 ; SOPC:inst2|SOPC_cpu:cpu|M_rot_step1[0]  ; SOPC:inst2|SOPC_cpu:cpu|Mn_rot_step2[12] ; inst|altpll_component|pll|clk[0] ; inst|altpll_component|pll|clk[0] ; 12.500       ; 0.000      ; 1.040      ;
; 11.494 ; SOPC:inst2|SOPC_cpu:cpu|M_rot_step1[16] ; SOPC:inst2|SOPC_cpu:cpu|Mn_rot_step2[28] ; inst|altpll_component|pll|clk[0] ; inst|altpll_component|pll|clk[0] ; 12.500       ; 0.000      ; 1.038      ;
; 11.506 ; SOPC:inst2|SOPC_cpu:cpu|M_rot_step1[20] ; SOPC:inst2|SOPC_cpu:cpu|Mn_rot_step2[28] ; inst|altpll_component|pll|clk[0] ; inst|altpll_component|pll|clk[0] ; 12.500       ; 0.000      ; 1.026      ;
; 11.514 ; SOPC:inst2|SOPC_cpu:cpu|M_rot_step1[23] ; SOPC:inst2|SOPC_cpu:cpu|Mn_rot_step2[3]  ; inst|altpll_component|pll|clk[0] ; inst|altpll_component|pll|clk[0] ; 12.500       ; 0.007      ; 1.025      ;
; 11.519 ; SOPC:inst2|SOPC_cpu:cpu|M_rot_step1[15] ; SOPC:inst2|SOPC_cpu:cpu|Mn_rot_step2[23] ; inst|altpll_component|pll|clk[0] ; inst|altpll_component|pll|clk[0] ; 12.500       ; 0.007      ; 1.020      ;
; 11.523 ; SOPC:inst2|SOPC_cpu:cpu|M_rot_rn[2]     ; SOPC:inst2|SOPC_cpu:cpu|Mn_rot_step2[15] ; inst|altpll_component|pll|clk[0] ; inst|altpll_component|pll|clk[0] ; 12.500       ; 0.004      ; 1.013      ;
; 11.524 ; SOPC:inst2|SOPC_cpu:cpu|M_rot_rn[2]     ; SOPC:inst2|SOPC_cpu:cpu|Mn_rot_step2[23] ; inst|altpll_component|pll|clk[0] ; inst|altpll_component|pll|clk[0] ; 12.500       ; 0.004      ; 1.012      ;
; 11.525 ; SOPC:inst2|SOPC_cpu:cpu|M_rot_rn[3]     ; SOPC:inst2|SOPC_cpu:cpu|Mn_rot_step2[1]  ; inst|altpll_component|pll|clk[0] ; inst|altpll_component|pll|clk[0] ; 12.500       ; -0.008     ; 0.999      ;
; 11.525 ; SOPC:inst2|SOPC_cpu:cpu|M_rot_rn[3]     ; SOPC:inst2|SOPC_cpu:cpu|Mn_rot_step2[17] ; inst|altpll_component|pll|clk[0] ; inst|altpll_component|pll|clk[0] ; 12.500       ; -0.008     ; 0.999      ;
; 11.525 ; SOPC:inst2|SOPC_cpu:cpu|M_rot_rn[3]     ; SOPC:inst2|SOPC_cpu:cpu|Mn_rot_step2[21] ; inst|altpll_component|pll|clk[0] ; inst|altpll_component|pll|clk[0] ; 12.500       ; -0.008     ; 0.999      ;
; 11.525 ; SOPC:inst2|SOPC_cpu:cpu|M_rot_rn[3]     ; SOPC:inst2|SOPC_cpu:cpu|Mn_rot_step2[9]  ; inst|altpll_component|pll|clk[0] ; inst|altpll_component|pll|clk[0] ; 12.500       ; -0.008     ; 0.999      ;
; 11.525 ; SOPC:inst2|SOPC_cpu:cpu|M_rot_rn[3]     ; SOPC:inst2|SOPC_cpu:cpu|Mn_rot_step2[25] ; inst|altpll_component|pll|clk[0] ; inst|altpll_component|pll|clk[0] ; 12.500       ; -0.008     ; 0.999      ;
; 11.525 ; SOPC:inst2|SOPC_cpu:cpu|M_rot_rn[3]     ; SOPC:inst2|SOPC_cpu:cpu|Mn_rot_step2[13] ; inst|altpll_component|pll|clk[0] ; inst|altpll_component|pll|clk[0] ; 12.500       ; -0.008     ; 0.999      ;
; 11.525 ; SOPC:inst2|SOPC_cpu:cpu|M_rot_rn[3]     ; SOPC:inst2|SOPC_cpu:cpu|Mn_rot_step2[29] ; inst|altpll_component|pll|clk[0] ; inst|altpll_component|pll|clk[0] ; 12.500       ; -0.008     ; 0.999      ;
; 11.525 ; SOPC:inst2|SOPC_cpu:cpu|M_rot_rn[3]     ; SOPC:inst2|SOPC_cpu:cpu|Mn_rot_step2[5]  ; inst|altpll_component|pll|clk[0] ; inst|altpll_component|pll|clk[0] ; 12.500       ; -0.008     ; 0.999      ;
; 11.538 ; SOPC:inst2|SOPC_cpu:cpu|M_rot_step1[27] ; SOPC:inst2|SOPC_cpu:cpu|Mn_rot_step2[3]  ; inst|altpll_component|pll|clk[0] ; inst|altpll_component|pll|clk[0] ; 12.500       ; 0.007      ; 1.001      ;
; 11.544 ; SOPC:inst2|SOPC_cpu:cpu|M_rot_step1[25] ; SOPC:inst2|SOPC_cpu:cpu|Mn_rot_step2[5]  ; inst|altpll_component|pll|clk[0] ; inst|altpll_component|pll|clk[0] ; 12.500       ; -0.005     ; 0.983      ;
; 11.548 ; SOPC:inst2|SOPC_cpu:cpu|M_rot_step1[17] ; SOPC:inst2|SOPC_cpu:cpu|Mn_rot_step2[25] ; inst|altpll_component|pll|clk[0] ; inst|altpll_component|pll|clk[0] ; 12.500       ; -0.005     ; 0.979      ;
; 11.548 ; SOPC:inst2|SOPC_cpu:cpu|M_rot_step1[26] ; SOPC:inst2|SOPC_cpu:cpu|Mn_rot_step2[6]  ; inst|altpll_component|pll|clk[0] ; inst|altpll_component|pll|clk[0] ; 12.500       ; 0.000      ; 0.984      ;
; 11.558 ; SOPC:inst2|SOPC_cpu:cpu|M_rot_step1[3]  ; SOPC:inst2|SOPC_cpu:cpu|Mn_rot_step2[15] ; inst|altpll_component|pll|clk[0] ; inst|altpll_component|pll|clk[0] ; 12.500       ; 0.012      ; 0.986      ;
; 11.560 ; SOPC:inst2|SOPC_cpu:cpu|M_rot_step1[3]  ; SOPC:inst2|SOPC_cpu:cpu|Mn_rot_step2[11] ; inst|altpll_component|pll|clk[0] ; inst|altpll_component|pll|clk[0] ; 12.500       ; 0.012      ; 0.984      ;
; 11.564 ; SOPC:inst2|SOPC_cpu:cpu|M_rot_step1[28] ; SOPC:inst2|SOPC_cpu:cpu|Mn_rot_step2[4]  ; inst|altpll_component|pll|clk[0] ; inst|altpll_component|pll|clk[0] ; 12.500       ; 0.000      ; 0.968      ;
; 11.565 ; SOPC:inst2|SOPC_cpu:cpu|M_rot_step1[30] ; SOPC:inst2|SOPC_cpu:cpu|Mn_rot_step2[6]  ; inst|altpll_component|pll|clk[0] ; inst|altpll_component|pll|clk[0] ; 12.500       ; 0.000      ; 0.967      ;
; 11.571 ; SOPC:inst2|SOPC_cpu:cpu|M_rot_step1[13] ; SOPC:inst2|SOPC_cpu:cpu|Mn_rot_step2[25] ; inst|altpll_component|pll|clk[0] ; inst|altpll_component|pll|clk[0] ; 12.500       ; 0.000      ; 0.961      ;
; 11.573 ; SOPC:inst2|SOPC_cpu:cpu|M_rot_step1[24] ; SOPC:inst2|SOPC_cpu:cpu|Mn_rot_step2[4]  ; inst|altpll_component|pll|clk[0] ; inst|altpll_component|pll|clk[0] ; 12.500       ; 0.000      ; 0.959      ;
; 11.580 ; SOPC:inst2|SOPC_cpu:cpu|M_rot_step1[19] ; SOPC:inst2|SOPC_cpu:cpu|Mn_rot_step2[27] ; inst|altpll_component|pll|clk[0] ; inst|altpll_component|pll|clk[0] ; 12.500       ; 0.007      ; 0.959      ;
; 11.580 ; SOPC:inst2|SOPC_cpu:cpu|M_rot_step1[19] ; SOPC:inst2|SOPC_cpu:cpu|Mn_rot_step2[31] ; inst|altpll_component|pll|clk[0] ; inst|altpll_component|pll|clk[0] ; 12.500       ; 0.007      ; 0.959      ;
; 11.581 ; SOPC:inst2|SOPC_cpu:cpu|M_rot_step1[21] ; SOPC:inst2|SOPC_cpu:cpu|Mn_rot_step2[29] ; inst|altpll_component|pll|clk[0] ; inst|altpll_component|pll|clk[0] ; 12.500       ; -0.005     ; 0.946      ;
; 11.582 ; SOPC:inst2|SOPC_cpu:cpu|M_rot_step1[25] ; SOPC:inst2|SOPC_cpu:cpu|Mn_rot_step2[1]  ; inst|altpll_component|pll|clk[0] ; inst|altpll_component|pll|clk[0] ; 12.500       ; -0.005     ; 0.945      ;
; 11.588 ; SOPC:inst2|SOPC_cpu:cpu|M_rot_step1[1]  ; SOPC:inst2|SOPC_cpu:cpu|Mn_rot_step2[13] ; inst|altpll_component|pll|clk[0] ; inst|altpll_component|pll|clk[0] ; 12.500       ; 0.000      ; 0.944      ;
; 11.588 ; SOPC:inst2|SOPC_cpu:cpu|M_rot_step1[20] ; SOPC:inst2|SOPC_cpu:cpu|Mn_rot_step2[0]  ; inst|altpll_component|pll|clk[0] ; inst|altpll_component|pll|clk[0] ; 12.500       ; 0.000      ; 0.944      ;
; 11.592 ; SOPC:inst2|SOPC_cpu:cpu|M_rot_step1[5]  ; SOPC:inst2|SOPC_cpu:cpu|Mn_rot_step2[13] ; inst|altpll_component|pll|clk[0] ; inst|altpll_component|pll|clk[0] ; 12.500       ; 0.000      ; 0.940      ;
; 11.594 ; SOPC:inst2|SOPC_cpu:cpu|M_rot_step1[9]  ; SOPC:inst2|SOPC_cpu:cpu|Mn_rot_step2[21] ; inst|altpll_component|pll|clk[0] ; inst|altpll_component|pll|clk[0] ; 12.500       ; 0.000      ; 0.938      ;
; 11.610 ; SOPC:inst2|SOPC_cpu:cpu|M_rot_step1[11] ; SOPC:inst2|SOPC_cpu:cpu|Mn_rot_step2[11] ; inst|altpll_component|pll|clk[0] ; inst|altpll_component|pll|clk[0] ; 12.500       ; 0.012      ; 0.934      ;
; 11.614 ; SOPC:inst2|SOPC_cpu:cpu|M_rot_step1[11] ; SOPC:inst2|SOPC_cpu:cpu|Mn_rot_step2[15] ; inst|altpll_component|pll|clk[0] ; inst|altpll_component|pll|clk[0] ; 12.500       ; 0.012      ; 0.930      ;
; 11.618 ; SOPC:inst2|SOPC_cpu:cpu|M_rot_step1[28] ; SOPC:inst2|SOPC_cpu:cpu|Mn_rot_step2[8]  ; inst|altpll_component|pll|clk[0] ; inst|altpll_component|pll|clk[0] ; 12.500       ; 0.000      ; 0.914      ;
+--------+-----------------------------------------+------------------------------------------+----------------------------------+----------------------------------+--------------+------------+------------+


+------------------------------------------------------------------------------------------------------------------------------------------------------------------------------------------------------------------------------------------------------------------------------------------------------------------------------------------------------------------------------------------------------------------------------------------------------------------------------------------------------------+
; Fast Model Hold: 'inst|altpll_component|pll|clk[0]'                                                                                                                                                                                                                                                                                                                                                                                                                                                        ;
+-------+------------------------------------------------------------------------------------------------------------------------------------------------------------------------------------------+------------------------------------------------------------------------------------------------------------------------------------------------------------------------------------------+----------------------------------+----------------------------------+--------------+------------+------------+
; Slack ; From Node                                                                                                                                                                                ; To Node                                                                                                                                                                                  ; Launch Clock                     ; Latch Clock                      ; Relationship ; Clock Skew ; Data Delay ;
+-------+------------------------------------------------------------------------------------------------------------------------------------------------------------------------------------------+------------------------------------------------------------------------------------------------------------------------------------------------------------------------------------------+----------------------------------+----------------------------------+--------------+------------+------------+
; 0.215 ; SOPC:inst2|SOPC_cpu:cpu|SOPC_cpu_nios2_oci:the_SOPC_cpu_nios2_oci|SOPC_cpu_nios2_ocimem:the_SOPC_cpu_nios2_ocimem|jtag_rd                                                                ; SOPC:inst2|SOPC_cpu:cpu|SOPC_cpu_nios2_oci:the_SOPC_cpu_nios2_oci|SOPC_cpu_nios2_ocimem:the_SOPC_cpu_nios2_ocimem|jtag_rd                                                                ; inst|altpll_component|pll|clk[0] ; inst|altpll_component|pll|clk[0] ; 0.000        ; 0.000      ; 0.367      ;
; 0.215 ; SOPC:inst2|altera_avalon_sc_fifo:sdram_s1_translator_avalon_universal_slave_0_agent_rdata_fifo|wr_ptr[0]                                                                                 ; SOPC:inst2|altera_avalon_sc_fifo:sdram_s1_translator_avalon_universal_slave_0_agent_rdata_fifo|wr_ptr[0]                                                                                 ; inst|altpll_component|pll|clk[0] ; inst|altpll_component|pll|clk[0] ; 0.000        ; 0.000      ; 0.367      ;
; 0.215 ; SOPC:inst2|altera_avalon_sc_fifo:sdram_s1_translator_avalon_universal_slave_0_agent_rdata_fifo|wr_ptr[2]                                                                                 ; SOPC:inst2|altera_avalon_sc_fifo:sdram_s1_translator_avalon_universal_slave_0_agent_rdata_fifo|wr_ptr[2]                                                                                 ; inst|altpll_component|pll|clk[0] ; inst|altpll_component|pll|clk[0] ; 0.000        ; 0.000      ; 0.367      ;
; 0.215 ; SOPC:inst2|altera_avalon_sc_fifo:sdram_s1_translator_avalon_universal_slave_0_agent_rdata_fifo|rd_ptr[0]                                                                                 ; SOPC:inst2|altera_avalon_sc_fifo:sdram_s1_translator_avalon_universal_slave_0_agent_rdata_fifo|rd_ptr[0]                                                                                 ; inst|altpll_component|pll|clk[0] ; inst|altpll_component|pll|clk[0] ; 0.000        ; 0.000      ; 0.367      ;
; 0.215 ; SOPC:inst2|altera_avalon_sc_fifo:sdram_s1_translator_avalon_universal_slave_0_agent_rdata_fifo|rd_ptr[1]                                                                                 ; SOPC:inst2|altera_avalon_sc_fifo:sdram_s1_translator_avalon_universal_slave_0_agent_rdata_fifo|rd_ptr[1]                                                                                 ; inst|altpll_component|pll|clk[0] ; inst|altpll_component|pll|clk[0] ; 0.000        ; 0.000      ; 0.367      ;
; 0.215 ; SOPC:inst2|altera_avalon_sc_fifo:sdram_s1_translator_avalon_universal_slave_0_agent_rdata_fifo|rd_ptr[2]                                                                                 ; SOPC:inst2|altera_avalon_sc_fifo:sdram_s1_translator_avalon_universal_slave_0_agent_rdata_fifo|rd_ptr[2]                                                                                 ; inst|altpll_component|pll|clk[0] ; inst|altpll_component|pll|clk[0] ; 0.000        ; 0.000      ; 0.367      ;
; 0.215 ; SOPC:inst2|SOPC_sdram:sdram|i_count[0]                                                                                                                                                   ; SOPC:inst2|SOPC_sdram:sdram|i_count[0]                                                                                                                                                   ; inst|altpll_component|pll|clk[0] ; inst|altpll_component|pll|clk[0] ; 0.000        ; 0.000      ; 0.367      ;
; 0.215 ; SOPC:inst2|SOPC_sdram:sdram|i_count[2]                                                                                                                                                   ; SOPC:inst2|SOPC_sdram:sdram|i_count[2]                                                                                                                                                   ; inst|altpll_component|pll|clk[0] ; inst|altpll_component|pll|clk[0] ; 0.000        ; 0.000      ; 0.367      ;
; 0.215 ; SOPC:inst2|SOPC_sdram:sdram|i_refs[0]                                                                                                                                                    ; SOPC:inst2|SOPC_sdram:sdram|i_refs[0]                                                                                                                                                    ; inst|altpll_component|pll|clk[0] ; inst|altpll_component|pll|clk[0] ; 0.000        ; 0.000      ; 0.367      ;
; 0.215 ; SOPC:inst2|SOPC_sdram:sdram|i_refs[1]                                                                                                                                                    ; SOPC:inst2|SOPC_sdram:sdram|i_refs[1]                                                                                                                                                    ; inst|altpll_component|pll|clk[0] ; inst|altpll_component|pll|clk[0] ; 0.000        ; 0.000      ; 0.367      ;
; 0.215 ; SOPC:inst2|SOPC_sdram:sdram|i_refs[2]                                                                                                                                                    ; SOPC:inst2|SOPC_sdram:sdram|i_refs[2]                                                                                                                                                    ; inst|altpll_component|pll|clk[0] ; inst|altpll_component|pll|clk[0] ; 0.000        ; 0.000      ; 0.367      ;
; 0.215 ; SOPC:inst2|SOPC_sdram:sdram|i_next.101                                                                                                                                                   ; SOPC:inst2|SOPC_sdram:sdram|i_next.101                                                                                                                                                   ; inst|altpll_component|pll|clk[0] ; inst|altpll_component|pll|clk[0] ; 0.000        ; 0.000      ; 0.367      ;
; 0.215 ; SOPC:inst2|SOPC_sdram:sdram|i_state.101                                                                                                                                                  ; SOPC:inst2|SOPC_sdram:sdram|i_state.101                                                                                                                                                  ; inst|altpll_component|pll|clk[0] ; inst|altpll_component|pll|clk[0] ; 0.000        ; 0.000      ; 0.367      ;
; 0.215 ; SOPC:inst2|SOPC_sdram:sdram|i_count[1]                                                                                                                                                   ; SOPC:inst2|SOPC_sdram:sdram|i_count[1]                                                                                                                                                   ; inst|altpll_component|pll|clk[0] ; inst|altpll_component|pll|clk[0] ; 0.000        ; 0.000      ; 0.367      ;
; 0.215 ; SOPC:inst2|SOPC_sdram:sdram|i_next.000                                                                                                                                                   ; SOPC:inst2|SOPC_sdram:sdram|i_next.000                                                                                                                                                   ; inst|altpll_component|pll|clk[0] ; inst|altpll_component|pll|clk[0] ; 0.000        ; 0.000      ; 0.367      ;
; 0.215 ; SOPC:inst2|SOPC_sdram:sdram|i_state.000                                                                                                                                                  ; SOPC:inst2|SOPC_sdram:sdram|i_state.000                                                                                                                                                  ; inst|altpll_component|pll|clk[0] ; inst|altpll_component|pll|clk[0] ; 0.000        ; 0.000      ; 0.367      ;
; 0.215 ; SOPC:inst2|SOPC_sdram:sdram|i_cmd[1]                                                                                                                                                     ; SOPC:inst2|SOPC_sdram:sdram|i_cmd[1]                                                                                                                                                     ; inst|altpll_component|pll|clk[0] ; inst|altpll_component|pll|clk[0] ; 0.000        ; 0.000      ; 0.367      ;
; 0.215 ; SOPC:inst2|SOPC_sdram:sdram|init_done                                                                                                                                                    ; SOPC:inst2|SOPC_sdram:sdram|init_done                                                                                                                                                    ; inst|altpll_component|pll|clk[0] ; inst|altpll_component|pll|clk[0] ; 0.000        ; 0.000      ; 0.367      ;
; 0.215 ; SOPC:inst2|altera_avalon_sc_fifo:sdram_s1_translator_avalon_universal_slave_0_agent_rsp_fifo|mem_used[7]                                                                                 ; SOPC:inst2|altera_avalon_sc_fifo:sdram_s1_translator_avalon_universal_slave_0_agent_rsp_fifo|mem_used[7]                                                                                 ; inst|altpll_component|pll|clk[0] ; inst|altpll_component|pll|clk[0] ; 0.000        ; 0.000      ; 0.367      ;
; 0.215 ; SOPC:inst2|altera_avalon_sc_fifo:sdram_s1_translator_avalon_universal_slave_0_agent_rsp_fifo|mem[7][66]                                                                                  ; SOPC:inst2|altera_avalon_sc_fifo:sdram_s1_translator_avalon_universal_slave_0_agent_rsp_fifo|mem[7][66]                                                                                  ; inst|altpll_component|pll|clk[0] ; inst|altpll_component|pll|clk[0] ; 0.000        ; 0.000      ; 0.367      ;
; 0.215 ; SOPC:inst2|SOPC_cpu:cpu|A_mem_stall                                                                                                                                                      ; SOPC:inst2|SOPC_cpu:cpu|A_mem_stall                                                                                                                                                      ; inst|altpll_component|pll|clk[0] ; inst|altpll_component|pll|clk[0] ; 0.000        ; 0.000      ; 0.367      ;
; 0.215 ; SOPC:inst2|altera_avalon_sc_fifo:cpu_jtag_debug_module_translator_avalon_universal_slave_0_agent_rsp_fifo|mem[1][84]                                                                     ; SOPC:inst2|altera_avalon_sc_fifo:cpu_jtag_debug_module_translator_avalon_universal_slave_0_agent_rsp_fifo|mem[1][84]                                                                     ; inst|altpll_component|pll|clk[0] ; inst|altpll_component|pll|clk[0] ; 0.000        ; 0.000      ; 0.367      ;
; 0.215 ; SOPC:inst2|SOPC_cpu:cpu|ic_fill_line[0]                                                                                                                                                  ; SOPC:inst2|SOPC_cpu:cpu|ic_fill_line[0]                                                                                                                                                  ; inst|altpll_component|pll|clk[0] ; inst|altpll_component|pll|clk[0] ; 0.000        ; 0.000      ; 0.367      ;
; 0.215 ; SOPC:inst2|altera_merlin_width_adapter:width_adapter|count[0]                                                                                                                            ; SOPC:inst2|altera_merlin_width_adapter:width_adapter|count[0]                                                                                                                            ; inst|altpll_component|pll|clk[0] ; inst|altpll_component|pll|clk[0] ; 0.000        ; 0.000      ; 0.367      ;
; 0.215 ; SOPC:inst2|altera_avalon_sc_fifo:sdram_s1_translator_avalon_universal_slave_0_agent_rsp_fifo|mem[7][87]                                                                                  ; SOPC:inst2|altera_avalon_sc_fifo:sdram_s1_translator_avalon_universal_slave_0_agent_rsp_fifo|mem[7][87]                                                                                  ; inst|altpll_component|pll|clk[0] ; inst|altpll_component|pll|clk[0] ; 0.000        ; 0.000      ; 0.367      ;
; 0.215 ; SOPC:inst2|SOPC_sdram:sdram|active_cs_n                                                                                                                                                  ; SOPC:inst2|SOPC_sdram:sdram|active_cs_n                                                                                                                                                  ; inst|altpll_component|pll|clk[0] ; inst|altpll_component|pll|clk[0] ; 0.000        ; 0.000      ; 0.367      ;
; 0.215 ; SOPC:inst2|SOPC_sdram:sdram|SOPC_sdram_input_efifo_module:the_SOPC_sdram_input_efifo_module|wr_address                                                                                   ; SOPC:inst2|SOPC_sdram:sdram|SOPC_sdram_input_efifo_module:the_SOPC_sdram_input_efifo_module|wr_address                                                                                   ; inst|altpll_component|pll|clk[0] ; inst|altpll_component|pll|clk[0] ; 0.000        ; 0.000      ; 0.367      ;
; 0.215 ; SOPC:inst2|SOPC_sdram:sdram|m_state.000100000                                                                                                                                            ; SOPC:inst2|SOPC_sdram:sdram|m_state.000100000                                                                                                                                            ; inst|altpll_component|pll|clk[0] ; inst|altpll_component|pll|clk[0] ; 0.000        ; 0.000      ; 0.367      ;
; 0.215 ; SOPC:inst2|SOPC_sdram:sdram|m_next.010000000                                                                                                                                             ; SOPC:inst2|SOPC_sdram:sdram|m_next.010000000                                                                                                                                             ; inst|altpll_component|pll|clk[0] ; inst|altpll_component|pll|clk[0] ; 0.000        ; 0.000      ; 0.367      ;
; 0.215 ; SOPC:inst2|SOPC_sdram:sdram|ack_refresh_request                                                                                                                                          ; SOPC:inst2|SOPC_sdram:sdram|ack_refresh_request                                                                                                                                          ; inst|altpll_component|pll|clk[0] ; inst|altpll_component|pll|clk[0] ; 0.000        ; 0.000      ; 0.367      ;
; 0.215 ; SOPC:inst2|SOPC_sdram:sdram|refresh_request                                                                                                                                              ; SOPC:inst2|SOPC_sdram:sdram|refresh_request                                                                                                                                              ; inst|altpll_component|pll|clk[0] ; inst|altpll_component|pll|clk[0] ; 0.000        ; 0.000      ; 0.367      ;
; 0.215 ; SOPC:inst2|altera_avalon_sc_fifo:spi_touch_spi_control_port_translator_avalon_universal_slave_0_agent_rsp_fifo|mem_used[0]                                                               ; SOPC:inst2|altera_avalon_sc_fifo:spi_touch_spi_control_port_translator_avalon_universal_slave_0_agent_rsp_fifo|mem_used[0]                                                               ; inst|altpll_component|pll|clk[0] ; inst|altpll_component|pll|clk[0] ; 0.000        ; 0.000      ; 0.367      ;
; 0.215 ; SOPC:inst2|altera_avalon_sc_fifo:spi_touch_spi_control_port_translator_avalon_universal_slave_0_agent_rsp_fifo|mem_used[1]                                                               ; SOPC:inst2|altera_avalon_sc_fifo:spi_touch_spi_control_port_translator_avalon_universal_slave_0_agent_rsp_fifo|mem_used[1]                                                               ; inst|altpll_component|pll|clk[0] ; inst|altpll_component|pll|clk[0] ; 0.000        ; 0.000      ; 0.367      ;
; 0.215 ; SOPC:inst2|altera_merlin_slave_translator:spi_touch_spi_control_port_translator|wait_latency_counter[0]                                                                                  ; SOPC:inst2|altera_merlin_slave_translator:spi_touch_spi_control_port_translator|wait_latency_counter[0]                                                                                  ; inst|altpll_component|pll|clk[0] ; inst|altpll_component|pll|clk[0] ; 0.000        ; 0.000      ; 0.367      ;
; 0.215 ; SOPC:inst2|altera_merlin_slave_translator:spi_touch_spi_control_port_translator|wait_latency_counter[1]                                                                                  ; SOPC:inst2|altera_merlin_slave_translator:spi_touch_spi_control_port_translator|wait_latency_counter[1]                                                                                  ; inst|altpll_component|pll|clk[0] ; inst|altpll_component|pll|clk[0] ; 0.000        ; 0.000      ; 0.367      ;
; 0.215 ; SOPC:inst2|SOPC_spi_touch:spi_touch|wr_strobe                                                                                                                                            ; SOPC:inst2|SOPC_spi_touch:spi_touch|wr_strobe                                                                                                                                            ; inst|altpll_component|pll|clk[0] ; inst|altpll_component|pll|clk[0] ; 0.000        ; 0.000      ; 0.367      ;
; 0.215 ; SOPC:inst2|SOPC_spi_touch:spi_touch|slowcount[0]                                                                                                                                         ; SOPC:inst2|SOPC_spi_touch:spi_touch|slowcount[0]                                                                                                                                         ; inst|altpll_component|pll|clk[0] ; inst|altpll_component|pll|clk[0] ; 0.000        ; 0.000      ; 0.367      ;
; 0.215 ; SOPC:inst2|SOPC_spi_touch:spi_touch|state[4]                                                                                                                                             ; SOPC:inst2|SOPC_spi_touch:spi_touch|state[4]                                                                                                                                             ; inst|altpll_component|pll|clk[0] ; inst|altpll_component|pll|clk[0] ; 0.000        ; 0.000      ; 0.367      ;
; 0.215 ; SOPC:inst2|SOPC_spi_touch:spi_touch|tx_holding_primed                                                                                                                                    ; SOPC:inst2|SOPC_spi_touch:spi_touch|tx_holding_primed                                                                                                                                    ; inst|altpll_component|pll|clk[0] ; inst|altpll_component|pll|clk[0] ; 0.000        ; 0.000      ; 0.367      ;
; 0.215 ; SOPC:inst2|SOPC_spi_touch:spi_touch|transmitting                                                                                                                                         ; SOPC:inst2|SOPC_spi_touch:spi_touch|transmitting                                                                                                                                         ; inst|altpll_component|pll|clk[0] ; inst|altpll_component|pll|clk[0] ; 0.000        ; 0.000      ; 0.367      ;
; 0.215 ; SOPC:inst2|SOPC_spi_touch:spi_touch|TOE                                                                                                                                                  ; SOPC:inst2|SOPC_spi_touch:spi_touch|TOE                                                                                                                                                  ; inst|altpll_component|pll|clk[0] ; inst|altpll_component|pll|clk[0] ; 0.000        ; 0.000      ; 0.367      ;
; 0.215 ; SOPC:inst2|SOPC_spi_touch:spi_touch|rd_strobe                                                                                                                                            ; SOPC:inst2|SOPC_spi_touch:spi_touch|rd_strobe                                                                                                                                            ; inst|altpll_component|pll|clk[0] ; inst|altpll_component|pll|clk[0] ; 0.000        ; 0.000      ; 0.367      ;
; 0.215 ; SOPC:inst2|SOPC_spi_touch:spi_touch|RRDY                                                                                                                                                 ; SOPC:inst2|SOPC_spi_touch:spi_touch|RRDY                                                                                                                                                 ; inst|altpll_component|pll|clk[0] ; inst|altpll_component|pll|clk[0] ; 0.000        ; 0.000      ; 0.367      ;
; 0.215 ; SOPC:inst2|SOPC_spi_touch:spi_touch|ROE                                                                                                                                                  ; SOPC:inst2|SOPC_spi_touch:spi_touch|ROE                                                                                                                                                  ; inst|altpll_component|pll|clk[0] ; inst|altpll_component|pll|clk[0] ; 0.000        ; 0.000      ; 0.367      ;
; 0.215 ; SOPC:inst2|SOPC_jtag_uart:jtag_uart|av_waitrequest                                                                                                                                       ; SOPC:inst2|SOPC_jtag_uart:jtag_uart|av_waitrequest                                                                                                                                       ; inst|altpll_component|pll|clk[0] ; inst|altpll_component|pll|clk[0] ; 0.000        ; 0.000      ; 0.367      ;
; 0.215 ; SOPC:inst2|SOPC_jtag_uart:jtag_uart|SOPC_jtag_uart_scfifo_r:the_SOPC_jtag_uart_scfifo_r|scfifo:rfifo|scfifo_1n21:auto_generated|a_dpfifo_8t21:dpfifo|a_fefifo_7cf:fifo_state|b_non_empty ; SOPC:inst2|SOPC_jtag_uart:jtag_uart|SOPC_jtag_uart_scfifo_r:the_SOPC_jtag_uart_scfifo_r|scfifo:rfifo|scfifo_1n21:auto_generated|a_dpfifo_8t21:dpfifo|a_fefifo_7cf:fifo_state|b_non_empty ; inst|altpll_component|pll|clk[0] ; inst|altpll_component|pll|clk[0] ; 0.000        ; 0.000      ; 0.367      ;
; 0.215 ; SOPC:inst2|SOPC_jtag_uart:jtag_uart|SOPC_jtag_uart_scfifo_r:the_SOPC_jtag_uart_scfifo_r|scfifo:rfifo|scfifo_1n21:auto_generated|a_dpfifo_8t21:dpfifo|a_fefifo_7cf:fifo_state|b_full      ; SOPC:inst2|SOPC_jtag_uart:jtag_uart|SOPC_jtag_uart_scfifo_r:the_SOPC_jtag_uart_scfifo_r|scfifo:rfifo|scfifo_1n21:auto_generated|a_dpfifo_8t21:dpfifo|a_fefifo_7cf:fifo_state|b_full      ; inst|altpll_component|pll|clk[0] ; inst|altpll_component|pll|clk[0] ; 0.000        ; 0.000      ; 0.367      ;
; 0.215 ; SOPC:inst2|SOPC_jtag_uart:jtag_uart|pause_irq                                                                                                                                            ; SOPC:inst2|SOPC_jtag_uart:jtag_uart|pause_irq                                                                                                                                            ; inst|altpll_component|pll|clk[0] ; inst|altpll_component|pll|clk[0] ; 0.000        ; 0.000      ; 0.367      ;
; 0.215 ; SOPC:inst2|altera_merlin_width_adapter:width_adapter_001|data_reg[9]                                                                                                                     ; SOPC:inst2|altera_merlin_width_adapter:width_adapter_001|data_reg[9]                                                                                                                     ; inst|altpll_component|pll|clk[0] ; inst|altpll_component|pll|clk[0] ; 0.000        ; 0.000      ; 0.367      ;
; 0.215 ; SOPC:inst2|altera_avalon_sc_fifo:sysid_control_slave_translator_avalon_universal_slave_0_agent_rsp_fifo|mem_used[0]                                                                      ; SOPC:inst2|altera_avalon_sc_fifo:sysid_control_slave_translator_avalon_universal_slave_0_agent_rsp_fifo|mem_used[0]                                                                      ; inst|altpll_component|pll|clk[0] ; inst|altpll_component|pll|clk[0] ; 0.000        ; 0.000      ; 0.367      ;
; 0.215 ; SOPC:inst2|altera_avalon_sc_fifo:sysid_control_slave_translator_avalon_universal_slave_0_agent_rsp_fifo|mem_used[1]                                                                      ; SOPC:inst2|altera_avalon_sc_fifo:sysid_control_slave_translator_avalon_universal_slave_0_agent_rsp_fifo|mem_used[1]                                                                      ; inst|altpll_component|pll|clk[0] ; inst|altpll_component|pll|clk[0] ; 0.000        ; 0.000      ; 0.367      ;
; 0.215 ; SOPC:inst2|altera_merlin_slave_translator:sysid_control_slave_translator|wait_latency_counter[0]                                                                                         ; SOPC:inst2|altera_merlin_slave_translator:sysid_control_slave_translator|wait_latency_counter[0]                                                                                         ; inst|altpll_component|pll|clk[0] ; inst|altpll_component|pll|clk[0] ; 0.000        ; 0.000      ; 0.367      ;
; 0.215 ; SOPC:inst2|SOPC_jtag_uart:jtag_uart|r_val                                                                                                                                                ; SOPC:inst2|SOPC_jtag_uart:jtag_uart|r_val                                                                                                                                                ; inst|altpll_component|pll|clk[0] ; inst|altpll_component|pll|clk[0] ; 0.000        ; 0.000      ; 0.367      ;
; 0.215 ; SOPC:inst2|SOPC_jtag_uart:jtag_uart|alt_jtag_atlantic:SOPC_jtag_uart_alt_jtag_atlantic|r_ena1                                                                                            ; SOPC:inst2|SOPC_jtag_uart:jtag_uart|alt_jtag_atlantic:SOPC_jtag_uart_alt_jtag_atlantic|r_ena1                                                                                            ; inst|altpll_component|pll|clk[0] ; inst|altpll_component|pll|clk[0] ; 0.000        ; 0.000      ; 0.367      ;
; 0.215 ; SOPC:inst2|SOPC_jtag_uart:jtag_uart|SOPC_jtag_uart_scfifo_w:the_SOPC_jtag_uart_scfifo_w|scfifo:wfifo|scfifo_1n21:auto_generated|a_dpfifo_8t21:dpfifo|a_fefifo_7cf:fifo_state|b_non_empty ; SOPC:inst2|SOPC_jtag_uart:jtag_uart|SOPC_jtag_uart_scfifo_w:the_SOPC_jtag_uart_scfifo_w|scfifo:wfifo|scfifo_1n21:auto_generated|a_dpfifo_8t21:dpfifo|a_fefifo_7cf:fifo_state|b_non_empty ; inst|altpll_component|pll|clk[0] ; inst|altpll_component|pll|clk[0] ; 0.000        ; 0.000      ; 0.367      ;
; 0.215 ; SOPC:inst2|SOPC_jtag_uart:jtag_uart|SOPC_jtag_uart_scfifo_w:the_SOPC_jtag_uart_scfifo_w|scfifo:wfifo|scfifo_1n21:auto_generated|a_dpfifo_8t21:dpfifo|a_fefifo_7cf:fifo_state|b_full      ; SOPC:inst2|SOPC_jtag_uart:jtag_uart|SOPC_jtag_uart_scfifo_w:the_SOPC_jtag_uart_scfifo_w|scfifo:wfifo|scfifo_1n21:auto_generated|a_dpfifo_8t21:dpfifo|a_fefifo_7cf:fifo_state|b_full      ; inst|altpll_component|pll|clk[0] ; inst|altpll_component|pll|clk[0] ; 0.000        ; 0.000      ; 0.367      ;
; 0.215 ; SOPC:inst2|altera_merlin_slave_translator:epcs_epcs_control_port_translator|wait_latency_counter[1]                                                                                      ; SOPC:inst2|altera_merlin_slave_translator:epcs_epcs_control_port_translator|wait_latency_counter[1]                                                                                      ; inst|altpll_component|pll|clk[0] ; inst|altpll_component|pll|clk[0] ; 0.000        ; 0.000      ; 0.367      ;
; 0.215 ; SOPC:inst2|SOPC_epcs:epcs|SOPC_epcs_sub:the_SOPC_epcs_sub|tx_holding_primed                                                                                                              ; SOPC:inst2|SOPC_epcs:epcs|SOPC_epcs_sub:the_SOPC_epcs_sub|tx_holding_primed                                                                                                              ; inst|altpll_component|pll|clk[0] ; inst|altpll_component|pll|clk[0] ; 0.000        ; 0.000      ; 0.367      ;
; 0.215 ; SOPC:inst2|SOPC_epcs:epcs|SOPC_epcs_sub:the_SOPC_epcs_sub|transmitting                                                                                                                   ; SOPC:inst2|SOPC_epcs:epcs|SOPC_epcs_sub:the_SOPC_epcs_sub|transmitting                                                                                                                   ; inst|altpll_component|pll|clk[0] ; inst|altpll_component|pll|clk[0] ; 0.000        ; 0.000      ; 0.367      ;
; 0.215 ; SOPC:inst2|SOPC_epcs:epcs|SOPC_epcs_sub:the_SOPC_epcs_sub|slowcount[0]                                                                                                                   ; SOPC:inst2|SOPC_epcs:epcs|SOPC_epcs_sub:the_SOPC_epcs_sub|slowcount[0]                                                                                                                   ; inst|altpll_component|pll|clk[0] ; inst|altpll_component|pll|clk[0] ; 0.000        ; 0.000      ; 0.367      ;
; 0.215 ; SOPC:inst2|SOPC_epcs:epcs|SOPC_epcs_sub:the_SOPC_epcs_sub|state[4]                                                                                                                       ; SOPC:inst2|SOPC_epcs:epcs|SOPC_epcs_sub:the_SOPC_epcs_sub|state[4]                                                                                                                       ; inst|altpll_component|pll|clk[0] ; inst|altpll_component|pll|clk[0] ; 0.000        ; 0.000      ; 0.367      ;
; 0.215 ; SOPC:inst2|SOPC_epcs:epcs|SOPC_epcs_sub:the_SOPC_epcs_sub|SCLK_reg                                                                                                                       ; SOPC:inst2|SOPC_epcs:epcs|SOPC_epcs_sub:the_SOPC_epcs_sub|SCLK_reg                                                                                                                       ; inst|altpll_component|pll|clk[0] ; inst|altpll_component|pll|clk[0] ; 0.000        ; 0.000      ; 0.367      ;
; 0.215 ; SOPC:inst2|SOPC_epcs:epcs|SOPC_epcs_sub:the_SOPC_epcs_sub|MISO_reg                                                                                                                       ; SOPC:inst2|SOPC_epcs:epcs|SOPC_epcs_sub:the_SOPC_epcs_sub|MISO_reg                                                                                                                       ; inst|altpll_component|pll|clk[0] ; inst|altpll_component|pll|clk[0] ; 0.000        ; 0.000      ; 0.367      ;
; 0.215 ; SOPC:inst2|SOPC_epcs:epcs|SOPC_epcs_sub:the_SOPC_epcs_sub|rd_strobe                                                                                                                      ; SOPC:inst2|SOPC_epcs:epcs|SOPC_epcs_sub:the_SOPC_epcs_sub|rd_strobe                                                                                                                      ; inst|altpll_component|pll|clk[0] ; inst|altpll_component|pll|clk[0] ; 0.000        ; 0.000      ; 0.367      ;
; 0.215 ; SOPC:inst2|SOPC_epcs:epcs|SOPC_epcs_sub:the_SOPC_epcs_sub|EOP                                                                                                                            ; SOPC:inst2|SOPC_epcs:epcs|SOPC_epcs_sub:the_SOPC_epcs_sub|EOP                                                                                                                            ; inst|altpll_component|pll|clk[0] ; inst|altpll_component|pll|clk[0] ; 0.000        ; 0.000      ; 0.367      ;
; 0.215 ; SOPC:inst2|altera_avalon_sc_fifo:lcd32_data_s1_translator_avalon_universal_slave_0_agent_rsp_fifo|mem_used[0]                                                                            ; SOPC:inst2|altera_avalon_sc_fifo:lcd32_data_s1_translator_avalon_universal_slave_0_agent_rsp_fifo|mem_used[0]                                                                            ; inst|altpll_component|pll|clk[0] ; inst|altpll_component|pll|clk[0] ; 0.000        ; 0.000      ; 0.367      ;
; 0.215 ; SOPC:inst2|altera_merlin_slave_translator:lcd32_data_s1_translator|wait_latency_counter[0]                                                                                               ; SOPC:inst2|altera_merlin_slave_translator:lcd32_data_s1_translator|wait_latency_counter[0]                                                                                               ; inst|altpll_component|pll|clk[0] ; inst|altpll_component|pll|clk[0] ; 0.000        ; 0.000      ; 0.367      ;
; 0.215 ; SOPC:inst2|altera_merlin_slave_translator:lcd32_data_s1_translator|wait_latency_counter[1]                                                                                               ; SOPC:inst2|altera_merlin_slave_translator:lcd32_data_s1_translator|wait_latency_counter[1]                                                                                               ; inst|altpll_component|pll|clk[0] ; inst|altpll_component|pll|clk[0] ; 0.000        ; 0.000      ; 0.367      ;
; 0.215 ; SOPC:inst2|altera_avalon_sc_fifo:lcd32_data_s1_translator_avalon_universal_slave_0_agent_rsp_fifo|mem_used[1]                                                                            ; SOPC:inst2|altera_avalon_sc_fifo:lcd32_data_s1_translator_avalon_universal_slave_0_agent_rsp_fifo|mem_used[1]                                                                            ; inst|altpll_component|pll|clk[0] ; inst|altpll_component|pll|clk[0] ; 0.000        ; 0.000      ; 0.367      ;
; 0.215 ; SOPC:inst2|SOPC_spi_touch:spi_touch|SCLK_reg                                                                                                                                             ; SOPC:inst2|SOPC_spi_touch:spi_touch|SCLK_reg                                                                                                                                             ; inst|altpll_component|pll|clk[0] ; inst|altpll_component|pll|clk[0] ; 0.000        ; 0.000      ; 0.367      ;
; 0.215 ; SOPC:inst2|SOPC_spi_touch:spi_touch|MISO_reg                                                                                                                                             ; SOPC:inst2|SOPC_spi_touch:spi_touch|MISO_reg                                                                                                                                             ; inst|altpll_component|pll|clk[0] ; inst|altpll_component|pll|clk[0] ; 0.000        ; 0.000      ; 0.367      ;
; 0.215 ; SOPC:inst2|SOPC_spi_touch:spi_touch|EOP                                                                                                                                                  ; SOPC:inst2|SOPC_spi_touch:spi_touch|EOP                                                                                                                                                  ; inst|altpll_component|pll|clk[0] ; inst|altpll_component|pll|clk[0] ; 0.000        ; 0.000      ; 0.367      ;
; 0.215 ; SOPC:inst2|SOPC_jtag_uart:jtag_uart|rvalid                                                                                                                                               ; SOPC:inst2|SOPC_jtag_uart:jtag_uart|rvalid                                                                                                                                               ; inst|altpll_component|pll|clk[0] ; inst|altpll_component|pll|clk[0] ; 0.000        ; 0.000      ; 0.367      ;
; 0.215 ; SOPC:inst2|altera_merlin_width_adapter:width_adapter_001|data_reg[15]                                                                                                                    ; SOPC:inst2|altera_merlin_width_adapter:width_adapter_001|data_reg[15]                                                                                                                    ; inst|altpll_component|pll|clk[0] ; inst|altpll_component|pll|clk[0] ; 0.000        ; 0.000      ; 0.367      ;
; 0.215 ; SOPC:inst2|SOPC_cpu:cpu|SOPC_cpu_nios2_oci:the_SOPC_cpu_nios2_oci|SOPC_cpu_nios2_oci_debug:the_SOPC_cpu_nios2_oci_debug|resetlatch                                                       ; SOPC:inst2|SOPC_cpu:cpu|SOPC_cpu_nios2_oci:the_SOPC_cpu_nios2_oci|SOPC_cpu_nios2_oci_debug:the_SOPC_cpu_nios2_oci_debug|resetlatch                                                       ; inst|altpll_component|pll|clk[0] ; inst|altpll_component|pll|clk[0] ; 0.000        ; 0.000      ; 0.367      ;
; 0.215 ; SOPC:inst2|SOPC_cpu:cpu|SOPC_cpu_nios2_oci:the_SOPC_cpu_nios2_oci|SOPC_cpu_nios2_ocimem:the_SOPC_cpu_nios2_ocimem|jtag_ram_wr                                                            ; SOPC:inst2|SOPC_cpu:cpu|SOPC_cpu_nios2_oci:the_SOPC_cpu_nios2_oci|SOPC_cpu_nios2_ocimem:the_SOPC_cpu_nios2_ocimem|jtag_ram_wr                                                            ; inst|altpll_component|pll|clk[0] ; inst|altpll_component|pll|clk[0] ; 0.000        ; 0.000      ; 0.367      ;
; 0.215 ; SOPC:inst2|altera_merlin_width_adapter:width_adapter_001|data_reg[7]                                                                                                                     ; SOPC:inst2|altera_merlin_width_adapter:width_adapter_001|data_reg[7]                                                                                                                     ; inst|altpll_component|pll|clk[0] ; inst|altpll_component|pll|clk[0] ; 0.000        ; 0.000      ; 0.367      ;
; 0.215 ; SOPC:inst2|SOPC_epcs:epcs|SOPC_epcs_sub:the_SOPC_epcs_sub|RRDY                                                                                                                           ; SOPC:inst2|SOPC_epcs:epcs|SOPC_epcs_sub:the_SOPC_epcs_sub|RRDY                                                                                                                           ; inst|altpll_component|pll|clk[0] ; inst|altpll_component|pll|clk[0] ; 0.000        ; 0.000      ; 0.367      ;
; 0.215 ; SOPC:inst2|altera_merlin_width_adapter:width_adapter_001|data_reg[8]                                                                                                                     ; SOPC:inst2|altera_merlin_width_adapter:width_adapter_001|data_reg[8]                                                                                                                     ; inst|altpll_component|pll|clk[0] ; inst|altpll_component|pll|clk[0] ; 0.000        ; 0.000      ; 0.367      ;
; 0.215 ; SOPC:inst2|SOPC_epcs:epcs|SOPC_epcs_sub:the_SOPC_epcs_sub|TOE                                                                                                                            ; SOPC:inst2|SOPC_epcs:epcs|SOPC_epcs_sub:the_SOPC_epcs_sub|TOE                                                                                                                            ; inst|altpll_component|pll|clk[0] ; inst|altpll_component|pll|clk[0] ; 0.000        ; 0.000      ; 0.367      ;
; 0.215 ; SOPC:inst2|SOPC_epcs:epcs|SOPC_epcs_sub:the_SOPC_epcs_sub|ROE                                                                                                                            ; SOPC:inst2|SOPC_epcs:epcs|SOPC_epcs_sub:the_SOPC_epcs_sub|ROE                                                                                                                            ; inst|altpll_component|pll|clk[0] ; inst|altpll_component|pll|clk[0] ; 0.000        ; 0.000      ; 0.367      ;
; 0.215 ; SOPC:inst2|altera_merlin_width_adapter:width_adapter_001|data_reg[13]                                                                                                                    ; SOPC:inst2|altera_merlin_width_adapter:width_adapter_001|data_reg[13]                                                                                                                    ; inst|altpll_component|pll|clk[0] ; inst|altpll_component|pll|clk[0] ; 0.000        ; 0.000      ; 0.367      ;
; 0.215 ; SOPC:inst2|altera_merlin_width_adapter:width_adapter_001|data_reg[6]                                                                                                                     ; SOPC:inst2|altera_merlin_width_adapter:width_adapter_001|data_reg[6]                                                                                                                     ; inst|altpll_component|pll|clk[0] ; inst|altpll_component|pll|clk[0] ; 0.000        ; 0.000      ; 0.367      ;
; 0.215 ; SOPC:inst2|SOPC_jtag_uart:jtag_uart|woverflow                                                                                                                                            ; SOPC:inst2|SOPC_jtag_uart:jtag_uart|woverflow                                                                                                                                            ; inst|altpll_component|pll|clk[0] ; inst|altpll_component|pll|clk[0] ; 0.000        ; 0.000      ; 0.367      ;
; 0.215 ; SOPC:inst2|altera_merlin_width_adapter:width_adapter_001|data_reg[14]                                                                                                                    ; SOPC:inst2|altera_merlin_width_adapter:width_adapter_001|data_reg[14]                                                                                                                    ; inst|altpll_component|pll|clk[0] ; inst|altpll_component|pll|clk[0] ; 0.000        ; 0.000      ; 0.367      ;
; 0.215 ; SOPC:inst2|altera_avalon_sc_fifo:jtag_uart_avalon_jtag_slave_translator_avalon_universal_slave_0_agent_rsp_fifo|mem_used[1]                                                              ; SOPC:inst2|altera_avalon_sc_fifo:jtag_uart_avalon_jtag_slave_translator_avalon_universal_slave_0_agent_rsp_fifo|mem_used[1]                                                              ; inst|altpll_component|pll|clk[0] ; inst|altpll_component|pll|clk[0] ; 0.000        ; 0.000      ; 0.367      ;
; 0.215 ; SOPC:inst2|altera_avalon_sc_fifo:epcs_epcs_control_port_translator_avalon_universal_slave_0_agent_rsp_fifo|mem[1][105]                                                                   ; SOPC:inst2|altera_avalon_sc_fifo:epcs_epcs_control_port_translator_avalon_universal_slave_0_agent_rsp_fifo|mem[1][105]                                                                   ; inst|altpll_component|pll|clk[0] ; inst|altpll_component|pll|clk[0] ; 0.000        ; 0.000      ; 0.367      ;
; 0.215 ; SOPC:inst2|altera_avalon_sc_fifo:cpu_jtag_debug_module_translator_avalon_universal_slave_0_agent_rsp_fifo|mem[1][105]                                                                    ; SOPC:inst2|altera_avalon_sc_fifo:cpu_jtag_debug_module_translator_avalon_universal_slave_0_agent_rsp_fifo|mem[1][105]                                                                    ; inst|altpll_component|pll|clk[0] ; inst|altpll_component|pll|clk[0] ; 0.000        ; 0.000      ; 0.367      ;
; 0.215 ; SOPC:inst2|altera_merlin_traffic_limiter:limiter|pending_response_count[0]                                                                                                               ; SOPC:inst2|altera_merlin_traffic_limiter:limiter|pending_response_count[0]                                                                                                               ; inst|altpll_component|pll|clk[0] ; inst|altpll_component|pll|clk[0] ; 0.000        ; 0.000      ; 0.367      ;
; 0.215 ; SOPC:inst2|altera_merlin_traffic_limiter:limiter|has_pending_responses                                                                                                                   ; SOPC:inst2|altera_merlin_traffic_limiter:limiter|has_pending_responses                                                                                                                   ; inst|altpll_component|pll|clk[0] ; inst|altpll_component|pll|clk[0] ; 0.000        ; 0.000      ; 0.367      ;
; 0.215 ; SOPC:inst2|altera_avalon_sc_fifo:epcs_epcs_control_port_translator_avalon_universal_slave_0_agent_rsp_fifo|mem_used[1]                                                                   ; SOPC:inst2|altera_avalon_sc_fifo:epcs_epcs_control_port_translator_avalon_universal_slave_0_agent_rsp_fifo|mem_used[1]                                                                   ; inst|altpll_component|pll|clk[0] ; inst|altpll_component|pll|clk[0] ; 0.000        ; 0.000      ; 0.367      ;
; 0.215 ; SOPC:inst2|altera_avalon_sc_fifo:epcs_epcs_control_port_translator_avalon_universal_slave_0_agent_rsp_fifo|mem_used[0]                                                                   ; SOPC:inst2|altera_avalon_sc_fifo:epcs_epcs_control_port_translator_avalon_universal_slave_0_agent_rsp_fifo|mem_used[0]                                                                   ; inst|altpll_component|pll|clk[0] ; inst|altpll_component|pll|clk[0] ; 0.000        ; 0.000      ; 0.367      ;
; 0.215 ; SOPC:inst2|altera_avalon_sc_fifo:epcs_epcs_control_port_translator_avalon_universal_slave_0_agent_rsp_fifo|mem[1][84]                                                                    ; SOPC:inst2|altera_avalon_sc_fifo:epcs_epcs_control_port_translator_avalon_universal_slave_0_agent_rsp_fifo|mem[1][84]                                                                    ; inst|altpll_component|pll|clk[0] ; inst|altpll_component|pll|clk[0] ; 0.000        ; 0.000      ; 0.367      ;
; 0.215 ; SOPC:inst2|altera_merlin_width_adapter:width_adapter_001|data_reg[11]                                                                                                                    ; SOPC:inst2|altera_merlin_width_adapter:width_adapter_001|data_reg[11]                                                                                                                    ; inst|altpll_component|pll|clk[0] ; inst|altpll_component|pll|clk[0] ; 0.000        ; 0.000      ; 0.367      ;
; 0.215 ; SOPC:inst2|altera_merlin_width_adapter:width_adapter_001|data_reg[12]                                                                                                                    ; SOPC:inst2|altera_merlin_width_adapter:width_adapter_001|data_reg[12]                                                                                                                    ; inst|altpll_component|pll|clk[0] ; inst|altpll_component|pll|clk[0] ; 0.000        ; 0.000      ; 0.367      ;
; 0.215 ; SOPC:inst2|SOPC_jtag_uart:jtag_uart|ac                                                                                                                                                   ; SOPC:inst2|SOPC_jtag_uart:jtag_uart|ac                                                                                                                                                   ; inst|altpll_component|pll|clk[0] ; inst|altpll_component|pll|clk[0] ; 0.000        ; 0.000      ; 0.367      ;
; 0.215 ; SOPC:inst2|altera_merlin_width_adapter:width_adapter_001|data_reg[10]                                                                                                                    ; SOPC:inst2|altera_merlin_width_adapter:width_adapter_001|data_reg[10]                                                                                                                    ; inst|altpll_component|pll|clk[0] ; inst|altpll_component|pll|clk[0] ; 0.000        ; 0.000      ; 0.367      ;
; 0.215 ; SOPC:inst2|altera_merlin_width_adapter:width_adapter_001|data_reg[5]                                                                                                                     ; SOPC:inst2|altera_merlin_width_adapter:width_adapter_001|data_reg[5]                                                                                                                     ; inst|altpll_component|pll|clk[0] ; inst|altpll_component|pll|clk[0] ; 0.000        ; 0.000      ; 0.367      ;
; 0.215 ; SOPC:inst2|altera_merlin_slave_translator:touch_cs_s1_translator|wait_latency_counter[0]                                                                                                 ; SOPC:inst2|altera_merlin_slave_translator:touch_cs_s1_translator|wait_latency_counter[0]                                                                                                 ; inst|altpll_component|pll|clk[0] ; inst|altpll_component|pll|clk[0] ; 0.000        ; 0.000      ; 0.367      ;
; 0.215 ; SOPC:inst2|altera_avalon_sc_fifo:touch_cs_s1_translator_avalon_universal_slave_0_agent_rsp_fifo|mem_used[0]                                                                              ; SOPC:inst2|altera_avalon_sc_fifo:touch_cs_s1_translator_avalon_universal_slave_0_agent_rsp_fifo|mem_used[0]                                                                              ; inst|altpll_component|pll|clk[0] ; inst|altpll_component|pll|clk[0] ; 0.000        ; 0.000      ; 0.367      ;
+-------+------------------------------------------------------------------------------------------------------------------------------------------------------------------------------------------+------------------------------------------------------------------------------------------------------------------------------------------------------------------------------------------+----------------------------------+----------------------------------+--------------+------------+------------+


+-------------------------------------------------------------------------------------------------------------------------------------------------------------------------------------------------------------------------------------------------------------------------------------------------------------------------------------------------------------------------------------------------------------------------------------------------------------------------------------------------------------------------------------------------------------------+
; Fast Model Recovery: 'inst|altpll_component|pll|clk[0]'                                                                                                                                                                                                                                                                                                                                                                                                                                                                                                           ;
+--------+--------------------------------------------------------------------------------------------------------------------------------------+----------------------------------------------------------------------------------------------------------------------------------------------------------------------------------------------------------------------------------------------------------------------------------------------------+----------------------------------+----------------------------------+--------------+------------+------------+
; Slack  ; From Node                                                                                                                            ; To Node                                                                                                                                                                                                                                                                                            ; Launch Clock                     ; Latch Clock                      ; Relationship ; Clock Skew ; Data Delay ;
+--------+--------------------------------------------------------------------------------------------------------------------------------------+----------------------------------------------------------------------------------------------------------------------------------------------------------------------------------------------------------------------------------------------------------------------------------------------------+----------------------------------+----------------------------------+--------------+------------+------------+
; 10.131 ; SOPC:inst2|altera_reset_controller:rst_controller|altera_reset_synchronizer:alt_rst_sync_uq1|altera_reset_synchronizer_int_chain_out ; SOPC:inst2|SOPC_cpu:cpu|Mn_rot_step2[7]                                                                                                                                                                                                                                                            ; inst|altpll_component|pll|clk[0] ; inst|altpll_component|pll|clk[0] ; 12.500       ; 0.020      ; 2.421      ;
; 10.131 ; SOPC:inst2|altera_reset_controller:rst_controller|altera_reset_synchronizer:alt_rst_sync_uq1|altera_reset_synchronizer_int_chain_out ; SOPC:inst2|SOPC_cpu:cpu|Mn_rot_step2[22]                                                                                                                                                                                                                                                           ; inst|altpll_component|pll|clk[0] ; inst|altpll_component|pll|clk[0] ; 12.500       ; 0.013      ; 2.414      ;
; 10.131 ; SOPC:inst2|altera_reset_controller:rst_controller|altera_reset_synchronizer:alt_rst_sync_uq1|altera_reset_synchronizer_int_chain_out ; SOPC:inst2|SOPC_cpu:cpu|Mn_rot_step2[20]                                                                                                                                                                                                                                                           ; inst|altpll_component|pll|clk[0] ; inst|altpll_component|pll|clk[0] ; 12.500       ; 0.013      ; 2.414      ;
; 10.131 ; SOPC:inst2|altera_reset_controller:rst_controller|altera_reset_synchronizer:alt_rst_sync_uq1|altera_reset_synchronizer_int_chain_out ; SOPC:inst2|SOPC_cpu:cpu|Mn_rot_step2[4]                                                                                                                                                                                                                                                            ; inst|altpll_component|pll|clk[0] ; inst|altpll_component|pll|clk[0] ; 12.500       ; 0.013      ; 2.414      ;
; 10.131 ; SOPC:inst2|altera_reset_controller:rst_controller|altera_reset_synchronizer:alt_rst_sync_uq1|altera_reset_synchronizer_int_chain_out ; SOPC:inst2|SOPC_cpu:cpu|Mn_rot_step2[1]                                                                                                                                                                                                                                                            ; inst|altpll_component|pll|clk[0] ; inst|altpll_component|pll|clk[0] ; 12.500       ; 0.008      ; 2.409      ;
; 10.131 ; SOPC:inst2|altera_reset_controller:rst_controller|altera_reset_synchronizer:alt_rst_sync_uq1|altera_reset_synchronizer_int_chain_out ; SOPC:inst2|SOPC_cpu:cpu|Mn_rot_step2[17]                                                                                                                                                                                                                                                           ; inst|altpll_component|pll|clk[0] ; inst|altpll_component|pll|clk[0] ; 12.500       ; 0.008      ; 2.409      ;
; 10.131 ; SOPC:inst2|altera_reset_controller:rst_controller|altera_reset_synchronizer:alt_rst_sync_uq1|altera_reset_synchronizer_int_chain_out ; SOPC:inst2|SOPC_cpu:cpu|Mn_rot_step2[21]                                                                                                                                                                                                                                                           ; inst|altpll_component|pll|clk[0] ; inst|altpll_component|pll|clk[0] ; 12.500       ; 0.008      ; 2.409      ;
; 10.131 ; SOPC:inst2|altera_reset_controller:rst_controller|altera_reset_synchronizer:alt_rst_sync_uq1|altera_reset_synchronizer_int_chain_out ; SOPC:inst2|SOPC_cpu:cpu|Mn_rot_step2[9]                                                                                                                                                                                                                                                            ; inst|altpll_component|pll|clk[0] ; inst|altpll_component|pll|clk[0] ; 12.500       ; 0.008      ; 2.409      ;
; 10.131 ; SOPC:inst2|altera_reset_controller:rst_controller|altera_reset_synchronizer:alt_rst_sync_uq1|altera_reset_synchronizer_int_chain_out ; SOPC:inst2|SOPC_cpu:cpu|Mn_rot_step2[25]                                                                                                                                                                                                                                                           ; inst|altpll_component|pll|clk[0] ; inst|altpll_component|pll|clk[0] ; 12.500       ; 0.008      ; 2.409      ;
; 10.131 ; SOPC:inst2|altera_reset_controller:rst_controller|altera_reset_synchronizer:alt_rst_sync_uq1|altera_reset_synchronizer_int_chain_out ; SOPC:inst2|SOPC_cpu:cpu|Mn_rot_step2[24]                                                                                                                                                                                                                                                           ; inst|altpll_component|pll|clk[0] ; inst|altpll_component|pll|clk[0] ; 12.500       ; 0.013      ; 2.414      ;
; 10.131 ; SOPC:inst2|altera_reset_controller:rst_controller|altera_reset_synchronizer:alt_rst_sync_uq1|altera_reset_synchronizer_int_chain_out ; SOPC:inst2|SOPC_cpu:cpu|Mn_rot_step2[8]                                                                                                                                                                                                                                                            ; inst|altpll_component|pll|clk[0] ; inst|altpll_component|pll|clk[0] ; 12.500       ; 0.013      ; 2.414      ;
; 10.131 ; SOPC:inst2|altera_reset_controller:rst_controller|altera_reset_synchronizer:alt_rst_sync_uq1|altera_reset_synchronizer_int_chain_out ; SOPC:inst2|SOPC_cpu:cpu|Mn_rot_step2[23]                                                                                                                                                                                                                                                           ; inst|altpll_component|pll|clk[0] ; inst|altpll_component|pll|clk[0] ; 12.500       ; 0.020      ; 2.421      ;
; 10.131 ; SOPC:inst2|altera_reset_controller:rst_controller|altera_reset_synchronizer:alt_rst_sync_uq1|altera_reset_synchronizer_int_chain_out ; SOPC:inst2|SOPC_cpu:cpu|Mn_rot_step2[13]                                                                                                                                                                                                                                                           ; inst|altpll_component|pll|clk[0] ; inst|altpll_component|pll|clk[0] ; 12.500       ; 0.008      ; 2.409      ;
; 10.131 ; SOPC:inst2|altera_reset_controller:rst_controller|altera_reset_synchronizer:alt_rst_sync_uq1|altera_reset_synchronizer_int_chain_out ; SOPC:inst2|SOPC_cpu:cpu|Mn_rot_step2[29]                                                                                                                                                                                                                                                           ; inst|altpll_component|pll|clk[0] ; inst|altpll_component|pll|clk[0] ; 12.500       ; 0.008      ; 2.409      ;
; 10.131 ; SOPC:inst2|altera_reset_controller:rst_controller|altera_reset_synchronizer:alt_rst_sync_uq1|altera_reset_synchronizer_int_chain_out ; SOPC:inst2|SOPC_cpu:cpu|Mn_rot_step2[6]                                                                                                                                                                                                                                                            ; inst|altpll_component|pll|clk[0] ; inst|altpll_component|pll|clk[0] ; 12.500       ; 0.013      ; 2.414      ;
; 10.131 ; SOPC:inst2|altera_reset_controller:rst_controller|altera_reset_synchronizer:alt_rst_sync_uq1|altera_reset_synchronizer_int_chain_out ; SOPC:inst2|SOPC_cpu:cpu|Mn_rot_step2[0]                                                                                                                                                                                                                                                            ; inst|altpll_component|pll|clk[0] ; inst|altpll_component|pll|clk[0] ; 12.500       ; 0.013      ; 2.414      ;
; 10.131 ; SOPC:inst2|altera_reset_controller:rst_controller|altera_reset_synchronizer:alt_rst_sync_uq1|altera_reset_synchronizer_int_chain_out ; SOPC:inst2|SOPC_cpu:cpu|Mn_rot_step2[30]                                                                                                                                                                                                                                                           ; inst|altpll_component|pll|clk[0] ; inst|altpll_component|pll|clk[0] ; 12.500       ; 0.013      ; 2.414      ;
; 10.131 ; SOPC:inst2|altera_reset_controller:rst_controller|altera_reset_synchronizer:alt_rst_sync_uq1|altera_reset_synchronizer_int_chain_out ; SOPC:inst2|SOPC_cpu:cpu|Mn_rot_step2[14]                                                                                                                                                                                                                                                           ; inst|altpll_component|pll|clk[0] ; inst|altpll_component|pll|clk[0] ; 12.500       ; 0.013      ; 2.414      ;
; 10.131 ; SOPC:inst2|altera_reset_controller:rst_controller|altera_reset_synchronizer:alt_rst_sync_uq1|altera_reset_synchronizer_int_chain_out ; SOPC:inst2|SOPC_cpu:cpu|Mn_rot_step2[12]                                                                                                                                                                                                                                                           ; inst|altpll_component|pll|clk[0] ; inst|altpll_component|pll|clk[0] ; 12.500       ; 0.013      ; 2.414      ;
; 10.131 ; SOPC:inst2|altera_reset_controller:rst_controller|altera_reset_synchronizer:alt_rst_sync_uq1|altera_reset_synchronizer_int_chain_out ; SOPC:inst2|SOPC_cpu:cpu|Mn_rot_step2[11]                                                                                                                                                                                                                                                           ; inst|altpll_component|pll|clk[0] ; inst|altpll_component|pll|clk[0] ; 12.500       ; 0.020      ; 2.421      ;
; 10.131 ; SOPC:inst2|altera_reset_controller:rst_controller|altera_reset_synchronizer:alt_rst_sync_uq1|altera_reset_synchronizer_int_chain_out ; SOPC:inst2|SOPC_cpu:cpu|Mn_rot_step2[27]                                                                                                                                                                                                                                                           ; inst|altpll_component|pll|clk[0] ; inst|altpll_component|pll|clk[0] ; 12.500       ; 0.020      ; 2.421      ;
; 10.131 ; SOPC:inst2|altera_reset_controller:rst_controller|altera_reset_synchronizer:alt_rst_sync_uq1|altera_reset_synchronizer_int_chain_out ; SOPC:inst2|SOPC_cpu:cpu|Mn_rot_step2[28]                                                                                                                                                                                                                                                           ; inst|altpll_component|pll|clk[0] ; inst|altpll_component|pll|clk[0] ; 12.500       ; 0.013      ; 2.414      ;
; 10.131 ; SOPC:inst2|altera_reset_controller:rst_controller|altera_reset_synchronizer:alt_rst_sync_uq1|altera_reset_synchronizer_int_chain_out ; SOPC:inst2|SOPC_cpu:cpu|Mn_rot_step2[10]                                                                                                                                                                                                                                                           ; inst|altpll_component|pll|clk[0] ; inst|altpll_component|pll|clk[0] ; 12.500       ; 0.013      ; 2.414      ;
; 10.131 ; SOPC:inst2|altera_reset_controller:rst_controller|altera_reset_synchronizer:alt_rst_sync_uq1|altera_reset_synchronizer_int_chain_out ; SOPC:inst2|SOPC_cpu:cpu|Mn_rot_step2[26]                                                                                                                                                                                                                                                           ; inst|altpll_component|pll|clk[0] ; inst|altpll_component|pll|clk[0] ; 12.500       ; 0.013      ; 2.414      ;
; 10.131 ; SOPC:inst2|altera_reset_controller:rst_controller|altera_reset_synchronizer:alt_rst_sync_uq1|altera_reset_synchronizer_int_chain_out ; SOPC:inst2|SOPC_cpu:cpu|Mn_rot_step2[5]                                                                                                                                                                                                                                                            ; inst|altpll_component|pll|clk[0] ; inst|altpll_component|pll|clk[0] ; 12.500       ; 0.008      ; 2.409      ;
; 10.131 ; SOPC:inst2|altera_reset_controller:rst_controller|altera_reset_synchronizer:alt_rst_sync_uq1|altera_reset_synchronizer_int_chain_out ; SOPC:inst2|SOPC_cpu:cpu|Mn_rot_step2[16]                                                                                                                                                                                                                                                           ; inst|altpll_component|pll|clk[0] ; inst|altpll_component|pll|clk[0] ; 12.500       ; 0.013      ; 2.414      ;
; 10.131 ; SOPC:inst2|altera_reset_controller:rst_controller|altera_reset_synchronizer:alt_rst_sync_uq1|altera_reset_synchronizer_int_chain_out ; SOPC:inst2|SOPC_cpu:cpu|Mn_rot_step2[19]                                                                                                                                                                                                                                                           ; inst|altpll_component|pll|clk[0] ; inst|altpll_component|pll|clk[0] ; 12.500       ; 0.020      ; 2.421      ;
; 10.131 ; SOPC:inst2|altera_reset_controller:rst_controller|altera_reset_synchronizer:alt_rst_sync_uq1|altera_reset_synchronizer_int_chain_out ; SOPC:inst2|SOPC_cpu:cpu|Mn_rot_step2[3]                                                                                                                                                                                                                                                            ; inst|altpll_component|pll|clk[0] ; inst|altpll_component|pll|clk[0] ; 12.500       ; 0.020      ; 2.421      ;
; 10.131 ; SOPC:inst2|altera_reset_controller:rst_controller|altera_reset_synchronizer:alt_rst_sync_uq1|altera_reset_synchronizer_int_chain_out ; SOPC:inst2|SOPC_cpu:cpu|Mn_rot_step2[2]                                                                                                                                                                                                                                                            ; inst|altpll_component|pll|clk[0] ; inst|altpll_component|pll|clk[0] ; 12.500       ; 0.013      ; 2.414      ;
; 10.131 ; SOPC:inst2|altera_reset_controller:rst_controller|altera_reset_synchronizer:alt_rst_sync_uq1|altera_reset_synchronizer_int_chain_out ; SOPC:inst2|SOPC_cpu:cpu|Mn_rot_step2[18]                                                                                                                                                                                                                                                           ; inst|altpll_component|pll|clk[0] ; inst|altpll_component|pll|clk[0] ; 12.500       ; 0.013      ; 2.414      ;
; 10.131 ; SOPC:inst2|altera_reset_controller:rst_controller|altera_reset_synchronizer:alt_rst_sync_uq1|altera_reset_synchronizer_int_chain_out ; SOPC:inst2|SOPC_cpu:cpu|Mn_rot_step2[15]                                                                                                                                                                                                                                                           ; inst|altpll_component|pll|clk[0] ; inst|altpll_component|pll|clk[0] ; 12.500       ; 0.020      ; 2.421      ;
; 10.131 ; SOPC:inst2|altera_reset_controller:rst_controller|altera_reset_synchronizer:alt_rst_sync_uq1|altera_reset_synchronizer_int_chain_out ; SOPC:inst2|SOPC_cpu:cpu|Mn_rot_step2[31]                                                                                                                                                                                                                                                           ; inst|altpll_component|pll|clk[0] ; inst|altpll_component|pll|clk[0] ; 12.500       ; 0.020      ; 2.421      ;
; 22.361 ; SOPC:inst2|altera_reset_controller:rst_controller|altera_reset_synchronizer:alt_rst_sync_uq1|altera_reset_synchronizer_int_chain_out ; SOPC:inst2|SOPC_cpu:cpu|D_bht_data[1]                                                                                                                                                                                                                                                              ; inst|altpll_component|pll|clk[0] ; inst|altpll_component|pll|clk[0] ; 25.000       ; 0.053      ; 2.691      ;
; 22.361 ; SOPC:inst2|altera_reset_controller:rst_controller|altera_reset_synchronizer:alt_rst_sync_uq1|altera_reset_synchronizer_int_chain_out ; SOPC:inst2|SOPC_cpu:cpu|D_bht_data[0]                                                                                                                                                                                                                                                              ; inst|altpll_component|pll|clk[0] ; inst|altpll_component|pll|clk[0] ; 25.000       ; 0.053      ; 2.691      ;
; 22.401 ; SOPC:inst2|altera_reset_controller:rst_controller|altera_reset_synchronizer:alt_rst_sync_uq1|altera_reset_synchronizer_int_chain_out ; SOPC:inst2|SOPC_cpu:cpu|A_mul_src1[0]                                                                                                                                                                                                                                                              ; inst|altpll_component|pll|clk[0] ; inst|altpll_component|pll|clk[0] ; 25.000       ; 0.042      ; 2.616      ;
; 22.401 ; SOPC:inst2|altera_reset_controller:rst_controller|altera_reset_synchronizer:alt_rst_sync_uq1|altera_reset_synchronizer_int_chain_out ; SOPC:inst2|SOPC_cpu:cpu|A_mul_src1[1]                                                                                                                                                                                                                                                              ; inst|altpll_component|pll|clk[0] ; inst|altpll_component|pll|clk[0] ; 25.000       ; 0.042      ; 2.616      ;
; 22.401 ; SOPC:inst2|altera_reset_controller:rst_controller|altera_reset_synchronizer:alt_rst_sync_uq1|altera_reset_synchronizer_int_chain_out ; SOPC:inst2|SOPC_cpu:cpu|A_mul_src1[2]                                                                                                                                                                                                                                                              ; inst|altpll_component|pll|clk[0] ; inst|altpll_component|pll|clk[0] ; 25.000       ; 0.042      ; 2.616      ;
; 22.401 ; SOPC:inst2|altera_reset_controller:rst_controller|altera_reset_synchronizer:alt_rst_sync_uq1|altera_reset_synchronizer_int_chain_out ; SOPC:inst2|SOPC_cpu:cpu|A_mul_src1[3]                                                                                                                                                                                                                                                              ; inst|altpll_component|pll|clk[0] ; inst|altpll_component|pll|clk[0] ; 25.000       ; 0.042      ; 2.616      ;
; 22.401 ; SOPC:inst2|altera_reset_controller:rst_controller|altera_reset_synchronizer:alt_rst_sync_uq1|altera_reset_synchronizer_int_chain_out ; SOPC:inst2|SOPC_cpu:cpu|A_mul_src1[4]                                                                                                                                                                                                                                                              ; inst|altpll_component|pll|clk[0] ; inst|altpll_component|pll|clk[0] ; 25.000       ; 0.042      ; 2.616      ;
; 22.401 ; SOPC:inst2|altera_reset_controller:rst_controller|altera_reset_synchronizer:alt_rst_sync_uq1|altera_reset_synchronizer_int_chain_out ; SOPC:inst2|SOPC_cpu:cpu|A_mul_src1[5]                                                                                                                                                                                                                                                              ; inst|altpll_component|pll|clk[0] ; inst|altpll_component|pll|clk[0] ; 25.000       ; 0.042      ; 2.616      ;
; 22.401 ; SOPC:inst2|altera_reset_controller:rst_controller|altera_reset_synchronizer:alt_rst_sync_uq1|altera_reset_synchronizer_int_chain_out ; SOPC:inst2|SOPC_cpu:cpu|A_mul_src1[6]                                                                                                                                                                                                                                                              ; inst|altpll_component|pll|clk[0] ; inst|altpll_component|pll|clk[0] ; 25.000       ; 0.042      ; 2.616      ;
; 22.401 ; SOPC:inst2|altera_reset_controller:rst_controller|altera_reset_synchronizer:alt_rst_sync_uq1|altera_reset_synchronizer_int_chain_out ; SOPC:inst2|SOPC_cpu:cpu|A_mul_src1[7]                                                                                                                                                                                                                                                              ; inst|altpll_component|pll|clk[0] ; inst|altpll_component|pll|clk[0] ; 25.000       ; 0.042      ; 2.616      ;
; 22.401 ; SOPC:inst2|altera_reset_controller:rst_controller|altera_reset_synchronizer:alt_rst_sync_uq1|altera_reset_synchronizer_int_chain_out ; SOPC:inst2|SOPC_cpu:cpu|A_mul_src1[8]                                                                                                                                                                                                                                                              ; inst|altpll_component|pll|clk[0] ; inst|altpll_component|pll|clk[0] ; 25.000       ; 0.042      ; 2.616      ;
; 22.401 ; SOPC:inst2|altera_reset_controller:rst_controller|altera_reset_synchronizer:alt_rst_sync_uq1|altera_reset_synchronizer_int_chain_out ; SOPC:inst2|SOPC_cpu:cpu|A_mul_src1[9]                                                                                                                                                                                                                                                              ; inst|altpll_component|pll|clk[0] ; inst|altpll_component|pll|clk[0] ; 25.000       ; 0.042      ; 2.616      ;
; 22.401 ; SOPC:inst2|altera_reset_controller:rst_controller|altera_reset_synchronizer:alt_rst_sync_uq1|altera_reset_synchronizer_int_chain_out ; SOPC:inst2|SOPC_cpu:cpu|A_mul_src1[10]                                                                                                                                                                                                                                                             ; inst|altpll_component|pll|clk[0] ; inst|altpll_component|pll|clk[0] ; 25.000       ; 0.042      ; 2.616      ;
; 22.401 ; SOPC:inst2|altera_reset_controller:rst_controller|altera_reset_synchronizer:alt_rst_sync_uq1|altera_reset_synchronizer_int_chain_out ; SOPC:inst2|SOPC_cpu:cpu|A_mul_src1[11]                                                                                                                                                                                                                                                             ; inst|altpll_component|pll|clk[0] ; inst|altpll_component|pll|clk[0] ; 25.000       ; 0.042      ; 2.616      ;
; 22.401 ; SOPC:inst2|altera_reset_controller:rst_controller|altera_reset_synchronizer:alt_rst_sync_uq1|altera_reset_synchronizer_int_chain_out ; SOPC:inst2|SOPC_cpu:cpu|A_mul_src1[12]                                                                                                                                                                                                                                                             ; inst|altpll_component|pll|clk[0] ; inst|altpll_component|pll|clk[0] ; 25.000       ; 0.042      ; 2.616      ;
; 22.401 ; SOPC:inst2|altera_reset_controller:rst_controller|altera_reset_synchronizer:alt_rst_sync_uq1|altera_reset_synchronizer_int_chain_out ; SOPC:inst2|SOPC_cpu:cpu|A_mul_src1[13]                                                                                                                                                                                                                                                             ; inst|altpll_component|pll|clk[0] ; inst|altpll_component|pll|clk[0] ; 25.000       ; 0.042      ; 2.616      ;
; 22.401 ; SOPC:inst2|altera_reset_controller:rst_controller|altera_reset_synchronizer:alt_rst_sync_uq1|altera_reset_synchronizer_int_chain_out ; SOPC:inst2|SOPC_cpu:cpu|A_mul_src1[14]                                                                                                                                                                                                                                                             ; inst|altpll_component|pll|clk[0] ; inst|altpll_component|pll|clk[0] ; 25.000       ; 0.042      ; 2.616      ;
; 22.401 ; SOPC:inst2|altera_reset_controller:rst_controller|altera_reset_synchronizer:alt_rst_sync_uq1|altera_reset_synchronizer_int_chain_out ; SOPC:inst2|SOPC_cpu:cpu|A_mul_src1[15]                                                                                                                                                                                                                                                             ; inst|altpll_component|pll|clk[0] ; inst|altpll_component|pll|clk[0] ; 25.000       ; 0.042      ; 2.616      ;
; 22.401 ; SOPC:inst2|altera_reset_controller:rst_controller|altera_reset_synchronizer:alt_rst_sync_uq1|altera_reset_synchronizer_int_chain_out ; SOPC:inst2|SOPC_cpu:cpu|A_mul_src1[16]                                                                                                                                                                                                                                                             ; inst|altpll_component|pll|clk[0] ; inst|altpll_component|pll|clk[0] ; 25.000       ; 0.050      ; 2.624      ;
; 22.401 ; SOPC:inst2|altera_reset_controller:rst_controller|altera_reset_synchronizer:alt_rst_sync_uq1|altera_reset_synchronizer_int_chain_out ; SOPC:inst2|SOPC_cpu:cpu|A_mul_src1[17]                                                                                                                                                                                                                                                             ; inst|altpll_component|pll|clk[0] ; inst|altpll_component|pll|clk[0] ; 25.000       ; 0.050      ; 2.624      ;
; 22.401 ; SOPC:inst2|altera_reset_controller:rst_controller|altera_reset_synchronizer:alt_rst_sync_uq1|altera_reset_synchronizer_int_chain_out ; SOPC:inst2|SOPC_cpu:cpu|A_mul_src1[18]                                                                                                                                                                                                                                                             ; inst|altpll_component|pll|clk[0] ; inst|altpll_component|pll|clk[0] ; 25.000       ; 0.050      ; 2.624      ;
; 22.401 ; SOPC:inst2|altera_reset_controller:rst_controller|altera_reset_synchronizer:alt_rst_sync_uq1|altera_reset_synchronizer_int_chain_out ; SOPC:inst2|SOPC_cpu:cpu|A_mul_src1[19]                                                                                                                                                                                                                                                             ; inst|altpll_component|pll|clk[0] ; inst|altpll_component|pll|clk[0] ; 25.000       ; 0.050      ; 2.624      ;
; 22.401 ; SOPC:inst2|altera_reset_controller:rst_controller|altera_reset_synchronizer:alt_rst_sync_uq1|altera_reset_synchronizer_int_chain_out ; SOPC:inst2|SOPC_cpu:cpu|A_mul_src1[20]                                                                                                                                                                                                                                                             ; inst|altpll_component|pll|clk[0] ; inst|altpll_component|pll|clk[0] ; 25.000       ; 0.050      ; 2.624      ;
; 22.401 ; SOPC:inst2|altera_reset_controller:rst_controller|altera_reset_synchronizer:alt_rst_sync_uq1|altera_reset_synchronizer_int_chain_out ; SOPC:inst2|SOPC_cpu:cpu|A_mul_src1[21]                                                                                                                                                                                                                                                             ; inst|altpll_component|pll|clk[0] ; inst|altpll_component|pll|clk[0] ; 25.000       ; 0.050      ; 2.624      ;
; 22.401 ; SOPC:inst2|altera_reset_controller:rst_controller|altera_reset_synchronizer:alt_rst_sync_uq1|altera_reset_synchronizer_int_chain_out ; SOPC:inst2|SOPC_cpu:cpu|A_mul_src1[22]                                                                                                                                                                                                                                                             ; inst|altpll_component|pll|clk[0] ; inst|altpll_component|pll|clk[0] ; 25.000       ; 0.050      ; 2.624      ;
; 22.401 ; SOPC:inst2|altera_reset_controller:rst_controller|altera_reset_synchronizer:alt_rst_sync_uq1|altera_reset_synchronizer_int_chain_out ; SOPC:inst2|SOPC_cpu:cpu|A_mul_src1[23]                                                                                                                                                                                                                                                             ; inst|altpll_component|pll|clk[0] ; inst|altpll_component|pll|clk[0] ; 25.000       ; 0.050      ; 2.624      ;
; 22.401 ; SOPC:inst2|altera_reset_controller:rst_controller|altera_reset_synchronizer:alt_rst_sync_uq1|altera_reset_synchronizer_int_chain_out ; SOPC:inst2|SOPC_cpu:cpu|A_mul_src1[24]                                                                                                                                                                                                                                                             ; inst|altpll_component|pll|clk[0] ; inst|altpll_component|pll|clk[0] ; 25.000       ; 0.050      ; 2.624      ;
; 22.401 ; SOPC:inst2|altera_reset_controller:rst_controller|altera_reset_synchronizer:alt_rst_sync_uq1|altera_reset_synchronizer_int_chain_out ; SOPC:inst2|SOPC_cpu:cpu|A_mul_src1[25]                                                                                                                                                                                                                                                             ; inst|altpll_component|pll|clk[0] ; inst|altpll_component|pll|clk[0] ; 25.000       ; 0.050      ; 2.624      ;
; 22.401 ; SOPC:inst2|altera_reset_controller:rst_controller|altera_reset_synchronizer:alt_rst_sync_uq1|altera_reset_synchronizer_int_chain_out ; SOPC:inst2|SOPC_cpu:cpu|A_mul_src1[26]                                                                                                                                                                                                                                                             ; inst|altpll_component|pll|clk[0] ; inst|altpll_component|pll|clk[0] ; 25.000       ; 0.050      ; 2.624      ;
; 22.401 ; SOPC:inst2|altera_reset_controller:rst_controller|altera_reset_synchronizer:alt_rst_sync_uq1|altera_reset_synchronizer_int_chain_out ; SOPC:inst2|SOPC_cpu:cpu|A_mul_src1[27]                                                                                                                                                                                                                                                             ; inst|altpll_component|pll|clk[0] ; inst|altpll_component|pll|clk[0] ; 25.000       ; 0.050      ; 2.624      ;
; 22.401 ; SOPC:inst2|altera_reset_controller:rst_controller|altera_reset_synchronizer:alt_rst_sync_uq1|altera_reset_synchronizer_int_chain_out ; SOPC:inst2|SOPC_cpu:cpu|A_mul_src1[28]                                                                                                                                                                                                                                                             ; inst|altpll_component|pll|clk[0] ; inst|altpll_component|pll|clk[0] ; 25.000       ; 0.050      ; 2.624      ;
; 22.401 ; SOPC:inst2|altera_reset_controller:rst_controller|altera_reset_synchronizer:alt_rst_sync_uq1|altera_reset_synchronizer_int_chain_out ; SOPC:inst2|SOPC_cpu:cpu|A_mul_src1[29]                                                                                                                                                                                                                                                             ; inst|altpll_component|pll|clk[0] ; inst|altpll_component|pll|clk[0] ; 25.000       ; 0.050      ; 2.624      ;
; 22.401 ; SOPC:inst2|altera_reset_controller:rst_controller|altera_reset_synchronizer:alt_rst_sync_uq1|altera_reset_synchronizer_int_chain_out ; SOPC:inst2|SOPC_cpu:cpu|A_mul_src1[30]                                                                                                                                                                                                                                                             ; inst|altpll_component|pll|clk[0] ; inst|altpll_component|pll|clk[0] ; 25.000       ; 0.050      ; 2.624      ;
; 22.401 ; SOPC:inst2|altera_reset_controller:rst_controller|altera_reset_synchronizer:alt_rst_sync_uq1|altera_reset_synchronizer_int_chain_out ; SOPC:inst2|SOPC_cpu:cpu|A_mul_src1[31]                                                                                                                                                                                                                                                             ; inst|altpll_component|pll|clk[0] ; inst|altpll_component|pll|clk[0] ; 25.000       ; 0.050      ; 2.624      ;
; 22.408 ; SOPC:inst2|altera_reset_controller:rst_controller|altera_reset_synchronizer:alt_rst_sync_uq1|altera_reset_synchronizer_int_chain_out ; SOPC:inst2|SOPC_cpu:cpu|SOPC_cpu_mult_cell:the_SOPC_cpu_mult_cell|altera_mult_add:the_altmult_add_part_1|altera_mult_add_mpt2:auto_generated|altera_mult_add_rtl:altera_mult_add_rtl1|ama_multiplier_function:multiplier_block|ama_register_function:multiplier_register_block_0|data_out_wire[18] ; inst|altpll_component|pll|clk[0] ; inst|altpll_component|pll|clk[0] ; 25.000       ; 0.042      ; 2.609      ;
; 22.408 ; SOPC:inst2|altera_reset_controller:rst_controller|altera_reset_synchronizer:alt_rst_sync_uq1|altera_reset_synchronizer_int_chain_out ; SOPC:inst2|SOPC_cpu:cpu|SOPC_cpu_mult_cell:the_SOPC_cpu_mult_cell|altera_mult_add:the_altmult_add_part_1|altera_mult_add_mpt2:auto_generated|altera_mult_add_rtl:altera_mult_add_rtl1|ama_multiplier_function:multiplier_block|ama_register_function:multiplier_register_block_0|data_out_wire[26] ; inst|altpll_component|pll|clk[0] ; inst|altpll_component|pll|clk[0] ; 25.000       ; 0.042      ; 2.609      ;
; 22.408 ; SOPC:inst2|altera_reset_controller:rst_controller|altera_reset_synchronizer:alt_rst_sync_uq1|altera_reset_synchronizer_int_chain_out ; SOPC:inst2|SOPC_cpu:cpu|SOPC_cpu_mult_cell:the_SOPC_cpu_mult_cell|altera_mult_add:the_altmult_add_part_1|altera_mult_add_mpt2:auto_generated|altera_mult_add_rtl:altera_mult_add_rtl1|ama_multiplier_function:multiplier_block|ama_register_function:multiplier_register_block_0|data_out_wire[10] ; inst|altpll_component|pll|clk[0] ; inst|altpll_component|pll|clk[0] ; 25.000       ; 0.042      ; 2.609      ;
; 22.408 ; SOPC:inst2|altera_reset_controller:rst_controller|altera_reset_synchronizer:alt_rst_sync_uq1|altera_reset_synchronizer_int_chain_out ; SOPC:inst2|SOPC_cpu:cpu|SOPC_cpu_mult_cell:the_SOPC_cpu_mult_cell|altera_mult_add:the_altmult_add_part_1|altera_mult_add_mpt2:auto_generated|altera_mult_add_rtl:altera_mult_add_rtl1|ama_multiplier_function:multiplier_block|ama_register_function:multiplier_register_block_0|data_out_wire[0]  ; inst|altpll_component|pll|clk[0] ; inst|altpll_component|pll|clk[0] ; 25.000       ; 0.042      ; 2.609      ;
; 22.408 ; SOPC:inst2|altera_reset_controller:rst_controller|altera_reset_synchronizer:alt_rst_sync_uq1|altera_reset_synchronizer_int_chain_out ; SOPC:inst2|SOPC_cpu:cpu|SOPC_cpu_mult_cell:the_SOPC_cpu_mult_cell|altera_mult_add:the_altmult_add_part_1|altera_mult_add_mpt2:auto_generated|altera_mult_add_rtl:altera_mult_add_rtl1|ama_multiplier_function:multiplier_block|ama_register_function:multiplier_register_block_0|data_out_wire[1]  ; inst|altpll_component|pll|clk[0] ; inst|altpll_component|pll|clk[0] ; 25.000       ; 0.042      ; 2.609      ;
; 22.408 ; SOPC:inst2|altera_reset_controller:rst_controller|altera_reset_synchronizer:alt_rst_sync_uq1|altera_reset_synchronizer_int_chain_out ; SOPC:inst2|SOPC_cpu:cpu|SOPC_cpu_mult_cell:the_SOPC_cpu_mult_cell|altera_mult_add:the_altmult_add_part_1|altera_mult_add_mpt2:auto_generated|altera_mult_add_rtl:altera_mult_add_rtl1|ama_multiplier_function:multiplier_block|ama_register_function:multiplier_register_block_0|data_out_wire[2]  ; inst|altpll_component|pll|clk[0] ; inst|altpll_component|pll|clk[0] ; 25.000       ; 0.042      ; 2.609      ;
; 22.408 ; SOPC:inst2|altera_reset_controller:rst_controller|altera_reset_synchronizer:alt_rst_sync_uq1|altera_reset_synchronizer_int_chain_out ; SOPC:inst2|SOPC_cpu:cpu|SOPC_cpu_mult_cell:the_SOPC_cpu_mult_cell|altera_mult_add:the_altmult_add_part_1|altera_mult_add_mpt2:auto_generated|altera_mult_add_rtl:altera_mult_add_rtl1|ama_multiplier_function:multiplier_block|ama_register_function:multiplier_register_block_0|data_out_wire[3]  ; inst|altpll_component|pll|clk[0] ; inst|altpll_component|pll|clk[0] ; 25.000       ; 0.042      ; 2.609      ;
; 22.408 ; SOPC:inst2|altera_reset_controller:rst_controller|altera_reset_synchronizer:alt_rst_sync_uq1|altera_reset_synchronizer_int_chain_out ; SOPC:inst2|SOPC_cpu:cpu|SOPC_cpu_mult_cell:the_SOPC_cpu_mult_cell|altera_mult_add:the_altmult_add_part_1|altera_mult_add_mpt2:auto_generated|altera_mult_add_rtl:altera_mult_add_rtl1|ama_multiplier_function:multiplier_block|ama_register_function:multiplier_register_block_0|data_out_wire[4]  ; inst|altpll_component|pll|clk[0] ; inst|altpll_component|pll|clk[0] ; 25.000       ; 0.042      ; 2.609      ;
; 22.408 ; SOPC:inst2|altera_reset_controller:rst_controller|altera_reset_synchronizer:alt_rst_sync_uq1|altera_reset_synchronizer_int_chain_out ; SOPC:inst2|SOPC_cpu:cpu|SOPC_cpu_mult_cell:the_SOPC_cpu_mult_cell|altera_mult_add:the_altmult_add_part_1|altera_mult_add_mpt2:auto_generated|altera_mult_add_rtl:altera_mult_add_rtl1|ama_multiplier_function:multiplier_block|ama_register_function:multiplier_register_block_0|data_out_wire[5]  ; inst|altpll_component|pll|clk[0] ; inst|altpll_component|pll|clk[0] ; 25.000       ; 0.042      ; 2.609      ;
; 22.408 ; SOPC:inst2|altera_reset_controller:rst_controller|altera_reset_synchronizer:alt_rst_sync_uq1|altera_reset_synchronizer_int_chain_out ; SOPC:inst2|SOPC_cpu:cpu|SOPC_cpu_mult_cell:the_SOPC_cpu_mult_cell|altera_mult_add:the_altmult_add_part_1|altera_mult_add_mpt2:auto_generated|altera_mult_add_rtl:altera_mult_add_rtl1|ama_multiplier_function:multiplier_block|ama_register_function:multiplier_register_block_0|data_out_wire[6]  ; inst|altpll_component|pll|clk[0] ; inst|altpll_component|pll|clk[0] ; 25.000       ; 0.042      ; 2.609      ;
; 22.408 ; SOPC:inst2|altera_reset_controller:rst_controller|altera_reset_synchronizer:alt_rst_sync_uq1|altera_reset_synchronizer_int_chain_out ; SOPC:inst2|SOPC_cpu:cpu|SOPC_cpu_mult_cell:the_SOPC_cpu_mult_cell|altera_mult_add:the_altmult_add_part_1|altera_mult_add_mpt2:auto_generated|altera_mult_add_rtl:altera_mult_add_rtl1|ama_multiplier_function:multiplier_block|ama_register_function:multiplier_register_block_0|data_out_wire[7]  ; inst|altpll_component|pll|clk[0] ; inst|altpll_component|pll|clk[0] ; 25.000       ; 0.042      ; 2.609      ;
; 22.408 ; SOPC:inst2|altera_reset_controller:rst_controller|altera_reset_synchronizer:alt_rst_sync_uq1|altera_reset_synchronizer_int_chain_out ; SOPC:inst2|SOPC_cpu:cpu|SOPC_cpu_mult_cell:the_SOPC_cpu_mult_cell|altera_mult_add:the_altmult_add_part_1|altera_mult_add_mpt2:auto_generated|altera_mult_add_rtl:altera_mult_add_rtl1|ama_multiplier_function:multiplier_block|ama_register_function:multiplier_register_block_0|data_out_wire[8]  ; inst|altpll_component|pll|clk[0] ; inst|altpll_component|pll|clk[0] ; 25.000       ; 0.042      ; 2.609      ;
; 22.408 ; SOPC:inst2|altera_reset_controller:rst_controller|altera_reset_synchronizer:alt_rst_sync_uq1|altera_reset_synchronizer_int_chain_out ; SOPC:inst2|SOPC_cpu:cpu|SOPC_cpu_mult_cell:the_SOPC_cpu_mult_cell|altera_mult_add:the_altmult_add_part_1|altera_mult_add_mpt2:auto_generated|altera_mult_add_rtl:altera_mult_add_rtl1|ama_multiplier_function:multiplier_block|ama_register_function:multiplier_register_block_0|data_out_wire[9]  ; inst|altpll_component|pll|clk[0] ; inst|altpll_component|pll|clk[0] ; 25.000       ; 0.042      ; 2.609      ;
; 22.408 ; SOPC:inst2|altera_reset_controller:rst_controller|altera_reset_synchronizer:alt_rst_sync_uq1|altera_reset_synchronizer_int_chain_out ; SOPC:inst2|SOPC_cpu:cpu|SOPC_cpu_mult_cell:the_SOPC_cpu_mult_cell|altera_mult_add:the_altmult_add_part_1|altera_mult_add_mpt2:auto_generated|altera_mult_add_rtl:altera_mult_add_rtl1|ama_multiplier_function:multiplier_block|ama_register_function:multiplier_register_block_0|data_out_wire[11] ; inst|altpll_component|pll|clk[0] ; inst|altpll_component|pll|clk[0] ; 25.000       ; 0.042      ; 2.609      ;
; 22.408 ; SOPC:inst2|altera_reset_controller:rst_controller|altera_reset_synchronizer:alt_rst_sync_uq1|altera_reset_synchronizer_int_chain_out ; SOPC:inst2|SOPC_cpu:cpu|SOPC_cpu_mult_cell:the_SOPC_cpu_mult_cell|altera_mult_add:the_altmult_add_part_1|altera_mult_add_mpt2:auto_generated|altera_mult_add_rtl:altera_mult_add_rtl1|ama_multiplier_function:multiplier_block|ama_register_function:multiplier_register_block_0|data_out_wire[14] ; inst|altpll_component|pll|clk[0] ; inst|altpll_component|pll|clk[0] ; 25.000       ; 0.042      ; 2.609      ;
; 22.408 ; SOPC:inst2|altera_reset_controller:rst_controller|altera_reset_synchronizer:alt_rst_sync_uq1|altera_reset_synchronizer_int_chain_out ; SOPC:inst2|SOPC_cpu:cpu|SOPC_cpu_mult_cell:the_SOPC_cpu_mult_cell|altera_mult_add:the_altmult_add_part_1|altera_mult_add_mpt2:auto_generated|altera_mult_add_rtl:altera_mult_add_rtl1|ama_multiplier_function:multiplier_block|ama_register_function:multiplier_register_block_0|data_out_wire[12] ; inst|altpll_component|pll|clk[0] ; inst|altpll_component|pll|clk[0] ; 25.000       ; 0.042      ; 2.609      ;
; 22.408 ; SOPC:inst2|altera_reset_controller:rst_controller|altera_reset_synchronizer:alt_rst_sync_uq1|altera_reset_synchronizer_int_chain_out ; SOPC:inst2|SOPC_cpu:cpu|SOPC_cpu_mult_cell:the_SOPC_cpu_mult_cell|altera_mult_add:the_altmult_add_part_1|altera_mult_add_mpt2:auto_generated|altera_mult_add_rtl:altera_mult_add_rtl1|ama_multiplier_function:multiplier_block|ama_register_function:multiplier_register_block_0|data_out_wire[13] ; inst|altpll_component|pll|clk[0] ; inst|altpll_component|pll|clk[0] ; 25.000       ; 0.042      ; 2.609      ;
; 22.408 ; SOPC:inst2|altera_reset_controller:rst_controller|altera_reset_synchronizer:alt_rst_sync_uq1|altera_reset_synchronizer_int_chain_out ; SOPC:inst2|SOPC_cpu:cpu|SOPC_cpu_mult_cell:the_SOPC_cpu_mult_cell|altera_mult_add:the_altmult_add_part_1|altera_mult_add_mpt2:auto_generated|altera_mult_add_rtl:altera_mult_add_rtl1|ama_multiplier_function:multiplier_block|ama_register_function:multiplier_register_block_0|data_out_wire[15] ; inst|altpll_component|pll|clk[0] ; inst|altpll_component|pll|clk[0] ; 25.000       ; 0.042      ; 2.609      ;
; 22.408 ; SOPC:inst2|altera_reset_controller:rst_controller|altera_reset_synchronizer:alt_rst_sync_uq1|altera_reset_synchronizer_int_chain_out ; SOPC:inst2|SOPC_cpu:cpu|SOPC_cpu_mult_cell:the_SOPC_cpu_mult_cell|altera_mult_add:the_altmult_add_part_1|altera_mult_add_mpt2:auto_generated|altera_mult_add_rtl:altera_mult_add_rtl1|ama_multiplier_function:multiplier_block|ama_register_function:multiplier_register_block_0|data_out_wire[23] ; inst|altpll_component|pll|clk[0] ; inst|altpll_component|pll|clk[0] ; 25.000       ; 0.042      ; 2.609      ;
; 22.408 ; SOPC:inst2|altera_reset_controller:rst_controller|altera_reset_synchronizer:alt_rst_sync_uq1|altera_reset_synchronizer_int_chain_out ; SOPC:inst2|SOPC_cpu:cpu|SOPC_cpu_mult_cell:the_SOPC_cpu_mult_cell|altera_mult_add:the_altmult_add_part_1|altera_mult_add_mpt2:auto_generated|altera_mult_add_rtl:altera_mult_add_rtl1|ama_multiplier_function:multiplier_block|ama_register_function:multiplier_register_block_0|data_out_wire[17] ; inst|altpll_component|pll|clk[0] ; inst|altpll_component|pll|clk[0] ; 25.000       ; 0.042      ; 2.609      ;
; 22.408 ; SOPC:inst2|altera_reset_controller:rst_controller|altera_reset_synchronizer:alt_rst_sync_uq1|altera_reset_synchronizer_int_chain_out ; SOPC:inst2|SOPC_cpu:cpu|SOPC_cpu_mult_cell:the_SOPC_cpu_mult_cell|altera_mult_add:the_altmult_add_part_1|altera_mult_add_mpt2:auto_generated|altera_mult_add_rtl:altera_mult_add_rtl1|ama_multiplier_function:multiplier_block|ama_register_function:multiplier_register_block_0|data_out_wire[19] ; inst|altpll_component|pll|clk[0] ; inst|altpll_component|pll|clk[0] ; 25.000       ; 0.042      ; 2.609      ;
; 22.408 ; SOPC:inst2|altera_reset_controller:rst_controller|altera_reset_synchronizer:alt_rst_sync_uq1|altera_reset_synchronizer_int_chain_out ; SOPC:inst2|SOPC_cpu:cpu|SOPC_cpu_mult_cell:the_SOPC_cpu_mult_cell|altera_mult_add:the_altmult_add_part_1|altera_mult_add_mpt2:auto_generated|altera_mult_add_rtl:altera_mult_add_rtl1|ama_multiplier_function:multiplier_block|ama_register_function:multiplier_register_block_0|data_out_wire[20] ; inst|altpll_component|pll|clk[0] ; inst|altpll_component|pll|clk[0] ; 25.000       ; 0.042      ; 2.609      ;
; 22.408 ; SOPC:inst2|altera_reset_controller:rst_controller|altera_reset_synchronizer:alt_rst_sync_uq1|altera_reset_synchronizer_int_chain_out ; SOPC:inst2|SOPC_cpu:cpu|SOPC_cpu_mult_cell:the_SOPC_cpu_mult_cell|altera_mult_add:the_altmult_add_part_1|altera_mult_add_mpt2:auto_generated|altera_mult_add_rtl:altera_mult_add_rtl1|ama_multiplier_function:multiplier_block|ama_register_function:multiplier_register_block_0|data_out_wire[21] ; inst|altpll_component|pll|clk[0] ; inst|altpll_component|pll|clk[0] ; 25.000       ; 0.042      ; 2.609      ;
; 22.408 ; SOPC:inst2|altera_reset_controller:rst_controller|altera_reset_synchronizer:alt_rst_sync_uq1|altera_reset_synchronizer_int_chain_out ; SOPC:inst2|SOPC_cpu:cpu|SOPC_cpu_mult_cell:the_SOPC_cpu_mult_cell|altera_mult_add:the_altmult_add_part_1|altera_mult_add_mpt2:auto_generated|altera_mult_add_rtl:altera_mult_add_rtl1|ama_multiplier_function:multiplier_block|ama_register_function:multiplier_register_block_0|data_out_wire[22] ; inst|altpll_component|pll|clk[0] ; inst|altpll_component|pll|clk[0] ; 25.000       ; 0.042      ; 2.609      ;
; 22.408 ; SOPC:inst2|altera_reset_controller:rst_controller|altera_reset_synchronizer:alt_rst_sync_uq1|altera_reset_synchronizer_int_chain_out ; SOPC:inst2|SOPC_cpu:cpu|SOPC_cpu_mult_cell:the_SOPC_cpu_mult_cell|altera_mult_add:the_altmult_add_part_1|altera_mult_add_mpt2:auto_generated|altera_mult_add_rtl:altera_mult_add_rtl1|ama_multiplier_function:multiplier_block|ama_register_function:multiplier_register_block_0|data_out_wire[24] ; inst|altpll_component|pll|clk[0] ; inst|altpll_component|pll|clk[0] ; 25.000       ; 0.042      ; 2.609      ;
; 22.408 ; SOPC:inst2|altera_reset_controller:rst_controller|altera_reset_synchronizer:alt_rst_sync_uq1|altera_reset_synchronizer_int_chain_out ; SOPC:inst2|SOPC_cpu:cpu|SOPC_cpu_mult_cell:the_SOPC_cpu_mult_cell|altera_mult_add:the_altmult_add_part_1|altera_mult_add_mpt2:auto_generated|altera_mult_add_rtl:altera_mult_add_rtl1|ama_multiplier_function:multiplier_block|ama_register_function:multiplier_register_block_0|data_out_wire[29] ; inst|altpll_component|pll|clk[0] ; inst|altpll_component|pll|clk[0] ; 25.000       ; 0.042      ; 2.609      ;
; 22.408 ; SOPC:inst2|altera_reset_controller:rst_controller|altera_reset_synchronizer:alt_rst_sync_uq1|altera_reset_synchronizer_int_chain_out ; SOPC:inst2|SOPC_cpu:cpu|SOPC_cpu_mult_cell:the_SOPC_cpu_mult_cell|altera_mult_add:the_altmult_add_part_1|altera_mult_add_mpt2:auto_generated|altera_mult_add_rtl:altera_mult_add_rtl1|ama_multiplier_function:multiplier_block|ama_register_function:multiplier_register_block_0|data_out_wire[25] ; inst|altpll_component|pll|clk[0] ; inst|altpll_component|pll|clk[0] ; 25.000       ; 0.042      ; 2.609      ;
; 22.408 ; SOPC:inst2|altera_reset_controller:rst_controller|altera_reset_synchronizer:alt_rst_sync_uq1|altera_reset_synchronizer_int_chain_out ; SOPC:inst2|SOPC_cpu:cpu|SOPC_cpu_mult_cell:the_SOPC_cpu_mult_cell|altera_mult_add:the_altmult_add_part_1|altera_mult_add_mpt2:auto_generated|altera_mult_add_rtl:altera_mult_add_rtl1|ama_multiplier_function:multiplier_block|ama_register_function:multiplier_register_block_0|data_out_wire[27] ; inst|altpll_component|pll|clk[0] ; inst|altpll_component|pll|clk[0] ; 25.000       ; 0.042      ; 2.609      ;
; 22.408 ; SOPC:inst2|altera_reset_controller:rst_controller|altera_reset_synchronizer:alt_rst_sync_uq1|altera_reset_synchronizer_int_chain_out ; SOPC:inst2|SOPC_cpu:cpu|SOPC_cpu_mult_cell:the_SOPC_cpu_mult_cell|altera_mult_add:the_altmult_add_part_1|altera_mult_add_mpt2:auto_generated|altera_mult_add_rtl:altera_mult_add_rtl1|ama_multiplier_function:multiplier_block|ama_register_function:multiplier_register_block_0|data_out_wire[28] ; inst|altpll_component|pll|clk[0] ; inst|altpll_component|pll|clk[0] ; 25.000       ; 0.042      ; 2.609      ;
; 22.408 ; SOPC:inst2|altera_reset_controller:rst_controller|altera_reset_synchronizer:alt_rst_sync_uq1|altera_reset_synchronizer_int_chain_out ; SOPC:inst2|SOPC_cpu:cpu|SOPC_cpu_mult_cell:the_SOPC_cpu_mult_cell|altera_mult_add:the_altmult_add_part_1|altera_mult_add_mpt2:auto_generated|altera_mult_add_rtl:altera_mult_add_rtl1|ama_multiplier_function:multiplier_block|ama_register_function:multiplier_register_block_0|data_out_wire[30] ; inst|altpll_component|pll|clk[0] ; inst|altpll_component|pll|clk[0] ; 25.000       ; 0.042      ; 2.609      ;
; 22.408 ; SOPC:inst2|altera_reset_controller:rst_controller|altera_reset_synchronizer:alt_rst_sync_uq1|altera_reset_synchronizer_int_chain_out ; SOPC:inst2|SOPC_cpu:cpu|SOPC_cpu_mult_cell:the_SOPC_cpu_mult_cell|altera_mult_add:the_altmult_add_part_1|altera_mult_add_mpt2:auto_generated|altera_mult_add_rtl:altera_mult_add_rtl1|ama_multiplier_function:multiplier_block|ama_register_function:multiplier_register_block_0|data_out_wire[31] ; inst|altpll_component|pll|clk[0] ; inst|altpll_component|pll|clk[0] ; 25.000       ; 0.042      ; 2.609      ;
; 22.408 ; SOPC:inst2|altera_reset_controller:rst_controller|altera_reset_synchronizer:alt_rst_sync_uq1|altera_reset_synchronizer_int_chain_out ; SOPC:inst2|SOPC_cpu:cpu|SOPC_cpu_mult_cell:the_SOPC_cpu_mult_cell|altera_mult_add:the_altmult_add_part_1|altera_mult_add_mpt2:auto_generated|altera_mult_add_rtl:altera_mult_add_rtl1|ama_multiplier_function:multiplier_block|ama_register_function:multiplier_register_block_0|data_out_wire[16] ; inst|altpll_component|pll|clk[0] ; inst|altpll_component|pll|clk[0] ; 25.000       ; 0.042      ; 2.609      ;
; 22.408 ; SOPC:inst2|altera_reset_controller:rst_controller|altera_reset_synchronizer:alt_rst_sync_uq1|altera_reset_synchronizer_int_chain_out ; SOPC:inst2|SOPC_cpu:cpu|SOPC_cpu_mult_cell:the_SOPC_cpu_mult_cell|altera_mult_add:the_altmult_add_part_2|altera_mult_add_opt2:auto_generated|altera_mult_add_rtl:altera_mult_add_rtl1|ama_multiplier_function:multiplier_block|ama_register_function:multiplier_register_block_0|data_out_wire[0]  ; inst|altpll_component|pll|clk[0] ; inst|altpll_component|pll|clk[0] ; 25.000       ; 0.050      ; 2.617      ;
; 22.408 ; SOPC:inst2|altera_reset_controller:rst_controller|altera_reset_synchronizer:alt_rst_sync_uq1|altera_reset_synchronizer_int_chain_out ; SOPC:inst2|SOPC_cpu:cpu|SOPC_cpu_mult_cell:the_SOPC_cpu_mult_cell|altera_mult_add:the_altmult_add_part_2|altera_mult_add_opt2:auto_generated|altera_mult_add_rtl:altera_mult_add_rtl1|ama_multiplier_function:multiplier_block|ama_register_function:multiplier_register_block_0|data_out_wire[7]  ; inst|altpll_component|pll|clk[0] ; inst|altpll_component|pll|clk[0] ; 25.000       ; 0.050      ; 2.617      ;
+--------+--------------------------------------------------------------------------------------------------------------------------------------+----------------------------------------------------------------------------------------------------------------------------------------------------------------------------------------------------------------------------------------------------------------------------------------------------+----------------------------------+----------------------------------+--------------+------------+------------+


+------------------------------------------------------------------------------------------------------------------------------------------------------------------------------------------------------------------------------------------------------------------------------------------------------------------------------------------------------------------------------------------+
; Fast Model Removal: 'inst|altpll_component|pll|clk[0]'                                                                                                                                                                                                                                                                                                                                   ;
+-------+--------------------------------------------------------------------------------------------------------------------------------------+----------------------------------------------------------------------------------------------------------------------------+----------------------------------+----------------------------------+--------------+------------+------------+
; Slack ; From Node                                                                                                                            ; To Node                                                                                                                    ; Launch Clock                     ; Latch Clock                      ; Relationship ; Clock Skew ; Data Delay ;
+-------+--------------------------------------------------------------------------------------------------------------------------------------+----------------------------------------------------------------------------------------------------------------------------+----------------------------------+----------------------------------+--------------+------------+------------+
; 1.794 ; SOPC:inst2|altera_reset_controller:rst_controller|altera_reset_synchronizer:alt_rst_sync_uq1|altera_reset_synchronizer_int_chain_out ; SOPC:inst2|altera_avalon_sc_fifo:sdram_s1_translator_avalon_universal_slave_0_agent_rdata_fifo|wr_ptr[0]                   ; inst|altpll_component|pll|clk[0] ; inst|altpll_component|pll|clk[0] ; 0.000        ; 0.006      ; 1.952      ;
; 1.794 ; SOPC:inst2|altera_reset_controller:rst_controller|altera_reset_synchronizer:alt_rst_sync_uq1|altera_reset_synchronizer_int_chain_out ; SOPC:inst2|altera_avalon_sc_fifo:sdram_s1_translator_avalon_universal_slave_0_agent_rdata_fifo|wr_ptr[2]                   ; inst|altpll_component|pll|clk[0] ; inst|altpll_component|pll|clk[0] ; 0.000        ; 0.006      ; 1.952      ;
; 1.794 ; SOPC:inst2|altera_reset_controller:rst_controller|altera_reset_synchronizer:alt_rst_sync_uq1|altera_reset_synchronizer_int_chain_out ; SOPC:inst2|altera_avalon_sc_fifo:sdram_s1_translator_avalon_universal_slave_0_agent_rdata_fifo|rd_ptr[0]                   ; inst|altpll_component|pll|clk[0] ; inst|altpll_component|pll|clk[0] ; 0.000        ; 0.004      ; 1.950      ;
; 1.794 ; SOPC:inst2|altera_reset_controller:rst_controller|altera_reset_synchronizer:alt_rst_sync_uq1|altera_reset_synchronizer_int_chain_out ; SOPC:inst2|altera_avalon_sc_fifo:sdram_s1_translator_avalon_universal_slave_0_agent_rdata_fifo|rd_ptr[1]                   ; inst|altpll_component|pll|clk[0] ; inst|altpll_component|pll|clk[0] ; 0.000        ; 0.004      ; 1.950      ;
; 1.794 ; SOPC:inst2|altera_reset_controller:rst_controller|altera_reset_synchronizer:alt_rst_sync_uq1|altera_reset_synchronizer_int_chain_out ; SOPC:inst2|altera_avalon_sc_fifo:sdram_s1_translator_avalon_universal_slave_0_agent_rdata_fifo|rd_ptr[2]                   ; inst|altpll_component|pll|clk[0] ; inst|altpll_component|pll|clk[0] ; 0.000        ; 0.004      ; 1.950      ;
; 1.794 ; SOPC:inst2|altera_reset_controller:rst_controller|altera_reset_synchronizer:alt_rst_sync_uq1|altera_reset_synchronizer_int_chain_out ; SOPC:inst2|SOPC_sdram:sdram|refresh_counter[0]                                                                             ; inst|altpll_component|pll|clk[0] ; inst|altpll_component|pll|clk[0] ; 0.000        ; 0.010      ; 1.956      ;
; 1.794 ; SOPC:inst2|altera_reset_controller:rst_controller|altera_reset_synchronizer:alt_rst_sync_uq1|altera_reset_synchronizer_int_chain_out ; SOPC:inst2|SOPC_sdram:sdram|refresh_counter[1]                                                                             ; inst|altpll_component|pll|clk[0] ; inst|altpll_component|pll|clk[0] ; 0.000        ; 0.010      ; 1.956      ;
; 1.794 ; SOPC:inst2|altera_reset_controller:rst_controller|altera_reset_synchronizer:alt_rst_sync_uq1|altera_reset_synchronizer_int_chain_out ; SOPC:inst2|SOPC_sdram:sdram|refresh_counter[2]                                                                             ; inst|altpll_component|pll|clk[0] ; inst|altpll_component|pll|clk[0] ; 0.000        ; 0.010      ; 1.956      ;
; 1.794 ; SOPC:inst2|altera_reset_controller:rst_controller|altera_reset_synchronizer:alt_rst_sync_uq1|altera_reset_synchronizer_int_chain_out ; SOPC:inst2|SOPC_sdram:sdram|refresh_counter[3]                                                                             ; inst|altpll_component|pll|clk[0] ; inst|altpll_component|pll|clk[0] ; 0.000        ; 0.010      ; 1.956      ;
; 1.794 ; SOPC:inst2|altera_reset_controller:rst_controller|altera_reset_synchronizer:alt_rst_sync_uq1|altera_reset_synchronizer_int_chain_out ; SOPC:inst2|SOPC_sdram:sdram|refresh_counter[4]                                                                             ; inst|altpll_component|pll|clk[0] ; inst|altpll_component|pll|clk[0] ; 0.000        ; 0.010      ; 1.956      ;
; 1.794 ; SOPC:inst2|altera_reset_controller:rst_controller|altera_reset_synchronizer:alt_rst_sync_uq1|altera_reset_synchronizer_int_chain_out ; SOPC:inst2|SOPC_sdram:sdram|refresh_counter[5]                                                                             ; inst|altpll_component|pll|clk[0] ; inst|altpll_component|pll|clk[0] ; 0.000        ; 0.010      ; 1.956      ;
; 1.794 ; SOPC:inst2|altera_reset_controller:rst_controller|altera_reset_synchronizer:alt_rst_sync_uq1|altera_reset_synchronizer_int_chain_out ; SOPC:inst2|SOPC_sdram:sdram|refresh_counter[6]                                                                             ; inst|altpll_component|pll|clk[0] ; inst|altpll_component|pll|clk[0] ; 0.000        ; 0.010      ; 1.956      ;
; 1.794 ; SOPC:inst2|altera_reset_controller:rst_controller|altera_reset_synchronizer:alt_rst_sync_uq1|altera_reset_synchronizer_int_chain_out ; SOPC:inst2|SOPC_sdram:sdram|refresh_counter[7]                                                                             ; inst|altpll_component|pll|clk[0] ; inst|altpll_component|pll|clk[0] ; 0.000        ; 0.010      ; 1.956      ;
; 1.794 ; SOPC:inst2|altera_reset_controller:rst_controller|altera_reset_synchronizer:alt_rst_sync_uq1|altera_reset_synchronizer_int_chain_out ; SOPC:inst2|SOPC_sdram:sdram|refresh_counter[8]                                                                             ; inst|altpll_component|pll|clk[0] ; inst|altpll_component|pll|clk[0] ; 0.000        ; 0.010      ; 1.956      ;
; 1.794 ; SOPC:inst2|altera_reset_controller:rst_controller|altera_reset_synchronizer:alt_rst_sync_uq1|altera_reset_synchronizer_int_chain_out ; SOPC:inst2|SOPC_sdram:sdram|refresh_counter[9]                                                                             ; inst|altpll_component|pll|clk[0] ; inst|altpll_component|pll|clk[0] ; 0.000        ; 0.010      ; 1.956      ;
; 1.794 ; SOPC:inst2|altera_reset_controller:rst_controller|altera_reset_synchronizer:alt_rst_sync_uq1|altera_reset_synchronizer_int_chain_out ; SOPC:inst2|SOPC_sdram:sdram|refresh_counter[10]                                                                            ; inst|altpll_component|pll|clk[0] ; inst|altpll_component|pll|clk[0] ; 0.000        ; 0.010      ; 1.956      ;
; 1.794 ; SOPC:inst2|altera_reset_controller:rst_controller|altera_reset_synchronizer:alt_rst_sync_uq1|altera_reset_synchronizer_int_chain_out ; SOPC:inst2|SOPC_sdram:sdram|refresh_counter[11]                                                                            ; inst|altpll_component|pll|clk[0] ; inst|altpll_component|pll|clk[0] ; 0.000        ; 0.010      ; 1.956      ;
; 1.794 ; SOPC:inst2|altera_reset_controller:rst_controller|altera_reset_synchronizer:alt_rst_sync_uq1|altera_reset_synchronizer_int_chain_out ; SOPC:inst2|SOPC_sdram:sdram|refresh_counter[12]                                                                            ; inst|altpll_component|pll|clk[0] ; inst|altpll_component|pll|clk[0] ; 0.000        ; 0.010      ; 1.956      ;
; 1.794 ; SOPC:inst2|altera_reset_controller:rst_controller|altera_reset_synchronizer:alt_rst_sync_uq1|altera_reset_synchronizer_int_chain_out ; SOPC:inst2|SOPC_sdram:sdram|i_count[0]                                                                                     ; inst|altpll_component|pll|clk[0] ; inst|altpll_component|pll|clk[0] ; 0.000        ; 0.007      ; 1.953      ;
; 1.794 ; SOPC:inst2|altera_reset_controller:rst_controller|altera_reset_synchronizer:alt_rst_sync_uq1|altera_reset_synchronizer_int_chain_out ; SOPC:inst2|SOPC_sdram:sdram|i_count[2]                                                                                     ; inst|altpll_component|pll|clk[0] ; inst|altpll_component|pll|clk[0] ; 0.000        ; 0.007      ; 1.953      ;
; 1.794 ; SOPC:inst2|altera_reset_controller:rst_controller|altera_reset_synchronizer:alt_rst_sync_uq1|altera_reset_synchronizer_int_chain_out ; SOPC:inst2|SOPC_sdram:sdram|i_state.011                                                                                    ; inst|altpll_component|pll|clk[0] ; inst|altpll_component|pll|clk[0] ; 0.000        ; 0.007      ; 1.953      ;
; 1.794 ; SOPC:inst2|altera_reset_controller:rst_controller|altera_reset_synchronizer:alt_rst_sync_uq1|altera_reset_synchronizer_int_chain_out ; SOPC:inst2|SOPC_sdram:sdram|i_next.010                                                                                     ; inst|altpll_component|pll|clk[0] ; inst|altpll_component|pll|clk[0] ; 0.000        ; 0.007      ; 1.953      ;
; 1.794 ; SOPC:inst2|altera_reset_controller:rst_controller|altera_reset_synchronizer:alt_rst_sync_uq1|altera_reset_synchronizer_int_chain_out ; SOPC:inst2|SOPC_sdram:sdram|i_state.010                                                                                    ; inst|altpll_component|pll|clk[0] ; inst|altpll_component|pll|clk[0] ; 0.000        ; 0.007      ; 1.953      ;
; 1.794 ; SOPC:inst2|altera_reset_controller:rst_controller|altera_reset_synchronizer:alt_rst_sync_uq1|altera_reset_synchronizer_int_chain_out ; SOPC:inst2|SOPC_sdram:sdram|i_next.111                                                                                     ; inst|altpll_component|pll|clk[0] ; inst|altpll_component|pll|clk[0] ; 0.000        ; 0.007      ; 1.953      ;
; 1.794 ; SOPC:inst2|altera_reset_controller:rst_controller|altera_reset_synchronizer:alt_rst_sync_uq1|altera_reset_synchronizer_int_chain_out ; SOPC:inst2|SOPC_sdram:sdram|i_state.111                                                                                    ; inst|altpll_component|pll|clk[0] ; inst|altpll_component|pll|clk[0] ; 0.000        ; 0.007      ; 1.953      ;
; 1.794 ; SOPC:inst2|altera_reset_controller:rst_controller|altera_reset_synchronizer:alt_rst_sync_uq1|altera_reset_synchronizer_int_chain_out ; SOPC:inst2|SOPC_sdram:sdram|i_next.101                                                                                     ; inst|altpll_component|pll|clk[0] ; inst|altpll_component|pll|clk[0] ; 0.000        ; 0.007      ; 1.953      ;
; 1.794 ; SOPC:inst2|altera_reset_controller:rst_controller|altera_reset_synchronizer:alt_rst_sync_uq1|altera_reset_synchronizer_int_chain_out ; SOPC:inst2|SOPC_sdram:sdram|i_state.101                                                                                    ; inst|altpll_component|pll|clk[0] ; inst|altpll_component|pll|clk[0] ; 0.000        ; 0.007      ; 1.953      ;
; 1.794 ; SOPC:inst2|altera_reset_controller:rst_controller|altera_reset_synchronizer:alt_rst_sync_uq1|altera_reset_synchronizer_int_chain_out ; SOPC:inst2|SOPC_sdram:sdram|i_count[1]                                                                                     ; inst|altpll_component|pll|clk[0] ; inst|altpll_component|pll|clk[0] ; 0.000        ; 0.007      ; 1.953      ;
; 1.794 ; SOPC:inst2|altera_reset_controller:rst_controller|altera_reset_synchronizer:alt_rst_sync_uq1|altera_reset_synchronizer_int_chain_out ; SOPC:inst2|SOPC_sdram:sdram|i_next.000                                                                                     ; inst|altpll_component|pll|clk[0] ; inst|altpll_component|pll|clk[0] ; 0.000        ; 0.007      ; 1.953      ;
; 1.794 ; SOPC:inst2|altera_reset_controller:rst_controller|altera_reset_synchronizer:alt_rst_sync_uq1|altera_reset_synchronizer_int_chain_out ; SOPC:inst2|SOPC_sdram:sdram|i_state.000                                                                                    ; inst|altpll_component|pll|clk[0] ; inst|altpll_component|pll|clk[0] ; 0.000        ; 0.007      ; 1.953      ;
; 1.794 ; SOPC:inst2|altera_reset_controller:rst_controller|altera_reset_synchronizer:alt_rst_sync_uq1|altera_reset_synchronizer_int_chain_out ; SOPC:inst2|SOPC_sdram:sdram|i_state.001                                                                                    ; inst|altpll_component|pll|clk[0] ; inst|altpll_component|pll|clk[0] ; 0.000        ; 0.007      ; 1.953      ;
; 1.794 ; SOPC:inst2|altera_reset_controller:rst_controller|altera_reset_synchronizer:alt_rst_sync_uq1|altera_reset_synchronizer_int_chain_out ; SOPC:inst2|SOPC_sdram:sdram|i_cmd[1]                                                                                       ; inst|altpll_component|pll|clk[0] ; inst|altpll_component|pll|clk[0] ; 0.000        ; 0.007      ; 1.953      ;
; 1.794 ; SOPC:inst2|altera_reset_controller:rst_controller|altera_reset_synchronizer:alt_rst_sync_uq1|altera_reset_synchronizer_int_chain_out ; SOPC:inst2|SOPC_sdram:sdram|init_done                                                                                      ; inst|altpll_component|pll|clk[0] ; inst|altpll_component|pll|clk[0] ; 0.000        ; 0.010      ; 1.956      ;
; 1.794 ; SOPC:inst2|altera_reset_controller:rst_controller|altera_reset_synchronizer:alt_rst_sync_uq1|altera_reset_synchronizer_int_chain_out ; SOPC:inst2|altera_avalon_sc_fifo:sdram_s1_translator_avalon_universal_slave_0_agent_rsp_fifo|mem_used[2]                   ; inst|altpll_component|pll|clk[0] ; inst|altpll_component|pll|clk[0] ; 0.000        ; 0.001      ; 1.947      ;
; 1.794 ; SOPC:inst2|altera_reset_controller:rst_controller|altera_reset_synchronizer:alt_rst_sync_uq1|altera_reset_synchronizer_int_chain_out ; SOPC:inst2|altera_avalon_sc_fifo:sdram_s1_translator_avalon_universal_slave_0_agent_rsp_fifo|mem_used[3]                   ; inst|altpll_component|pll|clk[0] ; inst|altpll_component|pll|clk[0] ; 0.000        ; 0.001      ; 1.947      ;
; 1.794 ; SOPC:inst2|altera_reset_controller:rst_controller|altera_reset_synchronizer:alt_rst_sync_uq1|altera_reset_synchronizer_int_chain_out ; SOPC:inst2|altera_avalon_sc_fifo:sdram_s1_translator_avalon_universal_slave_0_agent_rsp_fifo|mem_used[4]                   ; inst|altpll_component|pll|clk[0] ; inst|altpll_component|pll|clk[0] ; 0.000        ; 0.001      ; 1.947      ;
; 1.794 ; SOPC:inst2|altera_reset_controller:rst_controller|altera_reset_synchronizer:alt_rst_sync_uq1|altera_reset_synchronizer_int_chain_out ; SOPC:inst2|altera_avalon_sc_fifo:sdram_s1_translator_avalon_universal_slave_0_agent_rsp_fifo|mem_used[5]                   ; inst|altpll_component|pll|clk[0] ; inst|altpll_component|pll|clk[0] ; 0.000        ; 0.001      ; 1.947      ;
; 1.794 ; SOPC:inst2|altera_reset_controller:rst_controller|altera_reset_synchronizer:alt_rst_sync_uq1|altera_reset_synchronizer_int_chain_out ; SOPC:inst2|altera_avalon_sc_fifo:sdram_s1_translator_avalon_universal_slave_0_agent_rsp_fifo|mem_used[6]                   ; inst|altpll_component|pll|clk[0] ; inst|altpll_component|pll|clk[0] ; 0.000        ; 0.001      ; 1.947      ;
; 1.794 ; SOPC:inst2|altera_reset_controller:rst_controller|altera_reset_synchronizer:alt_rst_sync_uq1|altera_reset_synchronizer_int_chain_out ; SOPC:inst2|altera_avalon_sc_fifo:sdram_s1_translator_avalon_universal_slave_0_agent_rsp_fifo|mem_used[7]                   ; inst|altpll_component|pll|clk[0] ; inst|altpll_component|pll|clk[0] ; 0.000        ; 0.001      ; 1.947      ;
; 1.794 ; SOPC:inst2|altera_reset_controller:rst_controller|altera_reset_synchronizer:alt_rst_sync_uq1|altera_reset_synchronizer_int_chain_out ; SOPC:inst2|altera_avalon_sc_fifo:sdram_s1_translator_avalon_universal_slave_0_agent_rsp_fifo|mem_used[1]                   ; inst|altpll_component|pll|clk[0] ; inst|altpll_component|pll|clk[0] ; 0.000        ; 0.001      ; 1.947      ;
; 1.794 ; SOPC:inst2|altera_reset_controller:rst_controller|altera_reset_synchronizer:alt_rst_sync_uq1|altera_reset_synchronizer_int_chain_out ; SOPC:inst2|altera_avalon_sc_fifo:sdram_s1_translator_avalon_universal_slave_0_agent_rsp_fifo|mem[7][66]                    ; inst|altpll_component|pll|clk[0] ; inst|altpll_component|pll|clk[0] ; 0.000        ; 0.013      ; 1.959      ;
; 1.794 ; SOPC:inst2|altera_reset_controller:rst_controller|altera_reset_synchronizer:alt_rst_sync_uq1|altera_reset_synchronizer_int_chain_out ; SOPC:inst2|altera_avalon_sc_fifo:sdram_s1_translator_avalon_universal_slave_0_agent_rsp_fifo|mem[6][66]                    ; inst|altpll_component|pll|clk[0] ; inst|altpll_component|pll|clk[0] ; 0.000        ; 0.014      ; 1.960      ;
; 1.794 ; SOPC:inst2|altera_reset_controller:rst_controller|altera_reset_synchronizer:alt_rst_sync_uq1|altera_reset_synchronizer_int_chain_out ; SOPC:inst2|altera_avalon_sc_fifo:sdram_s1_translator_avalon_universal_slave_0_agent_rsp_fifo|mem[5][66]                    ; inst|altpll_component|pll|clk[0] ; inst|altpll_component|pll|clk[0] ; 0.000        ; 0.014      ; 1.960      ;
; 1.794 ; SOPC:inst2|altera_reset_controller:rst_controller|altera_reset_synchronizer:alt_rst_sync_uq1|altera_reset_synchronizer_int_chain_out ; SOPC:inst2|altera_avalon_sc_fifo:sdram_s1_translator_avalon_universal_slave_0_agent_rsp_fifo|mem[4][66]                    ; inst|altpll_component|pll|clk[0] ; inst|altpll_component|pll|clk[0] ; 0.000        ; 0.013      ; 1.959      ;
; 1.794 ; SOPC:inst2|altera_reset_controller:rst_controller|altera_reset_synchronizer:alt_rst_sync_uq1|altera_reset_synchronizer_int_chain_out ; SOPC:inst2|altera_avalon_sc_fifo:sdram_s1_translator_avalon_universal_slave_0_agent_rsp_fifo|mem[3][66]                    ; inst|altpll_component|pll|clk[0] ; inst|altpll_component|pll|clk[0] ; 0.000        ; 0.003      ; 1.949      ;
; 1.794 ; SOPC:inst2|altera_reset_controller:rst_controller|altera_reset_synchronizer:alt_rst_sync_uq1|altera_reset_synchronizer_int_chain_out ; SOPC:inst2|altera_avalon_sc_fifo:sdram_s1_translator_avalon_universal_slave_0_agent_rsp_fifo|mem[2][66]                    ; inst|altpll_component|pll|clk[0] ; inst|altpll_component|pll|clk[0] ; 0.000        ; 0.003      ; 1.949      ;
; 1.794 ; SOPC:inst2|altera_reset_controller:rst_controller|altera_reset_synchronizer:alt_rst_sync_uq1|altera_reset_synchronizer_int_chain_out ; SOPC:inst2|altera_avalon_sc_fifo:sdram_s1_translator_avalon_universal_slave_0_agent_rsp_fifo|mem[1][66]                    ; inst|altpll_component|pll|clk[0] ; inst|altpll_component|pll|clk[0] ; 0.000        ; -0.007     ; 1.939      ;
; 1.794 ; SOPC:inst2|altera_reset_controller:rst_controller|altera_reset_synchronizer:alt_rst_sync_uq1|altera_reset_synchronizer_int_chain_out ; SOPC:inst2|altera_avalon_sc_fifo:sdram_s1_translator_avalon_universal_slave_0_agent_rsp_fifo|mem[0][66]                    ; inst|altpll_component|pll|clk[0] ; inst|altpll_component|pll|clk[0] ; 0.000        ; -0.007     ; 1.939      ;
; 1.794 ; SOPC:inst2|altera_reset_controller:rst_controller|altera_reset_synchronizer:alt_rst_sync_uq1|altera_reset_synchronizer_int_chain_out ; SOPC:inst2|altera_avalon_sc_fifo:cpu_jtag_debug_module_translator_avalon_universal_slave_0_agent_rsp_fifo|mem[1][84]       ; inst|altpll_component|pll|clk[0] ; inst|altpll_component|pll|clk[0] ; 0.000        ; 0.008      ; 1.954      ;
; 1.794 ; SOPC:inst2|altera_reset_controller:rst_controller|altera_reset_synchronizer:alt_rst_sync_uq1|altera_reset_synchronizer_int_chain_out ; SOPC:inst2|altera_avalon_sc_fifo:cpu_jtag_debug_module_translator_avalon_universal_slave_0_agent_rsp_fifo|mem[0][84]       ; inst|altpll_component|pll|clk[0] ; inst|altpll_component|pll|clk[0] ; 0.000        ; 0.008      ; 1.954      ;
; 1.794 ; SOPC:inst2|altera_reset_controller:rst_controller|altera_reset_synchronizer:alt_rst_sync_uq1|altera_reset_synchronizer_int_chain_out ; SOPC:inst2|altera_merlin_width_adapter:width_adapter|endofpacket_reg                                                       ; inst|altpll_component|pll|clk[0] ; inst|altpll_component|pll|clk[0] ; 0.000        ; -0.013     ; 1.933      ;
; 1.794 ; SOPC:inst2|altera_reset_controller:rst_controller|altera_reset_synchronizer:alt_rst_sync_uq1|altera_reset_synchronizer_int_chain_out ; SOPC:inst2|altera_merlin_width_adapter:width_adapter|count[0]                                                              ; inst|altpll_component|pll|clk[0] ; inst|altpll_component|pll|clk[0] ; 0.000        ; 0.013      ; 1.959      ;
; 1.794 ; SOPC:inst2|altera_reset_controller:rst_controller|altera_reset_synchronizer:alt_rst_sync_uq1|altera_reset_synchronizer_int_chain_out ; SOPC:inst2|altera_avalon_sc_fifo:sdram_s1_translator_avalon_universal_slave_0_agent_rsp_fifo|mem[7][87]                    ; inst|altpll_component|pll|clk[0] ; inst|altpll_component|pll|clk[0] ; 0.000        ; 0.013      ; 1.959      ;
; 1.794 ; SOPC:inst2|altera_reset_controller:rst_controller|altera_reset_synchronizer:alt_rst_sync_uq1|altera_reset_synchronizer_int_chain_out ; SOPC:inst2|altera_avalon_sc_fifo:sdram_s1_translator_avalon_universal_slave_0_agent_rsp_fifo|mem[6][87]                    ; inst|altpll_component|pll|clk[0] ; inst|altpll_component|pll|clk[0] ; 0.000        ; 0.014      ; 1.960      ;
; 1.794 ; SOPC:inst2|altera_reset_controller:rst_controller|altera_reset_synchronizer:alt_rst_sync_uq1|altera_reset_synchronizer_int_chain_out ; SOPC:inst2|altera_avalon_sc_fifo:sdram_s1_translator_avalon_universal_slave_0_agent_rsp_fifo|mem[5][87]                    ; inst|altpll_component|pll|clk[0] ; inst|altpll_component|pll|clk[0] ; 0.000        ; 0.014      ; 1.960      ;
; 1.794 ; SOPC:inst2|altera_reset_controller:rst_controller|altera_reset_synchronizer:alt_rst_sync_uq1|altera_reset_synchronizer_int_chain_out ; SOPC:inst2|altera_avalon_sc_fifo:sdram_s1_translator_avalon_universal_slave_0_agent_rsp_fifo|mem[4][87]                    ; inst|altpll_component|pll|clk[0] ; inst|altpll_component|pll|clk[0] ; 0.000        ; 0.013      ; 1.959      ;
; 1.794 ; SOPC:inst2|altera_reset_controller:rst_controller|altera_reset_synchronizer:alt_rst_sync_uq1|altera_reset_synchronizer_int_chain_out ; SOPC:inst2|altera_avalon_sc_fifo:sdram_s1_translator_avalon_universal_slave_0_agent_rsp_fifo|mem[3][87]                    ; inst|altpll_component|pll|clk[0] ; inst|altpll_component|pll|clk[0] ; 0.000        ; 0.003      ; 1.949      ;
; 1.794 ; SOPC:inst2|altera_reset_controller:rst_controller|altera_reset_synchronizer:alt_rst_sync_uq1|altera_reset_synchronizer_int_chain_out ; SOPC:inst2|altera_avalon_sc_fifo:sdram_s1_translator_avalon_universal_slave_0_agent_rsp_fifo|mem[2][87]                    ; inst|altpll_component|pll|clk[0] ; inst|altpll_component|pll|clk[0] ; 0.000        ; 0.003      ; 1.949      ;
; 1.794 ; SOPC:inst2|altera_reset_controller:rst_controller|altera_reset_synchronizer:alt_rst_sync_uq1|altera_reset_synchronizer_int_chain_out ; SOPC:inst2|altera_avalon_sc_fifo:sdram_s1_translator_avalon_universal_slave_0_agent_rsp_fifo|mem[1][87]                    ; inst|altpll_component|pll|clk[0] ; inst|altpll_component|pll|clk[0] ; 0.000        ; -0.007     ; 1.939      ;
; 1.794 ; SOPC:inst2|altera_reset_controller:rst_controller|altera_reset_synchronizer:alt_rst_sync_uq1|altera_reset_synchronizer_int_chain_out ; SOPC:inst2|altera_avalon_sc_fifo:sdram_s1_translator_avalon_universal_slave_0_agent_rsp_fifo|mem[0][87]                    ; inst|altpll_component|pll|clk[0] ; inst|altpll_component|pll|clk[0] ; 0.000        ; -0.007     ; 1.939      ;
; 1.794 ; SOPC:inst2|altera_reset_controller:rst_controller|altera_reset_synchronizer:alt_rst_sync_uq1|altera_reset_synchronizer_int_chain_out ; SOPC:inst2|altera_merlin_slave_translator:cpu_jtag_debug_module_translator|av_readdata_pre[11]                             ; inst|altpll_component|pll|clk[0] ; inst|altpll_component|pll|clk[0] ; 0.000        ; -0.005     ; 1.941      ;
; 1.794 ; SOPC:inst2|altera_reset_controller:rst_controller|altera_reset_synchronizer:alt_rst_sync_uq1|altera_reset_synchronizer_int_chain_out ; SOPC:inst2|SOPC_sdram:sdram|m_state.000000010                                                                              ; inst|altpll_component|pll|clk[0] ; inst|altpll_component|pll|clk[0] ; 0.000        ; 0.014      ; 1.960      ;
; 1.794 ; SOPC:inst2|altera_reset_controller:rst_controller|altera_reset_synchronizer:alt_rst_sync_uq1|altera_reset_synchronizer_int_chain_out ; SOPC:inst2|SOPC_sdram:sdram|SOPC_sdram_input_efifo_module:the_SOPC_sdram_input_efifo_module|wr_address                     ; inst|altpll_component|pll|clk[0] ; inst|altpll_component|pll|clk[0] ; 0.000        ; 0.006      ; 1.952      ;
; 1.794 ; SOPC:inst2|altera_reset_controller:rst_controller|altera_reset_synchronizer:alt_rst_sync_uq1|altera_reset_synchronizer_int_chain_out ; SOPC:inst2|SOPC_sdram:sdram|m_next.000001000                                                                               ; inst|altpll_component|pll|clk[0] ; inst|altpll_component|pll|clk[0] ; 0.000        ; 0.013      ; 1.959      ;
; 1.794 ; SOPC:inst2|altera_reset_controller:rst_controller|altera_reset_synchronizer:alt_rst_sync_uq1|altera_reset_synchronizer_int_chain_out ; SOPC:inst2|SOPC_sdram:sdram|m_state.000001000                                                                              ; inst|altpll_component|pll|clk[0] ; inst|altpll_component|pll|clk[0] ; 0.000        ; 0.013      ; 1.959      ;
; 1.794 ; SOPC:inst2|altera_reset_controller:rst_controller|altera_reset_synchronizer:alt_rst_sync_uq1|altera_reset_synchronizer_int_chain_out ; SOPC:inst2|SOPC_sdram:sdram|m_state.100000000                                                                              ; inst|altpll_component|pll|clk[0] ; inst|altpll_component|pll|clk[0] ; 0.000        ; 0.013      ; 1.959      ;
; 1.794 ; SOPC:inst2|altera_reset_controller:rst_controller|altera_reset_synchronizer:alt_rst_sync_uq1|altera_reset_synchronizer_int_chain_out ; SOPC:inst2|SOPC_sdram:sdram|m_state.000100000                                                                              ; inst|altpll_component|pll|clk[0] ; inst|altpll_component|pll|clk[0] ; 0.000        ; 0.014      ; 1.960      ;
; 1.794 ; SOPC:inst2|altera_reset_controller:rst_controller|altera_reset_synchronizer:alt_rst_sync_uq1|altera_reset_synchronizer_int_chain_out ; SOPC:inst2|SOPC_sdram:sdram|m_state.001000000                                                                              ; inst|altpll_component|pll|clk[0] ; inst|altpll_component|pll|clk[0] ; 0.000        ; 0.010      ; 1.956      ;
; 1.794 ; SOPC:inst2|altera_reset_controller:rst_controller|altera_reset_synchronizer:alt_rst_sync_uq1|altera_reset_synchronizer_int_chain_out ; SOPC:inst2|SOPC_sdram:sdram|m_state.000000100                                                                              ; inst|altpll_component|pll|clk[0] ; inst|altpll_component|pll|clk[0] ; 0.000        ; 0.011      ; 1.957      ;
; 1.794 ; SOPC:inst2|altera_reset_controller:rst_controller|altera_reset_synchronizer:alt_rst_sync_uq1|altera_reset_synchronizer_int_chain_out ; SOPC:inst2|SOPC_sdram:sdram|m_next.010000000                                                                               ; inst|altpll_component|pll|clk[0] ; inst|altpll_component|pll|clk[0] ; 0.000        ; 0.013      ; 1.959      ;
; 1.794 ; SOPC:inst2|altera_reset_controller:rst_controller|altera_reset_synchronizer:alt_rst_sync_uq1|altera_reset_synchronizer_int_chain_out ; SOPC:inst2|SOPC_sdram:sdram|m_state.010000000                                                                              ; inst|altpll_component|pll|clk[0] ; inst|altpll_component|pll|clk[0] ; 0.000        ; 0.011      ; 1.957      ;
; 1.794 ; SOPC:inst2|altera_reset_controller:rst_controller|altera_reset_synchronizer:alt_rst_sync_uq1|altera_reset_synchronizer_int_chain_out ; SOPC:inst2|SOPC_sdram:sdram|ack_refresh_request                                                                            ; inst|altpll_component|pll|clk[0] ; inst|altpll_component|pll|clk[0] ; 0.000        ; 0.010      ; 1.956      ;
; 1.794 ; SOPC:inst2|altera_reset_controller:rst_controller|altera_reset_synchronizer:alt_rst_sync_uq1|altera_reset_synchronizer_int_chain_out ; SOPC:inst2|SOPC_sdram:sdram|refresh_request                                                                                ; inst|altpll_component|pll|clk[0] ; inst|altpll_component|pll|clk[0] ; 0.000        ; 0.010      ; 1.956      ;
; 1.794 ; SOPC:inst2|altera_reset_controller:rst_controller|altera_reset_synchronizer:alt_rst_sync_uq1|altera_reset_synchronizer_int_chain_out ; SOPC:inst2|SOPC_sdram:sdram|m_next.000010000                                                                               ; inst|altpll_component|pll|clk[0] ; inst|altpll_component|pll|clk[0] ; 0.000        ; 0.013      ; 1.959      ;
; 1.794 ; SOPC:inst2|altera_reset_controller:rst_controller|altera_reset_synchronizer:alt_rst_sync_uq1|altera_reset_synchronizer_int_chain_out ; SOPC:inst2|SOPC_sdram:sdram|m_state.000010000                                                                              ; inst|altpll_component|pll|clk[0] ; inst|altpll_component|pll|clk[0] ; 0.000        ; 0.013      ; 1.959      ;
; 1.794 ; SOPC:inst2|altera_reset_controller:rst_controller|altera_reset_synchronizer:alt_rst_sync_uq1|altera_reset_synchronizer_int_chain_out ; SOPC:inst2|altera_merlin_slave_translator:epcs_epcs_control_port_translator|av_readdata_pre[28]                            ; inst|altpll_component|pll|clk[0] ; inst|altpll_component|pll|clk[0] ; 0.000        ; 0.022      ; 1.968      ;
; 1.794 ; SOPC:inst2|altera_reset_controller:rst_controller|altera_reset_synchronizer:alt_rst_sync_uq1|altera_reset_synchronizer_int_chain_out ; SOPC:inst2|altera_merlin_slave_translator:cpu_jtag_debug_module_translator|av_readdata_pre[28]                             ; inst|altpll_component|pll|clk[0] ; inst|altpll_component|pll|clk[0] ; 0.000        ; 0.022      ; 1.968      ;
; 1.794 ; SOPC:inst2|altera_reset_controller:rst_controller|altera_reset_synchronizer:alt_rst_sync_uq1|altera_reset_synchronizer_int_chain_out ; SOPC:inst2|altera_merlin_slave_translator:epcs_epcs_control_port_translator|read_latency_shift_reg[0]                      ; inst|altpll_component|pll|clk[0] ; inst|altpll_component|pll|clk[0] ; 0.000        ; 0.008      ; 1.954      ;
; 1.794 ; SOPC:inst2|altera_reset_controller:rst_controller|altera_reset_synchronizer:alt_rst_sync_uq1|altera_reset_synchronizer_int_chain_out ; SOPC:inst2|altera_merlin_slave_translator:cpu_jtag_debug_module_translator|av_readdata_pre[8]                              ; inst|altpll_component|pll|clk[0] ; inst|altpll_component|pll|clk[0] ; 0.000        ; 0.000      ; 1.946      ;
; 1.794 ; SOPC:inst2|altera_reset_controller:rst_controller|altera_reset_synchronizer:alt_rst_sync_uq1|altera_reset_synchronizer_int_chain_out ; SOPC:inst2|altera_merlin_master_translator:cpu_data_master_translator|read_accepted                                        ; inst|altpll_component|pll|clk[0] ; inst|altpll_component|pll|clk[0] ; 0.000        ; 0.007      ; 1.953      ;
; 1.794 ; SOPC:inst2|altera_reset_controller:rst_controller|altera_reset_synchronizer:alt_rst_sync_uq1|altera_reset_synchronizer_int_chain_out ; SOPC:inst2|altera_merlin_slave_translator:spi_touch_spi_control_port_translator|read_latency_shift_reg[0]                  ; inst|altpll_component|pll|clk[0] ; inst|altpll_component|pll|clk[0] ; 0.000        ; 0.022      ; 1.968      ;
; 1.794 ; SOPC:inst2|altera_reset_controller:rst_controller|altera_reset_synchronizer:alt_rst_sync_uq1|altera_reset_synchronizer_int_chain_out ; SOPC:inst2|altera_avalon_sc_fifo:spi_touch_spi_control_port_translator_avalon_universal_slave_0_agent_rsp_fifo|mem_used[0] ; inst|altpll_component|pll|clk[0] ; inst|altpll_component|pll|clk[0] ; 0.000        ; 0.022      ; 1.968      ;
; 1.794 ; SOPC:inst2|altera_reset_controller:rst_controller|altera_reset_synchronizer:alt_rst_sync_uq1|altera_reset_synchronizer_int_chain_out ; SOPC:inst2|altera_avalon_sc_fifo:spi_touch_spi_control_port_translator_avalon_universal_slave_0_agent_rsp_fifo|mem_used[1] ; inst|altpll_component|pll|clk[0] ; inst|altpll_component|pll|clk[0] ; 0.000        ; 0.022      ; 1.968      ;
; 1.794 ; SOPC:inst2|altera_reset_controller:rst_controller|altera_reset_synchronizer:alt_rst_sync_uq1|altera_reset_synchronizer_int_chain_out ; SOPC:inst2|altera_merlin_slave_translator:spi_touch_spi_control_port_translator|wait_latency_counter[0]                    ; inst|altpll_component|pll|clk[0] ; inst|altpll_component|pll|clk[0] ; 0.000        ; 0.021      ; 1.967      ;
; 1.794 ; SOPC:inst2|altera_reset_controller:rst_controller|altera_reset_synchronizer:alt_rst_sync_uq1|altera_reset_synchronizer_int_chain_out ; SOPC:inst2|altera_merlin_slave_translator:spi_touch_spi_control_port_translator|wait_latency_counter[1]                    ; inst|altpll_component|pll|clk[0] ; inst|altpll_component|pll|clk[0] ; 0.000        ; 0.021      ; 1.967      ;
; 1.794 ; SOPC:inst2|altera_reset_controller:rst_controller|altera_reset_synchronizer:alt_rst_sync_uq1|altera_reset_synchronizer_int_chain_out ; SOPC:inst2|SOPC_spi_touch:spi_touch|wr_strobe                                                                              ; inst|altpll_component|pll|clk[0] ; inst|altpll_component|pll|clk[0] ; 0.000        ; 0.018      ; 1.964      ;
; 1.794 ; SOPC:inst2|altera_reset_controller:rst_controller|altera_reset_synchronizer:alt_rst_sync_uq1|altera_reset_synchronizer_int_chain_out ; SOPC:inst2|SOPC_spi_touch:spi_touch|slowcount[0]                                                                           ; inst|altpll_component|pll|clk[0] ; inst|altpll_component|pll|clk[0] ; 0.000        ; 0.022      ; 1.968      ;
; 1.794 ; SOPC:inst2|altera_reset_controller:rst_controller|altera_reset_synchronizer:alt_rst_sync_uq1|altera_reset_synchronizer_int_chain_out ; SOPC:inst2|SOPC_spi_touch:spi_touch|slowcount[1]                                                                           ; inst|altpll_component|pll|clk[0] ; inst|altpll_component|pll|clk[0] ; 0.000        ; 0.022      ; 1.968      ;
; 1.794 ; SOPC:inst2|altera_reset_controller:rst_controller|altera_reset_synchronizer:alt_rst_sync_uq1|altera_reset_synchronizer_int_chain_out ; SOPC:inst2|SOPC_spi_touch:spi_touch|slowcount[3]                                                                           ; inst|altpll_component|pll|clk[0] ; inst|altpll_component|pll|clk[0] ; 0.000        ; 0.022      ; 1.968      ;
; 1.794 ; SOPC:inst2|altera_reset_controller:rst_controller|altera_reset_synchronizer:alt_rst_sync_uq1|altera_reset_synchronizer_int_chain_out ; SOPC:inst2|SOPC_spi_touch:spi_touch|slowcount[4]                                                                           ; inst|altpll_component|pll|clk[0] ; inst|altpll_component|pll|clk[0] ; 0.000        ; 0.022      ; 1.968      ;
; 1.794 ; SOPC:inst2|altera_reset_controller:rst_controller|altera_reset_synchronizer:alt_rst_sync_uq1|altera_reset_synchronizer_int_chain_out ; SOPC:inst2|SOPC_spi_touch:spi_touch|slowcount[2]                                                                           ; inst|altpll_component|pll|clk[0] ; inst|altpll_component|pll|clk[0] ; 0.000        ; 0.022      ; 1.968      ;
; 1.794 ; SOPC:inst2|altera_reset_controller:rst_controller|altera_reset_synchronizer:alt_rst_sync_uq1|altera_reset_synchronizer_int_chain_out ; SOPC:inst2|SOPC_spi_touch:spi_touch|state[0]                                                                               ; inst|altpll_component|pll|clk[0] ; inst|altpll_component|pll|clk[0] ; 0.000        ; 0.022      ; 1.968      ;
; 1.794 ; SOPC:inst2|altera_reset_controller:rst_controller|altera_reset_synchronizer:alt_rst_sync_uq1|altera_reset_synchronizer_int_chain_out ; SOPC:inst2|SOPC_spi_touch:spi_touch|state[2]                                                                               ; inst|altpll_component|pll|clk[0] ; inst|altpll_component|pll|clk[0] ; 0.000        ; 0.022      ; 1.968      ;
; 1.794 ; SOPC:inst2|altera_reset_controller:rst_controller|altera_reset_synchronizer:alt_rst_sync_uq1|altera_reset_synchronizer_int_chain_out ; SOPC:inst2|SOPC_spi_touch:spi_touch|state[3]                                                                               ; inst|altpll_component|pll|clk[0] ; inst|altpll_component|pll|clk[0] ; 0.000        ; 0.022      ; 1.968      ;
; 1.794 ; SOPC:inst2|altera_reset_controller:rst_controller|altera_reset_synchronizer:alt_rst_sync_uq1|altera_reset_synchronizer_int_chain_out ; SOPC:inst2|SOPC_spi_touch:spi_touch|state[1]                                                                               ; inst|altpll_component|pll|clk[0] ; inst|altpll_component|pll|clk[0] ; 0.000        ; 0.022      ; 1.968      ;
; 1.794 ; SOPC:inst2|altera_reset_controller:rst_controller|altera_reset_synchronizer:alt_rst_sync_uq1|altera_reset_synchronizer_int_chain_out ; SOPC:inst2|SOPC_spi_touch:spi_touch|state[4]                                                                               ; inst|altpll_component|pll|clk[0] ; inst|altpll_component|pll|clk[0] ; 0.000        ; 0.022      ; 1.968      ;
; 1.794 ; SOPC:inst2|altera_reset_controller:rst_controller|altera_reset_synchronizer:alt_rst_sync_uq1|altera_reset_synchronizer_int_chain_out ; SOPC:inst2|SOPC_spi_touch:spi_touch|data_wr_strobe                                                                         ; inst|altpll_component|pll|clk[0] ; inst|altpll_component|pll|clk[0] ; 0.000        ; 0.018      ; 1.964      ;
; 1.794 ; SOPC:inst2|altera_reset_controller:rst_controller|altera_reset_synchronizer:alt_rst_sync_uq1|altera_reset_synchronizer_int_chain_out ; SOPC:inst2|SOPC_spi_touch:spi_touch|tx_holding_primed                                                                      ; inst|altpll_component|pll|clk[0] ; inst|altpll_component|pll|clk[0] ; 0.000        ; 0.021      ; 1.967      ;
; 1.794 ; SOPC:inst2|altera_reset_controller:rst_controller|altera_reset_synchronizer:alt_rst_sync_uq1|altera_reset_synchronizer_int_chain_out ; SOPC:inst2|SOPC_spi_touch:spi_touch|transmitting                                                                           ; inst|altpll_component|pll|clk[0] ; inst|altpll_component|pll|clk[0] ; 0.000        ; 0.021      ; 1.967      ;
; 1.794 ; SOPC:inst2|altera_reset_controller:rst_controller|altera_reset_synchronizer:alt_rst_sync_uq1|altera_reset_synchronizer_int_chain_out ; SOPC:inst2|SOPC_spi_touch:spi_touch|SSO_reg                                                                                ; inst|altpll_component|pll|clk[0] ; inst|altpll_component|pll|clk[0] ; 0.000        ; 0.005      ; 1.951      ;
+-------+--------------------------------------------------------------------------------------------------------------------------------------+----------------------------------------------------------------------------------------------------------------------------+----------------------------------+----------------------------------+--------------+------------+------------+


+-----------------------------------------------------------------------------------------------------------------------------------------------------------------------------------------------------------------------------------------------------------------------+
; Fast Model Minimum Pulse Width: 'inst|altpll_component|pll|clk[0]'                                                                                                                                                                                                    ;
+--------+--------------+----------------+------------------+----------------------------------+------------+-----------------------------------------------------------------------------------------------------------------------------------------------------------+
; Slack  ; Actual Width ; Required Width ; Type             ; Clock                            ; Clock Edge ; Target                                                                                                                                                    ;
+--------+--------------+----------------+------------------+----------------------------------+------------+-----------------------------------------------------------------------------------------------------------------------------------------------------------+
; 10.373 ; 12.500       ; 2.127          ; High Pulse Width ; inst|altpll_component|pll|clk[0] ; Rise       ; SOPC:inst2|SOPC_cpu:cpu|D_bht_data[0]                                                                                                                     ;
; 10.373 ; 12.500       ; 2.127          ; Low Pulse Width  ; inst|altpll_component|pll|clk[0] ; Rise       ; SOPC:inst2|SOPC_cpu:cpu|D_bht_data[0]                                                                                                                     ;
; 10.373 ; 12.500       ; 2.127          ; High Pulse Width ; inst|altpll_component|pll|clk[0] ; Rise       ; SOPC:inst2|SOPC_cpu:cpu|D_bht_data[1]                                                                                                                     ;
; 10.373 ; 12.500       ; 2.127          ; Low Pulse Width  ; inst|altpll_component|pll|clk[0] ; Rise       ; SOPC:inst2|SOPC_cpu:cpu|D_bht_data[1]                                                                                                                     ;
; 10.373 ; 12.500       ; 2.127          ; High Pulse Width ; inst|altpll_component|pll|clk[0] ; Rise       ; SOPC:inst2|SOPC_cpu:cpu|SOPC_cpu_bht_module:SOPC_cpu_bht|altsyncram:the_altsyncram|altsyncram_d5g1:auto_generated|ram_block1a0~porta_address_reg0         ;
; 10.373 ; 12.500       ; 2.127          ; Low Pulse Width  ; inst|altpll_component|pll|clk[0] ; Rise       ; SOPC:inst2|SOPC_cpu:cpu|SOPC_cpu_bht_module:SOPC_cpu_bht|altsyncram:the_altsyncram|altsyncram_d5g1:auto_generated|ram_block1a0~porta_address_reg0         ;
; 10.373 ; 12.500       ; 2.127          ; High Pulse Width ; inst|altpll_component|pll|clk[0] ; Rise       ; SOPC:inst2|SOPC_cpu:cpu|SOPC_cpu_bht_module:SOPC_cpu_bht|altsyncram:the_altsyncram|altsyncram_d5g1:auto_generated|ram_block1a0~porta_address_reg1         ;
; 10.373 ; 12.500       ; 2.127          ; Low Pulse Width  ; inst|altpll_component|pll|clk[0] ; Rise       ; SOPC:inst2|SOPC_cpu:cpu|SOPC_cpu_bht_module:SOPC_cpu_bht|altsyncram:the_altsyncram|altsyncram_d5g1:auto_generated|ram_block1a0~porta_address_reg1         ;
; 10.373 ; 12.500       ; 2.127          ; High Pulse Width ; inst|altpll_component|pll|clk[0] ; Rise       ; SOPC:inst2|SOPC_cpu:cpu|SOPC_cpu_bht_module:SOPC_cpu_bht|altsyncram:the_altsyncram|altsyncram_d5g1:auto_generated|ram_block1a0~porta_address_reg2         ;
; 10.373 ; 12.500       ; 2.127          ; Low Pulse Width  ; inst|altpll_component|pll|clk[0] ; Rise       ; SOPC:inst2|SOPC_cpu:cpu|SOPC_cpu_bht_module:SOPC_cpu_bht|altsyncram:the_altsyncram|altsyncram_d5g1:auto_generated|ram_block1a0~porta_address_reg2         ;
; 10.373 ; 12.500       ; 2.127          ; High Pulse Width ; inst|altpll_component|pll|clk[0] ; Rise       ; SOPC:inst2|SOPC_cpu:cpu|SOPC_cpu_bht_module:SOPC_cpu_bht|altsyncram:the_altsyncram|altsyncram_d5g1:auto_generated|ram_block1a0~porta_address_reg3         ;
; 10.373 ; 12.500       ; 2.127          ; Low Pulse Width  ; inst|altpll_component|pll|clk[0] ; Rise       ; SOPC:inst2|SOPC_cpu:cpu|SOPC_cpu_bht_module:SOPC_cpu_bht|altsyncram:the_altsyncram|altsyncram_d5g1:auto_generated|ram_block1a0~porta_address_reg3         ;
; 10.373 ; 12.500       ; 2.127          ; High Pulse Width ; inst|altpll_component|pll|clk[0] ; Rise       ; SOPC:inst2|SOPC_cpu:cpu|SOPC_cpu_bht_module:SOPC_cpu_bht|altsyncram:the_altsyncram|altsyncram_d5g1:auto_generated|ram_block1a0~porta_address_reg4         ;
; 10.373 ; 12.500       ; 2.127          ; Low Pulse Width  ; inst|altpll_component|pll|clk[0] ; Rise       ; SOPC:inst2|SOPC_cpu:cpu|SOPC_cpu_bht_module:SOPC_cpu_bht|altsyncram:the_altsyncram|altsyncram_d5g1:auto_generated|ram_block1a0~porta_address_reg4         ;
; 10.373 ; 12.500       ; 2.127          ; High Pulse Width ; inst|altpll_component|pll|clk[0] ; Rise       ; SOPC:inst2|SOPC_cpu:cpu|SOPC_cpu_bht_module:SOPC_cpu_bht|altsyncram:the_altsyncram|altsyncram_d5g1:auto_generated|ram_block1a0~porta_address_reg5         ;
; 10.373 ; 12.500       ; 2.127          ; Low Pulse Width  ; inst|altpll_component|pll|clk[0] ; Rise       ; SOPC:inst2|SOPC_cpu:cpu|SOPC_cpu_bht_module:SOPC_cpu_bht|altsyncram:the_altsyncram|altsyncram_d5g1:auto_generated|ram_block1a0~porta_address_reg5         ;
; 10.373 ; 12.500       ; 2.127          ; High Pulse Width ; inst|altpll_component|pll|clk[0] ; Rise       ; SOPC:inst2|SOPC_cpu:cpu|SOPC_cpu_bht_module:SOPC_cpu_bht|altsyncram:the_altsyncram|altsyncram_d5g1:auto_generated|ram_block1a0~porta_address_reg6         ;
; 10.373 ; 12.500       ; 2.127          ; Low Pulse Width  ; inst|altpll_component|pll|clk[0] ; Rise       ; SOPC:inst2|SOPC_cpu:cpu|SOPC_cpu_bht_module:SOPC_cpu_bht|altsyncram:the_altsyncram|altsyncram_d5g1:auto_generated|ram_block1a0~porta_address_reg6         ;
; 10.373 ; 12.500       ; 2.127          ; High Pulse Width ; inst|altpll_component|pll|clk[0] ; Rise       ; SOPC:inst2|SOPC_cpu:cpu|SOPC_cpu_bht_module:SOPC_cpu_bht|altsyncram:the_altsyncram|altsyncram_d5g1:auto_generated|ram_block1a0~porta_address_reg7         ;
; 10.373 ; 12.500       ; 2.127          ; Low Pulse Width  ; inst|altpll_component|pll|clk[0] ; Rise       ; SOPC:inst2|SOPC_cpu:cpu|SOPC_cpu_bht_module:SOPC_cpu_bht|altsyncram:the_altsyncram|altsyncram_d5g1:auto_generated|ram_block1a0~porta_address_reg7         ;
; 10.373 ; 12.500       ; 2.127          ; High Pulse Width ; inst|altpll_component|pll|clk[0] ; Rise       ; SOPC:inst2|SOPC_cpu:cpu|SOPC_cpu_bht_module:SOPC_cpu_bht|altsyncram:the_altsyncram|altsyncram_d5g1:auto_generated|ram_block1a0~porta_datain_reg0          ;
; 10.373 ; 12.500       ; 2.127          ; Low Pulse Width  ; inst|altpll_component|pll|clk[0] ; Rise       ; SOPC:inst2|SOPC_cpu:cpu|SOPC_cpu_bht_module:SOPC_cpu_bht|altsyncram:the_altsyncram|altsyncram_d5g1:auto_generated|ram_block1a0~porta_datain_reg0          ;
; 10.373 ; 12.500       ; 2.127          ; High Pulse Width ; inst|altpll_component|pll|clk[0] ; Rise       ; SOPC:inst2|SOPC_cpu:cpu|SOPC_cpu_bht_module:SOPC_cpu_bht|altsyncram:the_altsyncram|altsyncram_d5g1:auto_generated|ram_block1a0~porta_datain_reg1          ;
; 10.373 ; 12.500       ; 2.127          ; Low Pulse Width  ; inst|altpll_component|pll|clk[0] ; Rise       ; SOPC:inst2|SOPC_cpu:cpu|SOPC_cpu_bht_module:SOPC_cpu_bht|altsyncram:the_altsyncram|altsyncram_d5g1:auto_generated|ram_block1a0~porta_datain_reg1          ;
; 10.373 ; 12.500       ; 2.127          ; High Pulse Width ; inst|altpll_component|pll|clk[0] ; Rise       ; SOPC:inst2|SOPC_cpu:cpu|SOPC_cpu_bht_module:SOPC_cpu_bht|altsyncram:the_altsyncram|altsyncram_d5g1:auto_generated|ram_block1a0~porta_memory_reg0          ;
; 10.373 ; 12.500       ; 2.127          ; Low Pulse Width  ; inst|altpll_component|pll|clk[0] ; Rise       ; SOPC:inst2|SOPC_cpu:cpu|SOPC_cpu_bht_module:SOPC_cpu_bht|altsyncram:the_altsyncram|altsyncram_d5g1:auto_generated|ram_block1a0~porta_memory_reg0          ;
; 10.373 ; 12.500       ; 2.127          ; High Pulse Width ; inst|altpll_component|pll|clk[0] ; Rise       ; SOPC:inst2|SOPC_cpu:cpu|SOPC_cpu_bht_module:SOPC_cpu_bht|altsyncram:the_altsyncram|altsyncram_d5g1:auto_generated|ram_block1a0~porta_we_reg               ;
; 10.373 ; 12.500       ; 2.127          ; Low Pulse Width  ; inst|altpll_component|pll|clk[0] ; Rise       ; SOPC:inst2|SOPC_cpu:cpu|SOPC_cpu_bht_module:SOPC_cpu_bht|altsyncram:the_altsyncram|altsyncram_d5g1:auto_generated|ram_block1a0~porta_we_reg               ;
; 10.373 ; 12.500       ; 2.127          ; High Pulse Width ; inst|altpll_component|pll|clk[0] ; Rise       ; SOPC:inst2|SOPC_cpu:cpu|SOPC_cpu_bht_module:SOPC_cpu_bht|altsyncram:the_altsyncram|altsyncram_d5g1:auto_generated|ram_block1a0~portb_address_reg0         ;
; 10.373 ; 12.500       ; 2.127          ; Low Pulse Width  ; inst|altpll_component|pll|clk[0] ; Rise       ; SOPC:inst2|SOPC_cpu:cpu|SOPC_cpu_bht_module:SOPC_cpu_bht|altsyncram:the_altsyncram|altsyncram_d5g1:auto_generated|ram_block1a0~portb_address_reg0         ;
; 10.373 ; 12.500       ; 2.127          ; High Pulse Width ; inst|altpll_component|pll|clk[0] ; Rise       ; SOPC:inst2|SOPC_cpu:cpu|SOPC_cpu_bht_module:SOPC_cpu_bht|altsyncram:the_altsyncram|altsyncram_d5g1:auto_generated|ram_block1a0~portb_address_reg1         ;
; 10.373 ; 12.500       ; 2.127          ; Low Pulse Width  ; inst|altpll_component|pll|clk[0] ; Rise       ; SOPC:inst2|SOPC_cpu:cpu|SOPC_cpu_bht_module:SOPC_cpu_bht|altsyncram:the_altsyncram|altsyncram_d5g1:auto_generated|ram_block1a0~portb_address_reg1         ;
; 10.373 ; 12.500       ; 2.127          ; High Pulse Width ; inst|altpll_component|pll|clk[0] ; Rise       ; SOPC:inst2|SOPC_cpu:cpu|SOPC_cpu_bht_module:SOPC_cpu_bht|altsyncram:the_altsyncram|altsyncram_d5g1:auto_generated|ram_block1a0~portb_address_reg2         ;
; 10.373 ; 12.500       ; 2.127          ; Low Pulse Width  ; inst|altpll_component|pll|clk[0] ; Rise       ; SOPC:inst2|SOPC_cpu:cpu|SOPC_cpu_bht_module:SOPC_cpu_bht|altsyncram:the_altsyncram|altsyncram_d5g1:auto_generated|ram_block1a0~portb_address_reg2         ;
; 10.373 ; 12.500       ; 2.127          ; High Pulse Width ; inst|altpll_component|pll|clk[0] ; Rise       ; SOPC:inst2|SOPC_cpu:cpu|SOPC_cpu_bht_module:SOPC_cpu_bht|altsyncram:the_altsyncram|altsyncram_d5g1:auto_generated|ram_block1a0~portb_address_reg3         ;
; 10.373 ; 12.500       ; 2.127          ; Low Pulse Width  ; inst|altpll_component|pll|clk[0] ; Rise       ; SOPC:inst2|SOPC_cpu:cpu|SOPC_cpu_bht_module:SOPC_cpu_bht|altsyncram:the_altsyncram|altsyncram_d5g1:auto_generated|ram_block1a0~portb_address_reg3         ;
; 10.373 ; 12.500       ; 2.127          ; High Pulse Width ; inst|altpll_component|pll|clk[0] ; Rise       ; SOPC:inst2|SOPC_cpu:cpu|SOPC_cpu_bht_module:SOPC_cpu_bht|altsyncram:the_altsyncram|altsyncram_d5g1:auto_generated|ram_block1a0~portb_address_reg4         ;
; 10.373 ; 12.500       ; 2.127          ; Low Pulse Width  ; inst|altpll_component|pll|clk[0] ; Rise       ; SOPC:inst2|SOPC_cpu:cpu|SOPC_cpu_bht_module:SOPC_cpu_bht|altsyncram:the_altsyncram|altsyncram_d5g1:auto_generated|ram_block1a0~portb_address_reg4         ;
; 10.373 ; 12.500       ; 2.127          ; High Pulse Width ; inst|altpll_component|pll|clk[0] ; Rise       ; SOPC:inst2|SOPC_cpu:cpu|SOPC_cpu_bht_module:SOPC_cpu_bht|altsyncram:the_altsyncram|altsyncram_d5g1:auto_generated|ram_block1a0~portb_address_reg5         ;
; 10.373 ; 12.500       ; 2.127          ; Low Pulse Width  ; inst|altpll_component|pll|clk[0] ; Rise       ; SOPC:inst2|SOPC_cpu:cpu|SOPC_cpu_bht_module:SOPC_cpu_bht|altsyncram:the_altsyncram|altsyncram_d5g1:auto_generated|ram_block1a0~portb_address_reg5         ;
; 10.373 ; 12.500       ; 2.127          ; High Pulse Width ; inst|altpll_component|pll|clk[0] ; Rise       ; SOPC:inst2|SOPC_cpu:cpu|SOPC_cpu_bht_module:SOPC_cpu_bht|altsyncram:the_altsyncram|altsyncram_d5g1:auto_generated|ram_block1a0~portb_address_reg6         ;
; 10.373 ; 12.500       ; 2.127          ; Low Pulse Width  ; inst|altpll_component|pll|clk[0] ; Rise       ; SOPC:inst2|SOPC_cpu:cpu|SOPC_cpu_bht_module:SOPC_cpu_bht|altsyncram:the_altsyncram|altsyncram_d5g1:auto_generated|ram_block1a0~portb_address_reg6         ;
; 10.373 ; 12.500       ; 2.127          ; High Pulse Width ; inst|altpll_component|pll|clk[0] ; Rise       ; SOPC:inst2|SOPC_cpu:cpu|SOPC_cpu_bht_module:SOPC_cpu_bht|altsyncram:the_altsyncram|altsyncram_d5g1:auto_generated|ram_block1a0~portb_address_reg7         ;
; 10.373 ; 12.500       ; 2.127          ; Low Pulse Width  ; inst|altpll_component|pll|clk[0] ; Rise       ; SOPC:inst2|SOPC_cpu:cpu|SOPC_cpu_bht_module:SOPC_cpu_bht|altsyncram:the_altsyncram|altsyncram_d5g1:auto_generated|ram_block1a0~portb_address_reg7         ;
; 10.373 ; 12.500       ; 2.127          ; High Pulse Width ; inst|altpll_component|pll|clk[0] ; Rise       ; SOPC:inst2|SOPC_cpu:cpu|SOPC_cpu_bht_module:SOPC_cpu_bht|altsyncram:the_altsyncram|altsyncram_d5g1:auto_generated|ram_block1a0~portb_re_reg               ;
; 10.373 ; 12.500       ; 2.127          ; Low Pulse Width  ; inst|altpll_component|pll|clk[0] ; Rise       ; SOPC:inst2|SOPC_cpu:cpu|SOPC_cpu_bht_module:SOPC_cpu_bht|altsyncram:the_altsyncram|altsyncram_d5g1:auto_generated|ram_block1a0~portb_re_reg               ;
; 10.373 ; 12.500       ; 2.127          ; High Pulse Width ; inst|altpll_component|pll|clk[0] ; Rise       ; SOPC:inst2|SOPC_cpu:cpu|SOPC_cpu_bht_module:SOPC_cpu_bht|altsyncram:the_altsyncram|altsyncram_d5g1:auto_generated|ram_block1a1~porta_memory_reg0          ;
; 10.373 ; 12.500       ; 2.127          ; Low Pulse Width  ; inst|altpll_component|pll|clk[0] ; Rise       ; SOPC:inst2|SOPC_cpu:cpu|SOPC_cpu_bht_module:SOPC_cpu_bht|altsyncram:the_altsyncram|altsyncram_d5g1:auto_generated|ram_block1a1~porta_memory_reg0          ;
; 10.373 ; 12.500       ; 2.127          ; High Pulse Width ; inst|altpll_component|pll|clk[0] ; Rise       ; SOPC:inst2|SOPC_cpu:cpu|SOPC_cpu_ic_data_module:SOPC_cpu_ic_data|altsyncram:the_altsyncram|altsyncram_c9d1:auto_generated|ram_block1a0~porta_address_reg0 ;
; 10.373 ; 12.500       ; 2.127          ; Low Pulse Width  ; inst|altpll_component|pll|clk[0] ; Rise       ; SOPC:inst2|SOPC_cpu:cpu|SOPC_cpu_ic_data_module:SOPC_cpu_ic_data|altsyncram:the_altsyncram|altsyncram_c9d1:auto_generated|ram_block1a0~porta_address_reg0 ;
; 10.373 ; 12.500       ; 2.127          ; High Pulse Width ; inst|altpll_component|pll|clk[0] ; Rise       ; SOPC:inst2|SOPC_cpu:cpu|SOPC_cpu_ic_data_module:SOPC_cpu_ic_data|altsyncram:the_altsyncram|altsyncram_c9d1:auto_generated|ram_block1a0~porta_address_reg1 ;
; 10.373 ; 12.500       ; 2.127          ; Low Pulse Width  ; inst|altpll_component|pll|clk[0] ; Rise       ; SOPC:inst2|SOPC_cpu:cpu|SOPC_cpu_ic_data_module:SOPC_cpu_ic_data|altsyncram:the_altsyncram|altsyncram_c9d1:auto_generated|ram_block1a0~porta_address_reg1 ;
; 10.373 ; 12.500       ; 2.127          ; High Pulse Width ; inst|altpll_component|pll|clk[0] ; Rise       ; SOPC:inst2|SOPC_cpu:cpu|SOPC_cpu_ic_data_module:SOPC_cpu_ic_data|altsyncram:the_altsyncram|altsyncram_c9d1:auto_generated|ram_block1a0~porta_address_reg2 ;
; 10.373 ; 12.500       ; 2.127          ; Low Pulse Width  ; inst|altpll_component|pll|clk[0] ; Rise       ; SOPC:inst2|SOPC_cpu:cpu|SOPC_cpu_ic_data_module:SOPC_cpu_ic_data|altsyncram:the_altsyncram|altsyncram_c9d1:auto_generated|ram_block1a0~porta_address_reg2 ;
; 10.373 ; 12.500       ; 2.127          ; High Pulse Width ; inst|altpll_component|pll|clk[0] ; Rise       ; SOPC:inst2|SOPC_cpu:cpu|SOPC_cpu_ic_data_module:SOPC_cpu_ic_data|altsyncram:the_altsyncram|altsyncram_c9d1:auto_generated|ram_block1a0~porta_address_reg3 ;
; 10.373 ; 12.500       ; 2.127          ; Low Pulse Width  ; inst|altpll_component|pll|clk[0] ; Rise       ; SOPC:inst2|SOPC_cpu:cpu|SOPC_cpu_ic_data_module:SOPC_cpu_ic_data|altsyncram:the_altsyncram|altsyncram_c9d1:auto_generated|ram_block1a0~porta_address_reg3 ;
; 10.373 ; 12.500       ; 2.127          ; High Pulse Width ; inst|altpll_component|pll|clk[0] ; Rise       ; SOPC:inst2|SOPC_cpu:cpu|SOPC_cpu_ic_data_module:SOPC_cpu_ic_data|altsyncram:the_altsyncram|altsyncram_c9d1:auto_generated|ram_block1a0~porta_address_reg4 ;
; 10.373 ; 12.500       ; 2.127          ; Low Pulse Width  ; inst|altpll_component|pll|clk[0] ; Rise       ; SOPC:inst2|SOPC_cpu:cpu|SOPC_cpu_ic_data_module:SOPC_cpu_ic_data|altsyncram:the_altsyncram|altsyncram_c9d1:auto_generated|ram_block1a0~porta_address_reg4 ;
; 10.373 ; 12.500       ; 2.127          ; High Pulse Width ; inst|altpll_component|pll|clk[0] ; Rise       ; SOPC:inst2|SOPC_cpu:cpu|SOPC_cpu_ic_data_module:SOPC_cpu_ic_data|altsyncram:the_altsyncram|altsyncram_c9d1:auto_generated|ram_block1a0~porta_address_reg5 ;
; 10.373 ; 12.500       ; 2.127          ; Low Pulse Width  ; inst|altpll_component|pll|clk[0] ; Rise       ; SOPC:inst2|SOPC_cpu:cpu|SOPC_cpu_ic_data_module:SOPC_cpu_ic_data|altsyncram:the_altsyncram|altsyncram_c9d1:auto_generated|ram_block1a0~porta_address_reg5 ;
; 10.373 ; 12.500       ; 2.127          ; High Pulse Width ; inst|altpll_component|pll|clk[0] ; Rise       ; SOPC:inst2|SOPC_cpu:cpu|SOPC_cpu_ic_data_module:SOPC_cpu_ic_data|altsyncram:the_altsyncram|altsyncram_c9d1:auto_generated|ram_block1a0~porta_address_reg6 ;
; 10.373 ; 12.500       ; 2.127          ; Low Pulse Width  ; inst|altpll_component|pll|clk[0] ; Rise       ; SOPC:inst2|SOPC_cpu:cpu|SOPC_cpu_ic_data_module:SOPC_cpu_ic_data|altsyncram:the_altsyncram|altsyncram_c9d1:auto_generated|ram_block1a0~porta_address_reg6 ;
; 10.373 ; 12.500       ; 2.127          ; High Pulse Width ; inst|altpll_component|pll|clk[0] ; Rise       ; SOPC:inst2|SOPC_cpu:cpu|SOPC_cpu_ic_data_module:SOPC_cpu_ic_data|altsyncram:the_altsyncram|altsyncram_c9d1:auto_generated|ram_block1a0~porta_address_reg7 ;
; 10.373 ; 12.500       ; 2.127          ; Low Pulse Width  ; inst|altpll_component|pll|clk[0] ; Rise       ; SOPC:inst2|SOPC_cpu:cpu|SOPC_cpu_ic_data_module:SOPC_cpu_ic_data|altsyncram:the_altsyncram|altsyncram_c9d1:auto_generated|ram_block1a0~porta_address_reg7 ;
; 10.373 ; 12.500       ; 2.127          ; High Pulse Width ; inst|altpll_component|pll|clk[0] ; Rise       ; SOPC:inst2|SOPC_cpu:cpu|SOPC_cpu_ic_data_module:SOPC_cpu_ic_data|altsyncram:the_altsyncram|altsyncram_c9d1:auto_generated|ram_block1a0~porta_address_reg8 ;
; 10.373 ; 12.500       ; 2.127          ; Low Pulse Width  ; inst|altpll_component|pll|clk[0] ; Rise       ; SOPC:inst2|SOPC_cpu:cpu|SOPC_cpu_ic_data_module:SOPC_cpu_ic_data|altsyncram:the_altsyncram|altsyncram_c9d1:auto_generated|ram_block1a0~porta_address_reg8 ;
; 10.373 ; 12.500       ; 2.127          ; High Pulse Width ; inst|altpll_component|pll|clk[0] ; Rise       ; SOPC:inst2|SOPC_cpu:cpu|SOPC_cpu_ic_data_module:SOPC_cpu_ic_data|altsyncram:the_altsyncram|altsyncram_c9d1:auto_generated|ram_block1a0~porta_datain_reg0  ;
; 10.373 ; 12.500       ; 2.127          ; Low Pulse Width  ; inst|altpll_component|pll|clk[0] ; Rise       ; SOPC:inst2|SOPC_cpu:cpu|SOPC_cpu_ic_data_module:SOPC_cpu_ic_data|altsyncram:the_altsyncram|altsyncram_c9d1:auto_generated|ram_block1a0~porta_datain_reg0  ;
; 10.373 ; 12.500       ; 2.127          ; High Pulse Width ; inst|altpll_component|pll|clk[0] ; Rise       ; SOPC:inst2|SOPC_cpu:cpu|SOPC_cpu_ic_data_module:SOPC_cpu_ic_data|altsyncram:the_altsyncram|altsyncram_c9d1:auto_generated|ram_block1a0~porta_datain_reg1  ;
; 10.373 ; 12.500       ; 2.127          ; Low Pulse Width  ; inst|altpll_component|pll|clk[0] ; Rise       ; SOPC:inst2|SOPC_cpu:cpu|SOPC_cpu_ic_data_module:SOPC_cpu_ic_data|altsyncram:the_altsyncram|altsyncram_c9d1:auto_generated|ram_block1a0~porta_datain_reg1  ;
; 10.373 ; 12.500       ; 2.127          ; High Pulse Width ; inst|altpll_component|pll|clk[0] ; Rise       ; SOPC:inst2|SOPC_cpu:cpu|SOPC_cpu_ic_data_module:SOPC_cpu_ic_data|altsyncram:the_altsyncram|altsyncram_c9d1:auto_generated|ram_block1a0~porta_datain_reg2  ;
; 10.373 ; 12.500       ; 2.127          ; Low Pulse Width  ; inst|altpll_component|pll|clk[0] ; Rise       ; SOPC:inst2|SOPC_cpu:cpu|SOPC_cpu_ic_data_module:SOPC_cpu_ic_data|altsyncram:the_altsyncram|altsyncram_c9d1:auto_generated|ram_block1a0~porta_datain_reg2  ;
; 10.373 ; 12.500       ; 2.127          ; High Pulse Width ; inst|altpll_component|pll|clk[0] ; Rise       ; SOPC:inst2|SOPC_cpu:cpu|SOPC_cpu_ic_data_module:SOPC_cpu_ic_data|altsyncram:the_altsyncram|altsyncram_c9d1:auto_generated|ram_block1a0~porta_datain_reg3  ;
; 10.373 ; 12.500       ; 2.127          ; Low Pulse Width  ; inst|altpll_component|pll|clk[0] ; Rise       ; SOPC:inst2|SOPC_cpu:cpu|SOPC_cpu_ic_data_module:SOPC_cpu_ic_data|altsyncram:the_altsyncram|altsyncram_c9d1:auto_generated|ram_block1a0~porta_datain_reg3  ;
; 10.373 ; 12.500       ; 2.127          ; High Pulse Width ; inst|altpll_component|pll|clk[0] ; Rise       ; SOPC:inst2|SOPC_cpu:cpu|SOPC_cpu_ic_data_module:SOPC_cpu_ic_data|altsyncram:the_altsyncram|altsyncram_c9d1:auto_generated|ram_block1a0~porta_datain_reg4  ;
; 10.373 ; 12.500       ; 2.127          ; Low Pulse Width  ; inst|altpll_component|pll|clk[0] ; Rise       ; SOPC:inst2|SOPC_cpu:cpu|SOPC_cpu_ic_data_module:SOPC_cpu_ic_data|altsyncram:the_altsyncram|altsyncram_c9d1:auto_generated|ram_block1a0~porta_datain_reg4  ;
; 10.373 ; 12.500       ; 2.127          ; High Pulse Width ; inst|altpll_component|pll|clk[0] ; Rise       ; SOPC:inst2|SOPC_cpu:cpu|SOPC_cpu_ic_data_module:SOPC_cpu_ic_data|altsyncram:the_altsyncram|altsyncram_c9d1:auto_generated|ram_block1a0~porta_datain_reg5  ;
; 10.373 ; 12.500       ; 2.127          ; Low Pulse Width  ; inst|altpll_component|pll|clk[0] ; Rise       ; SOPC:inst2|SOPC_cpu:cpu|SOPC_cpu_ic_data_module:SOPC_cpu_ic_data|altsyncram:the_altsyncram|altsyncram_c9d1:auto_generated|ram_block1a0~porta_datain_reg5  ;
; 10.373 ; 12.500       ; 2.127          ; High Pulse Width ; inst|altpll_component|pll|clk[0] ; Rise       ; SOPC:inst2|SOPC_cpu:cpu|SOPC_cpu_ic_data_module:SOPC_cpu_ic_data|altsyncram:the_altsyncram|altsyncram_c9d1:auto_generated|ram_block1a0~porta_datain_reg6  ;
; 10.373 ; 12.500       ; 2.127          ; Low Pulse Width  ; inst|altpll_component|pll|clk[0] ; Rise       ; SOPC:inst2|SOPC_cpu:cpu|SOPC_cpu_ic_data_module:SOPC_cpu_ic_data|altsyncram:the_altsyncram|altsyncram_c9d1:auto_generated|ram_block1a0~porta_datain_reg6  ;
; 10.373 ; 12.500       ; 2.127          ; High Pulse Width ; inst|altpll_component|pll|clk[0] ; Rise       ; SOPC:inst2|SOPC_cpu:cpu|SOPC_cpu_ic_data_module:SOPC_cpu_ic_data|altsyncram:the_altsyncram|altsyncram_c9d1:auto_generated|ram_block1a0~porta_datain_reg7  ;
; 10.373 ; 12.500       ; 2.127          ; Low Pulse Width  ; inst|altpll_component|pll|clk[0] ; Rise       ; SOPC:inst2|SOPC_cpu:cpu|SOPC_cpu_ic_data_module:SOPC_cpu_ic_data|altsyncram:the_altsyncram|altsyncram_c9d1:auto_generated|ram_block1a0~porta_datain_reg7  ;
; 10.373 ; 12.500       ; 2.127          ; High Pulse Width ; inst|altpll_component|pll|clk[0] ; Rise       ; SOPC:inst2|SOPC_cpu:cpu|SOPC_cpu_ic_data_module:SOPC_cpu_ic_data|altsyncram:the_altsyncram|altsyncram_c9d1:auto_generated|ram_block1a0~porta_datain_reg8  ;
; 10.373 ; 12.500       ; 2.127          ; Low Pulse Width  ; inst|altpll_component|pll|clk[0] ; Rise       ; SOPC:inst2|SOPC_cpu:cpu|SOPC_cpu_ic_data_module:SOPC_cpu_ic_data|altsyncram:the_altsyncram|altsyncram_c9d1:auto_generated|ram_block1a0~porta_datain_reg8  ;
; 10.373 ; 12.500       ; 2.127          ; High Pulse Width ; inst|altpll_component|pll|clk[0] ; Rise       ; SOPC:inst2|SOPC_cpu:cpu|SOPC_cpu_ic_data_module:SOPC_cpu_ic_data|altsyncram:the_altsyncram|altsyncram_c9d1:auto_generated|ram_block1a0~porta_memory_reg0  ;
; 10.373 ; 12.500       ; 2.127          ; Low Pulse Width  ; inst|altpll_component|pll|clk[0] ; Rise       ; SOPC:inst2|SOPC_cpu:cpu|SOPC_cpu_ic_data_module:SOPC_cpu_ic_data|altsyncram:the_altsyncram|altsyncram_c9d1:auto_generated|ram_block1a0~porta_memory_reg0  ;
; 10.373 ; 12.500       ; 2.127          ; High Pulse Width ; inst|altpll_component|pll|clk[0] ; Rise       ; SOPC:inst2|SOPC_cpu:cpu|SOPC_cpu_ic_data_module:SOPC_cpu_ic_data|altsyncram:the_altsyncram|altsyncram_c9d1:auto_generated|ram_block1a0~porta_we_reg       ;
; 10.373 ; 12.500       ; 2.127          ; Low Pulse Width  ; inst|altpll_component|pll|clk[0] ; Rise       ; SOPC:inst2|SOPC_cpu:cpu|SOPC_cpu_ic_data_module:SOPC_cpu_ic_data|altsyncram:the_altsyncram|altsyncram_c9d1:auto_generated|ram_block1a0~porta_we_reg       ;
; 10.373 ; 12.500       ; 2.127          ; High Pulse Width ; inst|altpll_component|pll|clk[0] ; Rise       ; SOPC:inst2|SOPC_cpu:cpu|SOPC_cpu_ic_data_module:SOPC_cpu_ic_data|altsyncram:the_altsyncram|altsyncram_c9d1:auto_generated|ram_block1a0~portb_address_reg0 ;
; 10.373 ; 12.500       ; 2.127          ; Low Pulse Width  ; inst|altpll_component|pll|clk[0] ; Rise       ; SOPC:inst2|SOPC_cpu:cpu|SOPC_cpu_ic_data_module:SOPC_cpu_ic_data|altsyncram:the_altsyncram|altsyncram_c9d1:auto_generated|ram_block1a0~portb_address_reg0 ;
; 10.373 ; 12.500       ; 2.127          ; High Pulse Width ; inst|altpll_component|pll|clk[0] ; Rise       ; SOPC:inst2|SOPC_cpu:cpu|SOPC_cpu_ic_data_module:SOPC_cpu_ic_data|altsyncram:the_altsyncram|altsyncram_c9d1:auto_generated|ram_block1a0~portb_address_reg1 ;
; 10.373 ; 12.500       ; 2.127          ; Low Pulse Width  ; inst|altpll_component|pll|clk[0] ; Rise       ; SOPC:inst2|SOPC_cpu:cpu|SOPC_cpu_ic_data_module:SOPC_cpu_ic_data|altsyncram:the_altsyncram|altsyncram_c9d1:auto_generated|ram_block1a0~portb_address_reg1 ;
; 10.373 ; 12.500       ; 2.127          ; High Pulse Width ; inst|altpll_component|pll|clk[0] ; Rise       ; SOPC:inst2|SOPC_cpu:cpu|SOPC_cpu_ic_data_module:SOPC_cpu_ic_data|altsyncram:the_altsyncram|altsyncram_c9d1:auto_generated|ram_block1a0~portb_address_reg2 ;
; 10.373 ; 12.500       ; 2.127          ; Low Pulse Width  ; inst|altpll_component|pll|clk[0] ; Rise       ; SOPC:inst2|SOPC_cpu:cpu|SOPC_cpu_ic_data_module:SOPC_cpu_ic_data|altsyncram:the_altsyncram|altsyncram_c9d1:auto_generated|ram_block1a0~portb_address_reg2 ;
; 10.373 ; 12.500       ; 2.127          ; High Pulse Width ; inst|altpll_component|pll|clk[0] ; Rise       ; SOPC:inst2|SOPC_cpu:cpu|SOPC_cpu_ic_data_module:SOPC_cpu_ic_data|altsyncram:the_altsyncram|altsyncram_c9d1:auto_generated|ram_block1a0~portb_address_reg3 ;
; 10.373 ; 12.500       ; 2.127          ; Low Pulse Width  ; inst|altpll_component|pll|clk[0] ; Rise       ; SOPC:inst2|SOPC_cpu:cpu|SOPC_cpu_ic_data_module:SOPC_cpu_ic_data|altsyncram:the_altsyncram|altsyncram_c9d1:auto_generated|ram_block1a0~portb_address_reg3 ;
; 10.373 ; 12.500       ; 2.127          ; High Pulse Width ; inst|altpll_component|pll|clk[0] ; Rise       ; SOPC:inst2|SOPC_cpu:cpu|SOPC_cpu_ic_data_module:SOPC_cpu_ic_data|altsyncram:the_altsyncram|altsyncram_c9d1:auto_generated|ram_block1a0~portb_address_reg4 ;
; 10.373 ; 12.500       ; 2.127          ; Low Pulse Width  ; inst|altpll_component|pll|clk[0] ; Rise       ; SOPC:inst2|SOPC_cpu:cpu|SOPC_cpu_ic_data_module:SOPC_cpu_ic_data|altsyncram:the_altsyncram|altsyncram_c9d1:auto_generated|ram_block1a0~portb_address_reg4 ;
; 10.373 ; 12.500       ; 2.127          ; High Pulse Width ; inst|altpll_component|pll|clk[0] ; Rise       ; SOPC:inst2|SOPC_cpu:cpu|SOPC_cpu_ic_data_module:SOPC_cpu_ic_data|altsyncram:the_altsyncram|altsyncram_c9d1:auto_generated|ram_block1a0~portb_address_reg5 ;
; 10.373 ; 12.500       ; 2.127          ; Low Pulse Width  ; inst|altpll_component|pll|clk[0] ; Rise       ; SOPC:inst2|SOPC_cpu:cpu|SOPC_cpu_ic_data_module:SOPC_cpu_ic_data|altsyncram:the_altsyncram|altsyncram_c9d1:auto_generated|ram_block1a0~portb_address_reg5 ;
+--------+--------------+----------------+------------------+----------------------------------+------------+-----------------------------------------------------------------------------------------------------------------------------------------------------------+


+----------------------------------------------------------------------------------------------------------------------+
; Fast Model Minimum Pulse Width: 'clk_in'                                                                             ;
+--------+--------------+----------------+------------------+--------+------------+------------------------------------+
; Slack  ; Actual Width ; Required Width ; Type             ; Clock  ; Clock Edge ; Target                             ;
+--------+--------------+----------------+------------------+--------+------------+------------------------------------+
; 12.500 ; 12.500       ; 0.000          ; High Pulse Width ; clk_in ; Rise       ; CLK|combout                        ;
; 12.500 ; 12.500       ; 0.000          ; Low Pulse Width  ; clk_in ; Rise       ; CLK|combout                        ;
; 12.500 ; 12.500       ; 0.000          ; High Pulse Width ; clk_in ; Rise       ; inst|altpll_component|pll|clk[0]   ;
; 12.500 ; 12.500       ; 0.000          ; Low Pulse Width  ; clk_in ; Rise       ; inst|altpll_component|pll|clk[0]   ;
; 12.500 ; 12.500       ; 0.000          ; High Pulse Width ; clk_in ; Rise       ; inst|altpll_component|pll|clk[1]   ;
; 12.500 ; 12.500       ; 0.000          ; Low Pulse Width  ; clk_in ; Rise       ; inst|altpll_component|pll|clk[1]   ;
; 12.500 ; 12.500       ; 0.000          ; High Pulse Width ; clk_in ; Rise       ; inst|altpll_component|pll|inclk[0] ;
; 12.500 ; 12.500       ; 0.000          ; Low Pulse Width  ; clk_in ; Rise       ; inst|altpll_component|pll|inclk[0] ;
; 22.620 ; 25.000       ; 2.380          ; Port Rate        ; clk_in ; Rise       ; CLK                                ;
+--------+--------------+----------------+------------------+--------+------------+------------------------------------+


+-------------------------------------------------------------------------------------------------------------+
; Fast Model Minimum Pulse Width: 'altera_reserved_tck'                                                       ;
+--------+--------------+----------------+-----------+---------------------+------------+---------------------+
; Slack  ; Actual Width ; Required Width ; Type      ; Clock               ; Clock Edge ; Target              ;
+--------+--------------+----------------+-----------+---------------------+------------+---------------------+
; 97.778 ; 100.000      ; 2.222          ; Port Rate ; altera_reserved_tck ; Rise       ; altera_reserved_tck ;
+--------+--------------+----------------+-----------+---------------------+------------+---------------------+


+-------------------------------------------------------------------------------------------------------------------------+
; Setup Times                                                                                                             ;
+--------------------------------------------+------------+-------+-------+------------+----------------------------------+
; Data Port                                  ; Clock Port ; Rise  ; Fall  ; Clock Edge ; Clock Reference                  ;
+--------------------------------------------+------------+-------+-------+------------+----------------------------------+
; DQ[*]                                      ; clk_in     ; 1.034 ; 1.034 ; Rise       ; inst|altpll_component|pll|clk[0] ;
;  DQ[0]                                     ; clk_in     ; 1.034 ; 1.034 ; Rise       ; inst|altpll_component|pll|clk[0] ;
;  DQ[1]                                     ; clk_in     ; 1.034 ; 1.034 ; Rise       ; inst|altpll_component|pll|clk[0] ;
;  DQ[2]                                     ; clk_in     ; 1.023 ; 1.023 ; Rise       ; inst|altpll_component|pll|clk[0] ;
;  DQ[3]                                     ; clk_in     ; 1.029 ; 1.029 ; Rise       ; inst|altpll_component|pll|clk[0] ;
;  DQ[4]                                     ; clk_in     ; 1.013 ; 1.013 ; Rise       ; inst|altpll_component|pll|clk[0] ;
;  DQ[5]                                     ; clk_in     ; 1.013 ; 1.013 ; Rise       ; inst|altpll_component|pll|clk[0] ;
;  DQ[6]                                     ; clk_in     ; 0.948 ; 0.948 ; Rise       ; inst|altpll_component|pll|clk[0] ;
;  DQ[7]                                     ; clk_in     ; 0.938 ; 0.938 ; Rise       ; inst|altpll_component|pll|clk[0] ;
;  DQ[8]                                     ; clk_in     ; 1.009 ; 1.009 ; Rise       ; inst|altpll_component|pll|clk[0] ;
;  DQ[9]                                     ; clk_in     ; 1.010 ; 1.010 ; Rise       ; inst|altpll_component|pll|clk[0] ;
;  DQ[10]                                    ; clk_in     ; 1.020 ; 1.020 ; Rise       ; inst|altpll_component|pll|clk[0] ;
;  DQ[11]                                    ; clk_in     ; 1.011 ; 1.011 ; Rise       ; inst|altpll_component|pll|clk[0] ;
;  DQ[12]                                    ; clk_in     ; 1.011 ; 1.011 ; Rise       ; inst|altpll_component|pll|clk[0] ;
;  DQ[13]                                    ; clk_in     ; 1.023 ; 1.023 ; Rise       ; inst|altpll_component|pll|clk[0] ;
;  DQ[14]                                    ; clk_in     ; 1.011 ; 1.011 ; Rise       ; inst|altpll_component|pll|clk[0] ;
;  DQ[15]                                    ; clk_in     ; 1.008 ; 1.008 ; Rise       ; inst|altpll_component|pll|clk[0] ;
; MISO_to_the_spi_touch                      ; clk_in     ; 3.700 ; 3.700 ; Rise       ; inst|altpll_component|pll|clk[0] ;
; bidir_port_to_and_from_the_lcd32_data[*]   ; clk_in     ; 3.932 ; 3.932 ; Rise       ; inst|altpll_component|pll|clk[0] ;
;  bidir_port_to_and_from_the_lcd32_data[0]  ; clk_in     ; 3.863 ; 3.863 ; Rise       ; inst|altpll_component|pll|clk[0] ;
;  bidir_port_to_and_from_the_lcd32_data[1]  ; clk_in     ; 3.788 ; 3.788 ; Rise       ; inst|altpll_component|pll|clk[0] ;
;  bidir_port_to_and_from_the_lcd32_data[2]  ; clk_in     ; 3.685 ; 3.685 ; Rise       ; inst|altpll_component|pll|clk[0] ;
;  bidir_port_to_and_from_the_lcd32_data[3]  ; clk_in     ; 3.719 ; 3.719 ; Rise       ; inst|altpll_component|pll|clk[0] ;
;  bidir_port_to_and_from_the_lcd32_data[4]  ; clk_in     ; 3.798 ; 3.798 ; Rise       ; inst|altpll_component|pll|clk[0] ;
;  bidir_port_to_and_from_the_lcd32_data[5]  ; clk_in     ; 3.851 ; 3.851 ; Rise       ; inst|altpll_component|pll|clk[0] ;
;  bidir_port_to_and_from_the_lcd32_data[6]  ; clk_in     ; 3.746 ; 3.746 ; Rise       ; inst|altpll_component|pll|clk[0] ;
;  bidir_port_to_and_from_the_lcd32_data[7]  ; clk_in     ; 3.828 ; 3.828 ; Rise       ; inst|altpll_component|pll|clk[0] ;
;  bidir_port_to_and_from_the_lcd32_data[8]  ; clk_in     ; 3.713 ; 3.713 ; Rise       ; inst|altpll_component|pll|clk[0] ;
;  bidir_port_to_and_from_the_lcd32_data[9]  ; clk_in     ; 3.778 ; 3.778 ; Rise       ; inst|altpll_component|pll|clk[0] ;
;  bidir_port_to_and_from_the_lcd32_data[10] ; clk_in     ; 3.913 ; 3.913 ; Rise       ; inst|altpll_component|pll|clk[0] ;
;  bidir_port_to_and_from_the_lcd32_data[11] ; clk_in     ; 3.932 ; 3.932 ; Rise       ; inst|altpll_component|pll|clk[0] ;
;  bidir_port_to_and_from_the_lcd32_data[12] ; clk_in     ; 3.707 ; 3.707 ; Rise       ; inst|altpll_component|pll|clk[0] ;
;  bidir_port_to_and_from_the_lcd32_data[13] ; clk_in     ; 3.624 ; 3.624 ; Rise       ; inst|altpll_component|pll|clk[0] ;
;  bidir_port_to_and_from_the_lcd32_data[14] ; clk_in     ; 3.642 ; 3.642 ; Rise       ; inst|altpll_component|pll|clk[0] ;
;  bidir_port_to_and_from_the_lcd32_data[15] ; clk_in     ; 3.539 ; 3.539 ; Rise       ; inst|altpll_component|pll|clk[0] ;
+--------------------------------------------+------------+-------+-------+------------+----------------------------------+


+---------------------------------------------------------------------------------------------------------------------------+
; Hold Times                                                                                                                ;
+--------------------------------------------+------------+--------+--------+------------+----------------------------------+
; Data Port                                  ; Clock Port ; Rise   ; Fall   ; Clock Edge ; Clock Reference                  ;
+--------------------------------------------+------------+--------+--------+------------+----------------------------------+
; DQ[*]                                      ; clk_in     ; -0.837 ; -0.837 ; Rise       ; inst|altpll_component|pll|clk[0] ;
;  DQ[0]                                     ; clk_in     ; -0.948 ; -0.948 ; Rise       ; inst|altpll_component|pll|clk[0] ;
;  DQ[1]                                     ; clk_in     ; -0.948 ; -0.948 ; Rise       ; inst|altpll_component|pll|clk[0] ;
;  DQ[2]                                     ; clk_in     ; -0.937 ; -0.937 ; Rise       ; inst|altpll_component|pll|clk[0] ;
;  DQ[3]                                     ; clk_in     ; -0.943 ; -0.943 ; Rise       ; inst|altpll_component|pll|clk[0] ;
;  DQ[4]                                     ; clk_in     ; -0.927 ; -0.927 ; Rise       ; inst|altpll_component|pll|clk[0] ;
;  DQ[5]                                     ; clk_in     ; -0.927 ; -0.927 ; Rise       ; inst|altpll_component|pll|clk[0] ;
;  DQ[6]                                     ; clk_in     ; -0.847 ; -0.847 ; Rise       ; inst|altpll_component|pll|clk[0] ;
;  DQ[7]                                     ; clk_in     ; -0.837 ; -0.837 ; Rise       ; inst|altpll_component|pll|clk[0] ;
;  DQ[8]                                     ; clk_in     ; -0.923 ; -0.923 ; Rise       ; inst|altpll_component|pll|clk[0] ;
;  DQ[9]                                     ; clk_in     ; -0.924 ; -0.924 ; Rise       ; inst|altpll_component|pll|clk[0] ;
;  DQ[10]                                    ; clk_in     ; -0.934 ; -0.934 ; Rise       ; inst|altpll_component|pll|clk[0] ;
;  DQ[11]                                    ; clk_in     ; -0.925 ; -0.925 ; Rise       ; inst|altpll_component|pll|clk[0] ;
;  DQ[12]                                    ; clk_in     ; -0.925 ; -0.925 ; Rise       ; inst|altpll_component|pll|clk[0] ;
;  DQ[13]                                    ; clk_in     ; -0.937 ; -0.937 ; Rise       ; inst|altpll_component|pll|clk[0] ;
;  DQ[14]                                    ; clk_in     ; -0.925 ; -0.925 ; Rise       ; inst|altpll_component|pll|clk[0] ;
;  DQ[15]                                    ; clk_in     ; -0.922 ; -0.922 ; Rise       ; inst|altpll_component|pll|clk[0] ;
; MISO_to_the_spi_touch                      ; clk_in     ; -3.580 ; -3.580 ; Rise       ; inst|altpll_component|pll|clk[0] ;
; bidir_port_to_and_from_the_lcd32_data[*]   ; clk_in     ; -3.419 ; -3.419 ; Rise       ; inst|altpll_component|pll|clk[0] ;
;  bidir_port_to_and_from_the_lcd32_data[0]  ; clk_in     ; -3.743 ; -3.743 ; Rise       ; inst|altpll_component|pll|clk[0] ;
;  bidir_port_to_and_from_the_lcd32_data[1]  ; clk_in     ; -3.668 ; -3.668 ; Rise       ; inst|altpll_component|pll|clk[0] ;
;  bidir_port_to_and_from_the_lcd32_data[2]  ; clk_in     ; -3.565 ; -3.565 ; Rise       ; inst|altpll_component|pll|clk[0] ;
;  bidir_port_to_and_from_the_lcd32_data[3]  ; clk_in     ; -3.599 ; -3.599 ; Rise       ; inst|altpll_component|pll|clk[0] ;
;  bidir_port_to_and_from_the_lcd32_data[4]  ; clk_in     ; -3.678 ; -3.678 ; Rise       ; inst|altpll_component|pll|clk[0] ;
;  bidir_port_to_and_from_the_lcd32_data[5]  ; clk_in     ; -3.731 ; -3.731 ; Rise       ; inst|altpll_component|pll|clk[0] ;
;  bidir_port_to_and_from_the_lcd32_data[6]  ; clk_in     ; -3.626 ; -3.626 ; Rise       ; inst|altpll_component|pll|clk[0] ;
;  bidir_port_to_and_from_the_lcd32_data[7]  ; clk_in     ; -3.708 ; -3.708 ; Rise       ; inst|altpll_component|pll|clk[0] ;
;  bidir_port_to_and_from_the_lcd32_data[8]  ; clk_in     ; -3.593 ; -3.593 ; Rise       ; inst|altpll_component|pll|clk[0] ;
;  bidir_port_to_and_from_the_lcd32_data[9]  ; clk_in     ; -3.658 ; -3.658 ; Rise       ; inst|altpll_component|pll|clk[0] ;
;  bidir_port_to_and_from_the_lcd32_data[10] ; clk_in     ; -3.793 ; -3.793 ; Rise       ; inst|altpll_component|pll|clk[0] ;
;  bidir_port_to_and_from_the_lcd32_data[11] ; clk_in     ; -3.812 ; -3.812 ; Rise       ; inst|altpll_component|pll|clk[0] ;
;  bidir_port_to_and_from_the_lcd32_data[12] ; clk_in     ; -3.587 ; -3.587 ; Rise       ; inst|altpll_component|pll|clk[0] ;
;  bidir_port_to_and_from_the_lcd32_data[13] ; clk_in     ; -3.504 ; -3.504 ; Rise       ; inst|altpll_component|pll|clk[0] ;
;  bidir_port_to_and_from_the_lcd32_data[14] ; clk_in     ; -3.522 ; -3.522 ; Rise       ; inst|altpll_component|pll|clk[0] ;
;  bidir_port_to_and_from_the_lcd32_data[15] ; clk_in     ; -3.419 ; -3.419 ; Rise       ; inst|altpll_component|pll|clk[0] ;
+--------------------------------------------+------------+--------+--------+------------+----------------------------------+


+---------------------------------------------------------------------------------------------------------------------------+
; Clock to Output Times                                                                                                     ;
+--------------------------------------------+------------+--------+--------+------------+----------------------------------+
; Data Port                                  ; Clock Port ; Rise   ; Fall   ; Clock Edge ; Clock Reference                  ;
+--------------------------------------------+------------+--------+--------+------------+----------------------------------+
; BA[*]                                      ; clk_in     ; 1.290  ; 1.290  ; Rise       ; inst|altpll_component|pll|clk[0] ;
;  BA[0]                                     ; clk_in     ; 1.290  ; 1.290  ; Rise       ; inst|altpll_component|pll|clk[0] ;
;  BA[1]                                     ; clk_in     ; 1.278  ; 1.278  ; Rise       ; inst|altpll_component|pll|clk[0] ;
; CAS                                        ; clk_in     ; 1.291  ; 1.291  ; Rise       ; inst|altpll_component|pll|clk[0] ;
; CS                                         ; clk_in     ; 1.280  ; 1.280  ; Rise       ; inst|altpll_component|pll|clk[0] ;
; DQ[*]                                      ; clk_in     ; 1.301  ; 1.301  ; Rise       ; inst|altpll_component|pll|clk[0] ;
;  DQ[0]                                     ; clk_in     ; 1.084  ; 1.084  ; Rise       ; inst|altpll_component|pll|clk[0] ;
;  DQ[1]                                     ; clk_in     ; 1.084  ; 1.084  ; Rise       ; inst|altpll_component|pll|clk[0] ;
;  DQ[2]                                     ; clk_in     ; 1.095  ; 1.095  ; Rise       ; inst|altpll_component|pll|clk[0] ;
;  DQ[3]                                     ; clk_in     ; 1.089  ; 1.089  ; Rise       ; inst|altpll_component|pll|clk[0] ;
;  DQ[4]                                     ; clk_in     ; 1.085  ; 1.085  ; Rise       ; inst|altpll_component|pll|clk[0] ;
;  DQ[5]                                     ; clk_in     ; 1.085  ; 1.085  ; Rise       ; inst|altpll_component|pll|clk[0] ;
;  DQ[6]                                     ; clk_in     ; 1.301  ; 1.301  ; Rise       ; inst|altpll_component|pll|clk[0] ;
;  DQ[7]                                     ; clk_in     ; 1.291  ; 1.291  ; Rise       ; inst|altpll_component|pll|clk[0] ;
;  DQ[8]                                     ; clk_in     ; 1.109  ; 1.109  ; Rise       ; inst|altpll_component|pll|clk[0] ;
;  DQ[9]                                     ; clk_in     ; 1.108  ; 1.108  ; Rise       ; inst|altpll_component|pll|clk[0] ;
;  DQ[10]                                    ; clk_in     ; 1.118  ; 1.118  ; Rise       ; inst|altpll_component|pll|clk[0] ;
;  DQ[11]                                    ; clk_in     ; 1.087  ; 1.087  ; Rise       ; inst|altpll_component|pll|clk[0] ;
;  DQ[12]                                    ; clk_in     ; 1.087  ; 1.087  ; Rise       ; inst|altpll_component|pll|clk[0] ;
;  DQ[13]                                    ; clk_in     ; 1.075  ; 1.075  ; Rise       ; inst|altpll_component|pll|clk[0] ;
;  DQ[14]                                    ; clk_in     ; 1.087  ; 1.087  ; Rise       ; inst|altpll_component|pll|clk[0] ;
;  DQ[15]                                    ; clk_in     ; 1.090  ; 1.090  ; Rise       ; inst|altpll_component|pll|clk[0] ;
; MOSI_from_the_spi_touch                    ; clk_in     ; 1.975  ; 1.975  ; Rise       ; inst|altpll_component|pll|clk[0] ;
; RA[*]                                      ; clk_in     ; 1.301  ; 1.301  ; Rise       ; inst|altpll_component|pll|clk[0] ;
;  RA[0]                                     ; clk_in     ; 1.256  ; 1.256  ; Rise       ; inst|altpll_component|pll|clk[0] ;
;  RA[1]                                     ; clk_in     ; 1.276  ; 1.276  ; Rise       ; inst|altpll_component|pll|clk[0] ;
;  RA[2]                                     ; clk_in     ; 1.257  ; 1.257  ; Rise       ; inst|altpll_component|pll|clk[0] ;
;  RA[3]                                     ; clk_in     ; 1.257  ; 1.257  ; Rise       ; inst|altpll_component|pll|clk[0] ;
;  RA[4]                                     ; clk_in     ; 1.276  ; 1.276  ; Rise       ; inst|altpll_component|pll|clk[0] ;
;  RA[5]                                     ; clk_in     ; 1.276  ; 1.276  ; Rise       ; inst|altpll_component|pll|clk[0] ;
;  RA[6]                                     ; clk_in     ; 1.287  ; 1.287  ; Rise       ; inst|altpll_component|pll|clk[0] ;
;  RA[7]                                     ; clk_in     ; 1.285  ; 1.285  ; Rise       ; inst|altpll_component|pll|clk[0] ;
;  RA[8]                                     ; clk_in     ; 1.281  ; 1.281  ; Rise       ; inst|altpll_component|pll|clk[0] ;
;  RA[9]                                     ; clk_in     ; 1.287  ; 1.287  ; Rise       ; inst|altpll_component|pll|clk[0] ;
;  RA[10]                                    ; clk_in     ; 1.278  ; 1.278  ; Rise       ; inst|altpll_component|pll|clk[0] ;
;  RA[11]                                    ; clk_in     ; 1.301  ; 1.301  ; Rise       ; inst|altpll_component|pll|clk[0] ;
;  RA[12]                                    ; clk_in     ; 1.291  ; 1.291  ; Rise       ; inst|altpll_component|pll|clk[0] ;
; RAS                                        ; clk_in     ; 1.291  ; 1.291  ; Rise       ; inst|altpll_component|pll|clk[0] ;
; SCLK_from_the_spi_touch                    ; clk_in     ; 1.880  ; 1.880  ; Rise       ; inst|altpll_component|pll|clk[0] ;
; SS_n_from_the_spi_touch                    ; clk_in     ; 2.472  ; 2.472  ; Rise       ; inst|altpll_component|pll|clk[0] ;
; S_DQM[*]                                   ; clk_in     ; 1.291  ; 1.291  ; Rise       ; inst|altpll_component|pll|clk[0] ;
;  S_DQM[0]                                  ; clk_in     ; 1.291  ; 1.291  ; Rise       ; inst|altpll_component|pll|clk[0] ;
;  S_DQM[1]                                  ; clk_in     ; 1.106  ; 1.106  ; Rise       ; inst|altpll_component|pll|clk[0] ;
; WE                                         ; clk_in     ; 1.291  ; 1.291  ; Rise       ; inst|altpll_component|pll|clk[0] ;
; bidir_port_to_and_from_the_lcd32_data[*]   ; clk_in     ; 2.174  ; 2.174  ; Rise       ; inst|altpll_component|pll|clk[0] ;
;  bidir_port_to_and_from_the_lcd32_data[0]  ; clk_in     ; 2.154  ; 2.154  ; Rise       ; inst|altpll_component|pll|clk[0] ;
;  bidir_port_to_and_from_the_lcd32_data[1]  ; clk_in     ; 2.174  ; 2.174  ; Rise       ; inst|altpll_component|pll|clk[0] ;
;  bidir_port_to_and_from_the_lcd32_data[2]  ; clk_in     ; 2.137  ; 2.137  ; Rise       ; inst|altpll_component|pll|clk[0] ;
;  bidir_port_to_and_from_the_lcd32_data[3]  ; clk_in     ; 2.138  ; 2.138  ; Rise       ; inst|altpll_component|pll|clk[0] ;
;  bidir_port_to_and_from_the_lcd32_data[4]  ; clk_in     ; 2.140  ; 2.140  ; Rise       ; inst|altpll_component|pll|clk[0] ;
;  bidir_port_to_and_from_the_lcd32_data[5]  ; clk_in     ; 2.130  ; 2.130  ; Rise       ; inst|altpll_component|pll|clk[0] ;
;  bidir_port_to_and_from_the_lcd32_data[6]  ; clk_in     ; 2.011  ; 2.011  ; Rise       ; inst|altpll_component|pll|clk[0] ;
;  bidir_port_to_and_from_the_lcd32_data[7]  ; clk_in     ; 2.144  ; 2.144  ; Rise       ; inst|altpll_component|pll|clk[0] ;
;  bidir_port_to_and_from_the_lcd32_data[8]  ; clk_in     ; 2.128  ; 2.128  ; Rise       ; inst|altpll_component|pll|clk[0] ;
;  bidir_port_to_and_from_the_lcd32_data[9]  ; clk_in     ; 2.158  ; 2.158  ; Rise       ; inst|altpll_component|pll|clk[0] ;
;  bidir_port_to_and_from_the_lcd32_data[10] ; clk_in     ; 2.092  ; 2.092  ; Rise       ; inst|altpll_component|pll|clk[0] ;
;  bidir_port_to_and_from_the_lcd32_data[11] ; clk_in     ; 2.091  ; 2.091  ; Rise       ; inst|altpll_component|pll|clk[0] ;
;  bidir_port_to_and_from_the_lcd32_data[12] ; clk_in     ; 2.092  ; 2.092  ; Rise       ; inst|altpll_component|pll|clk[0] ;
;  bidir_port_to_and_from_the_lcd32_data[13] ; clk_in     ; 2.172  ; 2.172  ; Rise       ; inst|altpll_component|pll|clk[0] ;
;  bidir_port_to_and_from_the_lcd32_data[14] ; clk_in     ; 1.974  ; 1.974  ; Rise       ; inst|altpll_component|pll|clk[0] ;
;  bidir_port_to_and_from_the_lcd32_data[15] ; clk_in     ; 1.880  ; 1.880  ; Rise       ; inst|altpll_component|pll|clk[0] ;
; buzz[*]                                    ; clk_in     ; 2.318  ; 2.318  ; Rise       ; inst|altpll_component|pll|clk[0] ;
;  buzz[0]                                   ; clk_in     ; 2.065  ; 2.065  ; Rise       ; inst|altpll_component|pll|clk[0] ;
;  buzz[1]                                   ; clk_in     ; 2.318  ; 2.318  ; Rise       ; inst|altpll_component|pll|clk[0] ;
;  buzz[2]                                   ; clk_in     ; 2.177  ; 2.177  ; Rise       ; inst|altpll_component|pll|clk[0] ;
;  buzz[3]                                   ; clk_in     ; 2.238  ; 2.238  ; Rise       ; inst|altpll_component|pll|clk[0] ;
; led[*]                                     ; clk_in     ; 2.322  ; 2.322  ; Rise       ; inst|altpll_component|pll|clk[0] ;
;  led[0]                                    ; clk_in     ; 2.041  ; 2.041  ; Rise       ; inst|altpll_component|pll|clk[0] ;
;  led[1]                                    ; clk_in     ; 2.028  ; 2.028  ; Rise       ; inst|altpll_component|pll|clk[0] ;
;  led[2]                                    ; clk_in     ; 2.288  ; 2.288  ; Rise       ; inst|altpll_component|pll|clk[0] ;
;  led[3]                                    ; clk_in     ; 2.322  ; 2.322  ; Rise       ; inst|altpll_component|pll|clk[0] ;
; out_port_from_the_bl_n                     ; clk_in     ; 2.246  ; 2.246  ; Rise       ; inst|altpll_component|pll|clk[0] ;
; out_port_from_the_bl_p                     ; clk_in     ; 2.353  ; 2.353  ; Rise       ; inst|altpll_component|pll|clk[0] ;
; out_port_from_the_lcd_cs                   ; clk_in     ; 2.245  ; 2.245  ; Rise       ; inst|altpll_component|pll|clk[0] ;
; out_port_from_the_lcd_rd                   ; clk_in     ; 2.010  ; 2.010  ; Rise       ; inst|altpll_component|pll|clk[0] ;
; out_port_from_the_lcd_rs                   ; clk_in     ; 2.245  ; 2.245  ; Rise       ; inst|altpll_component|pll|clk[0] ;
; out_port_from_the_lcd_wr                   ; clk_in     ; 2.147  ; 2.147  ; Rise       ; inst|altpll_component|pll|clk[0] ;
; out_port_from_the_reset                    ; clk_in     ; 1.892  ; 1.892  ; Rise       ; inst|altpll_component|pll|clk[0] ;
; out_port_from_the_touch_cs                 ; clk_in     ; 1.893  ; 1.893  ; Rise       ; inst|altpll_component|pll|clk[0] ;
; S_CLK                                      ; clk_in     ; -5.613 ;        ; Rise       ; inst|altpll_component|pll|clk[1] ;
; S_CLK                                      ; clk_in     ;        ; -5.613 ; Fall       ; inst|altpll_component|pll|clk[1] ;
+--------------------------------------------+------------+--------+--------+------------+----------------------------------+


+---------------------------------------------------------------------------------------------------------------------------+
; Minimum Clock to Output Times                                                                                             ;
+--------------------------------------------+------------+--------+--------+------------+----------------------------------+
; Data Port                                  ; Clock Port ; Rise   ; Fall   ; Clock Edge ; Clock Reference                  ;
+--------------------------------------------+------------+--------+--------+------------+----------------------------------+
; BA[*]                                      ; clk_in     ; 1.278  ; 1.278  ; Rise       ; inst|altpll_component|pll|clk[0] ;
;  BA[0]                                     ; clk_in     ; 1.290  ; 1.290  ; Rise       ; inst|altpll_component|pll|clk[0] ;
;  BA[1]                                     ; clk_in     ; 1.278  ; 1.278  ; Rise       ; inst|altpll_component|pll|clk[0] ;
; CAS                                        ; clk_in     ; 1.291  ; 1.291  ; Rise       ; inst|altpll_component|pll|clk[0] ;
; CS                                         ; clk_in     ; 1.280  ; 1.280  ; Rise       ; inst|altpll_component|pll|clk[0] ;
; DQ[*]                                      ; clk_in     ; 1.062  ; 1.062  ; Rise       ; inst|altpll_component|pll|clk[0] ;
;  DQ[0]                                     ; clk_in     ; 1.071  ; 1.071  ; Rise       ; inst|altpll_component|pll|clk[0] ;
;  DQ[1]                                     ; clk_in     ; 1.071  ; 1.071  ; Rise       ; inst|altpll_component|pll|clk[0] ;
;  DQ[2]                                     ; clk_in     ; 1.082  ; 1.082  ; Rise       ; inst|altpll_component|pll|clk[0] ;
;  DQ[3]                                     ; clk_in     ; 1.076  ; 1.076  ; Rise       ; inst|altpll_component|pll|clk[0] ;
;  DQ[4]                                     ; clk_in     ; 1.072  ; 1.072  ; Rise       ; inst|altpll_component|pll|clk[0] ;
;  DQ[5]                                     ; clk_in     ; 1.072  ; 1.072  ; Rise       ; inst|altpll_component|pll|clk[0] ;
;  DQ[6]                                     ; clk_in     ; 1.291  ; 1.291  ; Rise       ; inst|altpll_component|pll|clk[0] ;
;  DQ[7]                                     ; clk_in     ; 1.281  ; 1.281  ; Rise       ; inst|altpll_component|pll|clk[0] ;
;  DQ[8]                                     ; clk_in     ; 1.096  ; 1.096  ; Rise       ; inst|altpll_component|pll|clk[0] ;
;  DQ[9]                                     ; clk_in     ; 1.095  ; 1.095  ; Rise       ; inst|altpll_component|pll|clk[0] ;
;  DQ[10]                                    ; clk_in     ; 1.105  ; 1.105  ; Rise       ; inst|altpll_component|pll|clk[0] ;
;  DQ[11]                                    ; clk_in     ; 1.074  ; 1.074  ; Rise       ; inst|altpll_component|pll|clk[0] ;
;  DQ[12]                                    ; clk_in     ; 1.074  ; 1.074  ; Rise       ; inst|altpll_component|pll|clk[0] ;
;  DQ[13]                                    ; clk_in     ; 1.062  ; 1.062  ; Rise       ; inst|altpll_component|pll|clk[0] ;
;  DQ[14]                                    ; clk_in     ; 1.074  ; 1.074  ; Rise       ; inst|altpll_component|pll|clk[0] ;
;  DQ[15]                                    ; clk_in     ; 1.077  ; 1.077  ; Rise       ; inst|altpll_component|pll|clk[0] ;
; MOSI_from_the_spi_touch                    ; clk_in     ; 1.975  ; 1.975  ; Rise       ; inst|altpll_component|pll|clk[0] ;
; RA[*]                                      ; clk_in     ; 1.256  ; 1.256  ; Rise       ; inst|altpll_component|pll|clk[0] ;
;  RA[0]                                     ; clk_in     ; 1.256  ; 1.256  ; Rise       ; inst|altpll_component|pll|clk[0] ;
;  RA[1]                                     ; clk_in     ; 1.276  ; 1.276  ; Rise       ; inst|altpll_component|pll|clk[0] ;
;  RA[2]                                     ; clk_in     ; 1.257  ; 1.257  ; Rise       ; inst|altpll_component|pll|clk[0] ;
;  RA[3]                                     ; clk_in     ; 1.257  ; 1.257  ; Rise       ; inst|altpll_component|pll|clk[0] ;
;  RA[4]                                     ; clk_in     ; 1.276  ; 1.276  ; Rise       ; inst|altpll_component|pll|clk[0] ;
;  RA[5]                                     ; clk_in     ; 1.276  ; 1.276  ; Rise       ; inst|altpll_component|pll|clk[0] ;
;  RA[6]                                     ; clk_in     ; 1.287  ; 1.287  ; Rise       ; inst|altpll_component|pll|clk[0] ;
;  RA[7]                                     ; clk_in     ; 1.285  ; 1.285  ; Rise       ; inst|altpll_component|pll|clk[0] ;
;  RA[8]                                     ; clk_in     ; 1.281  ; 1.281  ; Rise       ; inst|altpll_component|pll|clk[0] ;
;  RA[9]                                     ; clk_in     ; 1.287  ; 1.287  ; Rise       ; inst|altpll_component|pll|clk[0] ;
;  RA[10]                                    ; clk_in     ; 1.278  ; 1.278  ; Rise       ; inst|altpll_component|pll|clk[0] ;
;  RA[11]                                    ; clk_in     ; 1.301  ; 1.301  ; Rise       ; inst|altpll_component|pll|clk[0] ;
;  RA[12]                                    ; clk_in     ; 1.291  ; 1.291  ; Rise       ; inst|altpll_component|pll|clk[0] ;
; RAS                                        ; clk_in     ; 1.291  ; 1.291  ; Rise       ; inst|altpll_component|pll|clk[0] ;
; SCLK_from_the_spi_touch                    ; clk_in     ; 1.880  ; 1.880  ; Rise       ; inst|altpll_component|pll|clk[0] ;
; SS_n_from_the_spi_touch                    ; clk_in     ; 2.156  ; 2.156  ; Rise       ; inst|altpll_component|pll|clk[0] ;
; S_DQM[*]                                   ; clk_in     ; 1.106  ; 1.106  ; Rise       ; inst|altpll_component|pll|clk[0] ;
;  S_DQM[0]                                  ; clk_in     ; 1.291  ; 1.291  ; Rise       ; inst|altpll_component|pll|clk[0] ;
;  S_DQM[1]                                  ; clk_in     ; 1.106  ; 1.106  ; Rise       ; inst|altpll_component|pll|clk[0] ;
; WE                                         ; clk_in     ; 1.291  ; 1.291  ; Rise       ; inst|altpll_component|pll|clk[0] ;
; bidir_port_to_and_from_the_lcd32_data[*]   ; clk_in     ; 1.880  ; 1.880  ; Rise       ; inst|altpll_component|pll|clk[0] ;
;  bidir_port_to_and_from_the_lcd32_data[0]  ; clk_in     ; 2.154  ; 2.154  ; Rise       ; inst|altpll_component|pll|clk[0] ;
;  bidir_port_to_and_from_the_lcd32_data[1]  ; clk_in     ; 2.174  ; 2.174  ; Rise       ; inst|altpll_component|pll|clk[0] ;
;  bidir_port_to_and_from_the_lcd32_data[2]  ; clk_in     ; 2.137  ; 2.137  ; Rise       ; inst|altpll_component|pll|clk[0] ;
;  bidir_port_to_and_from_the_lcd32_data[3]  ; clk_in     ; 2.138  ; 2.138  ; Rise       ; inst|altpll_component|pll|clk[0] ;
;  bidir_port_to_and_from_the_lcd32_data[4]  ; clk_in     ; 2.140  ; 2.140  ; Rise       ; inst|altpll_component|pll|clk[0] ;
;  bidir_port_to_and_from_the_lcd32_data[5]  ; clk_in     ; 2.130  ; 2.130  ; Rise       ; inst|altpll_component|pll|clk[0] ;
;  bidir_port_to_and_from_the_lcd32_data[6]  ; clk_in     ; 2.011  ; 2.011  ; Rise       ; inst|altpll_component|pll|clk[0] ;
;  bidir_port_to_and_from_the_lcd32_data[7]  ; clk_in     ; 2.144  ; 2.144  ; Rise       ; inst|altpll_component|pll|clk[0] ;
;  bidir_port_to_and_from_the_lcd32_data[8]  ; clk_in     ; 2.128  ; 2.128  ; Rise       ; inst|altpll_component|pll|clk[0] ;
;  bidir_port_to_and_from_the_lcd32_data[9]  ; clk_in     ; 2.158  ; 2.158  ; Rise       ; inst|altpll_component|pll|clk[0] ;
;  bidir_port_to_and_from_the_lcd32_data[10] ; clk_in     ; 2.092  ; 2.092  ; Rise       ; inst|altpll_component|pll|clk[0] ;
;  bidir_port_to_and_from_the_lcd32_data[11] ; clk_in     ; 2.091  ; 2.091  ; Rise       ; inst|altpll_component|pll|clk[0] ;
;  bidir_port_to_and_from_the_lcd32_data[12] ; clk_in     ; 2.092  ; 2.092  ; Rise       ; inst|altpll_component|pll|clk[0] ;
;  bidir_port_to_and_from_the_lcd32_data[13] ; clk_in     ; 2.172  ; 2.172  ; Rise       ; inst|altpll_component|pll|clk[0] ;
;  bidir_port_to_and_from_the_lcd32_data[14] ; clk_in     ; 1.974  ; 1.974  ; Rise       ; inst|altpll_component|pll|clk[0] ;
;  bidir_port_to_and_from_the_lcd32_data[15] ; clk_in     ; 1.880  ; 1.880  ; Rise       ; inst|altpll_component|pll|clk[0] ;
; buzz[*]                                    ; clk_in     ; 2.065  ; 2.065  ; Rise       ; inst|altpll_component|pll|clk[0] ;
;  buzz[0]                                   ; clk_in     ; 2.065  ; 2.065  ; Rise       ; inst|altpll_component|pll|clk[0] ;
;  buzz[1]                                   ; clk_in     ; 2.318  ; 2.318  ; Rise       ; inst|altpll_component|pll|clk[0] ;
;  buzz[2]                                   ; clk_in     ; 2.177  ; 2.177  ; Rise       ; inst|altpll_component|pll|clk[0] ;
;  buzz[3]                                   ; clk_in     ; 2.238  ; 2.238  ; Rise       ; inst|altpll_component|pll|clk[0] ;
; led[*]                                     ; clk_in     ; 2.028  ; 2.028  ; Rise       ; inst|altpll_component|pll|clk[0] ;
;  led[0]                                    ; clk_in     ; 2.041  ; 2.041  ; Rise       ; inst|altpll_component|pll|clk[0] ;
;  led[1]                                    ; clk_in     ; 2.028  ; 2.028  ; Rise       ; inst|altpll_component|pll|clk[0] ;
;  led[2]                                    ; clk_in     ; 2.288  ; 2.288  ; Rise       ; inst|altpll_component|pll|clk[0] ;
;  led[3]                                    ; clk_in     ; 2.322  ; 2.322  ; Rise       ; inst|altpll_component|pll|clk[0] ;
; out_port_from_the_bl_n                     ; clk_in     ; 2.246  ; 2.246  ; Rise       ; inst|altpll_component|pll|clk[0] ;
; out_port_from_the_bl_p                     ; clk_in     ; 2.353  ; 2.353  ; Rise       ; inst|altpll_component|pll|clk[0] ;
; out_port_from_the_lcd_cs                   ; clk_in     ; 2.245  ; 2.245  ; Rise       ; inst|altpll_component|pll|clk[0] ;
; out_port_from_the_lcd_rd                   ; clk_in     ; 2.010  ; 2.010  ; Rise       ; inst|altpll_component|pll|clk[0] ;
; out_port_from_the_lcd_rs                   ; clk_in     ; 2.245  ; 2.245  ; Rise       ; inst|altpll_component|pll|clk[0] ;
; out_port_from_the_lcd_wr                   ; clk_in     ; 2.147  ; 2.147  ; Rise       ; inst|altpll_component|pll|clk[0] ;
; out_port_from_the_reset                    ; clk_in     ; 1.892  ; 1.892  ; Rise       ; inst|altpll_component|pll|clk[0] ;
; out_port_from_the_touch_cs                 ; clk_in     ; 1.893  ; 1.893  ; Rise       ; inst|altpll_component|pll|clk[0] ;
; S_CLK                                      ; clk_in     ; -5.613 ;        ; Rise       ; inst|altpll_component|pll|clk[1] ;
; S_CLK                                      ; clk_in     ;        ; -5.613 ; Fall       ; inst|altpll_component|pll|clk[1] ;
+--------------------------------------------+------------+--------+--------+------------+----------------------------------+


+------------------------------------------------------------------------------------------------------------------------+
; Output Enable Times                                                                                                    ;
+--------------------------------------------+------------+-------+------+------------+----------------------------------+
; Data Port                                  ; Clock Port ; Rise  ; Fall ; Clock Edge ; Clock Reference                  ;
+--------------------------------------------+------------+-------+------+------------+----------------------------------+
; bidir_port_to_and_from_the_lcd32_data[*]   ; clk_in     ; 1.849 ;      ; Rise       ; inst|altpll_component|pll|clk[0] ;
;  bidir_port_to_and_from_the_lcd32_data[0]  ; clk_in     ; 2.088 ;      ; Rise       ; inst|altpll_component|pll|clk[0] ;
;  bidir_port_to_and_from_the_lcd32_data[1]  ; clk_in     ; 2.087 ;      ; Rise       ; inst|altpll_component|pll|clk[0] ;
;  bidir_port_to_and_from_the_lcd32_data[2]  ; clk_in     ; 2.109 ;      ; Rise       ; inst|altpll_component|pll|clk[0] ;
;  bidir_port_to_and_from_the_lcd32_data[3]  ; clk_in     ; 2.173 ;      ; Rise       ; inst|altpll_component|pll|clk[0] ;
;  bidir_port_to_and_from_the_lcd32_data[4]  ; clk_in     ; 2.067 ;      ; Rise       ; inst|altpll_component|pll|clk[0] ;
;  bidir_port_to_and_from_the_lcd32_data[5]  ; clk_in     ; 2.097 ;      ; Rise       ; inst|altpll_component|pll|clk[0] ;
;  bidir_port_to_and_from_the_lcd32_data[6]  ; clk_in     ; 2.085 ;      ; Rise       ; inst|altpll_component|pll|clk[0] ;
;  bidir_port_to_and_from_the_lcd32_data[7]  ; clk_in     ; 1.975 ;      ; Rise       ; inst|altpll_component|pll|clk[0] ;
;  bidir_port_to_and_from_the_lcd32_data[8]  ; clk_in     ; 2.077 ;      ; Rise       ; inst|altpll_component|pll|clk[0] ;
;  bidir_port_to_and_from_the_lcd32_data[9]  ; clk_in     ; 2.127 ;      ; Rise       ; inst|altpll_component|pll|clk[0] ;
;  bidir_port_to_and_from_the_lcd32_data[10] ; clk_in     ; 2.145 ;      ; Rise       ; inst|altpll_component|pll|clk[0] ;
;  bidir_port_to_and_from_the_lcd32_data[11] ; clk_in     ; 2.072 ;      ; Rise       ; inst|altpll_component|pll|clk[0] ;
;  bidir_port_to_and_from_the_lcd32_data[12] ; clk_in     ; 2.072 ;      ; Rise       ; inst|altpll_component|pll|clk[0] ;
;  bidir_port_to_and_from_the_lcd32_data[13] ; clk_in     ; 1.953 ;      ; Rise       ; inst|altpll_component|pll|clk[0] ;
;  bidir_port_to_and_from_the_lcd32_data[14] ; clk_in     ; 1.952 ;      ; Rise       ; inst|altpll_component|pll|clk[0] ;
;  bidir_port_to_and_from_the_lcd32_data[15] ; clk_in     ; 1.849 ;      ; Rise       ; inst|altpll_component|pll|clk[0] ;
+--------------------------------------------+------------+-------+------+------------+----------------------------------+


+------------------------------------------------------------------------------------------------------------------------+
; Minimum Output Enable Times                                                                                            ;
+--------------------------------------------+------------+-------+------+------------+----------------------------------+
; Data Port                                  ; Clock Port ; Rise  ; Fall ; Clock Edge ; Clock Reference                  ;
+--------------------------------------------+------------+-------+------+------------+----------------------------------+
; bidir_port_to_and_from_the_lcd32_data[*]   ; clk_in     ; 1.849 ;      ; Rise       ; inst|altpll_component|pll|clk[0] ;
;  bidir_port_to_and_from_the_lcd32_data[0]  ; clk_in     ; 2.088 ;      ; Rise       ; inst|altpll_component|pll|clk[0] ;
;  bidir_port_to_and_from_the_lcd32_data[1]  ; clk_in     ; 2.087 ;      ; Rise       ; inst|altpll_component|pll|clk[0] ;
;  bidir_port_to_and_from_the_lcd32_data[2]  ; clk_in     ; 2.109 ;      ; Rise       ; inst|altpll_component|pll|clk[0] ;
;  bidir_port_to_and_from_the_lcd32_data[3]  ; clk_in     ; 2.173 ;      ; Rise       ; inst|altpll_component|pll|clk[0] ;
;  bidir_port_to_and_from_the_lcd32_data[4]  ; clk_in     ; 2.067 ;      ; Rise       ; inst|altpll_component|pll|clk[0] ;
;  bidir_port_to_and_from_the_lcd32_data[5]  ; clk_in     ; 2.097 ;      ; Rise       ; inst|altpll_component|pll|clk[0] ;
;  bidir_port_to_and_from_the_lcd32_data[6]  ; clk_in     ; 2.085 ;      ; Rise       ; inst|altpll_component|pll|clk[0] ;
;  bidir_port_to_and_from_the_lcd32_data[7]  ; clk_in     ; 1.975 ;      ; Rise       ; inst|altpll_component|pll|clk[0] ;
;  bidir_port_to_and_from_the_lcd32_data[8]  ; clk_in     ; 2.077 ;      ; Rise       ; inst|altpll_component|pll|clk[0] ;
;  bidir_port_to_and_from_the_lcd32_data[9]  ; clk_in     ; 2.127 ;      ; Rise       ; inst|altpll_component|pll|clk[0] ;
;  bidir_port_to_and_from_the_lcd32_data[10] ; clk_in     ; 2.145 ;      ; Rise       ; inst|altpll_component|pll|clk[0] ;
;  bidir_port_to_and_from_the_lcd32_data[11] ; clk_in     ; 2.072 ;      ; Rise       ; inst|altpll_component|pll|clk[0] ;
;  bidir_port_to_and_from_the_lcd32_data[12] ; clk_in     ; 2.072 ;      ; Rise       ; inst|altpll_component|pll|clk[0] ;
;  bidir_port_to_and_from_the_lcd32_data[13] ; clk_in     ; 1.953 ;      ; Rise       ; inst|altpll_component|pll|clk[0] ;
;  bidir_port_to_and_from_the_lcd32_data[14] ; clk_in     ; 1.952 ;      ; Rise       ; inst|altpll_component|pll|clk[0] ;
;  bidir_port_to_and_from_the_lcd32_data[15] ; clk_in     ; 1.849 ;      ; Rise       ; inst|altpll_component|pll|clk[0] ;
+--------------------------------------------+------------+-------+------+------------+----------------------------------+


+---------------------------------------------------------------------------------------------------------------------------------+
; Output Disable Times                                                                                                            ;
+--------------------------------------------+------------+-----------+-----------+------------+----------------------------------+
; Data Port                                  ; Clock Port ; 0 to Hi-Z ; 1 to Hi-Z ; Clock Edge ; Clock Reference                  ;
+--------------------------------------------+------------+-----------+-----------+------------+----------------------------------+
; bidir_port_to_and_from_the_lcd32_data[*]   ; clk_in     ; 1.849     ;           ; Rise       ; inst|altpll_component|pll|clk[0] ;
;  bidir_port_to_and_from_the_lcd32_data[0]  ; clk_in     ; 2.088     ;           ; Rise       ; inst|altpll_component|pll|clk[0] ;
;  bidir_port_to_and_from_the_lcd32_data[1]  ; clk_in     ; 2.087     ;           ; Rise       ; inst|altpll_component|pll|clk[0] ;
;  bidir_port_to_and_from_the_lcd32_data[2]  ; clk_in     ; 2.109     ;           ; Rise       ; inst|altpll_component|pll|clk[0] ;
;  bidir_port_to_and_from_the_lcd32_data[3]  ; clk_in     ; 2.173     ;           ; Rise       ; inst|altpll_component|pll|clk[0] ;
;  bidir_port_to_and_from_the_lcd32_data[4]  ; clk_in     ; 2.067     ;           ; Rise       ; inst|altpll_component|pll|clk[0] ;
;  bidir_port_to_and_from_the_lcd32_data[5]  ; clk_in     ; 2.097     ;           ; Rise       ; inst|altpll_component|pll|clk[0] ;
;  bidir_port_to_and_from_the_lcd32_data[6]  ; clk_in     ; 2.085     ;           ; Rise       ; inst|altpll_component|pll|clk[0] ;
;  bidir_port_to_and_from_the_lcd32_data[7]  ; clk_in     ; 1.975     ;           ; Rise       ; inst|altpll_component|pll|clk[0] ;
;  bidir_port_to_and_from_the_lcd32_data[8]  ; clk_in     ; 2.077     ;           ; Rise       ; inst|altpll_component|pll|clk[0] ;
;  bidir_port_to_and_from_the_lcd32_data[9]  ; clk_in     ; 2.127     ;           ; Rise       ; inst|altpll_component|pll|clk[0] ;
;  bidir_port_to_and_from_the_lcd32_data[10] ; clk_in     ; 2.145     ;           ; Rise       ; inst|altpll_component|pll|clk[0] ;
;  bidir_port_to_and_from_the_lcd32_data[11] ; clk_in     ; 2.072     ;           ; Rise       ; inst|altpll_component|pll|clk[0] ;
;  bidir_port_to_and_from_the_lcd32_data[12] ; clk_in     ; 2.072     ;           ; Rise       ; inst|altpll_component|pll|clk[0] ;
;  bidir_port_to_and_from_the_lcd32_data[13] ; clk_in     ; 1.953     ;           ; Rise       ; inst|altpll_component|pll|clk[0] ;
;  bidir_port_to_and_from_the_lcd32_data[14] ; clk_in     ; 1.952     ;           ; Rise       ; inst|altpll_component|pll|clk[0] ;
;  bidir_port_to_and_from_the_lcd32_data[15] ; clk_in     ; 1.849     ;           ; Rise       ; inst|altpll_component|pll|clk[0] ;
+--------------------------------------------+------------+-----------+-----------+------------+----------------------------------+


+---------------------------------------------------------------------------------------------------------------------------------+
; Minimum Output Disable Times                                                                                                    ;
+--------------------------------------------+------------+-----------+-----------+------------+----------------------------------+
; Data Port                                  ; Clock Port ; 0 to Hi-Z ; 1 to Hi-Z ; Clock Edge ; Clock Reference                  ;
+--------------------------------------------+------------+-----------+-----------+------------+----------------------------------+
; bidir_port_to_and_from_the_lcd32_data[*]   ; clk_in     ; 1.849     ;           ; Rise       ; inst|altpll_component|pll|clk[0] ;
;  bidir_port_to_and_from_the_lcd32_data[0]  ; clk_in     ; 2.088     ;           ; Rise       ; inst|altpll_component|pll|clk[0] ;
;  bidir_port_to_and_from_the_lcd32_data[1]  ; clk_in     ; 2.087     ;           ; Rise       ; inst|altpll_component|pll|clk[0] ;
;  bidir_port_to_and_from_the_lcd32_data[2]  ; clk_in     ; 2.109     ;           ; Rise       ; inst|altpll_component|pll|clk[0] ;
;  bidir_port_to_and_from_the_lcd32_data[3]  ; clk_in     ; 2.173     ;           ; Rise       ; inst|altpll_component|pll|clk[0] ;
;  bidir_port_to_and_from_the_lcd32_data[4]  ; clk_in     ; 2.067     ;           ; Rise       ; inst|altpll_component|pll|clk[0] ;
;  bidir_port_to_and_from_the_lcd32_data[5]  ; clk_in     ; 2.097     ;           ; Rise       ; inst|altpll_component|pll|clk[0] ;
;  bidir_port_to_and_from_the_lcd32_data[6]  ; clk_in     ; 2.085     ;           ; Rise       ; inst|altpll_component|pll|clk[0] ;
;  bidir_port_to_and_from_the_lcd32_data[7]  ; clk_in     ; 1.975     ;           ; Rise       ; inst|altpll_component|pll|clk[0] ;
;  bidir_port_to_and_from_the_lcd32_data[8]  ; clk_in     ; 2.077     ;           ; Rise       ; inst|altpll_component|pll|clk[0] ;
;  bidir_port_to_and_from_the_lcd32_data[9]  ; clk_in     ; 2.127     ;           ; Rise       ; inst|altpll_component|pll|clk[0] ;
;  bidir_port_to_and_from_the_lcd32_data[10] ; clk_in     ; 2.145     ;           ; Rise       ; inst|altpll_component|pll|clk[0] ;
;  bidir_port_to_and_from_the_lcd32_data[11] ; clk_in     ; 2.072     ;           ; Rise       ; inst|altpll_component|pll|clk[0] ;
;  bidir_port_to_and_from_the_lcd32_data[12] ; clk_in     ; 2.072     ;           ; Rise       ; inst|altpll_component|pll|clk[0] ;
;  bidir_port_to_and_from_the_lcd32_data[13] ; clk_in     ; 1.953     ;           ; Rise       ; inst|altpll_component|pll|clk[0] ;
;  bidir_port_to_and_from_the_lcd32_data[14] ; clk_in     ; 1.952     ;           ; Rise       ; inst|altpll_component|pll|clk[0] ;
;  bidir_port_to_and_from_the_lcd32_data[15] ; clk_in     ; 1.849     ;           ; Rise       ; inst|altpll_component|pll|clk[0] ;
+--------------------------------------------+------------+-----------+-----------+------------+----------------------------------+


+----------------------------------------------------------------------------------------------+
; Multicorner Timing Analysis Summary                                                          ;
+-----------------------------------+-------+-------+----------+---------+---------------------+
; Clock                             ; Setup ; Hold  ; Recovery ; Removal ; Minimum Pulse Width ;
+-----------------------------------+-------+-------+----------+---------+---------------------+
; Worst-case Slack                  ; 8.046 ; 0.215 ; 6.586    ; 1.794   ; 9.433               ;
;  altera_reserved_tck              ; N/A   ; N/A   ; N/A      ; N/A     ; 97.223              ;
;  clk_in                           ; N/A   ; N/A   ; N/A      ; N/A     ; 12.500              ;
;  inst|altpll_component|pll|clk[0] ; 8.046 ; 0.215 ; 6.586    ; 1.794   ; 9.433               ;
; Design-wide TNS                   ; 0.0   ; 0.0   ; 0.0      ; 0.0     ; 0.0                 ;
;  altera_reserved_tck              ; N/A   ; N/A   ; N/A      ; N/A     ; 0.000               ;
;  clk_in                           ; N/A   ; N/A   ; N/A      ; N/A     ; 0.000               ;
;  inst|altpll_component|pll|clk[0] ; 0.000 ; 0.000 ; 0.000    ; 0.000   ; 0.000               ;
+-----------------------------------+-------+-------+----------+---------+---------------------+


+-------------------------------------------------------------------------------------------------------------------------+
; Setup Times                                                                                                             ;
+--------------------------------------------+------------+-------+-------+------------+----------------------------------+
; Data Port                                  ; Clock Port ; Rise  ; Fall  ; Clock Edge ; Clock Reference                  ;
+--------------------------------------------+------------+-------+-------+------------+----------------------------------+
; DQ[*]                                      ; clk_in     ; 1.573 ; 1.573 ; Rise       ; inst|altpll_component|pll|clk[0] ;
;  DQ[0]                                     ; clk_in     ; 1.573 ; 1.573 ; Rise       ; inst|altpll_component|pll|clk[0] ;
;  DQ[1]                                     ; clk_in     ; 1.573 ; 1.573 ; Rise       ; inst|altpll_component|pll|clk[0] ;
;  DQ[2]                                     ; clk_in     ; 1.562 ; 1.562 ; Rise       ; inst|altpll_component|pll|clk[0] ;
;  DQ[3]                                     ; clk_in     ; 1.568 ; 1.568 ; Rise       ; inst|altpll_component|pll|clk[0] ;
;  DQ[4]                                     ; clk_in     ; 1.552 ; 1.552 ; Rise       ; inst|altpll_component|pll|clk[0] ;
;  DQ[5]                                     ; clk_in     ; 1.552 ; 1.552 ; Rise       ; inst|altpll_component|pll|clk[0] ;
;  DQ[6]                                     ; clk_in     ; 1.454 ; 1.454 ; Rise       ; inst|altpll_component|pll|clk[0] ;
;  DQ[7]                                     ; clk_in     ; 1.444 ; 1.444 ; Rise       ; inst|altpll_component|pll|clk[0] ;
;  DQ[8]                                     ; clk_in     ; 1.546 ; 1.546 ; Rise       ; inst|altpll_component|pll|clk[0] ;
;  DQ[9]                                     ; clk_in     ; 1.548 ; 1.548 ; Rise       ; inst|altpll_component|pll|clk[0] ;
;  DQ[10]                                    ; clk_in     ; 1.558 ; 1.558 ; Rise       ; inst|altpll_component|pll|clk[0] ;
;  DQ[11]                                    ; clk_in     ; 1.548 ; 1.548 ; Rise       ; inst|altpll_component|pll|clk[0] ;
;  DQ[12]                                    ; clk_in     ; 1.548 ; 1.548 ; Rise       ; inst|altpll_component|pll|clk[0] ;
;  DQ[13]                                    ; clk_in     ; 1.560 ; 1.560 ; Rise       ; inst|altpll_component|pll|clk[0] ;
;  DQ[14]                                    ; clk_in     ; 1.548 ; 1.548 ; Rise       ; inst|altpll_component|pll|clk[0] ;
;  DQ[15]                                    ; clk_in     ; 1.544 ; 1.544 ; Rise       ; inst|altpll_component|pll|clk[0] ;
; MISO_to_the_spi_touch                      ; clk_in     ; 7.587 ; 7.587 ; Rise       ; inst|altpll_component|pll|clk[0] ;
; bidir_port_to_and_from_the_lcd32_data[*]   ; clk_in     ; 8.003 ; 8.003 ; Rise       ; inst|altpll_component|pll|clk[0] ;
;  bidir_port_to_and_from_the_lcd32_data[0]  ; clk_in     ; 7.789 ; 7.789 ; Rise       ; inst|altpll_component|pll|clk[0] ;
;  bidir_port_to_and_from_the_lcd32_data[1]  ; clk_in     ; 7.574 ; 7.574 ; Rise       ; inst|altpll_component|pll|clk[0] ;
;  bidir_port_to_and_from_the_lcd32_data[2]  ; clk_in     ; 7.307 ; 7.307 ; Rise       ; inst|altpll_component|pll|clk[0] ;
;  bidir_port_to_and_from_the_lcd32_data[3]  ; clk_in     ; 7.364 ; 7.364 ; Rise       ; inst|altpll_component|pll|clk[0] ;
;  bidir_port_to_and_from_the_lcd32_data[4]  ; clk_in     ; 7.765 ; 7.765 ; Rise       ; inst|altpll_component|pll|clk[0] ;
;  bidir_port_to_and_from_the_lcd32_data[5]  ; clk_in     ; 7.787 ; 7.787 ; Rise       ; inst|altpll_component|pll|clk[0] ;
;  bidir_port_to_and_from_the_lcd32_data[6]  ; clk_in     ; 7.425 ; 7.425 ; Rise       ; inst|altpll_component|pll|clk[0] ;
;  bidir_port_to_and_from_the_lcd32_data[7]  ; clk_in     ; 7.804 ; 7.804 ; Rise       ; inst|altpll_component|pll|clk[0] ;
;  bidir_port_to_and_from_the_lcd32_data[8]  ; clk_in     ; 7.351 ; 7.351 ; Rise       ; inst|altpll_component|pll|clk[0] ;
;  bidir_port_to_and_from_the_lcd32_data[9]  ; clk_in     ; 7.769 ; 7.769 ; Rise       ; inst|altpll_component|pll|clk[0] ;
;  bidir_port_to_and_from_the_lcd32_data[10] ; clk_in     ; 7.946 ; 7.946 ; Rise       ; inst|altpll_component|pll|clk[0] ;
;  bidir_port_to_and_from_the_lcd32_data[11] ; clk_in     ; 8.003 ; 8.003 ; Rise       ; inst|altpll_component|pll|clk[0] ;
;  bidir_port_to_and_from_the_lcd32_data[12] ; clk_in     ; 7.553 ; 7.553 ; Rise       ; inst|altpll_component|pll|clk[0] ;
;  bidir_port_to_and_from_the_lcd32_data[13] ; clk_in     ; 7.328 ; 7.328 ; Rise       ; inst|altpll_component|pll|clk[0] ;
;  bidir_port_to_and_from_the_lcd32_data[14] ; clk_in     ; 7.354 ; 7.354 ; Rise       ; inst|altpll_component|pll|clk[0] ;
;  bidir_port_to_and_from_the_lcd32_data[15] ; clk_in     ; 7.001 ; 7.001 ; Rise       ; inst|altpll_component|pll|clk[0] ;
+--------------------------------------------+------------+-------+-------+------------+----------------------------------+


+---------------------------------------------------------------------------------------------------------------------------+
; Hold Times                                                                                                                ;
+--------------------------------------------+------------+--------+--------+------------+----------------------------------+
; Data Port                                  ; Clock Port ; Rise   ; Fall   ; Clock Edge ; Clock Reference                  ;
+--------------------------------------------+------------+--------+--------+------------+----------------------------------+
; DQ[*]                                      ; clk_in     ; -0.837 ; -0.837 ; Rise       ; inst|altpll_component|pll|clk[0] ;
;  DQ[0]                                     ; clk_in     ; -0.948 ; -0.948 ; Rise       ; inst|altpll_component|pll|clk[0] ;
;  DQ[1]                                     ; clk_in     ; -0.948 ; -0.948 ; Rise       ; inst|altpll_component|pll|clk[0] ;
;  DQ[2]                                     ; clk_in     ; -0.937 ; -0.937 ; Rise       ; inst|altpll_component|pll|clk[0] ;
;  DQ[3]                                     ; clk_in     ; -0.943 ; -0.943 ; Rise       ; inst|altpll_component|pll|clk[0] ;
;  DQ[4]                                     ; clk_in     ; -0.927 ; -0.927 ; Rise       ; inst|altpll_component|pll|clk[0] ;
;  DQ[5]                                     ; clk_in     ; -0.927 ; -0.927 ; Rise       ; inst|altpll_component|pll|clk[0] ;
;  DQ[6]                                     ; clk_in     ; -0.847 ; -0.847 ; Rise       ; inst|altpll_component|pll|clk[0] ;
;  DQ[7]                                     ; clk_in     ; -0.837 ; -0.837 ; Rise       ; inst|altpll_component|pll|clk[0] ;
;  DQ[8]                                     ; clk_in     ; -0.923 ; -0.923 ; Rise       ; inst|altpll_component|pll|clk[0] ;
;  DQ[9]                                     ; clk_in     ; -0.924 ; -0.924 ; Rise       ; inst|altpll_component|pll|clk[0] ;
;  DQ[10]                                    ; clk_in     ; -0.934 ; -0.934 ; Rise       ; inst|altpll_component|pll|clk[0] ;
;  DQ[11]                                    ; clk_in     ; -0.925 ; -0.925 ; Rise       ; inst|altpll_component|pll|clk[0] ;
;  DQ[12]                                    ; clk_in     ; -0.925 ; -0.925 ; Rise       ; inst|altpll_component|pll|clk[0] ;
;  DQ[13]                                    ; clk_in     ; -0.937 ; -0.937 ; Rise       ; inst|altpll_component|pll|clk[0] ;
;  DQ[14]                                    ; clk_in     ; -0.925 ; -0.925 ; Rise       ; inst|altpll_component|pll|clk[0] ;
;  DQ[15]                                    ; clk_in     ; -0.922 ; -0.922 ; Rise       ; inst|altpll_component|pll|clk[0] ;
; MISO_to_the_spi_touch                      ; clk_in     ; -3.580 ; -3.580 ; Rise       ; inst|altpll_component|pll|clk[0] ;
; bidir_port_to_and_from_the_lcd32_data[*]   ; clk_in     ; -3.419 ; -3.419 ; Rise       ; inst|altpll_component|pll|clk[0] ;
;  bidir_port_to_and_from_the_lcd32_data[0]  ; clk_in     ; -3.743 ; -3.743 ; Rise       ; inst|altpll_component|pll|clk[0] ;
;  bidir_port_to_and_from_the_lcd32_data[1]  ; clk_in     ; -3.668 ; -3.668 ; Rise       ; inst|altpll_component|pll|clk[0] ;
;  bidir_port_to_and_from_the_lcd32_data[2]  ; clk_in     ; -3.565 ; -3.565 ; Rise       ; inst|altpll_component|pll|clk[0] ;
;  bidir_port_to_and_from_the_lcd32_data[3]  ; clk_in     ; -3.599 ; -3.599 ; Rise       ; inst|altpll_component|pll|clk[0] ;
;  bidir_port_to_and_from_the_lcd32_data[4]  ; clk_in     ; -3.678 ; -3.678 ; Rise       ; inst|altpll_component|pll|clk[0] ;
;  bidir_port_to_and_from_the_lcd32_data[5]  ; clk_in     ; -3.731 ; -3.731 ; Rise       ; inst|altpll_component|pll|clk[0] ;
;  bidir_port_to_and_from_the_lcd32_data[6]  ; clk_in     ; -3.626 ; -3.626 ; Rise       ; inst|altpll_component|pll|clk[0] ;
;  bidir_port_to_and_from_the_lcd32_data[7]  ; clk_in     ; -3.708 ; -3.708 ; Rise       ; inst|altpll_component|pll|clk[0] ;
;  bidir_port_to_and_from_the_lcd32_data[8]  ; clk_in     ; -3.593 ; -3.593 ; Rise       ; inst|altpll_component|pll|clk[0] ;
;  bidir_port_to_and_from_the_lcd32_data[9]  ; clk_in     ; -3.658 ; -3.658 ; Rise       ; inst|altpll_component|pll|clk[0] ;
;  bidir_port_to_and_from_the_lcd32_data[10] ; clk_in     ; -3.793 ; -3.793 ; Rise       ; inst|altpll_component|pll|clk[0] ;
;  bidir_port_to_and_from_the_lcd32_data[11] ; clk_in     ; -3.812 ; -3.812 ; Rise       ; inst|altpll_component|pll|clk[0] ;
;  bidir_port_to_and_from_the_lcd32_data[12] ; clk_in     ; -3.587 ; -3.587 ; Rise       ; inst|altpll_component|pll|clk[0] ;
;  bidir_port_to_and_from_the_lcd32_data[13] ; clk_in     ; -3.504 ; -3.504 ; Rise       ; inst|altpll_component|pll|clk[0] ;
;  bidir_port_to_and_from_the_lcd32_data[14] ; clk_in     ; -3.522 ; -3.522 ; Rise       ; inst|altpll_component|pll|clk[0] ;
;  bidir_port_to_and_from_the_lcd32_data[15] ; clk_in     ; -3.419 ; -3.419 ; Rise       ; inst|altpll_component|pll|clk[0] ;
+--------------------------------------------+------------+--------+--------+------------+----------------------------------+


+---------------------------------------------------------------------------------------------------------------------------+
; Clock to Output Times                                                                                                     ;
+--------------------------------------------+------------+--------+--------+------------+----------------------------------+
; Data Port                                  ; Clock Port ; Rise   ; Fall   ; Clock Edge ; Clock Reference                  ;
+--------------------------------------------+------------+--------+--------+------------+----------------------------------+
; BA[*]                                      ; clk_in     ; 3.166  ; 3.166  ; Rise       ; inst|altpll_component|pll|clk[0] ;
;  BA[0]                                     ; clk_in     ; 3.166  ; 3.166  ; Rise       ; inst|altpll_component|pll|clk[0] ;
;  BA[1]                                     ; clk_in     ; 3.154  ; 3.154  ; Rise       ; inst|altpll_component|pll|clk[0] ;
; CAS                                        ; clk_in     ; 3.167  ; 3.167  ; Rise       ; inst|altpll_component|pll|clk[0] ;
; CS                                         ; clk_in     ; 3.156  ; 3.156  ; Rise       ; inst|altpll_component|pll|clk[0] ;
; DQ[*]                                      ; clk_in     ; 3.167  ; 3.167  ; Rise       ; inst|altpll_component|pll|clk[0] ;
;  DQ[0]                                     ; clk_in     ; 2.752  ; 2.752  ; Rise       ; inst|altpll_component|pll|clk[0] ;
;  DQ[1]                                     ; clk_in     ; 2.752  ; 2.752  ; Rise       ; inst|altpll_component|pll|clk[0] ;
;  DQ[2]                                     ; clk_in     ; 2.763  ; 2.763  ; Rise       ; inst|altpll_component|pll|clk[0] ;
;  DQ[3]                                     ; clk_in     ; 2.757  ; 2.757  ; Rise       ; inst|altpll_component|pll|clk[0] ;
;  DQ[4]                                     ; clk_in     ; 2.753  ; 2.753  ; Rise       ; inst|altpll_component|pll|clk[0] ;
;  DQ[5]                                     ; clk_in     ; 2.753  ; 2.753  ; Rise       ; inst|altpll_component|pll|clk[0] ;
;  DQ[6]                                     ; clk_in     ; 3.167  ; 3.167  ; Rise       ; inst|altpll_component|pll|clk[0] ;
;  DQ[7]                                     ; clk_in     ; 3.157  ; 3.157  ; Rise       ; inst|altpll_component|pll|clk[0] ;
;  DQ[8]                                     ; clk_in     ; 2.779  ; 2.779  ; Rise       ; inst|altpll_component|pll|clk[0] ;
;  DQ[9]                                     ; clk_in     ; 2.777  ; 2.777  ; Rise       ; inst|altpll_component|pll|clk[0] ;
;  DQ[10]                                    ; clk_in     ; 2.787  ; 2.787  ; Rise       ; inst|altpll_component|pll|clk[0] ;
;  DQ[11]                                    ; clk_in     ; 2.757  ; 2.757  ; Rise       ; inst|altpll_component|pll|clk[0] ;
;  DQ[12]                                    ; clk_in     ; 2.757  ; 2.757  ; Rise       ; inst|altpll_component|pll|clk[0] ;
;  DQ[13]                                    ; clk_in     ; 2.745  ; 2.745  ; Rise       ; inst|altpll_component|pll|clk[0] ;
;  DQ[14]                                    ; clk_in     ; 2.757  ; 2.757  ; Rise       ; inst|altpll_component|pll|clk[0] ;
;  DQ[15]                                    ; clk_in     ; 2.761  ; 2.761  ; Rise       ; inst|altpll_component|pll|clk[0] ;
; MOSI_from_the_spi_touch                    ; clk_in     ; 4.922  ; 4.922  ; Rise       ; inst|altpll_component|pll|clk[0] ;
; RA[*]                                      ; clk_in     ; 3.178  ; 3.178  ; Rise       ; inst|altpll_component|pll|clk[0] ;
;  RA[0]                                     ; clk_in     ; 3.132  ; 3.132  ; Rise       ; inst|altpll_component|pll|clk[0] ;
;  RA[1]                                     ; clk_in     ; 3.152  ; 3.152  ; Rise       ; inst|altpll_component|pll|clk[0] ;
;  RA[2]                                     ; clk_in     ; 3.133  ; 3.133  ; Rise       ; inst|altpll_component|pll|clk[0] ;
;  RA[3]                                     ; clk_in     ; 3.133  ; 3.133  ; Rise       ; inst|altpll_component|pll|clk[0] ;
;  RA[4]                                     ; clk_in     ; 3.153  ; 3.153  ; Rise       ; inst|altpll_component|pll|clk[0] ;
;  RA[5]                                     ; clk_in     ; 3.153  ; 3.153  ; Rise       ; inst|altpll_component|pll|clk[0] ;
;  RA[6]                                     ; clk_in     ; 3.163  ; 3.163  ; Rise       ; inst|altpll_component|pll|clk[0] ;
;  RA[7]                                     ; clk_in     ; 3.161  ; 3.161  ; Rise       ; inst|altpll_component|pll|clk[0] ;
;  RA[8]                                     ; clk_in     ; 3.157  ; 3.157  ; Rise       ; inst|altpll_component|pll|clk[0] ;
;  RA[9]                                     ; clk_in     ; 3.163  ; 3.163  ; Rise       ; inst|altpll_component|pll|clk[0] ;
;  RA[10]                                    ; clk_in     ; 3.154  ; 3.154  ; Rise       ; inst|altpll_component|pll|clk[0] ;
;  RA[11]                                    ; clk_in     ; 3.178  ; 3.178  ; Rise       ; inst|altpll_component|pll|clk[0] ;
;  RA[12]                                    ; clk_in     ; 3.168  ; 3.168  ; Rise       ; inst|altpll_component|pll|clk[0] ;
; RAS                                        ; clk_in     ; 3.167  ; 3.167  ; Rise       ; inst|altpll_component|pll|clk[0] ;
; SCLK_from_the_spi_touch                    ; clk_in     ; 4.579  ; 4.579  ; Rise       ; inst|altpll_component|pll|clk[0] ;
; SS_n_from_the_spi_touch                    ; clk_in     ; 6.611  ; 6.611  ; Rise       ; inst|altpll_component|pll|clk[0] ;
; S_DQM[*]                                   ; clk_in     ; 3.167  ; 3.167  ; Rise       ; inst|altpll_component|pll|clk[0] ;
;  S_DQM[0]                                  ; clk_in     ; 3.167  ; 3.167  ; Rise       ; inst|altpll_component|pll|clk[0] ;
;  S_DQM[1]                                  ; clk_in     ; 2.789  ; 2.789  ; Rise       ; inst|altpll_component|pll|clk[0] ;
; WE                                         ; clk_in     ; 3.167  ; 3.167  ; Rise       ; inst|altpll_component|pll|clk[0] ;
; bidir_port_to_and_from_the_lcd32_data[*]   ; clk_in     ; 5.676  ; 5.676  ; Rise       ; inst|altpll_component|pll|clk[0] ;
;  bidir_port_to_and_from_the_lcd32_data[0]  ; clk_in     ; 5.636  ; 5.636  ; Rise       ; inst|altpll_component|pll|clk[0] ;
;  bidir_port_to_and_from_the_lcd32_data[1]  ; clk_in     ; 5.676  ; 5.676  ; Rise       ; inst|altpll_component|pll|clk[0] ;
;  bidir_port_to_and_from_the_lcd32_data[2]  ; clk_in     ; 5.624  ; 5.624  ; Rise       ; inst|altpll_component|pll|clk[0] ;
;  bidir_port_to_and_from_the_lcd32_data[3]  ; clk_in     ; 5.623  ; 5.623  ; Rise       ; inst|altpll_component|pll|clk[0] ;
;  bidir_port_to_and_from_the_lcd32_data[4]  ; clk_in     ; 5.637  ; 5.637  ; Rise       ; inst|altpll_component|pll|clk[0] ;
;  bidir_port_to_and_from_the_lcd32_data[5]  ; clk_in     ; 5.611  ; 5.611  ; Rise       ; inst|altpll_component|pll|clk[0] ;
;  bidir_port_to_and_from_the_lcd32_data[6]  ; clk_in     ; 5.215  ; 5.215  ; Rise       ; inst|altpll_component|pll|clk[0] ;
;  bidir_port_to_and_from_the_lcd32_data[7]  ; clk_in     ; 5.423  ; 5.423  ; Rise       ; inst|altpll_component|pll|clk[0] ;
;  bidir_port_to_and_from_the_lcd32_data[8]  ; clk_in     ; 5.385  ; 5.385  ; Rise       ; inst|altpll_component|pll|clk[0] ;
;  bidir_port_to_and_from_the_lcd32_data[9]  ; clk_in     ; 5.450  ; 5.450  ; Rise       ; inst|altpll_component|pll|clk[0] ;
;  bidir_port_to_and_from_the_lcd32_data[10] ; clk_in     ; 5.292  ; 5.292  ; Rise       ; inst|altpll_component|pll|clk[0] ;
;  bidir_port_to_and_from_the_lcd32_data[11] ; clk_in     ; 5.290  ; 5.290  ; Rise       ; inst|altpll_component|pll|clk[0] ;
;  bidir_port_to_and_from_the_lcd32_data[12] ; clk_in     ; 5.286  ; 5.286  ; Rise       ; inst|altpll_component|pll|clk[0] ;
;  bidir_port_to_and_from_the_lcd32_data[13] ; clk_in     ; 5.447  ; 5.447  ; Rise       ; inst|altpll_component|pll|clk[0] ;
;  bidir_port_to_and_from_the_lcd32_data[14] ; clk_in     ; 4.914  ; 4.914  ; Rise       ; inst|altpll_component|pll|clk[0] ;
;  bidir_port_to_and_from_the_lcd32_data[15] ; clk_in     ; 4.575  ; 4.575  ; Rise       ; inst|altpll_component|pll|clk[0] ;
; buzz[*]                                    ; clk_in     ; 6.024  ; 6.024  ; Rise       ; inst|altpll_component|pll|clk[0] ;
;  buzz[0]                                   ; clk_in     ; 5.185  ; 5.185  ; Rise       ; inst|altpll_component|pll|clk[0] ;
;  buzz[1]                                   ; clk_in     ; 6.024  ; 6.024  ; Rise       ; inst|altpll_component|pll|clk[0] ;
;  buzz[2]                                   ; clk_in     ; 5.673  ; 5.673  ; Rise       ; inst|altpll_component|pll|clk[0] ;
;  buzz[3]                                   ; clk_in     ; 5.717  ; 5.717  ; Rise       ; inst|altpll_component|pll|clk[0] ;
; led[*]                                     ; clk_in     ; 6.032  ; 6.032  ; Rise       ; inst|altpll_component|pll|clk[0] ;
;  led[0]                                    ; clk_in     ; 5.290  ; 5.290  ; Rise       ; inst|altpll_component|pll|clk[0] ;
;  led[1]                                    ; clk_in     ; 5.265  ; 5.265  ; Rise       ; inst|altpll_component|pll|clk[0] ;
;  led[2]                                    ; clk_in     ; 6.032  ; 6.032  ; Rise       ; inst|altpll_component|pll|clk[0] ;
;  led[3]                                    ; clk_in     ; 6.024  ; 6.024  ; Rise       ; inst|altpll_component|pll|clk[0] ;
; out_port_from_the_bl_n                     ; clk_in     ; 5.729  ; 5.729  ; Rise       ; inst|altpll_component|pll|clk[0] ;
; out_port_from_the_bl_p                     ; clk_in     ; 6.071  ; 6.071  ; Rise       ; inst|altpll_component|pll|clk[0] ;
; out_port_from_the_lcd_cs                   ; clk_in     ; 5.734  ; 5.734  ; Rise       ; inst|altpll_component|pll|clk[0] ;
; out_port_from_the_lcd_rd                   ; clk_in     ; 4.980  ; 4.980  ; Rise       ; inst|altpll_component|pll|clk[0] ;
; out_port_from_the_lcd_rs                   ; clk_in     ; 5.731  ; 5.731  ; Rise       ; inst|altpll_component|pll|clk[0] ;
; out_port_from_the_lcd_wr                   ; clk_in     ; 5.397  ; 5.397  ; Rise       ; inst|altpll_component|pll|clk[0] ;
; out_port_from_the_reset                    ; clk_in     ; 4.601  ; 4.601  ; Rise       ; inst|altpll_component|pll|clk[0] ;
; out_port_from_the_touch_cs                 ; clk_in     ; 4.602  ; 4.602  ; Rise       ; inst|altpll_component|pll|clk[0] ;
; S_CLK                                      ; clk_in     ; -3.699 ;        ; Rise       ; inst|altpll_component|pll|clk[1] ;
; S_CLK                                      ; clk_in     ;        ; -3.699 ; Fall       ; inst|altpll_component|pll|clk[1] ;
+--------------------------------------------+------------+--------+--------+------------+----------------------------------+


+---------------------------------------------------------------------------------------------------------------------------+
; Minimum Clock to Output Times                                                                                             ;
+--------------------------------------------+------------+--------+--------+------------+----------------------------------+
; Data Port                                  ; Clock Port ; Rise   ; Fall   ; Clock Edge ; Clock Reference                  ;
+--------------------------------------------+------------+--------+--------+------------+----------------------------------+
; BA[*]                                      ; clk_in     ; 1.278  ; 1.278  ; Rise       ; inst|altpll_component|pll|clk[0] ;
;  BA[0]                                     ; clk_in     ; 1.290  ; 1.290  ; Rise       ; inst|altpll_component|pll|clk[0] ;
;  BA[1]                                     ; clk_in     ; 1.278  ; 1.278  ; Rise       ; inst|altpll_component|pll|clk[0] ;
; CAS                                        ; clk_in     ; 1.291  ; 1.291  ; Rise       ; inst|altpll_component|pll|clk[0] ;
; CS                                         ; clk_in     ; 1.280  ; 1.280  ; Rise       ; inst|altpll_component|pll|clk[0] ;
; DQ[*]                                      ; clk_in     ; 1.062  ; 1.062  ; Rise       ; inst|altpll_component|pll|clk[0] ;
;  DQ[0]                                     ; clk_in     ; 1.071  ; 1.071  ; Rise       ; inst|altpll_component|pll|clk[0] ;
;  DQ[1]                                     ; clk_in     ; 1.071  ; 1.071  ; Rise       ; inst|altpll_component|pll|clk[0] ;
;  DQ[2]                                     ; clk_in     ; 1.082  ; 1.082  ; Rise       ; inst|altpll_component|pll|clk[0] ;
;  DQ[3]                                     ; clk_in     ; 1.076  ; 1.076  ; Rise       ; inst|altpll_component|pll|clk[0] ;
;  DQ[4]                                     ; clk_in     ; 1.072  ; 1.072  ; Rise       ; inst|altpll_component|pll|clk[0] ;
;  DQ[5]                                     ; clk_in     ; 1.072  ; 1.072  ; Rise       ; inst|altpll_component|pll|clk[0] ;
;  DQ[6]                                     ; clk_in     ; 1.291  ; 1.291  ; Rise       ; inst|altpll_component|pll|clk[0] ;
;  DQ[7]                                     ; clk_in     ; 1.281  ; 1.281  ; Rise       ; inst|altpll_component|pll|clk[0] ;
;  DQ[8]                                     ; clk_in     ; 1.096  ; 1.096  ; Rise       ; inst|altpll_component|pll|clk[0] ;
;  DQ[9]                                     ; clk_in     ; 1.095  ; 1.095  ; Rise       ; inst|altpll_component|pll|clk[0] ;
;  DQ[10]                                    ; clk_in     ; 1.105  ; 1.105  ; Rise       ; inst|altpll_component|pll|clk[0] ;
;  DQ[11]                                    ; clk_in     ; 1.074  ; 1.074  ; Rise       ; inst|altpll_component|pll|clk[0] ;
;  DQ[12]                                    ; clk_in     ; 1.074  ; 1.074  ; Rise       ; inst|altpll_component|pll|clk[0] ;
;  DQ[13]                                    ; clk_in     ; 1.062  ; 1.062  ; Rise       ; inst|altpll_component|pll|clk[0] ;
;  DQ[14]                                    ; clk_in     ; 1.074  ; 1.074  ; Rise       ; inst|altpll_component|pll|clk[0] ;
;  DQ[15]                                    ; clk_in     ; 1.077  ; 1.077  ; Rise       ; inst|altpll_component|pll|clk[0] ;
; MOSI_from_the_spi_touch                    ; clk_in     ; 1.975  ; 1.975  ; Rise       ; inst|altpll_component|pll|clk[0] ;
; RA[*]                                      ; clk_in     ; 1.256  ; 1.256  ; Rise       ; inst|altpll_component|pll|clk[0] ;
;  RA[0]                                     ; clk_in     ; 1.256  ; 1.256  ; Rise       ; inst|altpll_component|pll|clk[0] ;
;  RA[1]                                     ; clk_in     ; 1.276  ; 1.276  ; Rise       ; inst|altpll_component|pll|clk[0] ;
;  RA[2]                                     ; clk_in     ; 1.257  ; 1.257  ; Rise       ; inst|altpll_component|pll|clk[0] ;
;  RA[3]                                     ; clk_in     ; 1.257  ; 1.257  ; Rise       ; inst|altpll_component|pll|clk[0] ;
;  RA[4]                                     ; clk_in     ; 1.276  ; 1.276  ; Rise       ; inst|altpll_component|pll|clk[0] ;
;  RA[5]                                     ; clk_in     ; 1.276  ; 1.276  ; Rise       ; inst|altpll_component|pll|clk[0] ;
;  RA[6]                                     ; clk_in     ; 1.287  ; 1.287  ; Rise       ; inst|altpll_component|pll|clk[0] ;
;  RA[7]                                     ; clk_in     ; 1.285  ; 1.285  ; Rise       ; inst|altpll_component|pll|clk[0] ;
;  RA[8]                                     ; clk_in     ; 1.281  ; 1.281  ; Rise       ; inst|altpll_component|pll|clk[0] ;
;  RA[9]                                     ; clk_in     ; 1.287  ; 1.287  ; Rise       ; inst|altpll_component|pll|clk[0] ;
;  RA[10]                                    ; clk_in     ; 1.278  ; 1.278  ; Rise       ; inst|altpll_component|pll|clk[0] ;
;  RA[11]                                    ; clk_in     ; 1.301  ; 1.301  ; Rise       ; inst|altpll_component|pll|clk[0] ;
;  RA[12]                                    ; clk_in     ; 1.291  ; 1.291  ; Rise       ; inst|altpll_component|pll|clk[0] ;
; RAS                                        ; clk_in     ; 1.291  ; 1.291  ; Rise       ; inst|altpll_component|pll|clk[0] ;
; SCLK_from_the_spi_touch                    ; clk_in     ; 1.880  ; 1.880  ; Rise       ; inst|altpll_component|pll|clk[0] ;
; SS_n_from_the_spi_touch                    ; clk_in     ; 2.156  ; 2.156  ; Rise       ; inst|altpll_component|pll|clk[0] ;
; S_DQM[*]                                   ; clk_in     ; 1.106  ; 1.106  ; Rise       ; inst|altpll_component|pll|clk[0] ;
;  S_DQM[0]                                  ; clk_in     ; 1.291  ; 1.291  ; Rise       ; inst|altpll_component|pll|clk[0] ;
;  S_DQM[1]                                  ; clk_in     ; 1.106  ; 1.106  ; Rise       ; inst|altpll_component|pll|clk[0] ;
; WE                                         ; clk_in     ; 1.291  ; 1.291  ; Rise       ; inst|altpll_component|pll|clk[0] ;
; bidir_port_to_and_from_the_lcd32_data[*]   ; clk_in     ; 1.880  ; 1.880  ; Rise       ; inst|altpll_component|pll|clk[0] ;
;  bidir_port_to_and_from_the_lcd32_data[0]  ; clk_in     ; 2.154  ; 2.154  ; Rise       ; inst|altpll_component|pll|clk[0] ;
;  bidir_port_to_and_from_the_lcd32_data[1]  ; clk_in     ; 2.174  ; 2.174  ; Rise       ; inst|altpll_component|pll|clk[0] ;
;  bidir_port_to_and_from_the_lcd32_data[2]  ; clk_in     ; 2.137  ; 2.137  ; Rise       ; inst|altpll_component|pll|clk[0] ;
;  bidir_port_to_and_from_the_lcd32_data[3]  ; clk_in     ; 2.138  ; 2.138  ; Rise       ; inst|altpll_component|pll|clk[0] ;
;  bidir_port_to_and_from_the_lcd32_data[4]  ; clk_in     ; 2.140  ; 2.140  ; Rise       ; inst|altpll_component|pll|clk[0] ;
;  bidir_port_to_and_from_the_lcd32_data[5]  ; clk_in     ; 2.130  ; 2.130  ; Rise       ; inst|altpll_component|pll|clk[0] ;
;  bidir_port_to_and_from_the_lcd32_data[6]  ; clk_in     ; 2.011  ; 2.011  ; Rise       ; inst|altpll_component|pll|clk[0] ;
;  bidir_port_to_and_from_the_lcd32_data[7]  ; clk_in     ; 2.144  ; 2.144  ; Rise       ; inst|altpll_component|pll|clk[0] ;
;  bidir_port_to_and_from_the_lcd32_data[8]  ; clk_in     ; 2.128  ; 2.128  ; Rise       ; inst|altpll_component|pll|clk[0] ;
;  bidir_port_to_and_from_the_lcd32_data[9]  ; clk_in     ; 2.158  ; 2.158  ; Rise       ; inst|altpll_component|pll|clk[0] ;
;  bidir_port_to_and_from_the_lcd32_data[10] ; clk_in     ; 2.092  ; 2.092  ; Rise       ; inst|altpll_component|pll|clk[0] ;
;  bidir_port_to_and_from_the_lcd32_data[11] ; clk_in     ; 2.091  ; 2.091  ; Rise       ; inst|altpll_component|pll|clk[0] ;
;  bidir_port_to_and_from_the_lcd32_data[12] ; clk_in     ; 2.092  ; 2.092  ; Rise       ; inst|altpll_component|pll|clk[0] ;
;  bidir_port_to_and_from_the_lcd32_data[13] ; clk_in     ; 2.172  ; 2.172  ; Rise       ; inst|altpll_component|pll|clk[0] ;
;  bidir_port_to_and_from_the_lcd32_data[14] ; clk_in     ; 1.974  ; 1.974  ; Rise       ; inst|altpll_component|pll|clk[0] ;
;  bidir_port_to_and_from_the_lcd32_data[15] ; clk_in     ; 1.880  ; 1.880  ; Rise       ; inst|altpll_component|pll|clk[0] ;
; buzz[*]                                    ; clk_in     ; 2.065  ; 2.065  ; Rise       ; inst|altpll_component|pll|clk[0] ;
;  buzz[0]                                   ; clk_in     ; 2.065  ; 2.065  ; Rise       ; inst|altpll_component|pll|clk[0] ;
;  buzz[1]                                   ; clk_in     ; 2.318  ; 2.318  ; Rise       ; inst|altpll_component|pll|clk[0] ;
;  buzz[2]                                   ; clk_in     ; 2.177  ; 2.177  ; Rise       ; inst|altpll_component|pll|clk[0] ;
;  buzz[3]                                   ; clk_in     ; 2.238  ; 2.238  ; Rise       ; inst|altpll_component|pll|clk[0] ;
; led[*]                                     ; clk_in     ; 2.028  ; 2.028  ; Rise       ; inst|altpll_component|pll|clk[0] ;
;  led[0]                                    ; clk_in     ; 2.041  ; 2.041  ; Rise       ; inst|altpll_component|pll|clk[0] ;
;  led[1]                                    ; clk_in     ; 2.028  ; 2.028  ; Rise       ; inst|altpll_component|pll|clk[0] ;
;  led[2]                                    ; clk_in     ; 2.288  ; 2.288  ; Rise       ; inst|altpll_component|pll|clk[0] ;
;  led[3]                                    ; clk_in     ; 2.322  ; 2.322  ; Rise       ; inst|altpll_component|pll|clk[0] ;
; out_port_from_the_bl_n                     ; clk_in     ; 2.246  ; 2.246  ; Rise       ; inst|altpll_component|pll|clk[0] ;
; out_port_from_the_bl_p                     ; clk_in     ; 2.353  ; 2.353  ; Rise       ; inst|altpll_component|pll|clk[0] ;
; out_port_from_the_lcd_cs                   ; clk_in     ; 2.245  ; 2.245  ; Rise       ; inst|altpll_component|pll|clk[0] ;
; out_port_from_the_lcd_rd                   ; clk_in     ; 2.010  ; 2.010  ; Rise       ; inst|altpll_component|pll|clk[0] ;
; out_port_from_the_lcd_rs                   ; clk_in     ; 2.245  ; 2.245  ; Rise       ; inst|altpll_component|pll|clk[0] ;
; out_port_from_the_lcd_wr                   ; clk_in     ; 2.147  ; 2.147  ; Rise       ; inst|altpll_component|pll|clk[0] ;
; out_port_from_the_reset                    ; clk_in     ; 1.892  ; 1.892  ; Rise       ; inst|altpll_component|pll|clk[0] ;
; out_port_from_the_touch_cs                 ; clk_in     ; 1.893  ; 1.893  ; Rise       ; inst|altpll_component|pll|clk[0] ;
; S_CLK                                      ; clk_in     ; -5.613 ;        ; Rise       ; inst|altpll_component|pll|clk[1] ;
; S_CLK                                      ; clk_in     ;        ; -5.613 ; Fall       ; inst|altpll_component|pll|clk[1] ;
+--------------------------------------------+------------+--------+--------+------------+----------------------------------+


+-----------------------------------------------------------------------------------------------------------------+
; Setup Transfers                                                                                                 ;
+----------------------------------+----------------------------------+----------+----------+----------+----------+
; From Clock                       ; To Clock                         ; RR Paths ; FR Paths ; RF Paths ; FF Paths ;
+----------------------------------+----------------------------------+----------+----------+----------+----------+
; inst|altpll_component|pll|clk[0] ; inst|altpll_component|pll|clk[0] ; 299254   ; 64       ; 224      ; 0        ;
+----------------------------------+----------------------------------+----------+----------+----------+----------+
Entries labeled "false path" only account for clock-to-clock false paths and not path-based false paths. As a result, actual path counts may be lower than reported.


+-----------------------------------------------------------------------------------------------------------------+
; Hold Transfers                                                                                                  ;
+----------------------------------+----------------------------------+----------+----------+----------+----------+
; From Clock                       ; To Clock                         ; RR Paths ; FR Paths ; RF Paths ; FF Paths ;
+----------------------------------+----------------------------------+----------+----------+----------+----------+
; inst|altpll_component|pll|clk[0] ; inst|altpll_component|pll|clk[0] ; 299254   ; 64       ; 224      ; 0        ;
+----------------------------------+----------------------------------+----------+----------+----------+----------+
Entries labeled "false path" only account for clock-to-clock false paths and not path-based false paths. As a result, actual path counts may be lower than reported.


+-----------------------------------------------------------------------------------------------------------------+
; Recovery Transfers                                                                                              ;
+----------------------------------+----------------------------------+----------+----------+----------+----------+
; From Clock                       ; To Clock                         ; RR Paths ; FR Paths ; RF Paths ; FF Paths ;
+----------------------------------+----------------------------------+----------+----------+----------+----------+
; inst|altpll_component|pll|clk[0] ; inst|altpll_component|pll|clk[0] ; 2205     ; 0        ; 32       ; 0        ;
+----------------------------------+----------------------------------+----------+----------+----------+----------+
Entries labeled "false path" only account for clock-to-clock false paths and not path-based false paths. As a result, actual path counts may be lower than reported.


+-----------------------------------------------------------------------------------------------------------------+
; Removal Transfers                                                                                               ;
+----------------------------------+----------------------------------+----------+----------+----------+----------+
; From Clock                       ; To Clock                         ; RR Paths ; FR Paths ; RF Paths ; FF Paths ;
+----------------------------------+----------------------------------+----------+----------+----------+----------+
; inst|altpll_component|pll|clk[0] ; inst|altpll_component|pll|clk[0] ; 2205     ; 0        ; 32       ; 0        ;
+----------------------------------+----------------------------------+----------+----------+----------+----------+
Entries labeled "false path" only account for clock-to-clock false paths and not path-based false paths. As a result, actual path counts may be lower than reported.


---------------
; Report TCCS ;
---------------
No dedicated SERDES Transmitter circuitry present in device or used in design


---------------
; Report RSKM ;
---------------
No dedicated SERDES Receiver circuitry present in device or used in design


+------------------------------------------------+
; Unconstrained Paths                            ;
+---------------------------------+-------+------+
; Property                        ; Setup ; Hold ;
+---------------------------------+-------+------+
; Illegal Clocks                  ; 0     ; 0    ;
; Unconstrained Clocks            ; 0     ; 0    ;
; Unconstrained Input Ports       ; 33    ; 33   ;
; Unconstrained Input Port Paths  ; 33    ; 33   ;
; Unconstrained Output Ports      ; 73    ; 73   ;
; Unconstrained Output Port Paths ; 108   ; 108  ;
+---------------------------------+-------+------+


+------------------------------------+
; TimeQuest Timing Analyzer Messages ;
+------------------------------------+
Info: *******************************************************************
Info: Running Quartus II 64-Bit TimeQuest Timing Analyzer
    Info: Version 13.0.1 Build 232 06/12/2013 Service Pack 1 SJ Web Edition
    Info: Processing started: Tue Sep 29 13:16:58 2026
Info: Command: quartus_sta lcd_nios -c lcd_nios
Info: qsta_default_script.tcl version: #1
Info (20030): Parallel compilation is enabled and will use 6 of the 6 processors detected
Info (21077): Low junction temperature is 0 degrees C
Info (21077): High junction temperature is 85 degrees C
Info (332164): Evaluating HDL-embedded SDC commands
    Info (332165): Entity GHVD5181
        Info (332166): set_disable_timing [get_cells -hierarchical QXXQ6833_0]
        Info (332166): set_disable_timing [get_cells -hierarchical JEQQ5299_0]
        Info (332166): set_disable_timing [get_cells -hierarchical JEQQ5299_1]
        Info (332166): set_disable_timing [get_cells -hierarchical JEQQ5299_2]
        Info (332166): set_disable_timing [get_cells -hierarchical JEQQ5299_3]
        Info (332166): set_disable_timing [get_cells -hierarchical JEQQ5299_4]
        Info (332166): set_disable_timing [get_cells -hierarchical JEQQ5299_5]
        Info (332166): set_disable_timing [get_cells -hierarchical JEQQ5299_6]
        Info (332166): set_disable_timing [get_cells -hierarchical JEQQ5299_7]
        Info (332166): set_disable_timing [get_cells -hierarchical BITP7563_0]
    Info (332165): Entity alt_jtag_atlantic
        Info (332166): set_false_path -from [get_registers {*|alt_jtag_atlantic:*|jupdate}] -to [get_registers {*|alt_jtag_atlantic:*|jupdate1*}] 
        Info (332166): set_false_path -from [get_registers {*|alt_jtag_atlantic:*|rdata[*]}] -to [get_registers {*|alt_jtag_atlantic*|td_shift[*]}]
        Info (332166): set_false_path -from [get_registers {*|alt_jtag_atlantic:*|rdata[*]}] -to [get_registers {*|alt_jtag_atlantic*|td_shift[*]}]
        Info (332166): set_false_path -from [get_registers {*|alt_jtag_atlantic:*|rdata[*]}] -to [get_registers {*|alt_jtag_atlantic*|td_shift[*]}]
        Info (332166): set_false_path -from [get_registers {*|alt_jtag_atlantic:*|rdata[*]}] -to [get_registers {*|alt_jtag_atlantic*|td_shift[*]}]
        Info (332166): set_false_path -from [get_registers {*|alt_jtag_atlantic:*|rdata[*]}] -to [get_registers {*|alt_jtag_atlantic*|td_shift[*]}]
        Info (332166): set_false_path -from [get_registers {*|alt_jtag_atlantic:*|rdata[*]}] -to [get_registers {*|alt_jtag_atlantic*|td_shift[*]}]
        Info (332166): set_false_path -from [get_registers {*|alt_jtag_atlantic:*|rdata[*]}] -to [get_registers {*|alt_jtag_atlantic*|td_shift[*]}]
        Info (332166): set_false_path -from [get_registers {*|alt_jtag_atlantic:*|rdata[*]}] -to [get_registers {*|alt_jtag_atlantic*|td_shift[*]}]
        Info (332166): set_false_path -from [get_registers {*|alt_jtag_atlantic:*|read}] -to [get_registers {*|alt_jtag_atlantic:*|read1*}] 
        Info (332166): set_false_path -from [get_registers {*|alt_jtag_atlantic:*|read_req}]
        Info (332166): set_false_path -from [get_registers {*|alt_jtag_atlantic:*|rvalid}] -to [get_registers {*|alt_jtag_atlantic*|td_shift[*]}]
        Info (332166): set_false_path -from [get_registers {*|t_dav}] -to [get_registers {*|alt_jtag_atlantic:*|tck_t_dav}]
        Info (332166): set_false_path -from [get_registers {*|alt_jtag_atlantic:*|user_saw_rvalid}] -to [get_registers {*|alt_jtag_atlantic:*|rvalid0*}]
        Info (332166): set_false_path -from [get_registers {*|alt_jtag_atlantic:*|wdata[*]}] -to [get_registers {*}]
        Info (332166): set_false_path -from [get_registers {*|alt_jtag_atlantic:*|wdata[*]}] -to [get_registers {*}]
        Info (332166): set_false_path -from [get_registers {*|alt_jtag_atlantic:*|wdata[*]}] -to [get_registers {*}]
        Info (332166): set_false_path -from [get_registers {*|alt_jtag_atlantic:*|wdata[*]}] -to [get_registers {*}]
        Info (332166): set_false_path -from [get_registers {*|alt_jtag_atlantic:*|wdata[*]}] -to [get_registers {*}]
        Info (332166): set_false_path -from [get_registers {*|alt_jtag_atlantic:*|wdata[*]}] -to [get_registers {*}]
        Info (332166): set_false_path -from [get_registers {*|alt_jtag_atlantic:*|wdata[*]}] -to [get_registers {*}]
        Info (332166): set_false_path -from [get_registers {*|alt_jtag_atlantic:*|wdata[*]}] -to [get_registers {*}]
        Info (332166): set_false_path -from [get_registers {*|alt_jtag_atlantic:*|write}] -to [get_registers {*|alt_jtag_atlantic:*|write1*}] 
        Info (332166): set_false_path -from [get_registers {*|alt_jtag_atlantic:*|write_stalled}] -to [get_registers {*|alt_jtag_atlantic:*|t_ena*}]
        Info (332166): set_false_path -from [get_registers {*|alt_jtag_atlantic:*|write_stalled}] -to [get_registers {*|alt_jtag_atlantic:*|t_pause*}]
        Info (332166): set_false_path -from [get_registers {*|alt_jtag_atlantic:*|write_valid}]
    Info (332165): Entity altera_std_synchronizer
        Info (332166): set_false_path -to [get_keepers {*altera_std_synchronizer:*|din_s1}]
    Info (332165): Entity pzdyqx_impl
        Info (332166): set_false_path -from [get_keepers {altera_reserved_tdi}] -to [get_keepers {pzdyqx*}]
    Info (332165): Entity sld_jtag_hub
        Info (332166): create_clock -name altera_reserved_tck [get_ports {altera_reserved_tck}] -period 10MHz   
        Info (332166): set_clock_groups -asynchronous -group {altera_reserved_tck}
Info (332104): Reading SDC File: 'lcd_nios.sdc'
Info (332110): Deriving PLL clocks
    Info (332110): create_generated_clock -source {inst|altpll_component|pll|inclk[0]} -duty_cycle 50.00 -name {inst|altpll_component|pll|clk[0]} {inst|altpll_component|pll|clk[0]}
    Info (332110): create_generated_clock -source {inst|altpll_component|pll|inclk[0]} -phase -100.00 -duty_cycle 50.00 -name {inst|altpll_component|pll|clk[1]} {inst|altpll_component|pll|clk[1]}
Warning (332153): Family doesn't support jitter analysis.
Info (332104): Reading SDC File: 'SOPC/synthesis/submodules/altera_reset_controller.sdc'
Info (332104): Reading SDC File: 'SOPC/synthesis/submodules/SOPC_cpu.sdc'
Warning (332056): PLL cross checking found inconsistent PLL clock settings:
    Warning (332056): Clock: inst|altpll_component|pll|clk[0] with master clock period: 25.000 found on PLL node: inst|altpll_component|pll|clk[0] does not match the master clock period requirement: 20.000
    Warning (332056): Clock: inst|altpll_component|pll|clk[1] with master clock period: 25.000 found on PLL node: inst|altpll_component|pll|clk[1] does not match the master clock period requirement: 20.000
Info: Found TIMEQUEST_REPORT_SCRIPT_INCLUDE_DEFAULT_ANALYSIS = ON
Info: Analyzing Slow Model
Info (332146): Worst-case setup slack is 8.046
    Info (332119):     Slack End Point TNS Clock 
    Info (332119): ========= ============= =====================
    Info (332119):     8.046         0.000 inst|altpll_component|pll|clk[0] 
Info (332146): Worst-case hold slack is 0.499
    Info (332119):     Slack End Point TNS Clock 
    Info (332119): ========= ============= =====================
    Info (332119):     0.499         0.000 inst|altpll_component|pll|clk[0] 
Info (332146): Worst-case recovery slack is 6.586
    Info (332119):     Slack End Point TNS Clock 
    Info (332119): ========= ============= =====================
    Info (332119):     6.586         0.000 inst|altpll_component|pll|clk[0] 
Info (332146): Worst-case removal slack is 4.054
    Info (332119):     Slack End Point TNS Clock 
    Info (332119): ========= ============= =====================
    Info (332119):     4.054         0.000 inst|altpll_component|pll|clk[0] 
Info (332146): Worst-case minimum pulse width slack is 9.433
    Info (332119):     Slack End Point TNS Clock 
    Info (332119): ========= ============= =====================
    Info (332119):     9.433         0.000 inst|altpll_component|pll|clk[0] 
    Info (332119):    12.500         0.000 clk_in 
    Info (332119):    97.223         0.000 altera_reserved_tck 
Info (332001): The selected device family is not supported by the report_metastability command.
Info: Analyzing Fast Model
Warning (332056): PLL cross checking found inconsistent PLL clock settings:
    Warning (332056): Clock: inst|altpll_component|pll|clk[0] with master clock period: 25.000 found on PLL node: inst|altpll_component|pll|clk[0] does not match the master clock period requirement: 20.000
    Warning (332056): Clock: inst|altpll_component|pll|clk[1] with master clock period: 25.000 found on PLL node: inst|altpll_component|pll|clk[1] does not match the master clock period requirement: 20.000
Info (332146): Worst-case setup slack is 11.061
    Info (332119):     Slack End Point TNS Clock 
    Info (332119): ========= ============= =====================
    Info (332119):    11.061         0.000 inst|altpll_component|pll|clk[0] 
Info (332146): Worst-case hold slack is 0.215
    Info (332119):     Slack End Point TNS Clock 
    Info (332119): ========= ============= =====================
    Info (332119):     0.215         0.000 inst|altpll_component|pll|clk[0] 
Info (332146): Worst-case recovery slack is 10.131
    Info (332119):     Slack End Point TNS Clock 
    Info (332119): ========= ============= =====================
    Info (332119):    10.131         0.000 inst|altpll_component|pll|clk[0] 
Info (332146): Worst-case removal slack is 1.794
    Info (332119):     Slack End Point TNS Clock 
    Info (332119): ========= ============= =====================
    Info (332119):     1.794         0.000 inst|altpll_component|pll|clk[0] 
Info (332146): Worst-case minimum pulse width slack is 10.373
    Info (332119):     Slack End Point TNS Clock 
    Info (332119): ========= ============= =====================
    Info (332119):    10.373         0.000 inst|altpll_component|pll|clk[0] 
    Info (332119):    12.500         0.000 clk_in 
    Info (332119):    97.778         0.000 altera_reserved_tck 
Info (332001): The selected device family is not supported by the report_metastability command.
Info (332102): Design is not fully constrained for setup requirements
Info (332102): Design is not fully constrained for hold requirements
Info: Quartus II 64-Bit TimeQuest Timing Analyzer was successful. 0 errors, 7 warnings
    Info: Peak virtual memory: 4644 megabytes
    Info: Processing ended: Tue Sep 29 13:17:02 2026
    Info: Elapsed time: 00:00:04
    Info: Total CPU time (on all processors): 00:00:03


